ID,GOVME14,SENME14,@2WAYGOVME,AGE,AGE3,AGE8,AGE45,AGE60,AGE65,AGEBLACK,AGEBYRACE,AGEBYRACE08,BACKSIDE,CALL,CDNUM,EDUC10,EDUCCOLL,EDUCHS,EDUCWHITE,EXTREMELEPAGE,FAVDEM2,FAVREP2,GEOCODE,GOVTDO10,HEALTHCARE14,INC100K,INC30K,INC50K,INCOME3,INCOME4,INCOME14GEN,INCWHITE,KNOWGAY,LATINO,MARIJUANALAW,MARRIED,NECWORR2,NECWORRY,OBAMA2,OBAMA4,OVER45,OVER65,PARTY,PARTYBLACK,PARTYBYRACE,PARTYID,PARTYSEX,PARTYWHITE,PHIL3,PRECINCT,PTYIDEO,PTYIDEO7,QRACE3,QRACEAI,QTYPE,RACE,RACEAI,REGION,SAMESEXM12,SEX,SEXBYRACE,SEXWED,SIZEPLAC,SIZEPLC3,STANUM,TELEPOLL,TRACK,VERSION,WEIGHT,WHNCLINC,WORK,WORKSEX,WRKWOMEN,WRKWOMEN4
96171.0,Mike Michaud,,Mike Michaud,45-65,60+,60-64,45+,60+,50-64,Non-Black 60+,White 60+,White 45-64,Complete,Call 3,1.0,College graduate,College graduate,More than High school graduate,White college degree,Yes,Favorable,Unfavorable,1.0,Government should do more to solve problems,Did not go far enough,100k or more,"$30,000 or more",50k or more,100 thousand or more,"$100,000-$199,999","$100,000-$199,999","Over $50,000 and white",No,No,Omit,Yes,Worried,Somewhat worried,Approve,Somewhat approve,45+,18-64,Independent/Something else,Non-black non-Democrat,White Independent,Independent,Independent Men,White Independent,Liberal,114.0,Moderate/Liberal Republicans,Liberal Independents,White,White,State questionnaire,White,White,East,Yes,Male,White men,Married men,Suburbs,Suburbs,Maine,Election day exit poll,Generally going in the right direction,Version 1,1.17523694038391,No,Yes,Working men,All others,Working men
92064.0,Mike Michaud,,Mike Michaud,45-65,30-59,50-59,45+,45-59,50-64,Non-Black 45-59,White 45-59,White 45-64,Complete,Call 3,1.0,Postgraduate study,College graduate,More than High school graduate,White college degree,Yes,Favorable,Unfavorable,1.0,Government is doing too many things better left to businesses and individuals,Was about right,100k or more,"$30,000 or more",50k or more,100 thousand or more,"$100,000-$199,999","$100,000-$199,999","Over $50,000 and white",Yes,No,Illegal,Yes,Not worried,Not at all worried,Approve,Somewhat approve,45+,18-64,Democrat,Non-black Democrat,White Democrat,Democrat,Democratic Women,White Democrat,Moderate,72.0,Moderate/Conservative Democrats,Mod/Conserv. Democrats,White,White,State questionnaire,White,White,East,Yes,Female,White women,Married women,"Cities 50,000-500,000","Cities over 50,000",Maine,Election day exit poll,Generally going in the right direction,Version 1,0.362102538347244,No,Yes,Working women,Working women,Working women
74621.0,Mike Michaud,,Mike Michaud,45-65,30-59,50-59,45+,45-59,50-64,Non-Black 45-59,White 45-59,White 45-64,Complete,Call 2,1.0,High school graduate,No college degree,High school graduate or less,White no college degree,Yes,Favorable,Favorable,1.0,Government should do more to solve problems,Went too far,Less than 100k,"Under $30,000",Less than 50k,Less than 50 thousand,"Under $50,000","Under $30,000","Under $50,000 and white",Yes,,Legal,No,Worried,Very worried,Approve,Strongly approve,45+,18-64,Independent/Something else,Non-black non-Democrat,White Independent,Something else,Independent Women,White Independent,Moderate,9.0,Moderate/Liberal Republicans,Moderate Independents,White,White,State questionnaire,White,White,East,Yes,Female,White women,Non married women,Suburbs,Suburbs,Maine,Election day exit poll,Seriously off on the wrong track,Version 1,0.861438393592834,Yes,No,Non-working women,All others,Non-working women
65370.0,Paul LePage,,Paul LePage,45-65,30-59,45-49,45+,45-59,40-49,Non-Black 45-59,White 45-59,White 45-64,Complete,Call 1,2.0,College graduate,College graduate,More than High school graduate,White college degree,Yes,Unfavorable,Favorable,2.0,Government is doing too many things better left to businesses and individuals,Went too far,Less than 100k,"$30,000 or more",Less than 50k,Less than 50 thousand,"Under $50,000","$30,000-$49,999","Under $50,000 and white",Yes,No,Legal,,Worried,Very worried,Approve,Strongly approve,45+,18-64,Republican,Non-black non-Democrat,All Republicans,Republican,Republican Women,White Republican,Moderate,22.0,Conservative Republicans,Mod./Liberal Republicans,White,White,State questionnaire,White,White,East,Yes,Female,White women,,Rural,Small Cities/Rural,Maine,Election day exit poll,Seriously off on the wrong track,Version 1,0.988244473934174,No,Yes,Working women,Working women,Working women
65935.0,Paul LePage,,Paul LePage,45-65,60+,60-64,45+,60+,50-64,Non-Black 60+,White 60+,White 45-64,Complete,Call 1,2.0,Some college/assoc. degree,No college degree,More than High school graduate,White no college degree,No,Unfavorable,Favorable,2.0,Government is doing too many things better left to businesses and individuals,Went too far,100k or more,"$30,000 or more",50k or more,100 thousand or more,"$100,000-$199,999","$100,000-$199,999","Over $50,000 and white",Yes,No,Illegal,Yes,Worried,Somewhat worried,Disapprove,Strongly disapprove,45+,18-64,Independent/Something else,Non-black non-Democrat,White Independent,Independent,Independent Women,White Independent,Moderate,24.0,Moderate/Liberal Republicans,Moderate Independents,White,White,State questionnaire,White,White,East,No,Female,White women,Married women,Suburbs,Suburbs,Maine,Election day exit poll,Seriously off on the wrong track,Version 1,0.833795428276062,No,Yes,Working women,Working women,Working women
94770.0,Paul LePage,,Paul LePage,30-44,30-59,30-39,18-44,30-44,30-39,Non-Black 30-44,White 30-44,White 30-44,Complete,Call 3,2.0,College graduate,College graduate,More than High school graduate,White college degree,No,Unfavorable,Favorable,2.0,Government is doing too many things better left to businesses and individuals,Went too far,100k or more,"$30,000 or more",50k or more,100 thousand or more,"$100,000-$199,999","$100,000-$199,999","Over $50,000 and white",Yes,No,Illegal,Yes,Worried,Very worried,Disapprove,Strongly disapprove,18-44,18-64,Republican,Non-black non-Democrat,All Republicans,Republican,Republican Women,White Republican,Moderate,92.0,Conservative Republicans,Mod./Liberal Republicans,White,White,State questionnaire,White,White,East,Yes,Female,White women,Married women,Rural,Small Cities/Rural,Maine,Election day exit poll,Seriously off on the wrong track,Version 1,0.741183340549469,No,Yes,Working women,Working women,Working women
91793.0,Paul LePage,,Omit,45-65,30-59,45-49,45+,45-59,40-49,Non-Black 45-59,White 45-59,White 45-64,Complete,Call 3,2.0,College graduate,College graduate,More than High school graduate,White college degree,Omit,Omit,Favorable,2.0,Omit,Omit,,,,,,,,Omit,No,Omit,Yes,Worried,Somewhat worried,Omit,Omit,45+,18-64,Republican,Non-black non-Democrat,All Republicans,Republican,Republican Women,White Republican,Moderate,22.0,Conservative Republicans,Mod./Liberal Republicans,White,White,State questionnaire,White,White,East,Omit,Female,White women,Married women,Rural,Small Cities/Rural,Maine,Election day exit poll,Generally going in the right direction,Version 1,0.988244473934174,No,Yes,Working women,Working women,Working women
95116.0,Paul LePage,,Paul LePage,45-65,30-59,50-59,45+,45-59,50-64,Non-Black 45-59,White 45-59,White 45-64,Complete,Call 3,1.0,College graduate,College graduate,More than High school graduate,White college degree,No,Unfavorable,Unfavorable,1.0,Government is doing too many things better left to businesses and individuals,Did not go far enough,Less than 100k,"$30,000 or more",50k or more,50 to 100 thousand,"$50,000-$99,999","$50,000-$99,999","Over $50,000 and white",Yes,No,Legal,No,Not worried,Not at all worried,Disapprove,Strongly disapprove,45+,18-64,Independent/Something else,Non-black non-Democrat,White Independent,Something else,Independent Men,White Independent,Moderate,88.0,Moderate/Liberal Republicans,Moderate Independents,White,White,State questionnaire,White,White,East,Yes,Male,White men,Non married men,Suburbs,Suburbs,Maine,Election day exit poll,Generally going in the right direction,Version 1,1.36964404582977,No,Yes,Working men,All others,Working men
66965.0,Paul LePage,,Would not have voted,45-65,30-59,50-59,45+,45-59,50-64,Non-Black 45-59,White 45-59,White 45-64,Complete,Call 1,2.0,High school graduate,No college degree,High school graduate or less,White no college degree,No,Unfavorable,Favorable,2.0,Government is doing too many things better left to businesses and individuals,Omit,100k or more,"$30,000 or more",50k or more,100 thousand or more,"$100,000-$199,999","$100,000-$199,999","Over $50,000 and white",No,No,Legal,Yes,Worried,Very worried,Disapprove,Strongly disapprove,45+,18-64,Independent/Something else,Non-black non-Democrat,White Independent,Independent,Independent Women,White Independent,Conservative,96.0,Moderate/Liberal Republicans,Conservative Independents,White,White,State questionnaire,White,White,East,Yes,Female,White women,Married women,Rural,Small Cities/Rural,Maine,Election day exit poll,Seriously off on the wrong track,Version 1,0.804713368415833,No,Yes,Working women,Working women,Working women
80470.0,Other,,Mike Michaud,65+,60+,65 or over,45+,60+,65+,Non-Black 60+,White 60+,White 65+,Complete,Call 2,2.0,College graduate,College graduate,More than High school graduate,White college degree,Yes,Favorable,Favorable,2.0,Government should do more to solve problems,Did not go far enough,Less than 100k,"$30,000 or more",Less than 50k,Less than 50 thousand,"Under $50,000","$30,000-$49,999","Under $50,000 and white",Yes,No,Illegal,No,Not worried,Not too worried,Approve,Somewhat approve,45+,65+,Independent/Something else,Non-black non-Democrat,White Independent,Something else,Independent Men,White Independent,,22.0,,,White,White,State questionnaire,White,White,East,Yes,Male,White men,Non married men,Rural,Small Cities/Rural,Maine,Election day exit poll,Generally going in the right direction,Version 1,0.0,No,Yes,Working men,All others,Working men
75289.0,Mike Michaud,Did not vote,Mike Michaud,30-44,30-59,40-44,18-44,30-44,40-49,Non-Black 30-44,White 30-44,White 30-44,Complete,Call 2,1.0,High school graduate,No college degree,High school graduate or less,White no college degree,Yes,Unfavorable,Unfavorable,1.0,Government should do more to solve problems,Omit,Less than 100k,"Under $30,000",Less than 50k,Less than 50 thousand,"Under $50,000","Under $30,000","Under $50,000 and white",Yes,No,Legal,No,Worried,Somewhat worried,Approve,Somewhat approve,18-44,18-64,Independent/Something else,Non-black non-Democrat,White Independent,Independent,Independent Men,White Independent,Liberal,9.0,Moderate/Liberal Republicans,Liberal Independents,White,White,State questionnaire,White,White,East,Yes,Male,White men,Non married men,Suburbs,Suburbs,Maine,Election day exit poll,Seriously off on the wrong track,Version 1,0.970189034938812,Yes,No,Non-working men,All others,Non-working men
75129.0,Mike Michaud,Did not vote,Mike Michaud,30-44,30-59,40-44,18-44,30-44,40-49,Non-Black 30-44,White 30-44,White 30-44,Complete,Call 2,1.0,College graduate,College graduate,More than High school graduate,White college degree,Yes,Favorable,Unfavorable,1.0,Government is doing too many things better left to businesses and individuals,Omit,Less than 100k,"$30,000 or more",50k or more,50 to 100 thousand,"$50,000-$99,999","$50,000-$99,999","Over $50,000 and white",Yes,No,Legal,Yes,Worried,Somewhat worried,Disapprove,Somewhat disapprove,18-44,18-64,Independent/Something else,Non-black non-Democrat,White Independent,Independent,Independent Women,White Independent,Liberal,88.0,Moderate/Liberal Republicans,Liberal Independents,White,White,State questionnaire,White,White,East,Yes,Female,White women,Married women,Suburbs,Suburbs,Maine,Election day exit poll,Seriously off on the wrong track,Version 1,1.00501143932343,No,Yes,Working women,Working women,Working women
91893.0,Paul LePage,Did not vote,Paul LePage,30-44,30-59,30-39,18-44,30-44,30-39,Non-Black 30-44,White 30-44,White 30-44,Complete,Call 3,2.0,High school graduate,No college degree,High school graduate or less,White no college degree,No,Omit,Omit,2.0,Government is doing too many things better left to businesses and individuals,Omit,Less than 100k,"$30,000 or more",50k or more,50 to 100 thousand,"$50,000-$99,999","$50,000-$99,999","Over $50,000 and white",Yes,No,Legal,Yes,Worried,Somewhat worried,Approve,Somewhat approve,18-44,18-64,Independent/Something else,Non-black non-Democrat,White Independent,Independent,Independent Men,White Independent,,22.0,,,White,White,State questionnaire,White,White,East,Yes,Male,White men,Married men,Rural,Small Cities/Rural,Maine,Election day exit poll,Generally going in the right direction,Version 1,1.11300349235535,No,Yes,Working men,All others,Working men
60612.0,Paul LePage,Did not vote,Paul LePage,45-65,30-59,50-59,45+,45-59,50-64,Non-Black 45-59,White 45-59,White 45-64,Complete,Call 1,1.0,College graduate,College graduate,More than High school graduate,White college degree,No,Unfavorable,Favorable,1.0,Government is doing too many things better left to businesses and individuals,Went too far,100k or more,"$30,000 or more",50k or more,100 thousand or more,"$100,000-$199,999","$100,000-$199,999","Over $50,000 and white",Yes,No,Illegal,Yes,Worried,Very worried,Disapprove,Strongly disapprove,45+,18-64,Republican,Non-black non-Democrat,All Republicans,Republican,Republican Women,White Republican,Moderate,82.0,Conservative Republicans,Mod./Liberal Republicans,White,White,State questionnaire,White,White,East,Yes,Female,White women,Married women,Suburbs,Suburbs,Maine,Election day exit poll,Seriously off on the wrong track,Version 1,1.04238653182983,No,,,,
66215.0,Paul LePage,Did not vote,Paul LePage,45-65,60+,60-64,45+,60+,50-64,Non-Black 60+,White 60+,White 45-64,Complete,Call 1,2.0,,,,,No,Unfavorable,Unfavorable,2.0,Government is doing too many things better left to businesses and individuals,Went too far,100k or more,"$30,000 or more",50k or more,100 thousand or more,"$100,000-$199,999","$100,000-$199,999","Over $50,000 and white",Yes,No,Illegal,Yes,Worried,Very worried,Disapprove,Strongly disapprove,45+,18-64,Independent/Something else,Non-black non-Democrat,White Independent,Independent,Independent Women,White Independent,Conservative,76.0,Moderate/Liberal Republicans,Conservative Independents,White,White,State questionnaire,White,White,East,No,Female,White women,Married women,Rural,Small Cities/Rural,Maine,Election day exit poll,Seriously off on the wrong track,Version 1,0.855174779891968,No,Yes,Working women,Working women,Working women
9859.0,,Shenna Bellows,,45-65,60+,60-64,45+,60+,50-64,Non-Black 60+,White 60+,White 45-64,Complete,,2.0,Some college/assoc. degree,No college degree,More than High school graduate,White no college degree,,,,2.0,,,,,,,,,,,No,,,Worried,Somewhat worried,Approve,Somewhat approve,45+,18-64,Independent/Something else,Non-black non-Democrat,White Independent,Something else,Independent Men,White Independent,Moderate,,Moderate/Liberal Republicans,Moderate Independents,White,White,National questionnaire,White,White,East,,Male,White men,,Rural,Small Cities/Rural,Maine,Telephone survey,,Version 1,0.0,,,,,
9846.0,,Shenna Bellows,,45-65,60+,60-64,45+,60+,50-64,Non-Black 60+,White 60+,White 45-64,Complete,,2.0,College graduate,College graduate,More than High school graduate,White college degree,,,,2.0,,,Less than 100k,"$30,000 or more",Less than 50k,Less than 50 thousand,"Under $50,000","$30,000-$49,999","Under $50,000 and white",,No,,Yes,,,,,45+,18-64,Democrat,Non-black Democrat,White Democrat,Democrat,Democratic Men,White Democrat,Liberal,,Liberal Democrats,Liberal Democrats,White,White,National questionnaire,White,White,East,,Male,White men,Married men,"Cities 10,000-50,000",Small Cities/Rural,Maine,Telephone survey,,Version 3,0.0,No,,,,
9807.0,,Shenna Bellows,,45-65,60+,60-64,45+,60+,50-64,Non-Black 60+,White 60+,White 45-64,Complete,,1.0,Postgraduate study,College graduate,More than High school graduate,White college degree,,Favorable,Unfavorable,1.0,Government is doing too many things better left to businesses and individuals,,100k or more,"$30,000 or more",50k or more,100 thousand or more,"$200,000 or more","$200,000 or more","Over $50,000 and white",,No,Illegal,,,,,,45+,18-64,Independent/Something else,Non-black non-Democrat,White Independent,Independent,Independent Women,White Independent,Liberal,,Moderate/Liberal Republicans,Liberal Independents,White,White,National questionnaire,White,White,East,Yes,Female,White women,,Suburbs,Suburbs,Maine,Telephone survey,Generally going in the right direction,Version 4,0.0,No,,,,
92769.0,,Shenna Bellows,Mike Michaud,45-65,30-59,45-49,45+,45-59,40-49,Non-Black 45-59,White 45-59,White 45-64,Complete,Call 3,2.0,College graduate,College graduate,More than High school graduate,White college degree,Yes,Favorable,Favorable,2.0,Government should do more to solve problems,Did not go far enough,Less than 100k,"$30,000 or more",50k or more,50 to 100 thousand,"$50,000-$99,999","$50,000-$99,999","Over $50,000 and white",Yes,,Legal,Yes,Worried,Somewhat worried,Approve,Strongly approve,45+,18-64,Independent/Something else,Non-black non-Democrat,White Independent,Something else,Independent Women,White Independent,Liberal,92.0,Moderate/Liberal Republicans,Liberal Independents,White,White,State questionnaire,White,White,East,Yes,Female,White women,Married women,Rural,Small Cities/Rural,Maine,Election day exit poll,Generally going in the right direction,Version 1,0.710519790649414,No,Yes,Working women,Working women,Working women
73364.0,Mike Michaud,Shenna Bellows,Mike Michaud,18-29,18-29,18-24,18-44,18-29,18-24,Non-Black 18-29,White 18-29,White 18-29,Complete,Call 2,1.0,Some college/assoc. degree,No college degree,More than High school graduate,White no college degree,Yes,Favorable,Unfavorable,1.0,Government is doing too many things better left to businesses and individuals,Did not go far enough,Less than 100k,"$30,000 or more",Less than 50k,Less than 50 thousand,"Under $50,000","$30,000-$49,999","Under $50,000 and white",No,No,Legal,No,Worried,Somewhat worried,Approve,Somewhat approve,18-44,18-64,Independent/Something else,Non-black non-Democrat,White Independent,Something else,Independent Women,White Independent,Liberal,72.0,Moderate/Liberal Republicans,Liberal Independents,White,White,State questionnaire,White,White,East,Yes,Female,White women,Non married women,"Cities 50,000-500,000","Cities over 50,000",Maine,Election day exit poll,Seriously off on the wrong track,Version 1,0.422839760780334,Yes,Yes,Working women,Working women,Working women
59840.0,Mike Michaud,Shenna Bellows,Mike Michaud,30-44,30-59,30-39,18-44,30-44,30-39,Non-Black 30-44,White 30-44,White 30-44,Complete,Call 1,1.0,,,,,Yes,Favorable,Unfavorable,1.0,Government should do more to solve problems,Was about right,100k or more,"$30,000 or more",50k or more,100 thousand or more,"$100,000-$199,999","$100,000-$199,999","Over $50,000 and white",Yes,No,Legal,Yes,Worried,Very worried,Approve,Somewhat approve,18-44,18-64,Democrat,Non-black Democrat,White Democrat,Democrat,Democratic Women,White Democrat,Liberal,82.0,Liberal Democrats,Liberal Democrats,White,White,State questionnaire,White,White,East,Yes,Female,White women,Married women,Suburbs,Suburbs,Maine,Election day exit poll,Generally going in the right direction,Version 1,0.805500745773315,No,Yes,Working women,Working women,Working women
73345.0,Mike Michaud,Shenna Bellows,Mike Michaud,45-65,30-59,50-59,45+,45-59,50-64,Non-Black 45-59,White 45-59,White 45-64,Complete,Call 2,1.0,College graduate,College graduate,More than High school graduate,White college degree,Yes,Favorable,Unfavorable,1.0,Government should do more to solve problems,Did not go far enough,Less than 100k,"$30,000 or more",50k or more,50 to 100 thousand,"$50,000-$99,999","$50,000-$99,999","Over $50,000 and white",Yes,No,Legal,Yes,Worried,Very worried,Approve,Strongly approve,45+,18-64,Democrat,Non-black Democrat,White Democrat,Democrat,Democratic Women,White Democrat,,82.0,,,White,White,State questionnaire,White,White,East,Yes,Female,White women,Married women,Suburbs,Suburbs,Maine,Election day exit poll,Omit,Version 1,0.805500745773315,No,Yes,Working women,Working women,Working women
97465.0,Mike Michaud,Shenna Bellows,Mike Michaud,45-65,30-59,50-59,45+,45-59,50-64,Non-Black 45-59,White 45-59,White 45-64,Complete,Call 3,1.0,Some college/assoc. degree,No college degree,More than High school graduate,White no college degree,Yes,Favorable,Unfavorable,1.0,Government should do more to solve problems,Was about right,Less than 100k,"$30,000 or more",50k or more,50 to 100 thousand,"$50,000-$99,999","$50,000-$99,999","Over $50,000 and white",No,No,Legal,No,Worried,Somewhat worried,Approve,Strongly approve,45+,18-64,Democrat,Non-black Democrat,White Democrat,Democrat,Democratic Men,White Democrat,Liberal,88.0,Liberal Democrats,Liberal Democrats,White,White,State questionnaire,White,White,East,Yes,Male,White men,Non married men,Suburbs,Suburbs,Maine,Election day exit poll,Generally going in the right direction,Version 1,1.05838787555695,No,Yes,Working men,All others,Working men
65602.0,Mike Michaud,Shenna Bellows,Mike Michaud,45-65,30-59,50-59,45+,45-59,50-64,Non-Black 45-59,White 45-59,White 45-64,Complete,Call 1,1.0,Some college/assoc. degree,No college degree,More than High school graduate,White no college degree,Yes,Favorable,Unfavorable,1.0,Government is doing too many things better left to businesses and individuals,Went too far,Less than 100k,"$30,000 or more",50k or more,50 to 100 thousand,"$50,000-$99,999","$50,000-$99,999","Over $50,000 and white",Yes,No,Legal,Yes,Worried,Very worried,Disapprove,Strongly disapprove,45+,18-64,Independent/Something else,Non-black non-Democrat,White Independent,Independent,Independent Men,White Independent,Moderate,112.0,Moderate/Liberal Republicans,Moderate Independents,White,White,State questionnaire,White,White,East,Yes,Male,White men,Married men,Rural,Small Cities/Rural,Maine,Election day exit poll,Seriously off on the wrong track,Version 1,1.70374643802643,No,Yes,Working men,All others,Working men
75232.0,Mike Michaud,Shenna Bellows,Mike Michaud,30-44,30-59,40-44,18-44,30-44,40-49,Non-Black 30-44,White 30-44,White 30-44,Complete,Call 2,1.0,Postgraduate study,College graduate,More than High school graduate,White college degree,Yes,Favorable,Unfavorable,1.0,Government should do more to solve problems,Did not go far enough,100k or more,"$30,000 or more",50k or more,100 thousand or more,"$100,000-$199,999","$100,000-$199,999","Over $50,000 and white",Yes,No,Omit,Yes,Worried,Somewhat worried,Approve,Strongly approve,18-44,18-64,Democrat,Non-black Democrat,White Democrat,Democrat,Democratic Women,White Democrat,Liberal,114.0,Liberal Democrats,Liberal Democrats,White,White,State questionnaire,White,White,East,Yes,Female,White women,Married women,Suburbs,Suburbs,Maine,Election day exit poll,Generally going in the right direction,Version 1,0.823995351791382,No,No,Non-working women,All others,Non-working women
92621.0,Mike Michaud,Shenna Bellows,Mike Michaud,45-65,30-59,50-59,45+,45-59,50-64,Non-Black 45-59,White 45-59,White 45-64,Complete,Call 3,2.0,High school graduate,No college degree,High school graduate or less,White no college degree,Yes,Favorable,Unfavorable,2.0,Government is doing too many things better left to businesses and individuals,Did not go far enough,Less than 100k,"Under $30,000",Less than 50k,Less than 50 thousand,"Under $50,000","Under $30,000","Under $50,000 and white",Yes,No,Legal,Yes,Worried,Somewhat worried,Approve,Somewhat approve,45+,18-64,Democrat,Non-black Democrat,White Democrat,Democrat,Democratic Men,White Democrat,Conservative,65.0,Moderate/Conservative Democrats,Mod/Conserv. Democrats,White,White,State questionnaire,White,White,East,Yes,Male,White men,Married men,Rural,Small Cities/Rural,Maine,Election day exit poll,Seriously off on the wrong track,Version 1,0.681574761867523,Yes,No,Non-working men,All others,Non-working men
92622.0,Mike Michaud,Shenna Bellows,Mike Michaud,30-44,30-59,30-39,18-44,30-44,30-39,Non-Black 30-44,White 30-44,White 30-44,Complete,Call 3,2.0,College graduate,College graduate,More than High school graduate,White college degree,Yes,Favorable,Unfavorable,2.0,Government should do more to solve problems,Did not go far enough,Less than 100k,"$30,000 or more",Less than 50k,Less than 50 thousand,"Under $50,000","$30,000-$49,999","Under $50,000 and white",Yes,No,Illegal,Yes,Worried,Somewhat worried,Approve,Somewhat approve,18-44,18-64,Democrat,Non-black Democrat,White Democrat,Democrat,Democratic Women,White Democrat,Liberal,22.0,Liberal Democrats,Liberal Democrats,White,White,State questionnaire,White,White,East,Yes,Female,White women,Married women,Rural,Small Cities/Rural,Maine,Election day exit poll,Seriously off on the wrong track,Version 1,0.806900680065155,No,Yes,Working women,Working women,Working women
75686.0,Mike Michaud,Shenna Bellows,,18-29,18-29,18-24,18-44,18-29,18-24,Non-Black 18-29,White 18-29,White 18-29,Complete,Call 2,2.0,High school graduate,No college degree,High school graduate or less,White no college degree,,,,2.0,,,Less than 100k,"$30,000 or more",Less than 50k,Less than 50 thousand,"Under $50,000","$30,000-$49,999","Under $50,000 and white",,No,,,Worried,Somewhat worried,Approve,Somewhat approve,18-44,18-64,Democrat,Non-black Democrat,White Democrat,Democrat,Democratic Men,White Democrat,Liberal,63.0,Liberal Democrats,Liberal Democrats,White,White,National questionnaire,White,White,East,,Male,White men,,Suburbs,Suburbs,Maine,Election day exit poll,,Version 1,0.840115308761597,Yes,,,,
63655.0,Mike Michaud,Shenna Bellows,Mike Michaud,65+,60+,65 or over,45+,60+,65+,Non-Black 60+,White 60+,White 65+,Complete,Call 1,1.0,Postgraduate study,College graduate,More than High school graduate,White college degree,Yes,Favorable,Unfavorable,1.0,Government should do more to solve problems,Did not go far enough,Less than 100k,"$30,000 or more",50k or more,50 to 100 thousand,"$50,000-$99,999","$50,000-$99,999","Over $50,000 and white",No,No,Legal,Yes,Worried,Somewhat worried,Approve,Somewhat approve,45+,65+,Democrat,Non-black Democrat,White Democrat,Democrat,,White Democrat,Liberal,114.0,Liberal Democrats,Liberal Democrats,White,White,State questionnaire,White,White,East,Yes,,,,Suburbs,Suburbs,Maine,Election day exit poll,Seriously off on the wrong track,Version 1,1.03688788414001,No,No,,All others,
92619.0,Mike Michaud,Shenna Bellows,Mike Michaud,30-44,30-59,30-39,18-44,30-44,30-39,Non-Black 30-44,White 30-44,White 30-44,Complete,Call 3,2.0,College graduate,College graduate,More than High school graduate,White college degree,Yes,Favorable,Unfavorable,2.0,Government should do more to solve problems,Did not go far enough,Less than 100k,"$30,000 or more",Less than 50k,Less than 50 thousand,"Under $50,000","$30,000-$49,999","Under $50,000 and white",Yes,No,Illegal,Yes,Worried,Somewhat worried,Approve,Somewhat approve,18-44,18-64,Democrat,Non-black Democrat,White Democrat,Democrat,Democratic Women,White Democrat,Liberal,22.0,Liberal Democrats,Liberal Democrats,White,White,State questionnaire,White,White,East,Yes,Female,White women,Married women,Rural,Small Cities/Rural,Maine,Election day exit poll,Seriously off on the wrong track,Version 1,0.806900680065155,No,Yes,Working women,Working women,Working women
92600.0,Mike Michaud,Shenna Bellows,Mike Michaud,65+,60+,65 or over,45+,60+,65+,Non-Black 60+,White 60+,White 65+,Complete,Call 3,1.0,High school graduate,No college degree,High school graduate or less,White no college degree,Yes,Favorable,Unfavorable,1.0,Government should do more to solve problems,Did not go far enough,Less than 100k,"$30,000 or more",Less than 50k,Less than 50 thousand,"Under $50,000","$30,000-$49,999","Under $50,000 and white",No,,Illegal,No,Worried,Very worried,Approve,Strongly approve,45+,65+,Democrat,Non-black Democrat,White Democrat,Democrat,Democratic Men,White Democrat,Moderate,82.0,Moderate/Conservative Democrats,Mod/Conserv. Democrats,White,White,State questionnaire,White,White,East,No,Male,White men,Non married men,Suburbs,Suburbs,Maine,Election day exit poll,Seriously off on the wrong track,Version 1,1.07425737380981,Yes,No,Non-working men,All others,Non-working men
79079.0,Mike Michaud,Shenna Bellows,Mike Michaud,45-65,30-59,45-49,45+,45-59,40-49,Non-Black 45-59,White 45-59,White 45-64,Not complete,Call 2,1.0,,,,,,,,1.0,Government should do more to solve problems,,,,,,,,,,No,,,,,,,45+,18-64,,,,,,,,112.0,,,White,White,State questionnaire,White,White,East,Yes,Female,White women,,Rural,Small Cities/Rural,Maine,Election day exit poll,Generally going in the right direction,Version 1,1.51276969909668,,Yes,Working women,Working women,Working women
76102.0,Mike Michaud,Shenna Bellows,,18-29,18-29,18-24,18-44,18-29,18-24,Non-Black 18-29,White 18-29,White 18-29,Complete,Call 2,2.0,Some college/assoc. degree,No college degree,More than High school graduate,White no college degree,,,,2.0,,,Less than 100k,"$30,000 or more",50k or more,50 to 100 thousand,"$50,000-$99,999","$50,000-$99,999","Over $50,000 and white",,No,,No,,,,,18-44,18-64,Independent/Something else,Non-black non-Democrat,White Independent,Independent,Independent Men,White Independent,Liberal,63.0,Moderate/Liberal Republicans,Liberal Independents,White,White,National questionnaire,White,White,East,,Male,White men,Non married men,Suburbs,Suburbs,Maine,Election day exit poll,,Version 3,0.840115308761597,No,,,,
59763.0,Mike Michaud,Shenna Bellows,Mike Michaud,30-44,30-59,40-44,18-44,30-44,40-49,Non-Black 30-44,White 30-44,White 30-44,Complete,Call 1,1.0,Postgraduate study,College graduate,More than High school graduate,White college degree,Yes,Favorable,Unfavorable,1.0,Government should do more to solve problems,Did not go far enough,100k or more,"$30,000 or more",50k or more,100 thousand or more,"$100,000-$199,999","$100,000-$199,999","Over $50,000 and white",Yes,No,Legal,Yes,Worried,Very worried,Approve,Somewhat approve,18-44,18-64,Democrat,Non-black Democrat,White Democrat,Democrat,Democratic Women,White Democrat,Liberal,82.0,Liberal Democrats,Liberal Democrats,White,White,State questionnaire,White,White,East,Yes,Female,White women,Married women,Suburbs,Suburbs,Maine,Election day exit poll,Seriously off on the wrong track,Version 1,0.805500745773315,No,Yes,Working women,Working women,Working women
62308.0,Mike Michaud,Shenna Bellows,,18-29,18-29,18-24,18-44,18-29,18-24,Black 18-29,Black 18-29,Black 18-29,Not complete,Call 1,2.0,,,,,,,,2.0,Government should do more to solve problems,,,,,,,,,,No,,,,,,,18-44,18-64,,,,,,,,63.0,,,Black,Black,National questionnaire,Black,Black,East,,Female,Black women,,Suburbs,Suburbs,Maine,Election day exit poll,Seriously off on the wrong track,Version 4,0.623059391975403,,,,,
94510.0,Mike Michaud,Shenna Bellows,Mike Michaud,30-44,30-59,40-44,18-44,30-44,40-49,Non-Black 30-44,White 30-44,White 30-44,Complete,Call 3,1.0,Postgraduate study,College graduate,More than High school graduate,White college degree,Yes,Favorable,Unfavorable,1.0,Government should do more to solve problems,Did not go far enough,100k or more,"$30,000 or more",50k or more,100 thousand or more,"$100,000-$199,999","$100,000-$199,999","Over $50,000 and white",Yes,No,Legal,Yes,Worried,Somewhat worried,Approve,Strongly approve,18-44,18-64,Independent/Something else,Non-black non-Democrat,White Independent,Independent,Independent Men,White Independent,Liberal,72.0,Moderate/Liberal Republicans,Liberal Independents,White,White,State questionnaire,White,White,East,Yes,Male,White men,Married men,"Cities 50,000-500,000","Cities over 50,000",Maine,Election day exit poll,Seriously off on the wrong track,Version 1,0.381333917379379,No,Yes,Working men,All others,Working men
92715.0,Mike Michaud,Shenna Bellows,Mike Michaud,45-65,30-59,50-59,45+,45-59,50-64,Non-Black 45-59,White 45-59,White 45-64,Complete,Call 3,2.0,Postgraduate study,College graduate,More than High school graduate,White college degree,Yes,Favorable,Unfavorable,2.0,Government should do more to solve problems,Did not go far enough,Less than 100k,"$30,000 or more",50k or more,50 to 100 thousand,"$50,000-$99,999","$50,000-$99,999","Over $50,000 and white",Yes,No,Legal,No,Not worried,Not too worried,Approve,Strongly approve,45+,18-64,Democrat,Non-black Democrat,White Democrat,Democrat,Democratic Women,White Democrat,Moderate,65.0,Moderate/Conservative Democrats,Mod/Conserv. Democrats,White,White,State questionnaire,White,White,East,Yes,Female,White women,Non married women,Rural,Small Cities/Rural,Maine,Election day exit poll,Generally going in the right direction,Version 1,0.60517555475235,No,Yes,Working women,Working women,Working women
63602.0,Mike Michaud,Shenna Bellows,Mike Michaud,65+,60+,65 or over,45+,60+,65+,,,,Complete,Call 1,1.0,,,,,Yes,Favorable,Omit,1.0,Government should do more to solve problems,Did not go far enough,,,,,,,,Yes,No,Legal,No,Omit,Omit,Omit,Omit,45+,65+,Independent/Something else,,,Independent,,,Liberal,88.0,Moderate/Liberal Republicans,Liberal Independents,,,State questionnaire,,,East,Yes,,,,Suburbs,Suburbs,Maine,Election day exit poll,Seriously off on the wrong track,Version 1,1.09050071239471,,No,,All others,
91977.0,Mike Michaud,Shenna Bellows,Mike Michaud,30-44,30-59,30-39,18-44,30-44,30-39,Non-Black 30-44,Latino 30-44,Latino 30-44,Complete,Call 3,2.0,High school graduate,No college degree,High school graduate or less,Non white no college degree,Yes,Favorable,Unfavorable,2.0,Government is doing too many things better left to businesses and individuals,Did not go far enough,Less than 100k,"Under $30,000",Less than 50k,Less than 50 thousand,"Under $50,000","Under $30,000","Under $50,000 and non white",No,Yes,Legal,No,Worried,Somewhat worried,Approve,Strongly approve,18-44,18-64,Democrat,Non-black Democrat,Latino Democrat,Democrat,Democratic Men,Non-White Democrats,Moderate,76.0,Moderate/Conservative Democrats,Mod/Conserv. Democrats,Other,Hispanic/Latino,State questionnaire,Hispanic/Latino,Hispanic/Latino,East,No,Male,Latino men,Non married men,Rural,Small Cities/Rural,Maine,Election day exit poll,Seriously off on the wrong track,Version 1,0.664098501205444,No,No,Non-working men,All others,Non-working men
94588.0,Mike Michaud,Shenna Bellows,Mike Michaud,45-65,30-59,45-49,45+,45-59,40-49,Non-Black 45-59,White 45-59,White 45-64,Complete,Call 3,1.0,Postgraduate study,College graduate,More than High school graduate,White college degree,Yes,Favorable,Unfavorable,1.0,Government should do more to solve problems,Did not go far enough,Less than 100k,"$30,000 or more",50k or more,50 to 100 thousand,"$50,000-$99,999","$50,000-$99,999","Over $50,000 and white",Yes,No,Illegal,No,Worried,Somewhat worried,Approve,Strongly approve,45+,18-64,Democrat,Non-black Democrat,White Democrat,Democrat,Democratic Women,White Democrat,Liberal,72.0,Liberal Democrats,Liberal Democrats,White,White,State questionnaire,White,White,East,Yes,Female,White women,Non married women,"Cities 50,000-500,000","Cities over 50,000",Maine,Election day exit poll,Generally going in the right direction,Version 1,0.33858934044838,No,Yes,Working women,Working women,Working women
92542.0,Mike Michaud,Shenna Bellows,Mike Michaud,30-44,30-59,40-44,18-44,30-44,40-49,Non-Black 30-44,White 30-44,White 30-44,Complete,Call 3,2.0,Postgraduate study,College graduate,More than High school graduate,White college degree,No,Favorable,Unfavorable,2.0,Government should do more to solve problems,Did not go far enough,Less than 100k,"$30,000 or more",50k or more,50 to 100 thousand,"$50,000-$99,999","$50,000-$99,999","Over $50,000 and white",Yes,No,Illegal,No,Worried,Somewhat worried,Approve,Somewhat approve,18-44,18-64,Democrat,Non-black Democrat,White Democrat,Democrat,Democratic Women,White Democrat,Liberal,65.0,Liberal Democrats,Liberal Democrats,White,White,State questionnaire,White,White,East,Yes,Female,White women,Non married women,Rural,Small Cities/Rural,Maine,Election day exit poll,Omit,Version 1,0.60517555475235,No,Yes,Working women,Working women,Working women
92541.0,Mike Michaud,Shenna Bellows,,18-29,18-29,18-24,18-44,18-29,18-24,Non-Black 18-29,White 18-29,White 18-29,Complete,Call 3,2.0,Some college/assoc. degree,No college degree,More than High school graduate,White no college degree,,,,2.0,,,Less than 100k,"Under $30,000",Less than 50k,Less than 50 thousand,"Under $50,000","Under $30,000","Under $50,000 and white",,No,,,Worried,Somewhat worried,Approve,Somewhat approve,18-44,18-64,Democrat,Non-black Democrat,White Democrat,Democrat,Democratic Men,White Democrat,Liberal,63.0,Liberal Democrats,Liberal Democrats,White,White,National questionnaire,White,White,East,,Male,White men,,Suburbs,Suburbs,Maine,Election day exit poll,,Version 1,0.840115308761597,Yes,,,,
74039.0,Mike Michaud,Shenna Bellows,,18-29,18-29,18-24,18-44,18-29,18-24,,,,Complete,Call 2,2.0,High school graduate,No college degree,High school graduate or less,,,,,2.0,,Did not go far enough,Less than 100k,"Under $30,000",Less than 50k,Less than 50 thousand,"Under $50,000","Under $30,000",,,No,,No,,,,,18-44,18-64,Democrat,,,Democrat,Democratic Women,,Liberal,63.0,Liberal Democrats,Liberal Democrats,,,National questionnaire,,,East,,Female,,Non married women,Suburbs,Suburbs,Maine,Election day exit poll,,Version 2,0.687880396842957,,No,Non-working women,All others,Non-working women
93831.0,Mike Michaud,Shenna Bellows,Mike Michaud,45-65,30-59,50-59,45+,45-59,50-64,Non-Black 45-59,White 45-59,White 45-64,Complete,Call 3,1.0,Some college/assoc. degree,No college degree,More than High school graduate,White no college degree,Yes,Unfavorable,Unfavorable,1.0,Government should do more to solve problems,Did not go far enough,Less than 100k,"Under $30,000",Less than 50k,Less than 50 thousand,"Under $50,000","Under $30,000","Under $50,000 and white",Yes,No,Legal,No,Worried,Very worried,Approve,Somewhat approve,45+,18-64,Independent/Something else,Non-black non-Democrat,White Independent,Independent,Independent Women,White Independent,Moderate,72.0,Moderate/Liberal Republicans,Moderate Independents,White,White,State questionnaire,White,White,East,Yes,Female,White women,Non married women,"Cities 50,000-500,000","Cities over 50,000",Maine,Election day exit poll,Seriously off on the wrong track,Version 1,0.33858934044838,Yes,Yes,Working women,Working women,Working women
63566.0,Mike Michaud,Shenna Bellows,Mike Michaud,30-44,30-59,40-44,18-44,30-44,40-49,Non-Black 30-44,White 30-44,White 30-44,Complete,Call 1,1.0,Postgraduate study,College graduate,More than High school graduate,White college degree,Yes,Favorable,Unfavorable,1.0,Government should do more to solve problems,Was about right,100k or more,"$30,000 or more",50k or more,100 thousand or more,"$100,000-$199,999","$100,000-$199,999","Over $50,000 and white",Yes,No,Legal,No,Not worried,Not too worried,Approve,Somewhat approve,18-44,18-64,Democrat,Non-black Democrat,White Democrat,Democrat,Democratic Men,White Democrat,Moderate,72.0,Moderate/Conservative Democrats,Mod/Conserv. Democrats,White,White,State questionnaire,White,White,East,Yes,Male,White men,Non married men,"Cities 50,000-500,000","Cities over 50,000",Maine,Election day exit poll,Generally going in the right direction,Version 1,0.381333917379379,No,Yes,Working men,All others,Working men
65489.0,Mike Michaud,Shenna Bellows,Mike Michaud,30-44,30-59,40-44,18-44,30-44,40-49,Non-Black 30-44,White 30-44,White 30-44,Complete,Call 1,1.0,Postgraduate study,College graduate,More than High school graduate,White college degree,Yes,Favorable,Unfavorable,1.0,Government should do more to solve problems,Did not go far enough,100k or more,"$30,000 or more",50k or more,100 thousand or more,"$200,000 or more","$200,000 or more","Over $50,000 and white",Yes,No,Legal,Yes,Worried,Somewhat worried,Approve,Strongly approve,18-44,18-64,Democrat,Non-black Democrat,White Democrat,Democrat,Democratic Men,White Democrat,Liberal,112.0,Liberal Democrats,Liberal Democrats,White,White,State questionnaire,White,White,East,Yes,Male,White men,Married men,Rural,Small Cities/Rural,Maine,Election day exit poll,Generally going in the right direction,Version 1,1.70374643802643,No,No,Non-working men,All others,Non-working men
65484.0,Mike Michaud,Shenna Bellows,Mike Michaud,45-65,30-59,50-59,45+,45-59,50-64,Non-Black 45-59,White 45-59,White 45-64,Complete,Call 1,2.0,Some college/assoc. degree,No college degree,More than High school graduate,White no college degree,Yes,Favorable,Unfavorable,2.0,Government should do more to solve problems,Did not go far enough,Less than 100k,"$30,000 or more",50k or more,50 to 100 thousand,"$50,000-$99,999","$50,000-$99,999","Over $50,000 and white",Yes,No,Legal,Yes,Not worried,Not too worried,Approve,Strongly approve,45+,18-64,Independent/Something else,Non-black non-Democrat,White Independent,Independent,Independent Women,White Independent,Liberal,92.0,Moderate/Liberal Republicans,Liberal Independents,White,White,State questionnaire,White,White,East,Yes,Female,White women,Married women,Rural,Small Cities/Rural,Maine,Election day exit poll,Seriously off on the wrong track,Version 1,0.60517555475235,No,Yes,Working women,Working women,Working women
73203.0,Mike Michaud,Shenna Bellows,Mike Michaud,45-65,30-59,45-49,45+,45-59,40-49,Non-Black 45-59,White 45-59,White 45-64,Complete,Call 2,1.0,High school graduate,No college degree,High school graduate or less,White no college degree,Omit,Favorable,Favorable,1.0,Government should do more to solve problems,Was about right,Less than 100k,"$30,000 or more",Less than 50k,Less than 50 thousand,"Under $50,000","$30,000-$49,999","Under $50,000 and white",Yes,,Legal,,Not worried,Not too worried,Approve,Strongly approve,45+,18-64,,,,,,,Moderate,72.0,,,White,White,State questionnaire,White,White,East,No,Male,White men,,"Cities 50,000-500,000","Cities over 50,000",Maine,Election day exit poll,Seriously off on the wrong track,Version 1,0.381333917379379,Yes,No,Non-working men,All others,Non-working men
72322.0,Mike Michaud,Shenna Bellows,Mike Michaud,45-65,30-59,50-59,45+,45-59,50-64,Non-Black 45-59,White 45-59,White 45-64,Complete,Call 2,1.0,College graduate,College graduate,More than High school graduate,White college degree,Yes,Favorable,Unfavorable,1.0,Government should do more to solve problems,Was about right,,,,,,,,Yes,No,Legal,Yes,Worried,Somewhat worried,Approve,Somewhat approve,45+,18-64,Democrat,Non-black Democrat,White Democrat,Democrat,Democratic Women,White Democrat,Liberal,82.0,Liberal Democrats,Liberal Democrats,White,White,State questionnaire,White,White,East,Yes,Female,White women,Married women,Suburbs,Suburbs,Maine,Election day exit poll,Generally going in the right direction,Version 1,0.805500745773315,No,No,Non-working women,All others,Non-working women
96364.0,Mike Michaud,Shenna Bellows,Mike Michaud,45-65,30-59,50-59,45+,45-59,50-64,Non-Black 45-59,White 45-59,White 45-64,Complete,Call 3,1.0,Some college/assoc. degree,No college degree,More than High school graduate,White no college degree,Yes,Favorable,Unfavorable,1.0,Government should do more to solve problems,Was about right,Less than 100k,"$30,000 or more",Less than 50k,Less than 50 thousand,"Under $50,000","$30,000-$49,999","Under $50,000 and white",No,No,Illegal,Yes,Not worried,Not at all worried,Approve,Strongly approve,45+,18-64,Democrat,Non-black Democrat,White Democrat,Democrat,Democratic Women,White Democrat,Moderate,88.0,Moderate/Conservative Democrats,Mod/Conserv. Democrats,White,White,State questionnaire,White,White,East,Omit,Female,White women,Married women,Suburbs,Suburbs,Maine,Election day exit poll,Generally going in the right direction,Version 1,0.939750850200653,Yes,Yes,Working women,Working women,Working women
65463.0,Mike Michaud,Shenna Bellows,Mike Michaud,45-65,60+,60-64,45+,60+,50-64,Non-Black 60+,White 60+,White 45-64,Complete,Call 1,2.0,College graduate,College graduate,More than High school graduate,White college degree,Yes,Favorable,Unfavorable,2.0,Government should do more to solve problems,Went too far,Less than 100k,"$30,000 or more",Less than 50k,Less than 50 thousand,"Under $50,000","$30,000-$49,999","Under $50,000 and white",No,No,Illegal,Yes,Worried,Very worried,Approve,Somewhat approve,45+,18-64,Independent/Something else,Non-black non-Democrat,White Independent,Independent,Independent Women,White Independent,Moderate,24.0,Moderate/Liberal Republicans,Moderate Independents,White,White,State questionnaire,White,White,East,Yes,Female,White women,Married women,Suburbs,Suburbs,Maine,Election day exit poll,Seriously off on the wrong track,Version 1,0.680793225765228,No,No,Non-working women,All others,Non-working women
91806.0,Mike Michaud,Shenna Bellows,Mike Michaud,30-44,30-59,30-39,18-44,30-44,30-39,Non-Black 30-44,White 30-44,White 30-44,Complete,Call 3,2.0,College graduate,College graduate,More than High school graduate,White college degree,Yes,Favorable,Unfavorable,2.0,Government should do more to solve problems,Did not go far enough,Less than 100k,"Under $30,000",Less than 50k,Less than 50 thousand,"Under $50,000","Under $30,000","Under $50,000 and white",Yes,No,Legal,Yes,Worried,Somewhat worried,Approve,Strongly approve,18-44,18-64,Independent/Something else,Non-black non-Democrat,White Independent,Independent,Independent Women,White Independent,Liberal,76.0,Moderate/Liberal Republicans,Liberal Independents,White,White,State questionnaire,White,White,East,Yes,Female,White women,Married women,Rural,Small Cities/Rural,Maine,Election day exit poll,Seriously off on the wrong track,Version 1,0.589658200740814,No,No,Non-working women,All others,Non-working women
78973.0,Mike Michaud,Shenna Bellows,Mike Michaud,30-44,30-59,30-39,18-44,30-44,30-39,Non-Black 30-44,All others,All others,Complete,Call 2,2.0,Postgraduate study,College graduate,More than High school graduate,Non white college degree,Yes,Unfavorable,Unfavorable,2.0,Omit,Did not go far enough,Less than 100k,"$30,000 or more",50k or more,50 to 100 thousand,"$50,000-$99,999","$50,000-$99,999","Over $50,000 and non white",Yes,No,Legal,Yes,Worried,Somewhat worried,Disapprove,Somewhat disapprove,18-44,18-64,Independent/Something else,Non-black non-Democrat,All Other,Independent,Independent Women,All others,Liberal,24.0,Moderate/Liberal Republicans,Liberal Independents,Other,Other,State questionnaire,Other,Other,East,Yes,Female,All other races,Married women,Suburbs,Suburbs,Maine,Election day exit poll,Seriously off on the wrong track,Version 1,0.574916779994965,No,No,Non-working women,All others,Non-working women
65455.0,Mike Michaud,Shenna Bellows,Mike Michaud,65+,60+,65 or over,45+,60+,65+,Non-Black 60+,White 60+,White 65+,Complete,Call 1,1.0,Some college/assoc. degree,No college degree,More than High school graduate,White no college degree,Yes,Favorable,Unfavorable,1.0,Government should do more to solve problems,Was about right,Less than 100k,"$30,000 or more",50k or more,50 to 100 thousand,"$50,000-$99,999","$50,000-$99,999","Over $50,000 and white",Yes,No,Legal,Yes,Worried,Somewhat worried,Approve,Somewhat approve,45+,65+,Independent/Something else,Non-black non-Democrat,White Independent,Independent,Independent Women,White Independent,Moderate,112.0,Moderate/Liberal Republicans,Moderate Independents,White,White,State questionnaire,White,White,East,Yes,Female,White women,Married women,Rural,Small Cities/Rural,Maine,Election day exit poll,Generally going in the right direction,Version 1,1.79136073589325,No,No,Non-working women,All others,Non-working women
59659.0,Mike Michaud,Shenna Bellows,Mike Michaud,45-65,30-59,50-59,45+,45-59,50-64,Non-Black 45-59,White 45-59,White 45-64,Complete,Call 1,1.0,High school graduate,No college degree,High school graduate or less,White no college degree,No,Omit,Favorable,1.0,Government is doing too many things better left to businesses and individuals,Was about right,Less than 100k,"Under $30,000",Less than 50k,Less than 50 thousand,"Under $50,000","Under $30,000","Under $50,000 and white",No,No,Legal,No,Not worried,Not at all worried,Disapprove,Somewhat disapprove,45+,18-64,Independent/Something else,Non-black non-Democrat,White Independent,Something else,Independent Men,White Independent,Moderate,9.0,Moderate/Liberal Republicans,Moderate Independents,White,White,State questionnaire,White,White,East,No,Male,White men,Non married men,Suburbs,Suburbs,Maine,Election day exit poll,Seriously off on the wrong track,Version 1,0.907189667224884,Yes,No,Non-working men,All others,Non-working men
67380.0,Mike Michaud,Shenna Bellows,Mike Michaud,65+,60+,65 or over,45+,60+,65+,Non-Black 60+,White 60+,White 65+,Complete,Call 1,1.0,No high school diploma,No college degree,High school graduate or less,White no college degree,Yes,Favorable,Unfavorable,1.0,Omit,Was about right,Less than 100k,"Under $30,000",Less than 50k,Less than 50 thousand,"Under $50,000","Under $30,000","Under $50,000 and white",No,No,Illegal,No,Worried,Somewhat worried,Approve,Somewhat approve,45+,65+,Democrat,Non-black Democrat,White Democrat,Democrat,Democratic Men,White Democrat,Moderate,103.0,Moderate/Conservative Democrats,Mod/Conserv. Democrats,White,White,State questionnaire,White,White,East,No,Male,White men,Non married men,Rural,Small Cities/Rural,Maine,Election day exit poll,Generally going in the right direction,Version 1,2.17678475379944,Yes,No,Non-working men,All others,Non-working men
95363.0,Mike Michaud,Shenna Bellows,Mike Michaud,45-65,30-59,50-59,45+,45-59,50-64,Non-Black 45-59,White 45-59,White 45-64,Complete,Call 3,1.0,Postgraduate study,College graduate,More than High school graduate,White college degree,Yes,Favorable,Unfavorable,1.0,Government should do more to solve problems,Did not go far enough,100k or more,"$30,000 or more",50k or more,100 thousand or more,"$100,000-$199,999","$100,000-$199,999","Over $50,000 and white",Yes,No,Legal,Yes,Not worried,Not too worried,Approve,Strongly approve,45+,18-64,Democrat,Non-black Democrat,White Democrat,Democrat,Democratic Men,White Democrat,Moderate,103.0,Moderate/Conservative Democrats,Mod/Conserv. Democrats,White,White,State questionnaire,White,White,East,Yes,Male,White men,Married men,Rural,Small Cities/Rural,Maine,Election day exit poll,Generally going in the right direction,Version 1,1.83825266361237,No,Yes,Working men,All others,Working men
95748.0,Mike Michaud,Shenna Bellows,,45-65,30-59,50-59,45+,45-59,50-64,Non-Black 45-59,White 45-59,White 45-64,Complete,Call 3,2.0,College graduate,College graduate,More than High school graduate,White college degree,,,,2.0,,,100k or more,"$30,000 or more",50k or more,100 thousand or more,"$100,000-$199,999","$100,000-$199,999","Over $50,000 and white",,No,,,Worried,Very worried,Approve,Somewhat approve,45+,18-64,Democrat,Non-black Democrat,White Democrat,Democrat,Democratic Men,White Democrat,Moderate,46.0,Moderate/Conservative Democrats,Mod/Conserv. Democrats,White,White,National questionnaire,White,White,East,,Male,White men,,Suburbs,Suburbs,Maine,Election day exit poll,,Version 1,0.729573011398315,No,,,,
63486.0,Mike Michaud,Shenna Bellows,Mike Michaud,45-65,30-59,45-49,45+,45-59,40-49,Non-Black 45-59,White 45-59,White 45-64,Complete,Call 1,1.0,College graduate,College graduate,More than High school graduate,White college degree,Yes,Favorable,Unfavorable,1.0,Government should do more to solve problems,Did not go far enough,Less than 100k,"$30,000 or more",50k or more,50 to 100 thousand,"$50,000-$99,999","$50,000-$99,999","Over $50,000 and white",Yes,No,Legal,Yes,Not worried,Not too worried,Approve,Strongly approve,45+,18-64,Independent/Something else,Non-black non-Democrat,White Independent,Independent,Independent Women,White Independent,Liberal,88.0,Moderate/Liberal Republicans,Liberal Independents,White,White,State questionnaire,White,White,East,Yes,Female,White women,Married women,Suburbs,Suburbs,Maine,Election day exit poll,Generally going in the right direction,Version 1,0.939750850200653,No,Yes,Working women,Working women,Working women
92411.0,Mike Michaud,Shenna Bellows,Mike Michaud,45-65,30-59,45-49,45+,45-59,40-49,Non-Black 45-59,White 45-59,White 45-64,Complete,Call 3,2.0,College graduate,College graduate,More than High school graduate,White college degree,No,Favorable,Favorable,2.0,Omit,Went too far,100k or more,"$30,000 or more",50k or more,100 thousand or more,"$100,000-$199,999","$100,000-$199,999","Over $50,000 and white",No,No,Legal,Yes,Worried,Somewhat worried,Disapprove,Somewhat disapprove,45+,18-64,Independent/Something else,Non-black non-Democrat,White Independent,Independent,Independent Men,White Independent,Liberal,65.0,Moderate/Liberal Republicans,Liberal Independents,White,White,State questionnaire,White,White,East,Yes,Male,White men,Married men,Rural,Small Cities/Rural,Maine,Election day exit poll,Generally going in the right direction,Version 1,0.681574761867523,No,Yes,Working men,All others,Working men
65107.0,Mike Michaud,Shenna Bellows,Mike Michaud,18-29,18-29,25-29,18-44,18-29,25-29,Non-Black 18-29,White 18-29,White 18-29,Complete,Call 1,1.0,Postgraduate study,College graduate,More than High school graduate,White college degree,Yes,Favorable,Unfavorable,1.0,Government should do more to solve problems,Was about right,Less than 100k,"$30,000 or more",Less than 50k,Less than 50 thousand,"Under $50,000","$30,000-$49,999","Under $50,000 and white",Yes,No,Illegal,Yes,Not worried,Not too worried,Approve,Strongly approve,18-44,18-64,Democrat,Non-black Democrat,White Democrat,Democrat,Democratic Women,White Democrat,Liberal,72.0,Liberal Democrats,Liberal Democrats,White,White,State questionnaire,White,White,East,Yes,Female,White women,Married women,"Cities 50,000-500,000","Cities over 50,000",Maine,Election day exit poll,Omit,Version 1,0.422839760780334,No,Yes,Working women,Working women,Working women
73073.0,Mike Michaud,Shenna Bellows,Mike Michaud,45-65,30-59,50-59,45+,45-59,50-64,Non-Black 45-59,White 45-59,White 45-64,Complete,Call 2,1.0,Postgraduate study,College graduate,More than High school graduate,White college degree,Yes,Favorable,Unfavorable,1.0,Government should do more to solve problems,Did not go far enough,Less than 100k,"$30,000 or more",50k or more,50 to 100 thousand,"$50,000-$99,999","$50,000-$99,999","Over $50,000 and white",Yes,No,Legal,No,Not worried,Not too worried,Approve,Strongly approve,45+,18-64,Democrat,Non-black Democrat,White Democrat,Democrat,Democratic Men,White Democrat,Liberal,82.0,Liberal Democrats,Liberal Democrats,White,White,State questionnaire,White,White,East,Yes,Male,White men,Non married men,Suburbs,Suburbs,Maine,Election day exit poll,Omit,Version 1,0.907189667224884,No,Yes,Working men,All others,Working men
61540.0,Mike Michaud,Shenna Bellows,Mike Michaud,30-44,30-59,30-39,18-44,30-44,30-39,Non-Black 30-44,White 30-44,White 30-44,Complete,Call 1,1.0,Postgraduate study,College graduate,More than High school graduate,White college degree,No,Unfavorable,Unfavorable,1.0,Government should do more to solve problems,Did not go far enough,100k or more,"$30,000 or more",50k or more,100 thousand or more,"$100,000-$199,999","$100,000-$199,999","Over $50,000 and white",No,No,Legal,No,Worried,Somewhat worried,Approve,Somewhat approve,18-44,18-64,Independent/Something else,Non-black non-Democrat,White Independent,Independent,Independent Women,White Independent,Moderate,82.0,Moderate/Liberal Republicans,Moderate Independents,White,White,State questionnaire,White,White,East,Yes,Female,White women,Non married women,Suburbs,Suburbs,Maine,Election day exit poll,Seriously off on the wrong track,Version 1,0.805500745773315,No,Yes,Working women,Working women,Working women
92415.0,Mike Michaud,Shenna Bellows,,18-29,18-29,18-24,18-44,18-29,18-24,Non-Black 18-29,White 18-29,White 18-29,Complete,Call 3,2.0,High school graduate,No college degree,High school graduate or less,White no college degree,,,,2.0,,Was about right,Less than 100k,"$30,000 or more",50k or more,50 to 100 thousand,"$50,000-$99,999","$50,000-$99,999","Over $50,000 and white",,No,,No,,,,,18-44,18-64,Democrat,Non-black Democrat,White Democrat,Democrat,Democratic Women,White Democrat,Liberal,63.0,Liberal Democrats,Liberal Democrats,White,White,National questionnaire,White,White,East,,Female,White women,Non married women,Suburbs,Suburbs,Maine,Election day exit poll,,Version 2,0.745944917201996,No,No,Non-working women,All others,Non-working women
79319.0,Mike Michaud,Shenna Bellows,Mike Michaud,45-65,30-59,50-59,45+,45-59,50-64,Non-Black 45-59,White 45-59,White 45-64,Complete,Call 2,2.0,College graduate,College graduate,More than High school graduate,White college degree,Yes,Favorable,Unfavorable,2.0,Government should do more to solve problems,Was about right,Less than 100k,"$30,000 or more",Less than 50k,Less than 50 thousand,"Under $50,000","$30,000-$49,999","Under $50,000 and white",Yes,No,Omit,No,Not worried,Not too worried,Approve,Strongly approve,45+,18-64,Democrat,Non-black Democrat,White Democrat,Democrat,Democratic Women,White Democrat,Moderate,92.0,Moderate/Conservative Democrats,Mod/Conserv. Democrats,White,White,State questionnaire,White,White,East,Yes,Female,White women,Non married women,Rural,Small Cities/Rural,Maine,Election day exit poll,Generally going in the right direction,Version 1,0.60517555475235,No,Yes,Working women,Working women,Working women
75192.0,Mike Michaud,Shenna Bellows,,18-29,18-29,18-24,18-44,18-29,18-24,Non-Black 18-29,White 18-29,White 18-29,Complete,Call 2,2.0,Some college/assoc. degree,No college degree,More than High school graduate,White no college degree,,,,2.0,,,Less than 100k,"Under $30,000",Less than 50k,Less than 50 thousand,"Under $50,000","Under $30,000","Under $50,000 and white",,No,,No,,,,,18-44,18-64,Democrat,Non-black Democrat,White Democrat,Democrat,Democratic Women,White Democrat,Liberal,63.0,Liberal Democrats,Liberal Democrats,White,White,National questionnaire,White,White,East,,Female,White women,Non married women,Suburbs,Suburbs,Maine,Election day exit poll,,Version 3,0.745944917201996,Yes,,,,
92408.0,Mike Michaud,Shenna Bellows,Mike Michaud,30-44,30-59,30-39,18-44,30-44,30-39,Non-Black 30-44,White 30-44,White 30-44,Complete,Call 3,2.0,Some college/assoc. degree,No college degree,More than High school graduate,White no college degree,Yes,Favorable,Unfavorable,2.0,Omit,Omit,Less than 100k,"$30,000 or more",Less than 50k,Less than 50 thousand,"Under $50,000","$30,000-$49,999","Under $50,000 and white",Yes,No,Legal,Yes,Not worried,Not too worried,Approve,Somewhat approve,18-44,18-64,Independent/Something else,Non-black non-Democrat,White Independent,Independent,Independent Women,White Independent,Liberal,92.0,Moderate/Liberal Republicans,Liberal Independents,White,White,State questionnaire,White,White,East,Yes,Female,White women,Married women,Rural,Small Cities/Rural,Maine,Election day exit poll,Generally going in the right direction,Version 1,0.60517555475235,Yes,Yes,Working women,Working women,Working women
91843.0,Mike Michaud,Shenna Bellows,Mike Michaud,18-29,18-29,18-24,18-44,18-29,18-24,Non-Black 18-29,White 18-29,White 18-29,Complete,Call 3,1.0,Some college/assoc. degree,No college degree,More than High school graduate,White no college degree,Yes,Favorable,Favorable,1.0,Government should do more to solve problems,Was about right,Less than 100k,"Under $30,000",Less than 50k,Less than 50 thousand,"Under $50,000","Under $30,000","Under $50,000 and white",No,No,Legal,No,Worried,Somewhat worried,Approve,Somewhat approve,18-44,18-64,Democrat,Non-black Democrat,White Democrat,Democrat,Democratic Men,White Democrat,Liberal,72.0,Liberal Democrats,Liberal Democrats,White,White,State questionnaire,White,White,East,Yes,Male,White men,Non married men,"Cities 50,000-500,000","Cities over 50,000",Maine,Election day exit poll,Seriously off on the wrong track,Version 1,0.476220369338989,Yes,Yes,Working men,All others,Working men
65365.0,Mike Michaud,Shenna Bellows,Mike Michaud,30-44,30-59,30-39,18-44,30-44,30-39,Non-Black 30-44,White 30-44,White 30-44,Complete,Call 1,1.0,Some college/assoc. degree,No college degree,More than High school graduate,White no college degree,Yes,Omit,Omit,1.0,Government is doing too many things better left to businesses and individuals,Went too far,Less than 100k,"Under $30,000",Less than 50k,Less than 50 thousand,"Under $50,000","Under $30,000","Under $50,000 and white",Yes,No,Legal,No,Worried,Somewhat worried,Disapprove,Somewhat disapprove,18-44,18-64,Independent/Something else,Non-black non-Democrat,White Independent,Independent,Independent Women,White Independent,Conservative,112.0,Moderate/Liberal Republicans,Conservative Independents,White,White,State questionnaire,White,White,East,Yes,Female,White women,Non married women,Rural,Small Cities/Rural,Maine,Election day exit poll,Seriously off on the wrong track,Version 1,1.51276969909668,Yes,No,Non-working women,All others,Non-working women
63427.0,Mike Michaud,Shenna Bellows,Mike Michaud,45-65,30-59,45-49,45+,45-59,40-49,Non-Black 45-59,White 45-59,White 45-64,Complete,Call 1,1.0,Postgraduate study,College graduate,More than High school graduate,White college degree,Yes,Unfavorable,Unfavorable,1.0,Government is doing too many things better left to businesses and individuals,Was about right,100k or more,"$30,000 or more",50k or more,100 thousand or more,"$200,000 or more","$200,000 or more","Over $50,000 and white",Yes,No,Illegal,Yes,Worried,Somewhat worried,Approve,Strongly approve,45+,18-64,Democrat,Non-black Democrat,White Democrat,Democrat,Democratic Women,White Democrat,Liberal,114.0,Liberal Democrats,Liberal Democrats,White,White,State questionnaire,White,White,East,Yes,Female,White women,Married women,Suburbs,Suburbs,Maine,Election day exit poll,Generally going in the right direction,Version 1,0.823995351791382,No,No,Non-working women,All others,Non-working women
63426.0,Mike Michaud,Shenna Bellows,Mike Michaud,65+,60+,65 or over,45+,60+,65+,Non-Black 60+,White 60+,White 65+,Complete,Call 1,1.0,Postgraduate study,College graduate,More than High school graduate,White college degree,Yes,Unfavorable,Unfavorable,1.0,Government should do more to solve problems,Did not go far enough,Less than 100k,"$30,000 or more",50k or more,50 to 100 thousand,"$50,000-$99,999","$50,000-$99,999","Over $50,000 and white",Yes,No,Legal,Yes,Not worried,Not too worried,Approve,Somewhat approve,45+,65+,Independent/Something else,Non-black non-Democrat,White Independent,Independent,Independent Men,White Independent,Liberal,72.0,Moderate/Liberal Republicans,Liberal Independents,White,White,State questionnaire,White,White,East,Yes,Male,White men,Married men,"Cities 50,000-500,000","Cities over 50,000",Maine,Election day exit poll,Seriously off on the wrong track,Version 1,0.451560258865356,No,No,Non-working men,All others,Non-working men
78872.0,Mike Michaud,Shenna Bellows,Mike Michaud,65+,60+,65 or over,45+,60+,65+,Non-Black 60+,White 60+,White 65+,Complete,Call 2,2.0,Postgraduate study,College graduate,More than High school graduate,White college degree,Yes,Favorable,Unfavorable,2.0,Government should do more to solve problems,Did not go far enough,,,,,,,,Yes,No,Legal,No,Not worried,Not too worried,Approve,Strongly approve,45+,65+,Independent/Something else,Non-black non-Democrat,White Independent,Independent,Independent Men,White Independent,Liberal,96.0,Moderate/Liberal Republicans,Liberal Independents,White,White,State questionnaire,White,White,East,Yes,Male,White men,Non married men,Rural,Small Cities/Rural,Maine,Election day exit poll,Generally going in the right direction,Version 1,0.876272737979889,No,Yes,Working men,All others,Working men
93683.0,Mike Michaud,Shenna Bellows,Mike Michaud,30-44,30-59,30-39,18-44,30-44,30-39,Non-Black 30-44,White 30-44,White 30-44,Not complete,Call 3,1.0,,,,,,,,1.0,Government is doing too many things better left to businesses and individuals,,,,,,,,,,No,,,,,,,18-44,18-64,,,,,,,,9.0,,,White,White,State questionnaire,White,White,East,Yes,Male,White men,,Suburbs,Suburbs,Maine,Election day exit poll,Omit,Version 1,0.907189667224884,,Yes,Working men,All others,Working men
73659.0,Mike Michaud,Shenna Bellows,Mike Michaud,65+,60+,65 or over,45+,60+,65+,Non-Black 60+,White 60+,White 65+,Complete,Call 2,1.0,Postgraduate study,College graduate,More than High school graduate,White college degree,Yes,Favorable,Unfavorable,1.0,Government should do more to solve problems,Did not go far enough,Less than 100k,"$30,000 or more",Less than 50k,Less than 50 thousand,"Under $50,000","$30,000-$49,999","Under $50,000 and white",Yes,No,Legal,No,Worried,Somewhat worried,Approve,Somewhat approve,45+,65+,Democrat,Non-black Democrat,White Democrat,Democrat,Democratic Women,White Democrat,Liberal,72.0,Liberal Democrats,Liberal Democrats,White,White,State questionnaire,White,White,East,Yes,Female,White women,Non married women,"Cities 50,000-500,000","Cities over 50,000",Maine,Election day exit poll,Seriously off on the wrong track,Version 1,0.400943845510483,No,No,Non-working women,All others,Non-working women
59547.0,Mike Michaud,Shenna Bellows,Mike Michaud,18-29,18-29,18-24,18-44,18-29,18-24,Non-Black 18-29,White 18-29,White 18-29,Complete,Call 1,1.0,Some college/assoc. degree,No college degree,More than High school graduate,White no college degree,Yes,Favorable,Unfavorable,1.0,Government should do more to solve problems,Did not go far enough,Less than 100k,"$30,000 or more",50k or more,50 to 100 thousand,"$50,000-$99,999","$50,000-$99,999","Over $50,000 and white",Yes,No,Legal,No,Worried,Somewhat worried,Disapprove,Somewhat disapprove,18-44,18-64,Democrat,Non-black Democrat,White Democrat,Democrat,Democratic Women,White Democrat,Liberal,9.0,Liberal Democrats,Liberal Democrats,White,White,State questionnaire,White,White,East,Yes,Female,White women,Non married women,Suburbs,Suburbs,Maine,Election day exit poll,Omit,Version 1,1.00593161582947,No,Yes,Working women,Working women,Working women
65328.0,Mike Michaud,Shenna Bellows,Mike Michaud,18-29,18-29,25-29,18-44,18-29,25-29,Non-Black 18-29,White 18-29,White 18-29,Complete,Call 1,1.0,Postgraduate study,College graduate,More than High school graduate,White college degree,Yes,Favorable,Unfavorable,1.0,Government should do more to solve problems,Did not go far enough,Less than 100k,"Under $30,000",Less than 50k,Less than 50 thousand,"Under $50,000","Under $30,000","Under $50,000 and white",Yes,No,Legal,No,Worried,Somewhat worried,Approve,Somewhat approve,18-44,18-64,Democrat,Non-black Democrat,White Democrat,Democrat,Democratic Women,White Democrat,Liberal,112.0,Liberal Democrats,Liberal Democrats,White,White,State questionnaire,White,White,East,Yes,Female,White women,Non married women,Rural,Small Cities/Rural,Maine,Election day exit poll,Seriously off on the wrong track,Version 1,1.8891886472702,No,Yes,Working women,Working women,Working women
94292.0,Mike Michaud,Shenna Bellows,Mike Michaud,30-44,30-59,40-44,18-44,30-44,40-49,Non-Black 30-44,White 30-44,White 30-44,Complete,Call 3,1.0,Postgraduate study,College graduate,More than High school graduate,White college degree,Yes,Favorable,Unfavorable,1.0,Government should do more to solve problems,Was about right,100k or more,"$30,000 or more",50k or more,100 thousand or more,"$100,000-$199,999","$100,000-$199,999","Over $50,000 and white",No,No,Illegal,Yes,Not worried,Not too worried,Approve,Strongly approve,18-44,18-64,Independent/Something else,Non-black non-Democrat,White Independent,Independent,Independent Men,White Independent,Liberal,114.0,Moderate/Liberal Republicans,Liberal Independents,White,White,State questionnaire,White,White,East,Yes,Male,White men,Married men,Suburbs,Suburbs,Maine,Election day exit poll,Generally going in the right direction,Version 1,0.928019106388092,No,Yes,Working men,All others,Working men
67253.0,Mike Michaud,Shenna Bellows,Mike Michaud,45-65,30-59,50-59,45+,45-59,50-64,Non-Black 45-59,White 45-59,White 45-64,Complete,Call 1,1.0,College graduate,College graduate,More than High school graduate,White college degree,Yes,Favorable,Unfavorable,1.0,Government should do more to solve problems,Was about right,100k or more,"$30,000 or more",50k or more,100 thousand or more,"$100,000-$199,999","$100,000-$199,999","Over $50,000 and white",Yes,No,Illegal,Yes,Worried,Somewhat worried,Approve,Somewhat approve,45+,18-64,Independent/Something else,Non-black non-Democrat,White Independent,Independent,Independent Men,White Independent,Moderate,103.0,Moderate/Liberal Republicans,Moderate Independents,White,White,State questionnaire,White,White,East,Yes,Male,White men,Married men,Rural,Small Cities/Rural,Maine,Election day exit poll,Seriously off on the wrong track,Version 1,1.83825266361237,No,Yes,Working men,All others,Working men
92345.0,Mike Michaud,Shenna Bellows,Paul LePage,45-65,30-59,45-49,45+,45-59,40-49,Non-Black 45-59,White 45-59,White 45-64,Complete,Call 3,2.0,Some college/assoc. degree,No college degree,More than High school graduate,White no college degree,No,Favorable,Unfavorable,2.0,Government should do more to solve problems,Was about right,100k or more,"$30,000 or more",50k or more,100 thousand or more,"$100,000-$199,999","$100,000-$199,999","Over $50,000 and white",No,No,Illegal,Yes,Worried,Somewhat worried,Approve,Somewhat approve,45+,18-64,Democrat,Non-black Democrat,White Democrat,Democrat,Democratic Women,White Democrat,Conservative,65.0,Moderate/Conservative Democrats,Mod/Conserv. Democrats,White,White,State questionnaire,White,White,East,Yes,Female,White women,Married women,Rural,Small Cities/Rural,Maine,Election day exit poll,Generally going in the right direction,Version 1,0.60517555475235,No,Yes,Working women,Working women,Working women
78825.0,Mike Michaud,Shenna Bellows,Mike Michaud,65+,60+,65 or over,45+,60+,65+,Non-Black 60+,White 60+,White 65+,Complete,Call 2,2.0,High school graduate,No college degree,High school graduate or less,White no college degree,Yes,Favorable,Unfavorable,2.0,Government should do more to solve problems,Did not go far enough,Less than 100k,"$30,000 or more",Less than 50k,Less than 50 thousand,"Under $50,000","$30,000-$49,999","Under $50,000 and white",Yes,No,Illegal,Yes,Worried,Somewhat worried,Approve,Somewhat approve,45+,65+,Independent/Something else,Non-black non-Democrat,White Independent,Independent,Independent Women,White Independent,Moderate,92.0,Moderate/Liberal Republicans,Moderate Independents,White,White,State questionnaire,White,White,East,Yes,Female,White women,Married women,Rural,Small Cities/Rural,Maine,Election day exit poll,Seriously off on the wrong track,Version 1,0.716624438762665,Yes,No,Non-working women,All others,Non-working women
61434.0,Mike Michaud,Shenna Bellows,Mike Michaud,30-44,30-59,40-44,18-44,30-44,40-49,Non-Black 30-44,White 30-44,White 30-44,Complete,Call 1,1.0,Some college/assoc. degree,No college degree,More than High school graduate,White no college degree,Yes,Favorable,Unfavorable,1.0,Government should do more to solve problems,Was about right,Less than 100k,"$30,000 or more",50k or more,50 to 100 thousand,"$50,000-$99,999","$50,000-$99,999","Over $50,000 and white",Yes,No,Legal,No,Worried,Somewhat worried,Disapprove,Somewhat disapprove,18-44,18-64,Independent/Something else,Non-black non-Democrat,White Independent,Independent,Independent Men,White Independent,Liberal,9.0,Moderate/Liberal Republicans,Liberal Independents,White,White,State questionnaire,White,White,East,Yes,Male,White men,Non married men,Suburbs,Suburbs,Maine,Election day exit poll,Seriously off on the wrong track,Version 1,0.907189667224884,No,Yes,Working men,All others,Working men
63831.0,Mike Michaud,Shenna Bellows,Mike Michaud,65+,60+,65 or over,45+,60+,65+,Non-Black 60+,White 60+,White 65+,Complete,Call 1,1.0,Postgraduate study,College graduate,More than High school graduate,White college degree,Yes,Favorable,Unfavorable,1.0,Government should do more to solve problems,Was about right,100k or more,"$30,000 or more",50k or more,100 thousand or more,"$100,000-$199,999","$100,000-$199,999","Over $50,000 and white",Yes,No,Omit,Yes,Worried,Somewhat worried,Approve,Somewhat approve,45+,65+,Democrat,Non-black Democrat,White Democrat,Democrat,Democratic Women,White Democrat,Liberal,72.0,Liberal Democrats,Liberal Democrats,White,White,State questionnaire,White,White,East,Yes,Female,White women,Married women,"Cities 50,000-500,000","Cities over 50,000",Maine,Election day exit poll,Seriously off on the wrong track,Version 1,0.400943845510483,No,No,Non-working women,All others,Non-working women
93078.0,Mike Michaud,Shenna Bellows,Mike Michaud,45-65,60+,60-64,45+,60+,50-64,Non-Black 60+,White 60+,White 45-64,Complete,Call 3,2.0,High school graduate,No college degree,High school graduate or less,White no college degree,Yes,Favorable,Unfavorable,2.0,Government is doing too many things better left to businesses and individuals,Was about right,Less than 100k,"$30,000 or more",Less than 50k,Less than 50 thousand,"Under $50,000","$30,000-$49,999","Under $50,000 and white",Yes,No,Legal,Yes,Not worried,Not too worried,Approve,Strongly approve,45+,18-64,Democrat,Non-black Democrat,White Democrat,Democrat,Democratic Women,White Democrat,Liberal,96.0,Liberal Democrats,Liberal Democrats,White,White,State questionnaire,White,White,East,Yes,Female,White women,Married women,Rural,Small Cities/Rural,Maine,Election day exit poll,Generally going in the right direction,Version 1,0.778049409389496,Yes,No,Non-working women,All others,Non-working women
73006.0,Mike Michaud,Shenna Bellows,Mike Michaud,45-65,30-59,45-49,45+,45-59,40-49,Non-Black 45-59,White 45-59,White 45-64,Complete,Call 2,1.0,Postgraduate study,College graduate,More than High school graduate,White college degree,Yes,Favorable,Unfavorable,1.0,Government should do more to solve problems,Was about right,100k or more,"$30,000 or more",50k or more,100 thousand or more,"$100,000-$199,999","$100,000-$199,999","Over $50,000 and white",Yes,No,Legal,Yes,Worried,Very worried,Approve,Somewhat approve,45+,18-64,Independent/Something else,Non-black non-Democrat,White Independent,Independent,Independent Women,White Independent,Liberal,82.0,Moderate/Liberal Republicans,Liberal Independents,White,White,State questionnaire,White,White,East,Yes,Female,White women,Married women,Suburbs,Suburbs,Maine,Election day exit poll,Seriously off on the wrong track,Version 1,0.805500745773315,No,Yes,Working women,Working women,Working women
78780.0,Mike Michaud,Shenna Bellows,Mike Michaud,45-65,30-59,50-59,45+,45-59,50-64,Non-Black 45-59,All others,All others,Complete,Call 2,2.0,College graduate,College graduate,More than High school graduate,Non white college degree,Yes,Favorable,Unfavorable,2.0,Omit,Was about right,Less than 100k,"$30,000 or more",50k or more,50 to 100 thousand,"$50,000-$99,999","$50,000-$99,999","Over $50,000 and non white",Yes,No,Legal,Yes,Worried,Somewhat worried,Approve,Strongly approve,45+,18-64,Democrat,Non-black Democrat,All Other,Democrat,Democratic Men,Non-White Democrats,Liberal,24.0,Liberal Democrats,Liberal Democrats,Other,Other,State questionnaire,Other,Other,East,Yes,Male,All other races,Married men,Suburbs,Suburbs,Maine,Election day exit poll,Omit,Version 1,0.647496044635773,No,No,Non-working men,All others,Non-working men
65250.0,Mike Michaud,Shenna Bellows,Mike Michaud,65+,60+,65 or over,45+,60+,65+,Non-Black 60+,White 60+,White 65+,Complete,Call 1,2.0,Postgraduate study,College graduate,More than High school graduate,White college degree,Yes,Favorable,Unfavorable,2.0,Government should do more to solve problems,Did not go far enough,Less than 100k,"$30,000 or more",50k or more,50 to 100 thousand,"$50,000-$99,999","$50,000-$99,999","Over $50,000 and white",Yes,No,Illegal,Yes,Worried,Somewhat worried,Approve,Somewhat approve,45+,65+,Democrat,Non-black Democrat,White Democrat,Democrat,Democratic Men,White Democrat,Moderate,92.0,Moderate/Conservative Democrats,Mod/Conserv. Democrats,White,White,State questionnaire,White,White,East,Yes,Male,White men,Married men,Rural,Small Cities/Rural,Maine,Election day exit poll,Omit,Version 1,0.807093322277069,No,No,Non-working men,All others,Non-working men
67176.0,Mike Michaud,Shenna Bellows,Mike Michaud,45-65,60+,60-64,45+,60+,50-64,Non-Black 60+,White 60+,White 45-64,Complete,Call 1,1.0,High school graduate,No college degree,High school graduate or less,White no college degree,Yes,Favorable,Unfavorable,1.0,Government is doing too many things better left to businesses and individuals,Was about right,Less than 100k,"$30,000 or more",Less than 50k,Less than 50 thousand,"Under $50,000","$30,000-$49,999","Under $50,000 and white",Yes,No,Legal,No,Worried,Very worried,Approve,Somewhat approve,45+,18-64,Democrat,Non-black Democrat,White Democrat,Democrat,Democratic Women,White Democrat,Liberal,103.0,Liberal Democrats,Liberal Democrats,White,White,State questionnaire,White,White,East,Yes,Female,White women,Non married women,Rural,Small Cities/Rural,Maine,Election day exit poll,Generally going in the right direction,Version 1,1.93278396129608,Yes,No,Non-working women,All others,Non-working women
92275.0,Mike Michaud,Shenna Bellows,Mike Michaud,30-44,30-59,40-44,18-44,30-44,40-49,Non-Black 30-44,White 30-44,White 30-44,Complete,Call 3,2.0,College graduate,College graduate,More than High school graduate,White college degree,Yes,Favorable,Unfavorable,2.0,Government should do more to solve problems,Was about right,Less than 100k,"$30,000 or more",50k or more,50 to 100 thousand,"$50,000-$99,999","$50,000-$99,999","Over $50,000 and white",No,No,Legal,Yes,Worried,Somewhat worried,Approve,Somewhat approve,18-44,18-64,Democrat,Non-black Democrat,White Democrat,Democrat,Democratic Men,White Democrat,Moderate,65.0,Moderate/Conservative Democrats,Mod/Conserv. Democrats,White,White,State questionnaire,White,White,East,Yes,Male,White men,Married men,Rural,Small Cities/Rural,Maine,Election day exit poll,Seriously off on the wrong track,Version 1,0.681574761867523,No,Yes,Working men,All others,Working men
63292.0,Mike Michaud,Shenna Bellows,Mike Michaud,65+,60+,65 or over,45+,60+,65+,Non-Black 60+,White 60+,White 65+,Complete,Call 1,1.0,Postgraduate study,College graduate,More than High school graduate,White college degree,Yes,Favorable,Unfavorable,1.0,Government should do more to solve problems,Did not go far enough,100k or more,"$30,000 or more",50k or more,100 thousand or more,"$100,000-$199,999","$100,000-$199,999","Over $50,000 and white",Yes,No,Legal,Yes,Not worried,Not too worried,Approve,Somewhat approve,45+,65+,Democrat,Non-black Democrat,White Democrat,Democrat,Democratic Men,White Democrat,Liberal,72.0,Liberal Democrats,Liberal Democrats,White,White,State questionnaire,White,White,East,Yes,Male,White men,Married men,"Cities 50,000-500,000","Cities over 50,000",Maine,Election day exit poll,Seriously off on the wrong track,Version 1,0.451560258865356,No,No,Non-working men,All others,Non-working men
63288.0,Mike Michaud,Shenna Bellows,Mike Michaud,65+,60+,65 or over,45+,60+,65+,Non-Black 60+,White 60+,White 65+,Complete,Call 1,1.0,Postgraduate study,College graduate,More than High school graduate,White college degree,Yes,Favorable,Unfavorable,1.0,Government should do more to solve problems,Did not go far enough,100k or more,"$30,000 or more",50k or more,100 thousand or more,"$100,000-$199,999","$100,000-$199,999","Over $50,000 and white",Yes,No,Legal,Yes,Not worried,Not too worried,Approve,Strongly approve,45+,65+,Democrat,Non-black Democrat,White Democrat,Democrat,Democratic Women,White Democrat,Liberal,114.0,Liberal Democrats,Liberal Democrats,White,White,State questionnaire,White,White,East,Yes,Female,White women,Married women,Suburbs,Suburbs,Maine,Election day exit poll,Generally going in the right direction,Version 1,0.975742042064667,No,No,Non-working women,All others,Non-working women
74869.0,Mike Michaud,Shenna Bellows,,18-29,18-29,18-24,18-44,18-29,18-24,Non-Black 18-29,White 18-29,White 18-29,Complete,Call 2,2.0,High school graduate,No college degree,High school graduate or less,White no college degree,,,,2.0,,,Less than 100k,"$30,000 or more",50k or more,50 to 100 thousand,"$50,000-$99,999","$50,000-$99,999","Over $50,000 and white",,No,,No,,,,,18-44,18-64,Democrat,Non-black Democrat,White Democrat,Democrat,Democratic Women,White Democrat,Liberal,63.0,Liberal Democrats,Liberal Democrats,White,White,National questionnaire,White,White,East,,Female,White women,Non married women,Suburbs,Suburbs,Maine,Election day exit poll,,Version 3,0.745944917201996,No,,,,
74866.0,Mike Michaud,Shenna Bellows,Mike Michaud,18-29,18-29,18-24,18-44,18-29,18-24,Non-Black 18-29,White 18-29,White 18-29,Complete,Call 2,1.0,College graduate,College graduate,More than High school graduate,White college degree,Yes,Favorable,Unfavorable,1.0,Government is doing too many things better left to businesses and individuals,Went too far,Less than 100k,"$30,000 or more",Less than 50k,Less than 50 thousand,"Under $50,000","$30,000-$49,999","Under $50,000 and white",Yes,No,Illegal,No,Worried,Somewhat worried,Approve,Somewhat approve,18-44,18-64,Democrat,Non-black Democrat,White Democrat,Democrat,Democratic Women,White Democrat,Liberal,9.0,Liberal Democrats,Liberal Democrats,White,White,State questionnaire,White,White,East,Yes,Female,White women,Non married women,Suburbs,Suburbs,Maine,Election day exit poll,Generally going in the right direction,Version 1,1.00593161582947,No,Yes,Working women,Working women,Working women
65205.0,Mike Michaud,Shenna Bellows,Mike Michaud,65+,60+,65 or over,45+,60+,65+,Non-Black 60+,White 60+,White 65+,Complete,Call 1,2.0,College graduate,College graduate,More than High school graduate,White college degree,Yes,Favorable,Unfavorable,2.0,Government should do more to solve problems,Was about right,Less than 100k,"Under $30,000",Less than 50k,Less than 50 thousand,"Under $50,000","Under $30,000","Under $50,000 and white",Yes,No,Legal,No,Worried,Very worried,Approve,Somewhat approve,45+,65+,Democrat,Non-black Democrat,White Democrat,Democrat,Democratic Women,White Democrat,Moderate,92.0,Moderate/Conservative Democrats,Mod/Conserv. Democrats,White,White,State questionnaire,White,White,East,Yes,Female,White women,Non married women,Rural,Small Cities/Rural,Maine,Election day exit poll,Seriously off on the wrong track,Version 1,0.716624438762665,No,No,Non-working women,All others,Non-working women
92234.0,Mike Michaud,Shenna Bellows,Mike Michaud,45-65,30-59,45-49,45+,45-59,40-49,Non-Black 45-59,White 45-59,White 45-64,Complete,Call 3,2.0,College graduate,College graduate,More than High school graduate,White college degree,Yes,Unfavorable,Unfavorable,2.0,Government is doing too many things better left to businesses and individuals,Went too far,Less than 100k,"$30,000 or more",Less than 50k,Less than 50 thousand,"Under $50,000","$30,000-$49,999","Under $50,000 and white",Yes,No,Legal,No,Worried,Very worried,Disapprove,Strongly disapprove,45+,18-64,Independent/Something else,Non-black non-Democrat,White Independent,Independent,Independent Women,White Independent,Conservative,76.0,Moderate/Liberal Republicans,Conservative Independents,White,White,State questionnaire,White,White,East,No,Female,White women,Non married women,Rural,Small Cities/Rural,Maine,Election day exit poll,Seriously off on the wrong track,Version 1,0.589658200740814,No,Yes,Working women,Working women,Working women
65189.0,Mike Michaud,Shenna Bellows,Mike Michaud,18-29,18-29,25-29,18-44,18-29,25-29,Non-Black 18-29,White 18-29,White 18-29,Complete,Call 1,2.0,College graduate,College graduate,More than High school graduate,White college degree,No,Unfavorable,Unfavorable,2.0,Government is doing too many things better left to businesses and individuals,Went too far,Less than 100k,"Under $30,000",Less than 50k,Less than 50 thousand,"Under $50,000","Under $30,000","Under $50,000 and white",Yes,No,Legal,Yes,Worried,Very worried,Disapprove,Somewhat disapprove,18-44,18-64,Independent/Something else,Non-black non-Democrat,White Independent,Something else,Independent Men,White Independent,Conservative,24.0,Moderate/Liberal Republicans,Conservative Independents,White,White,State questionnaire,White,White,East,Yes,Male,White men,Married men,Suburbs,Suburbs,Maine,Election day exit poll,Seriously off on the wrong track,Version 1,0.80861097574234,No,Yes,Working men,All others,Working men
73279.0,Mike Michaud,Shenna Bellows,Mike Michaud,45-65,30-59,50-59,45+,45-59,50-64,Non-Black 45-59,White 45-59,White 45-64,Complete,Call 2,1.0,Postgraduate study,College graduate,More than High school graduate,White college degree,Yes,Favorable,Unfavorable,1.0,Government should do more to solve problems,Was about right,Less than 100k,"$30,000 or more",50k or more,50 to 100 thousand,"$50,000-$99,999","$50,000-$99,999","Over $50,000 and white",Yes,No,Legal,Yes,Worried,Somewhat worried,Approve,Somewhat approve,45+,18-64,Democrat,Non-black Democrat,White Democrat,Democrat,Democratic Men,White Democrat,Liberal,72.0,Liberal Democrats,Liberal Democrats,White,White,State questionnaire,White,White,East,Yes,Male,White men,Married men,"Cities 50,000-500,000","Cities over 50,000",Maine,Election day exit poll,Seriously off on the wrong track,Version 1,0.381333917379379,No,No,Non-working men,All others,Non-working men
62399.0,Mike Michaud,Shenna Bellows,,18-29,18-29,18-24,18-44,18-29,18-24,Non-Black 18-29,White 18-29,White 18-29,Complete,Call 1,2.0,High school graduate,No college degree,High school graduate or less,White no college degree,,,,2.0,,,100k or more,"$30,000 or more",50k or more,100 thousand or more,"$100,000-$199,999","$100,000-$199,999","Over $50,000 and white",,No,,No,,,,,18-44,18-64,Democrat,Non-black Democrat,White Democrat,Democrat,Democratic Women,White Democrat,Liberal,63.0,Liberal Democrats,Liberal Democrats,White,White,National questionnaire,White,White,East,,Female,White women,Non married women,Suburbs,Suburbs,Maine,Election day exit poll,,Version 3,0.745944917201996,No,,,,
79050.0,Mike Michaud,Shenna Bellows,Mike Michaud,45-65,60+,60-64,45+,60+,50-64,Non-Black 60+,White 60+,White 45-64,Complete,Call 2,2.0,High school graduate,No college degree,High school graduate or less,White no college degree,Yes,Favorable,Unfavorable,2.0,Government should do more to solve problems,Did not go far enough,Less than 100k,"$30,000 or more",Less than 50k,Less than 50 thousand,"Under $50,000","$30,000-$49,999","Under $50,000 and white",Yes,No,Legal,Yes,Worried,Somewhat worried,Approve,Somewhat approve,45+,18-64,Democrat,Non-black Democrat,White Democrat,Democrat,Democratic Women,White Democrat,Moderate,92.0,Moderate/Conservative Democrats,Mod/Conserv. Democrats,White,White,State questionnaire,White,White,East,Yes,Female,White women,Married women,Rural,Small Cities/Rural,Maine,Election day exit poll,Generally going in the right direction,Version 1,0.716624438762665,Yes,No,Non-working women,All others,Non-working women
67101.0,Mike Michaud,Shenna Bellows,,65+,60+,65 or over,45+,60+,65+,Non-Black 60+,White 60+,White 65+,Complete,Call 1,2.0,High school graduate,No college degree,High school graduate or less,White no college degree,,,,2.0,,,Less than 100k,"$30,000 or more",Less than 50k,Less than 50 thousand,"Under $50,000","$30,000-$49,999","Under $50,000 and white",,No,,Yes,,,,,45+,65+,Democrat,Non-black Democrat,White Democrat,Democrat,Democratic Men,White Democrat,Moderate,46.0,Moderate/Conservative Democrats,Mod/Conserv. Democrats,White,White,National questionnaire,White,White,East,,Male,White men,Married men,Suburbs,Suburbs,Maine,Election day exit poll,,Version 3,0.863930881023407,Yes,,,,
65161.0,Mike Michaud,Shenna Bellows,Mike Michaud,30-44,30-59,30-39,18-44,30-44,30-39,Non-Black 30-44,White 30-44,White 30-44,Complete,Call 1,2.0,College graduate,College graduate,More than High school graduate,White college degree,Yes,Favorable,Unfavorable,2.0,Government should do more to solve problems,Went too far,100k or more,"$30,000 or more",50k or more,100 thousand or more,"$100,000-$199,999","$100,000-$199,999","Over $50,000 and white",No,No,Illegal,Yes,Worried,Very worried,Approve,Somewhat approve,18-44,18-64,Democrat,Non-black Democrat,White Democrat,Democrat,Democratic Women,White Democrat,Conservative,22.0,Moderate/Conservative Democrats,Mod/Conserv. Democrats,White,White,State questionnaire,White,White,East,No,Female,White women,Married women,Rural,Small Cities/Rural,Maine,Election day exit poll,Seriously off on the wrong track,Version 1,0.806900680065155,No,No,Non-working women,All others,Non-working women
65160.0,Mike Michaud,Shenna Bellows,Mike Michaud,65+,60+,65 or over,45+,60+,65+,Non-Black 60+,White 60+,White 65+,Complete,Call 1,2.0,Postgraduate study,College graduate,More than High school graduate,White college degree,Yes,Favorable,Unfavorable,2.0,Government should do more to solve problems,Did not go far enough,Less than 100k,"Under $30,000",Less than 50k,Less than 50 thousand,"Under $50,000","Under $30,000","Under $50,000 and white",Yes,No,Legal,No,Not worried,Not too worried,Approve,Somewhat approve,45+,65+,Democrat,Non-black Democrat,White Democrat,Democrat,Democratic Women,White Democrat,Liberal,92.0,Liberal Democrats,Liberal Democrats,White,White,State questionnaire,White,White,East,Yes,Female,White women,Non married women,Rural,Small Cities/Rural,Maine,Election day exit poll,Generally going in the right direction,Version 1,0.716624438762665,No,No,Non-working women,All others,Non-working women
63228.0,Mike Michaud,Shenna Bellows,Mike Michaud,45-65,60+,60-64,45+,60+,50-64,Non-Black 60+,White 60+,White 45-64,Complete,Call 1,1.0,Postgraduate study,College graduate,More than High school graduate,White college degree,Yes,Favorable,Unfavorable,1.0,Government should do more to solve problems,Did not go far enough,100k or more,"$30,000 or more",50k or more,100 thousand or more,"$200,000 or more","$200,000 or more","Over $50,000 and white",Yes,No,Illegal,Yes,Worried,Somewhat worried,Approve,Somewhat approve,45+,18-64,Democrat,Non-black Democrat,White Democrat,Democrat,Democratic Women,White Democrat,Liberal,114.0,Liberal Democrats,Liberal Democrats,White,White,State questionnaire,White,White,East,Yes,Female,White women,Married women,Suburbs,Suburbs,Maine,Election day exit poll,Seriously off on the wrong track,Version 1,0.975742042064667,No,Yes,Working women,Working women,Working women
80601.0,Mike Michaud,Shenna Bellows,Mike Michaud,45-65,60+,60-64,45+,60+,50-64,Non-Black 60+,White 60+,White 45-64,Complete,Call 2,2.0,Postgraduate study,College graduate,More than High school graduate,White college degree,Yes,Favorable,Unfavorable,2.0,Government should do more to solve problems,Did not go far enough,100k or more,"$30,000 or more",50k or more,100 thousand or more,"$100,000-$199,999","$100,000-$199,999","Over $50,000 and white",Yes,No,Legal,Yes,Worried,Somewhat worried,Approve,Somewhat approve,45+,18-64,Democrat,Non-black Democrat,White Democrat,Democrat,Democratic Men,White Democrat,Liberal,24.0,Liberal Democrats,Liberal Democrats,White,White,State questionnaire,White,White,East,Yes,Male,White men,Married men,Suburbs,Suburbs,Maine,Election day exit poll,Generally going in the right direction,Version 1,0.766738653182983,No,Yes,Working men,All others,Working men
59353.0,Mike Michaud,Shenna Bellows,Mike Michaud,18-29,18-29,25-29,18-44,18-29,25-29,Non-Black 18-29,White 18-29,White 18-29,Complete,Call 1,1.0,Some college/assoc. degree,No college degree,More than High school graduate,White no college degree,Yes,Favorable,Unfavorable,1.0,Government is doing too many things better left to businesses and individuals,Was about right,Less than 100k,"$30,000 or more",50k or more,50 to 100 thousand,"$50,000-$99,999","$50,000-$99,999","Over $50,000 and white",Yes,No,Legal,No,Not worried,Not too worried,Approve,Somewhat approve,18-44,18-64,Democrat,Non-black Democrat,White Democrat,Democrat,Democratic Men,White Democrat,Liberal,82.0,Liberal Democrats,Liberal Democrats,White,White,State questionnaire,White,White,East,Yes,Male,White men,Non married men,Suburbs,Suburbs,Maine,Election day exit poll,Generally going in the right direction,Version 1,1.13292360305786,No,Yes,Working men,All others,Working men
92154.0,Mike Michaud,Shenna Bellows,Mike Michaud,30-44,30-59,40-44,18-44,30-44,40-49,Non-Black 30-44,White 30-44,White 30-44,Complete,Call 3,2.0,Postgraduate study,College graduate,More than High school graduate,White college degree,No,Favorable,Favorable,2.0,Government should do more to solve problems,Did not go far enough,Less than 100k,"Under $30,000",Less than 50k,Less than 50 thousand,"Under $50,000","Under $30,000","Under $50,000 and white",Yes,No,Legal,No,Worried,Somewhat worried,Approve,Somewhat approve,18-44,18-64,Independent/Something else,Non-black non-Democrat,White Independent,Independent,Independent Men,White Independent,Liberal,22.0,Moderate/Liberal Republicans,Liberal Independents,White,White,State questionnaire,White,White,East,Yes,Male,White men,Non married men,Rural,Small Cities/Rural,Maine,Election day exit poll,Generally going in the right direction,Version 1,0.908766388893127,No,No,Non-working men,All others,Non-working men
76702.0,Mike Michaud,Shenna Bellows,,65+,60+,65 or over,45+,60+,65+,Non-Black 60+,White 60+,White 65+,Complete,Call 2,2.0,Some college/assoc. degree,No college degree,More than High school graduate,White no college degree,,,,2.0,,,Less than 100k,"Under $30,000",Less than 50k,Less than 50 thousand,"Under $50,000","Under $30,000","Under $50,000 and white",,No,,,Worried,Very worried,Approve,Somewhat approve,45+,65+,Democrat,Non-black Democrat,White Democrat,Democrat,Democratic Women,White Democrat,Liberal,46.0,Liberal Democrats,Liberal Democrats,White,White,National questionnaire,White,White,East,,Female,White women,,Suburbs,Suburbs,Maine,Election day exit poll,,Version 1,0.767090916633606,Yes,,,,
65114.0,Mike Michaud,Shenna Bellows,Mike Michaud,45-65,60+,60-64,45+,60+,50-64,Non-Black 60+,White 60+,White 45-64,Complete,Call 1,2.0,Some college/assoc. degree,No college degree,More than High school graduate,White no college degree,Yes,Favorable,Unfavorable,2.0,Government should do more to solve problems,Did not go far enough,Less than 100k,"Under $30,000",Less than 50k,Less than 50 thousand,"Under $50,000","Under $30,000","Under $50,000 and white",Yes,No,Legal,Yes,Worried,Somewhat worried,Disapprove,Somewhat disapprove,45+,18-64,Democrat,Non-black Democrat,White Democrat,Democrat,Democratic Women,White Democrat,Liberal,22.0,Liberal Democrats,Liberal Democrats,White,White,State questionnaire,White,White,East,Yes,Female,White women,Married women,Rural,Small Cities/Rural,Maine,Election day exit poll,Seriously off on the wrong track,Version 1,0.955499231815338,Yes,No,Non-working women,All others,Non-working women
67043.0,Mike Michaud,Shenna Bellows,Mike Michaud,45-65,30-59,50-59,45+,45-59,50-64,Non-Black 45-59,White 45-59,White 45-64,Not complete,Call 1,1.0,,,,,,,,1.0,Omit,,,,,,,,,,No,,,,,,,45+,18-64,,,,,,,,103.0,,,White,White,State questionnaire,White,White,East,Yes,Female,White women,,Rural,Small Cities/Rural,Maine,Election day exit poll,Generally going in the right direction,Version 1,1.63219881057739,,No,Non-working women,All others,Non-working women
65108.0,Mike Michaud,Shenna Bellows,Mike Michaud,18-29,18-29,25-29,18-44,18-29,25-29,Non-Black 18-29,White 18-29,White 18-29,Complete,Call 1,1.0,Postgraduate study,College graduate,More than High school graduate,White college degree,Yes,Favorable,Unfavorable,1.0,Government should do more to solve problems,Was about right,Less than 100k,"$30,000 or more",Less than 50k,Less than 50 thousand,"Under $50,000","$30,000-$49,999","Under $50,000 and white",Yes,No,Illegal,Yes,Not worried,Not too worried,Approve,Strongly approve,18-44,18-64,Democrat,Non-black Democrat,White Democrat,Democrat,Democratic Women,White Democrat,Liberal,72.0,Liberal Democrats,Liberal Democrats,White,White,State questionnaire,White,White,East,Yes,Female,White women,Married women,"Cities 50,000-500,000","Cities over 50,000",Maine,Election day exit poll,Omit,Version 1,0.422839760780334,No,Yes,Working women,Working women,Working women
74762.0,Mike Michaud,Shenna Bellows,,18-29,18-29,18-24,18-44,18-29,18-24,Non-Black 18-29,White 18-29,White 18-29,Complete,Call 2,2.0,High school graduate,No college degree,High school graduate or less,White no college degree,,,,2.0,,Omit,100k or more,"$30,000 or more",50k or more,100 thousand or more,"$100,000-$199,999","$100,000-$199,999","Over $50,000 and white",,No,,No,,,,,18-44,18-64,Democrat,Non-black Democrat,White Democrat,Democrat,Democratic Men,White Democrat,Liberal,63.0,Liberal Democrats,Liberal Democrats,White,White,National questionnaire,White,White,East,,Male,White men,Non married men,Suburbs,Suburbs,Maine,Election day exit poll,,Version 2,0.840115308761597,No,No,Non-working men,All others,Non-working men
92635.0,Mike Michaud,Shenna Bellows,Mike Michaud,45-65,60+,60-64,45+,60+,50-64,Non-Black 60+,White 60+,White 45-64,Complete,Call 3,2.0,College graduate,College graduate,More than High school graduate,White college degree,Yes,Favorable,Unfavorable,2.0,Government should do more to solve problems,Did not go far enough,Less than 100k,"$30,000 or more",50k or more,50 to 100 thousand,"$50,000-$99,999","$50,000-$99,999","Over $50,000 and white",Yes,No,Omit,Yes,Worried,Somewhat worried,Approve,Strongly approve,45+,18-64,Democrat,Non-black Democrat,White Democrat,Democrat,Democratic Women,White Democrat,Liberal,96.0,Liberal Democrats,Liberal Democrats,White,White,State questionnaire,White,White,East,Yes,Female,White women,Married women,Rural,Small Cities/Rural,Maine,Election day exit poll,Seriously off on the wrong track,Version 1,0.778049409389496,No,Yes,Working women,Working women,Working women
78607.0,Mike Michaud,Shenna Bellows,Mike Michaud,65+,60+,65 or over,45+,60+,65+,Non-Black 60+,White 60+,White 65+,Complete,Call 2,2.0,Some college/assoc. degree,No college degree,More than High school graduate,White no college degree,Yes,Favorable,Unfavorable,2.0,Government should do more to solve problems,Did not go far enough,,,,,,,,Yes,No,Illegal,No,Worried,Somewhat worried,Approve,Somewhat approve,45+,65+,Democrat,Non-black Democrat,White Democrat,Democrat,Democratic Women,White Democrat,Moderate,92.0,Moderate/Conservative Democrats,Mod/Conserv. Democrats,White,White,State questionnaire,White,White,East,Yes,Female,White women,Non married women,Rural,Small Cities/Rural,Maine,Election day exit poll,Seriously off on the wrong track,Version 1,0.716624438762665,,No,Non-working women,All others,Non-working women
76666.0,Mike Michaud,Shenna Bellows,Mike Michaud,30-44,30-59,30-39,18-44,30-44,30-39,Non-Black 30-44,White 30-44,White 30-44,Complete,Call 2,1.0,Postgraduate study,College graduate,More than High school graduate,White college degree,Yes,Favorable,Unfavorable,1.0,Government should do more to solve problems,Did not go far enough,Less than 100k,"Under $30,000",Less than 50k,Less than 50 thousand,"Under $50,000","Under $30,000","Under $50,000 and white",Yes,No,Legal,No,Worried,Very worried,Approve,Strongly approve,18-44,18-64,Democrat,Non-black Democrat,White Democrat,Democrat,Democratic Women,White Democrat,Liberal,114.0,Liberal Democrats,Liberal Democrats,White,White,State questionnaire,White,White,East,Yes,Female,White women,Non married women,Suburbs,Suburbs,Maine,Election day exit poll,Seriously off on the wrong track,Version 1,0.823995351791382,No,No,Non-working women,All others,Non-working women
72803.0,Mike Michaud,Shenna Bellows,Mike Michaud,45-65,30-59,45-49,45+,45-59,40-49,Non-Black 45-59,White 45-59,White 45-64,Complete,Call 2,1.0,Postgraduate study,College graduate,More than High school graduate,White college degree,Yes,Favorable,Unfavorable,1.0,Government should do more to solve problems,Did not go far enough,100k or more,"$30,000 or more",50k or more,100 thousand or more,"$100,000-$199,999","$100,000-$199,999","Over $50,000 and white",No,No,Legal,Yes,Not worried,Not too worried,Approve,Somewhat approve,45+,18-64,Democrat,Non-black Democrat,White Democrat,Democrat,Democratic Men,White Democrat,Liberal,82.0,Liberal Democrats,Liberal Democrats,White,White,State questionnaire,White,White,East,Yes,Male,White men,Married men,Suburbs,Suburbs,Maine,Election day exit poll,Omit,Version 1,0.907189667224884,No,Yes,Working men,All others,Working men
65070.0,Mike Michaud,Shenna Bellows,Mike Michaud,45-65,30-59,50-59,45+,45-59,50-64,Non-Black 45-59,White 45-59,White 45-64,Complete,Call 1,2.0,Postgraduate study,College graduate,More than High school graduate,White college degree,Yes,Favorable,Unfavorable,2.0,Government should do more to solve problems,Did not go far enough,100k or more,"$30,000 or more",50k or more,100 thousand or more,"$100,000-$199,999","$100,000-$199,999","Over $50,000 and white",Yes,No,Illegal,Yes,Worried,Very worried,Approve,Somewhat approve,45+,18-64,Democrat,Non-black Democrat,White Democrat,Democrat,Democratic Women,White Democrat,Liberal,24.0,Liberal Democrats,Liberal Democrats,White,White,State questionnaire,White,White,East,Yes,Female,White women,Married women,Suburbs,Suburbs,Maine,Election day exit poll,Seriously off on the wrong track,Version 1,0.574916779994965,No,Yes,Working women,Working women,Working women
92181.0,Mike Michaud,Shenna Bellows,Mike Michaud,45-65,30-59,45-49,45+,45-59,40-49,Non-Black 45-59,White 45-59,White 45-64,Complete,Call 3,1.0,College graduate,College graduate,More than High school graduate,White college degree,No,Favorable,Unfavorable,1.0,Government should do more to solve problems,Did not go far enough,Less than 100k,"$30,000 or more",Less than 50k,Less than 50 thousand,"Under $50,000","$30,000-$49,999","Under $50,000 and white",Yes,No,Legal,No,Not worried,Not too worried,Approve,Strongly approve,45+,18-64,Independent/Something else,Non-black non-Democrat,White Independent,Independent,Independent Men,White Independent,,9.0,,,White,White,State questionnaire,White,White,East,Yes,Male,White men,Non married men,Suburbs,Suburbs,Maine,Election day exit poll,Generally going in the right direction,Version 1,0.907189667224884,No,Yes,Working men,All others,Working men
94024.0,Mike Michaud,Shenna Bellows,Mike Michaud,45-65,30-59,50-59,45+,45-59,50-64,Non-Black 45-59,White 45-59,White 45-64,Complete,Call 3,2.0,High school graduate,No college degree,High school graduate or less,White no college degree,Yes,Favorable,Unfavorable,2.0,Government should do more to solve problems,Did not go far enough,Less than 100k,"Under $30,000",Less than 50k,Less than 50 thousand,"Under $50,000","Under $30,000","Under $50,000 and white",Yes,No,Legal,No,Worried,Somewhat worried,Disapprove,Somewhat disapprove,45+,18-64,Democrat,Non-black Democrat,White Democrat,Democrat,Democratic Women,White Democrat,Liberal,24.0,Liberal Democrats,Liberal Democrats,White,White,State questionnaire,White,White,East,Yes,Female,White women,Non married women,Suburbs,Suburbs,Maine,Election day exit poll,Seriously off on the wrong track,Version 1,0.574916779994965,Yes,Yes,Working women,Working women,Working women
90591.0,Mike Michaud,Shenna Bellows,Mike Michaud,18-29,18-29,18-24,18-44,18-29,18-24,Non-Black 18-29,White 18-29,White 18-29,Complete,Call 3,1.0,College graduate,College graduate,More than High school graduate,White college degree,Yes,Favorable,Unfavorable,1.0,Government should do more to solve problems,Did not go far enough,Less than 100k,"Under $30,000",Less than 50k,Less than 50 thousand,"Under $50,000","Under $30,000","Under $50,000 and white",Yes,No,Legal,No,Not worried,Not too worried,Approve,Somewhat approve,18-44,18-64,Independent/Something else,Non-black non-Democrat,White Independent,Independent,Independent Men,White Independent,Liberal,112.0,Moderate/Liberal Republicans,Liberal Independents,White,White,State questionnaire,White,White,East,Yes,Male,White men,Non married men,Rural,Small Cities/Rural,Maine,Election day exit poll,Seriously off on the wrong track,Version 1,2.12768578529358,No,No,Non-working men,All others,Non-working men
61357.0,Mike Michaud,Shenna Bellows,,30-44,30-59,30-39,18-44,30-44,30-39,,,,Complete,Call 1,2.0,Postgraduate study,College graduate,More than High school graduate,,,,,2.0,,Did not go far enough,Less than 100k,"$30,000 or more",50k or more,50 to 100 thousand,"$50,000-$99,999","$50,000-$99,999",,,No,,Yes,,,,,18-44,18-64,Independent/Something else,,,Something else,Independent Men,,Moderate,63.0,Moderate/Liberal Republicans,Moderate Independents,,,National questionnaire,,,East,,Male,,Married men,Suburbs,Suburbs,Maine,Election day exit poll,,Version 2,0.620358288288116,No,Yes,Working men,All others,Working men
92075.0,Mike Michaud,Shenna Bellows,Mike Michaud,30-44,30-59,30-39,18-44,30-44,30-39,Non-Black 30-44,White 30-44,White 30-44,Complete,Call 3,1.0,College graduate,College graduate,More than High school graduate,White college degree,Yes,Favorable,Unfavorable,1.0,Government should do more to solve problems,Did not go far enough,100k or more,"$30,000 or more",50k or more,100 thousand or more,"$100,000-$199,999","$100,000-$199,999","Over $50,000 and white",Yes,No,Legal,Yes,Worried,Somewhat worried,Approve,Somewhat approve,18-44,18-64,Democrat,Non-black Democrat,White Democrat,Democrat,Democratic Women,White Democrat,Liberal,82.0,Liberal Democrats,Liberal Democrats,White,White,State questionnaire,White,White,East,Yes,Female,White women,Married women,Suburbs,Suburbs,Maine,Election day exit poll,Generally going in the right direction,Version 1,0.805500745773315,No,No,Non-working women,All others,Non-working women
78552.0,Mike Michaud,Shenna Bellows,Mike Michaud,30-44,30-59,30-39,18-44,30-44,30-39,Non-Black 30-44,White 30-44,White 30-44,Complete,Call 2,2.0,College graduate,College graduate,More than High school graduate,White college degree,Yes,Favorable,Unfavorable,2.0,Government should do more to solve problems,Did not go far enough,100k or more,"$30,000 or more",50k or more,100 thousand or more,"$100,000-$199,999","$100,000-$199,999","Over $50,000 and white",Yes,No,Legal,Yes,Not worried,Not too worried,Approve,Somewhat approve,18-44,18-64,Independent/Something else,Non-black non-Democrat,White Independent,Independent,Independent Men,White Independent,Moderate,92.0,Moderate/Liberal Republicans,Moderate Independents,White,White,State questionnaire,White,White,East,Yes,Male,White men,Married men,Rural,Small Cities/Rural,Maine,Election day exit poll,Generally going in the right direction,Version 1,0.681574761867523,No,Yes,Working men,All others,Working men
78235.0,Mike Michaud,Shenna Bellows,Mike Michaud,45-65,30-59,50-59,45+,45-59,50-64,Non-Black 45-59,White 45-59,White 45-64,Complete,Call 2,2.0,Postgraduate study,College graduate,More than High school graduate,White college degree,Yes,Favorable,Unfavorable,2.0,Government should do more to solve problems,Was about right,Less than 100k,"Under $30,000",Less than 50k,Less than 50 thousand,"Under $50,000","Under $30,000","Under $50,000 and white",No,No,Legal,No,Not worried,Not too worried,Approve,Somewhat approve,45+,18-64,Democrat,Non-black Democrat,White Democrat,Democrat,Democratic Women,White Democrat,Moderate,65.0,Moderate/Conservative Democrats,Mod/Conserv. Democrats,White,White,State questionnaire,White,White,East,Yes,Female,White women,Non married women,Rural,Small Cities/Rural,Maine,Election day exit poll,Seriously off on the wrong track,Version 1,0.60517555475235,No,No,Non-working women,All others,Non-working women
92063.0,Mike Michaud,Shenna Bellows,Mike Michaud,65+,60+,65 or over,45+,60+,65+,Non-Black 60+,White 60+,White 65+,Complete,Call 3,2.0,Some college/assoc. degree,No college degree,More than High school graduate,White no college degree,Yes,Favorable,Unfavorable,2.0,Omit,Did not go far enough,,,,,,,,Yes,No,Legal,Yes,Not worried,Not at all worried,Approve,Strongly approve,45+,65+,Independent/Something else,Non-black non-Democrat,White Independent,Independent,Independent Women,White Independent,Moderate,22.0,Moderate/Liberal Republicans,Moderate Independents,White,White,State questionnaire,White,White,East,Yes,Female,White women,Married women,Rural,Small Cities/Rural,Maine,Election day exit poll,Generally going in the right direction,Version 1,0.955499231815338,,Yes,Working women,Working women,Working women
92061.0,Mike Michaud,Shenna Bellows,Mike Michaud,30-44,30-59,40-44,18-44,30-44,40-49,Non-Black 30-44,White 30-44,White 30-44,Complete,Call 3,2.0,College graduate,College graduate,More than High school graduate,White college degree,Yes,Favorable,Favorable,2.0,Government should do more to solve problems,Was about right,Less than 100k,"Under $30,000",Less than 50k,Less than 50 thousand,"Under $50,000","Under $30,000","Under $50,000 and white",No,No,Illegal,Yes,Worried,Somewhat worried,Disapprove,Somewhat disapprove,18-44,18-64,Republican,Non-black non-Democrat,All Republicans,Republican,Republican Men,White Republican,Moderate,76.0,Conservative Republicans,Mod./Liberal Republicans,White,White,State questionnaire,White,White,East,Yes,Male,White men,Married men,Rural,Small Cities/Rural,Maine,Election day exit poll,Seriously off on the wrong track,Version 1,0.664098501205444,No,Yes,Working men,All others,Working men
76611.0,Mike Michaud,Shenna Bellows,,65+,60+,65 or over,45+,60+,65+,Non-Black 60+,White 60+,White 65+,Not complete,Call 2,2.0,,,,,,,,2.0,,,,,,,,,,,No,,,,,,,45+,65+,,,,,,,,46.0,,,White,White,National questionnaire,White,White,East,,Male,White men,,Suburbs,Suburbs,Maine,Election day exit poll,,Version 2,0.863930881023407,,Yes,Working men,All others,Working men
63092.0,Mike Michaud,Shenna Bellows,Mike Michaud,65+,60+,65 or over,45+,60+,65+,Non-Black 60+,White 60+,White 65+,Not complete,Call 1,1.0,,,,,,,,1.0,Government should do more to solve problems,,,,,,,,,,No,,,,,,,45+,65+,,,,,,,,88.0,,,White,White,State questionnaire,White,White,East,No,Male,White men,,Suburbs,Suburbs,Maine,Election day exit poll,Generally going in the right direction,Version 1,1.25330030918121,,No,Non-working men,All others,Non-working men
66949.0,Mike Michaud,Shenna Bellows,Mike Michaud,45-65,30-59,50-59,45+,45-59,50-64,Non-Black 45-59,White 45-59,White 45-64,Complete,Call 1,1.0,High school graduate,No college degree,High school graduate or less,White no college degree,Yes,Unfavorable,Unfavorable,1.0,Government should do more to solve problems,Did not go far enough,Less than 100k,"Under $30,000",Less than 50k,Less than 50 thousand,"Under $50,000","Under $30,000","Under $50,000 and white",Yes,No,Legal,Yes,Worried,Somewhat worried,Approve,Somewhat approve,45+,18-64,Democrat,Non-black Democrat,White Democrat,Democrat,Democratic Men,White Democrat,Liberal,103.0,Liberal Democrats,Liberal Democrats,White,White,State questionnaire,White,White,East,Yes,Male,White men,Married men,Rural,Small Cities/Rural,Maine,Election day exit poll,Seriously off on the wrong track,Version 1,1.83825266361237,Yes,No,Non-working men,All others,Non-working men
74668.0,Mike Michaud,Shenna Bellows,Mike Michaud,45-65,60+,60-64,45+,60+,50-64,Non-Black 60+,White 60+,White 45-64,Complete,Call 2,1.0,High school graduate,No college degree,High school graduate or less,White no college degree,Yes,Favorable,Unfavorable,1.0,Government should do more to solve problems,Did not go far enough,Less than 100k,"$30,000 or more",50k or more,50 to 100 thousand,"$50,000-$99,999","$50,000-$99,999","Over $50,000 and white",No,No,Legal,Yes,Worried,Very worried,Approve,Somewhat approve,45+,18-64,Independent/Something else,Non-black non-Democrat,White Independent,Independent,Independent Men,White Independent,Liberal,88.0,Moderate/Liberal Republicans,Liberal Independents,White,White,State questionnaire,White,White,East,Yes,Male,White men,Married men,Suburbs,Suburbs,Maine,Election day exit poll,Omit,Version 1,1.25330030918121,No,Yes,Working men,All others,Working men
92672.0,Mike Michaud,Shenna Bellows,,18-29,18-29,18-24,18-44,18-29,18-24,Non-Black 18-29,White 18-29,White 18-29,Complete,Call 3,2.0,Some college/assoc. degree,No college degree,More than High school graduate,White no college degree,,,,2.0,,,Less than 100k,"$30,000 or more",50k or more,50 to 100 thousand,"$50,000-$99,999","$50,000-$99,999","Over $50,000 and white",,No,,,Worried,Somewhat worried,Approve,Strongly approve,18-44,18-64,Democrat,Non-black Democrat,White Democrat,Democrat,Democratic Men,White Democrat,Liberal,63.0,Liberal Democrats,Liberal Democrats,White,White,National questionnaire,White,White,East,,Male,White men,,Suburbs,Suburbs,Maine,Election day exit poll,,Version 1,0.840115308761597,No,,,,
82388.0,Mike Michaud,Shenna Bellows,Mike Michaud,45-65,60+,60-64,45+,60+,50-64,Non-Black 60+,White 60+,White 45-64,Complete,Call 2,1.0,Some college/assoc. degree,No college degree,More than High school graduate,White no college degree,Yes,Favorable,Unfavorable,1.0,Government is doing too many things better left to businesses and individuals,Did not go far enough,Less than 100k,"$30,000 or more",50k or more,50 to 100 thousand,"$50,000-$99,999","$50,000-$99,999","Over $50,000 and white",Yes,No,Illegal,Yes,Worried,Somewhat worried,Approve,Somewhat approve,45+,18-64,Independent/Something else,Non-black non-Democrat,White Independent,Independent,Independent Women,White Independent,Moderate,103.0,Moderate/Liberal Republicans,Moderate Independents,White,White,State questionnaire,White,White,East,Yes,Female,White women,Married women,Rural,Small Cities/Rural,Maine,Election day exit poll,Generally going in the right direction,Version 1,1.93278396129608,No,Yes,Working women,Working women,Working women
93730.0,Mike Michaud,Shenna Bellows,Mike Michaud,30-44,30-59,40-44,18-44,30-44,40-49,Non-Black 30-44,White 30-44,White 30-44,Complete,Call 3,1.0,College graduate,College graduate,More than High school graduate,White college degree,Yes,Favorable,Unfavorable,1.0,Government should do more to solve problems,Did not go far enough,100k or more,"$30,000 or more",50k or more,100 thousand or more,"$100,000-$199,999","$100,000-$199,999","Over $50,000 and white",Yes,No,Legal,Yes,Not worried,Not too worried,Approve,Somewhat approve,18-44,18-64,Independent/Something else,Non-black non-Democrat,White Independent,Independent,Independent Women,White Independent,Moderate,72.0,Moderate/Liberal Republicans,Moderate Independents,White,White,State questionnaire,White,White,East,Yes,Female,White women,Married women,"Cities 50,000-500,000","Cities over 50,000",Maine,Election day exit poll,Generally going in the right direction,Version 1,0.33858934044838,No,Yes,Working women,Working women,Working women
93968.0,Mike Michaud,Shenna Bellows,Mike Michaud,18-29,18-29,18-24,18-44,18-29,18-24,Black 18-29,Black 18-29,Black 18-29,Complete,Call 3,1.0,College graduate,College graduate,More than High school graduate,Non white college degree,Yes,Favorable,Unfavorable,1.0,Government should do more to solve problems,Was about right,Less than 100k,"$30,000 or more",50k or more,50 to 100 thousand,"$50,000-$99,999","$50,000-$99,999","Over $50,000 and non white",Yes,No,Legal,No,Worried,Somewhat worried,Approve,Strongly approve,18-44,18-64,Democrat,Black Democrat,Black Democrat,Democrat,Democratic Women,Non-White Democrats,Liberal,9.0,Liberal Democrats,Liberal Democrats,Black,Black,State questionnaire,Black,Black,East,Yes,Female,Black women,Non married women,Suburbs,Suburbs,Maine,Election day exit poll,Seriously off on the wrong track,Version 1,0.840216457843781,No,No,Non-working women,All others,Non-working women
73561.0,Mike Michaud,Shenna Bellows,Mike Michaud,30-44,30-59,40-44,18-44,30-44,40-49,Non-Black 30-44,White 30-44,White 30-44,Complete,Call 2,1.0,College graduate,College graduate,More than High school graduate,White college degree,Yes,Favorable,Unfavorable,1.0,Omit,Did not go far enough,100k or more,"$30,000 or more",50k or more,100 thousand or more,"$100,000-$199,999","$100,000-$199,999","Over $50,000 and white",No,No,Legal,No,Worried,Somewhat worried,Approve,Strongly approve,18-44,18-64,Democrat,Non-black Democrat,White Democrat,Democrat,Democratic Women,White Democrat,Liberal,72.0,Liberal Democrats,Liberal Democrats,White,White,State questionnaire,White,White,East,Yes,Female,White women,Non married women,"Cities 50,000-500,000","Cities over 50,000",Maine,Election day exit poll,Seriously off on the wrong track,Version 1,0.33858934044838,No,No,Non-working women,All others,Non-working women
64990.0,Mike Michaud,Shenna Bellows,Mike Michaud,65+,60+,65 or over,45+,60+,65+,Non-Black 60+,All others,All others,Complete,Call 1,1.0,College graduate,College graduate,More than High school graduate,Non white college degree,Yes,Favorable,Unfavorable,1.0,Omit,Was about right,Less than 100k,"$30,000 or more",Less than 50k,Less than 50 thousand,"Under $50,000","$30,000-$49,999","Under $50,000 and non white",Yes,No,Illegal,Yes,Not worried,Not too worried,Approve,Somewhat approve,45+,65+,Independent/Something else,Non-black non-Democrat,All Other,Independent,Independent Women,All others,Liberal,72.0,Moderate/Liberal Republicans,Liberal Independents,Other,Asian,State questionnaire,Asian,Asian,East,Yes,Female,All other races,Married women,"Cities 50,000-500,000","Cities over 50,000",Maine,Election day exit poll,Omit,Version 1,0.400943845510483,No,No,Non-working women,All others,Non-working women
92007.0,Mike Michaud,Shenna Bellows,Mike Michaud,65+,60+,65 or over,45+,60+,65+,Non-Black 60+,White 60+,White 65+,Complete,Call 3,2.0,Postgraduate study,College graduate,More than High school graduate,White college degree,Yes,Favorable,Unfavorable,2.0,Omit,Omit,,,,,,,,Yes,No,Omit,No,Omit,Omit,Omit,Omit,45+,65+,Democrat,Non-black Democrat,White Democrat,Democrat,Democratic Women,White Democrat,Liberal,96.0,Liberal Democrats,Liberal Democrats,White,White,State questionnaire,White,White,East,Yes,Female,White women,Non married women,Rural,Small Cities/Rural,Maine,Election day exit poll,Omit,Version 1,0.778049409389496,No,,,,
78488.0,Mike Michaud,Shenna Bellows,Mike Michaud,45-65,60+,60-64,45+,60+,50-64,Non-Black 60+,White 60+,White 45-64,Complete,Call 2,2.0,Some college/assoc. degree,No college degree,More than High school graduate,White no college degree,Yes,Favorable,Unfavorable,2.0,Government should do more to solve problems,Did not go far enough,Less than 100k,"Under $30,000",Less than 50k,Less than 50 thousand,"Under $50,000","Under $30,000","Under $50,000 and white",Yes,No,Legal,Yes,Worried,Somewhat worried,Approve,Strongly approve,45+,18-64,Democrat,Non-black Democrat,White Democrat,Democrat,Democratic Women,White Democrat,Liberal,92.0,Liberal Democrats,Liberal Democrats,White,White,State questionnaire,White,White,East,Yes,Female,White women,Married women,Rural,Small Cities/Rural,Maine,Election day exit poll,Seriously off on the wrong track,Version 1,0.716624438762665,Yes,No,Non-working women,All others,Non-working women
92003.0,Mike Michaud,Shenna Bellows,Mike Michaud,45-65,30-59,50-59,45+,45-59,50-64,Non-Black 45-59,White 45-59,White 45-64,Complete,Call 3,1.0,High school graduate,No college degree,High school graduate or less,White no college degree,Yes,Favorable,Unfavorable,1.0,Government should do more to solve problems,Did not go far enough,Less than 100k,"$30,000 or more",50k or more,50 to 100 thousand,"$50,000-$99,999","$50,000-$99,999","Over $50,000 and white",Yes,No,Legal,Yes,Not worried,Not too worried,Approve,Strongly approve,45+,18-64,Democrat,Non-black Democrat,White Democrat,Democrat,Democratic Women,White Democrat,Liberal,82.0,Liberal Democrats,Liberal Democrats,White,White,State questionnaire,White,White,East,Yes,Female,White women,Married women,Suburbs,Suburbs,Maine,Election day exit poll,Generally going in the right direction,Version 1,0.805500745773315,No,Yes,Working women,Working women,Working women
92209.0,Mike Michaud,Shenna Bellows,Mike Michaud,65+,60+,65 or over,45+,60+,65+,Non-Black 60+,White 60+,White 65+,Complete,Call 3,1.0,Postgraduate study,College graduate,More than High school graduate,White college degree,Yes,Favorable,Unfavorable,1.0,Government should do more to solve problems,Did not go far enough,Less than 100k,"$30,000 or more",50k or more,50 to 100 thousand,"$50,000-$99,999","$50,000-$99,999","Over $50,000 and white",Yes,No,Illegal,Yes,Worried,Somewhat worried,Approve,Strongly approve,45+,65+,Democrat,Non-black Democrat,White Democrat,Democrat,Democratic Women,White Democrat,Liberal,82.0,Liberal Democrats,Liberal Democrats,White,White,State questionnaire,White,White,East,Yes,Female,White women,Married women,Suburbs,Suburbs,Maine,Election day exit poll,Seriously off on the wrong track,Version 1,0.9538414478302,No,No,Non-working women,All others,Non-working women
93750.0,Mike Michaud,Shenna Bellows,Mike Michaud,18-29,18-29,18-24,18-44,18-29,18-24,Non-Black 18-29,White 18-29,White 18-29,Complete,Call 3,1.0,College graduate,College graduate,More than High school graduate,White college degree,Yes,Favorable,Unfavorable,1.0,Government is doing too many things better left to businesses and individuals,Went too far,Less than 100k,"$30,000 or more",50k or more,50 to 100 thousand,"$50,000-$99,999","$50,000-$99,999","Over $50,000 and white",Yes,No,Legal,No,Worried,Somewhat worried,Approve,Somewhat approve,18-44,18-64,Democrat,Non-black Democrat,White Democrat,Democrat,Democratic Women,White Democrat,Moderate,82.0,Moderate/Conservative Democrats,Mod/Conserv. Democrats,White,White,State questionnaire,White,White,East,Yes,Female,White women,Non married women,Suburbs,Suburbs,Maine,Election day exit poll,Generally going in the right direction,Version 1,1.00593161582947,No,Yes,Working women,Working women,Working women
80401.0,Mike Michaud,Shenna Bellows,Mike Michaud,65+,60+,65 or over,45+,60+,65+,Non-Black 60+,White 60+,White 65+,Complete,Call 2,2.0,Postgraduate study,College graduate,More than High school graduate,White college degree,Yes,Favorable,Unfavorable,2.0,Government is doing too many things better left to businesses and individuals,Did not go far enough,Less than 100k,"$30,000 or more",50k or more,50 to 100 thousand,"$50,000-$99,999","$50,000-$99,999","Over $50,000 and white",Yes,No,Illegal,Yes,Not worried,Not too worried,Approve,Strongly approve,45+,65+,Independent/Something else,Non-black non-Democrat,White Independent,Independent,Independent Women,White Independent,Moderate,24.0,Moderate/Liberal Republicans,Moderate Independents,White,White,State questionnaire,White,White,East,Yes,Female,White women,Married women,Suburbs,Suburbs,Maine,Election day exit poll,Generally going in the right direction,Version 1,0.680793225765228,No,Yes,Working women,Working women,Working women
63018.0,Mike Michaud,Shenna Bellows,Mike Michaud,45-65,30-59,45-49,45+,45-59,40-49,Non-Black 45-59,White 45-59,White 45-64,Complete,Call 1,1.0,Some college/assoc. degree,No college degree,More than High school graduate,White no college degree,Yes,Favorable,Unfavorable,1.0,Government should do more to solve problems,Went too far,Less than 100k,"$30,000 or more",Less than 50k,Less than 50 thousand,"Under $50,000","$30,000-$49,999","Under $50,000 and white",Yes,No,Legal,Yes,Worried,Very worried,Approve,Somewhat approve,45+,18-64,Independent/Something else,Non-black non-Democrat,White Independent,Independent,Independent Women,White Independent,Conservative,72.0,Moderate/Liberal Republicans,Conservative Independents,White,White,State questionnaire,White,White,East,Yes,Female,White women,Married women,"Cities 50,000-500,000","Cities over 50,000",Maine,Election day exit poll,Seriously off on the wrong track,Version 1,0.33858934044838,Yes,No,Non-working women,All others,Non-working women
63012.0,Mike Michaud,Shenna Bellows,Mike Michaud,45-65,30-59,45-49,45+,45-59,40-49,Non-Black 45-59,White 45-59,White 45-64,Complete,Call 1,1.0,Some college/assoc. degree,No college degree,More than High school graduate,White no college degree,Omit,Favorable,Unfavorable,1.0,Government is doing too many things better left to businesses and individuals,Did not go far enough,100k or more,"$30,000 or more",50k or more,100 thousand or more,"$100,000-$199,999","$100,000-$199,999","Over $50,000 and white",Yes,No,Illegal,Yes,Not worried,Not too worried,Approve,Somewhat approve,45+,18-64,Democrat,Non-black Democrat,White Democrat,Democrat,Democratic Women,White Democrat,Liberal,88.0,Liberal Democrats,Liberal Democrats,White,White,State questionnaire,White,White,East,Yes,Female,White women,Married women,Suburbs,Suburbs,Maine,Election day exit poll,Generally going in the right direction,Version 1,0.939750850200653,No,No,Non-working women,All others,Non-working women
82306.0,Mike Michaud,Shenna Bellows,Mike Michaud,45-65,60+,60-64,45+,60+,50-64,Non-Black 60+,White 60+,White 45-64,Complete,Call 2,1.0,College graduate,College graduate,More than High school graduate,White college degree,Yes,Favorable,Favorable,1.0,Government is doing too many things better left to businesses and individuals,Was about right,Less than 100k,"$30,000 or more",50k or more,50 to 100 thousand,"$50,000-$99,999","$50,000-$99,999","Over $50,000 and white",Yes,No,Illegal,Yes,Worried,Somewhat worried,Approve,Somewhat approve,45+,18-64,Independent/Something else,Non-black non-Democrat,White Independent,Independent,Independent Women,White Independent,Liberal,103.0,Moderate/Liberal Republicans,Liberal Independents,White,White,State questionnaire,White,White,East,Yes,Female,White women,Married women,Rural,Small Cities/Rural,Maine,Election day exit poll,Seriously off on the wrong track,Version 1,1.93278396129608,No,Yes,Working women,Working women,Working women
80374.0,Mike Michaud,Shenna Bellows,Mike Michaud,45-65,30-59,50-59,45+,45-59,50-64,Non-Black 45-59,White 45-59,White 45-64,Complete,Call 2,2.0,Postgraduate study,College graduate,More than High school graduate,White college degree,Yes,Favorable,Unfavorable,2.0,Government should do more to solve problems,Did not go far enough,Less than 100k,"$30,000 or more",50k or more,50 to 100 thousand,"$50,000-$99,999","$50,000-$99,999","Over $50,000 and white",Yes,No,Legal,Yes,Not worried,Not too worried,Approve,Somewhat approve,45+,18-64,Independent/Something else,Non-black non-Democrat,White Independent,Independent,Independent Men,White Independent,Moderate,22.0,Moderate/Liberal Republicans,Moderate Independents,White,White,State questionnaire,White,White,East,Yes,Male,White men,Married men,Rural,Small Cities/Rural,Maine,Election day exit poll,Generally going in the right direction,Version 1,0.908766388893127,No,Yes,Working men,All others,Working men
76507.0,Mike Michaud,Shenna Bellows,,18-29,18-29,18-24,18-44,18-29,18-24,Non-Black 18-29,White 18-29,White 18-29,Complete,Call 2,2.0,Some college/assoc. degree,No college degree,More than High school graduate,White no college degree,,,,2.0,,,100k or more,"$30,000 or more",50k or more,100 thousand or more,"$100,000-$199,999","$100,000-$199,999","Over $50,000 and white",,No,,,,,,,18-44,18-64,Democrat,Non-black Democrat,White Democrat,Democrat,Democratic Women,White Democrat,Liberal,63.0,Liberal Democrats,Liberal Democrats,White,White,National questionnaire,White,White,East,,Female,White women,,Suburbs,Suburbs,Maine,Election day exit poll,,Version 5,0.745944917201996,No,,,,
74575.0,Mike Michaud,Shenna Bellows,Mike Michaud,30-44,30-59,30-39,18-44,30-44,30-39,Non-Black 30-44,White 30-44,White 30-44,Complete,Call 2,1.0,Some college/assoc. degree,No college degree,More than High school graduate,White no college degree,Omit,Favorable,Favorable,1.0,Government is doing too many things better left to businesses and individuals,Did not go far enough,100k or more,"$30,000 or more",50k or more,100 thousand or more,"$200,000 or more","$200,000 or more","Over $50,000 and white",Yes,No,Illegal,Yes,Worried,Somewhat worried,Disapprove,Somewhat disapprove,18-44,18-64,Republican,Non-black non-Democrat,All Republicans,Republican,Republican Women,White Republican,Moderate,88.0,Conservative Republicans,Mod./Liberal Republicans,White,White,State questionnaire,White,White,East,Yes,Female,White women,Married women,Suburbs,Suburbs,Maine,Election day exit poll,Generally going in the right direction,Version 1,0.939750850200653,No,No,Non-working women,All others,Non-working women
76505.0,Mike Michaud,Shenna Bellows,,18-29,18-29,18-24,18-44,18-29,18-24,Non-Black 18-29,White 18-29,White 18-29,Complete,Call 2,2.0,Some college/assoc. degree,No college degree,More than High school graduate,White no college degree,,,,2.0,,,100k or more,"$30,000 or more",50k or more,100 thousand or more,"$100,000-$199,999","$100,000-$199,999","Over $50,000 and white",,No,,,,,,,18-44,18-64,Democrat,Non-black Democrat,White Democrat,Democrat,Democratic Women,White Democrat,Liberal,63.0,Liberal Democrats,Liberal Democrats,White,White,National questionnaire,White,White,East,,Female,White women,,Suburbs,Suburbs,Maine,Election day exit poll,,Version 5,0.745944917201996,No,,,,
63702.0,Mike Michaud,Shenna Bellows,Mike Michaud,30-44,30-59,30-39,18-44,30-44,30-39,Non-Black 30-44,White 30-44,White 30-44,Complete,Call 1,1.0,Postgraduate study,College graduate,More than High school graduate,White college degree,Yes,Favorable,Unfavorable,1.0,Government should do more to solve problems,Did not go far enough,Less than 100k,"$30,000 or more",50k or more,50 to 100 thousand,"$50,000-$99,999","$50,000-$99,999","Over $50,000 and white",Yes,No,Legal,Yes,Worried,Somewhat worried,Approve,Strongly approve,18-44,18-64,Democrat,Non-black Democrat,White Democrat,Democrat,Democratic Men,White Democrat,Liberal,72.0,Liberal Democrats,Liberal Democrats,White,White,State questionnaire,White,White,East,Yes,Male,White men,Married men,"Cities 50,000-500,000","Cities over 50,000",Maine,Election day exit poll,Generally going in the right direction,Version 1,0.381333917379379,No,Yes,Working men,All others,Working men
78423.0,Mike Michaud,Shenna Bellows,Mike Michaud,65+,60+,65 or over,45+,60+,65+,Non-Black 60+,White 60+,White 65+,Complete,Call 2,2.0,College graduate,College graduate,More than High school graduate,White college degree,Yes,Favorable,Unfavorable,2.0,Government should do more to solve problems,Did not go far enough,Less than 100k,"$30,000 or more",50k or more,50 to 100 thousand,"$50,000-$99,999","$50,000-$99,999","Over $50,000 and white",Yes,No,Legal,Yes,Worried,Somewhat worried,Approve,Somewhat approve,45+,65+,Democrat,Non-black Democrat,White Democrat,Democrat,Democratic Men,White Democrat,Liberal,92.0,Liberal Democrats,Liberal Democrats,White,White,State questionnaire,White,White,East,Yes,Male,White men,Married men,Rural,Small Cities/Rural,Maine,Election day exit poll,Seriously off on the wrong track,Version 1,0.807093322277069,No,Yes,Working men,All others,Working men
91939.0,Mike Michaud,Shenna Bellows,Mike Michaud,30-44,30-59,30-39,18-44,30-44,30-39,Non-Black 30-44,White 30-44,White 30-44,Complete,Call 3,1.0,Postgraduate study,College graduate,More than High school graduate,White college degree,Yes,Favorable,Unfavorable,1.0,Government should do more to solve problems,Did not go far enough,Less than 100k,"$30,000 or more",50k or more,50 to 100 thousand,"$50,000-$99,999","$50,000-$99,999","Over $50,000 and white",Yes,No,Illegal,Yes,Worried,Very worried,Disapprove,Somewhat disapprove,18-44,18-64,Democrat,Non-black Democrat,White Democrat,Democrat,Democratic Men,White Democrat,Liberal,72.0,Liberal Democrats,Liberal Democrats,White,White,State questionnaire,White,White,East,Yes,Male,White men,Married men,"Cities 50,000-500,000","Cities over 50,000",Maine,Election day exit poll,Seriously off on the wrong track,Version 1,0.381333917379379,No,Yes,Working men,All others,Working men
91925.0,Mike Michaud,Shenna Bellows,,18-29,18-29,18-24,18-44,18-29,18-24,Non-Black 18-29,White 18-29,White 18-29,Complete,Call 3,2.0,Some college/assoc. degree,No college degree,More than High school graduate,White no college degree,,,,2.0,,,Less than 100k,"$30,000 or more",Less than 50k,Less than 50 thousand,"Under $50,000","$30,000-$49,999","Under $50,000 and white",,No,,,,,,,18-44,18-64,,,,,,,,63.0,,,White,White,National questionnaire,White,White,East,,Female,White women,,Suburbs,Suburbs,Maine,Election day exit poll,,Version 5,0.745944917201996,Yes,,,,
91891.0,Mike Michaud,Shenna Bellows,Mike Michaud,45-65,60+,60-64,45+,60+,50-64,Non-Black 60+,White 60+,White 45-64,Complete,Call 3,2.0,Postgraduate study,College graduate,More than High school graduate,White college degree,Yes,Favorable,Unfavorable,2.0,Government should do more to solve problems,Did not go far enough,Less than 100k,"$30,000 or more",50k or more,50 to 100 thousand,"$50,000-$99,999","$50,000-$99,999","Over $50,000 and white",Yes,No,Legal,Yes,Worried,Somewhat worried,Approve,Somewhat approve,45+,18-64,Democrat,Non-black Democrat,White Democrat,Democrat,Democratic Men,White Democrat,Moderate,76.0,Moderate/Conservative Democrats,Mod/Conserv. Democrats,White,White,State questionnaire,White,White,East,Yes,Male,White men,Married men,Rural,Small Cities/Rural,Maine,Election day exit poll,Seriously off on the wrong track,Version 1,0.786398649215698,No,Yes,Working men,All others,Working men
74507.0,Mike Michaud,Shenna Bellows,Mike Michaud,18-29,18-29,18-24,18-44,18-29,18-24,Non-Black 18-29,White 18-29,White 18-29,Complete,Call 2,1.0,Some college/assoc. degree,No college degree,More than High school graduate,White no college degree,Yes,Favorable,Unfavorable,1.0,Government is doing too many things better left to businesses and individuals,Was about right,,,,,,,,Yes,No,Legal,No,Worried,Somewhat worried,Approve,Somewhat approve,18-44,18-64,Democrat,Non-black Democrat,White Democrat,Democrat,Democratic Women,White Democrat,Liberal,9.0,Liberal Democrats,Liberal Democrats,White,White,State questionnaire,White,White,East,Yes,Female,White women,Non married women,Suburbs,Suburbs,Maine,Election day exit poll,Generally going in the right direction,Version 1,1.00593161582947,,Yes,Working women,Working women,Working women
64848.0,Mike Michaud,Shenna Bellows,Mike Michaud,45-65,60+,60-64,45+,60+,50-64,Non-Black 60+,White 60+,White 45-64,Complete,Call 1,2.0,Postgraduate study,College graduate,More than High school graduate,White college degree,Yes,Favorable,Unfavorable,2.0,Government should do more to solve problems,Did not go far enough,Less than 100k,"$30,000 or more",50k or more,50 to 100 thousand,"$50,000-$99,999","$50,000-$99,999","Over $50,000 and white",Yes,,Legal,Yes,Worried,Somewhat worried,Approve,Strongly approve,45+,18-64,Independent/Something else,Non-black non-Democrat,White Independent,Independent,Independent Women,White Independent,Liberal,92.0,Moderate/Liberal Republicans,Liberal Independents,White,White,State questionnaire,White,White,East,Yes,Female,White women,Married women,Rural,Small Cities/Rural,Maine,Election day exit poll,Seriously off on the wrong track,Version 1,0.716624438762665,No,No,Non-working women,All others,Non-working women
93810.0,Mike Michaud,Shenna Bellows,Mike Michaud,18-29,18-29,25-29,18-44,18-29,25-29,Non-Black 18-29,Latino 18-29,Latino 18-29,Complete,Call 3,2.0,College graduate,College graduate,More than High school graduate,Non white college degree,No,Favorable,Unfavorable,2.0,Government is doing too many things better left to businesses and individuals,Went too far,Less than 100k,"Under $30,000",Less than 50k,Less than 50 thousand,"Under $50,000","Under $30,000","Under $50,000 and non white",Yes,Yes,Legal,No,Worried,Somewhat worried,Omit,Omit,18-44,18-64,Independent/Something else,Non-black non-Democrat,Latino Independent,Something else,Independent Women,All others,Liberal,92.0,Moderate/Liberal Republicans,Liberal Independents,Other,Other,State questionnaire,Hispanic/Latino,Hispanic/Latino,East,Yes,Female,Latino women,Non married women,Rural,Small Cities/Rural,Maine,Election day exit poll,Seriously off on the wrong track,Version 1,0.755759954452515,No,Yes,Working women,Working women,Working women
92519.0,Mike Michaud,Shenna Bellows,Mike Michaud,45-65,30-59,50-59,45+,45-59,50-64,Non-Black 45-59,White 45-59,White 45-64,Complete,Call 3,2.0,College graduate,College graduate,More than High school graduate,White college degree,Yes,Favorable,Unfavorable,2.0,Government should do more to solve problems,Did not go far enough,100k or more,"$30,000 or more",50k or more,100 thousand or more,"$100,000-$199,999","$100,000-$199,999","Over $50,000 and white",Yes,No,Legal,Yes,Worried,Somewhat worried,Approve,Somewhat approve,45+,18-64,Democrat,Non-black Democrat,White Democrat,Democrat,Democratic Men,White Democrat,Moderate,92.0,Moderate/Conservative Democrats,Mod/Conserv. Democrats,White,White,State questionnaire,White,White,East,Yes,Male,White men,Married men,Rural,Small Cities/Rural,Maine,Election day exit poll,Generally going in the right direction,Version 1,0.681574761867523,No,Yes,Working men,All others,Working men
64843.0,Mike Michaud,Shenna Bellows,Mike Michaud,45-65,30-59,50-59,45+,45-59,50-64,Non-Black 45-59,White 45-59,White 45-64,Not complete,Call 1,1.0,,,,,,,,1.0,Government should do more to solve problems,,,,,,,,,,No,,,,,,,45+,18-64,,,,,,,,88.0,,,White,White,State questionnaire,White,White,East,Yes,Female,White women,,Suburbs,Suburbs,Maine,Election day exit poll,Generally going in the right direction,Version 1,0.939750850200653,,Yes,Working women,Working women,Working women
66772.0,Mike Michaud,Shenna Bellows,Mike Michaud,45-65,60+,60-64,45+,60+,50-64,Non-Black 60+,White 60+,White 45-64,Complete,Call 1,1.0,Postgraduate study,College graduate,More than High school graduate,White college degree,Yes,Unfavorable,Unfavorable,1.0,Government is doing too many things better left to businesses and individuals,Was about right,Less than 100k,"$30,000 or more",Less than 50k,Less than 50 thousand,"Under $50,000","$30,000-$49,999","Under $50,000 and white",Yes,No,Illegal,Yes,Worried,Somewhat worried,Disapprove,Somewhat disapprove,45+,18-64,Democrat,Non-black Democrat,White Democrat,Democrat,Democratic Women,White Democrat,Moderate,103.0,Moderate/Conservative Democrats,Mod/Conserv. Democrats,White,White,State questionnaire,White,White,East,Yes,Female,White women,Married women,Rural,Small Cities/Rural,Maine,Election day exit poll,Seriously off on the wrong track,Version 1,1.93278396129608,No,No,Non-working women,All others,Non-working women
62909.0,Mike Michaud,Shenna Bellows,Mike Michaud,30-44,30-59,40-44,18-44,30-44,40-49,Non-Black 30-44,White 30-44,White 30-44,Complete,Call 1,1.0,Postgraduate study,College graduate,More than High school graduate,White college degree,Yes,Favorable,Unfavorable,1.0,Government should do more to solve problems,Did not go far enough,100k or more,"$30,000 or more",50k or more,100 thousand or more,"$100,000-$199,999","$100,000-$199,999","Over $50,000 and white",Yes,No,Legal,Yes,Not worried,Not too worried,Approve,Strongly approve,18-44,18-64,Democrat,Non-black Democrat,White Democrat,Democrat,Democratic Men,White Democrat,Liberal,114.0,Liberal Democrats,Liberal Democrats,White,White,State questionnaire,White,White,East,Yes,Male,White men,Married men,Suburbs,Suburbs,Maine,Election day exit poll,Generally going in the right direction,Version 1,0.928019106388092,No,Yes,Working men,All others,Working men
65934.0,Mike Michaud,Shenna Bellows,Mike Michaud,65+,60+,65 or over,45+,60+,65+,Non-Black 60+,White 60+,White 65+,Complete,Call 1,2.0,Postgraduate study,College graduate,More than High school graduate,White college degree,Yes,Favorable,Unfavorable,2.0,Government is doing too many things better left to businesses and individuals,Was about right,Less than 100k,"$30,000 or more",Less than 50k,Less than 50 thousand,"Under $50,000","$30,000-$49,999","Under $50,000 and white",No,No,Legal,Yes,Worried,Very worried,Approve,Strongly approve,45+,65+,Independent/Something else,Non-black non-Democrat,White Independent,Independent,Independent Women,White Independent,Moderate,65.0,Moderate/Liberal Republicans,Moderate Independents,White,White,State questionnaire,White,White,East,Yes,Female,White women,Married women,Rural,Small Cities/Rural,Maine,Election day exit poll,Seriously off on the wrong track,Version 1,0.716624438762665,No,No,Non-working women,All others,Non-working women
78354.0,Mike Michaud,Shenna Bellows,Mike Michaud,65+,60+,65 or over,45+,60+,65+,Non-Black 60+,White 60+,White 65+,Complete,Call 2,2.0,Postgraduate study,College graduate,More than High school graduate,White college degree,Yes,Favorable,Unfavorable,2.0,Government should do more to solve problems,Did not go far enough,Less than 100k,"$30,000 or more",50k or more,50 to 100 thousand,"$50,000-$99,999","$50,000-$99,999","Over $50,000 and white",Yes,No,Legal,Yes,Not worried,Not too worried,Disapprove,Somewhat disapprove,45+,65+,Democrat,Non-black Democrat,White Democrat,Democrat,Democratic Women,White Democrat,Liberal,92.0,Liberal Democrats,Liberal Democrats,White,White,State questionnaire,White,White,East,Yes,Female,White women,Married women,Rural,Small Cities/Rural,Maine,Election day exit poll,Generally going in the right direction,Version 1,0.716624438762665,No,No,Non-working women,All others,Non-working women
91860.0,Mike Michaud,Shenna Bellows,,18-29,18-29,18-24,18-44,18-29,18-24,Non-Black 18-29,Latino 18-29,Latino 18-29,Complete,Call 3,2.0,Some college/assoc. degree,No college degree,More than High school graduate,Non white no college degree,,,,2.0,,,100k or more,"$30,000 or more",50k or more,100 thousand or more,"$100,000-$199,999","$100,000-$199,999","Over $50,000 and non white",,Yes,,,,,,,18-44,18-64,Democrat,Non-black Democrat,Latino Democrat,Democrat,Democratic Women,Non-White Democrats,Liberal,63.0,Liberal Democrats,Liberal Democrats,Other,White,National questionnaire,Hispanic/Latino,Hispanic/Latino,East,,Female,Latino women,,Suburbs,Suburbs,Maine,Election day exit poll,,Version 5,0.745944917201996,No,,,,
72537.0,Mike Michaud,Shenna Bellows,Mike Michaud,65+,60+,65 or over,45+,60+,65+,Non-Black 60+,White 60+,White 65+,Complete,Call 2,1.0,Postgraduate study,College graduate,More than High school graduate,White college degree,Yes,Unfavorable,Unfavorable,1.0,Government should do more to solve problems,Did not go far enough,Less than 100k,"$30,000 or more",50k or more,50 to 100 thousand,"$50,000-$99,999","$50,000-$99,999","Over $50,000 and white",Yes,No,Omit,Yes,Worried,Somewhat worried,Approve,Somewhat approve,45+,65+,Democrat,Non-black Democrat,White Democrat,Democrat,Democratic Women,White Democrat,Moderate,82.0,Moderate/Conservative Democrats,Mod/Conserv. Democrats,White,White,State questionnaire,White,White,East,Yes,Female,White women,Married women,Suburbs,Suburbs,Maine,Election day exit poll,Seriously off on the wrong track,Version 1,0.9538414478302,No,No,Non-working women,All others,Non-working women
80257.0,Mike Michaud,Shenna Bellows,Mike Michaud,45-65,60+,60-64,45+,60+,50-64,Non-Black 60+,White 60+,White 45-64,Complete,Call 2,2.0,Postgraduate study,College graduate,More than High school graduate,White college degree,Yes,Favorable,Unfavorable,2.0,Government is doing too many things better left to businesses and individuals,Did not go far enough,Less than 100k,"$30,000 or more",50k or more,50 to 100 thousand,"$50,000-$99,999","$50,000-$99,999","Over $50,000 and white",Yes,No,Legal,No,Worried,Very worried,Approve,Somewhat approve,45+,18-64,Independent/Something else,Non-black non-Democrat,White Independent,Independent,Independent Women,White Independent,Moderate,24.0,Moderate/Liberal Republicans,Moderate Independents,White,White,State questionnaire,White,White,East,Yes,Female,White women,Non married women,Suburbs,Suburbs,Maine,Election day exit poll,Seriously off on the wrong track,Version 1,0.680793225765228,No,Yes,Working women,Working women,Working women
66104.0,Mike Michaud,Shenna Bellows,Mike Michaud,45-65,30-59,50-59,45+,45-59,50-64,Non-Black 45-59,White 45-59,White 45-64,Complete,Call 1,2.0,College graduate,College graduate,More than High school graduate,White college degree,Yes,Favorable,Unfavorable,2.0,Government should do more to solve problems,Did not go far enough,Less than 100k,"$30,000 or more",Less than 50k,Less than 50 thousand,"Under $50,000","$30,000-$49,999","Under $50,000 and white",Yes,No,Illegal,Yes,Worried,Somewhat worried,Approve,Somewhat approve,45+,18-64,Democrat,Non-black Democrat,White Democrat,Democrat,Democratic Women,White Democrat,Liberal,76.0,Liberal Democrats,Liberal Democrats,White,White,State questionnaire,White,White,East,Yes,Female,White women,Married women,Rural,Small Cities/Rural,Maine,Election day exit poll,Seriously off on the wrong track,Version 1,0.589658200740814,No,No,Non-working women,All others,Non-working women
60945.0,Mike Michaud,Shenna Bellows,Mike Michaud,18-29,18-29,18-24,18-44,18-29,18-24,Non-Black 18-29,White 18-29,White 18-29,Complete,Call 1,1.0,Some college/assoc. degree,No college degree,More than High school graduate,White no college degree,Yes,Unfavorable,Unfavorable,1.0,Government should do more to solve problems,Did not go far enough,Less than 100k,"Under $30,000",Less than 50k,Less than 50 thousand,"Under $50,000","Under $30,000","Under $50,000 and white",Yes,No,Legal,No,Worried,Very worried,Disapprove,Strongly disapprove,18-44,18-64,Independent/Something else,Non-black non-Democrat,White Independent,Independent,Independent Men,White Independent,Liberal,9.0,Moderate/Liberal Republicans,Liberal Independents,White,White,State questionnaire,White,White,East,Yes,Male,White men,Non married men,Suburbs,Suburbs,Maine,Election day exit poll,Seriously off on the wrong track,Version 1,1.13292360305786,Yes,Yes,Working men,All others,Working men
93389.0,Mike Michaud,Shenna Bellows,Mike Michaud,65+,60+,65 or over,45+,60+,65+,Non-Black 60+,White 60+,White 65+,Complete,Call 3,2.0,College graduate,College graduate,More than High school graduate,White college degree,Yes,Unfavorable,Unfavorable,2.0,Government should do more to solve problems,Did not go far enough,100k or more,"$30,000 or more",50k or more,100 thousand or more,"$100,000-$199,999","$100,000-$199,999","Over $50,000 and white",Yes,No,Legal,Yes,Worried,Somewhat worried,Approve,Somewhat approve,45+,65+,Democrat,Non-black Democrat,White Democrat,Democrat,Democratic Women,White Democrat,Liberal,92.0,Liberal Democrats,Liberal Democrats,White,White,State questionnaire,White,White,East,Yes,Female,White women,Married women,Rural,Small Cities/Rural,Maine,Election day exit poll,Generally going in the right direction,Version 1,0.716624438762665,No,No,Non-working women,All others,Non-working women
62868.0,Mike Michaud,Shenna Bellows,Mike Michaud,45-65,30-59,50-59,45+,45-59,50-64,Non-Black 45-59,White 45-59,White 45-64,Complete,Call 1,1.0,High school graduate,No college degree,High school graduate or less,White no college degree,Yes,Favorable,Unfavorable,1.0,Government should do more to solve problems,Was about right,Less than 100k,"$30,000 or more",Less than 50k,Less than 50 thousand,"Under $50,000","$30,000-$49,999","Under $50,000 and white",Yes,No,Legal,No,Worried,Somewhat worried,Approve,Somewhat approve,45+,18-64,Independent/Something else,Non-black non-Democrat,White Independent,Independent,Independent Men,White Independent,Moderate,72.0,Moderate/Liberal Republicans,Moderate Independents,White,White,State questionnaire,White,White,East,Yes,Male,White men,Non married men,"Cities 50,000-500,000","Cities over 50,000",Maine,Election day exit poll,Seriously off on the wrong track,Version 1,0.381333917379379,Yes,Yes,Working men,All others,Working men
93615.0,Mike Michaud,Shenna Bellows,Mike Michaud,45-65,30-59,45-49,45+,45-59,40-49,Non-Black 45-59,White 45-59,White 45-64,Complete,Call 3,1.0,Postgraduate study,College graduate,More than High school graduate,White college degree,Yes,Favorable,Unfavorable,1.0,Government should do more to solve problems,Was about right,100k or more,"$30,000 or more",50k or more,100 thousand or more,"$100,000-$199,999","$100,000-$199,999","Over $50,000 and white",Yes,No,Legal,Yes,Worried,Somewhat worried,Approve,Somewhat approve,45+,18-64,Democrat,Non-black Democrat,White Democrat,Democrat,Democratic Men,White Democrat,Liberal,72.0,Liberal Democrats,Liberal Democrats,White,White,State questionnaire,White,White,East,Yes,Male,White men,Married men,"Cities 50,000-500,000","Cities over 50,000",Maine,Election day exit poll,Generally going in the right direction,Version 1,0.381333917379379,No,Yes,Working men,All others,Working men
64787.0,Mike Michaud,Shenna Bellows,Mike Michaud,45-65,30-59,50-59,45+,45-59,50-64,Non-Black 45-59,White 45-59,White 45-64,Complete,Call 1,1.0,Some college/assoc. degree,No college degree,More than High school graduate,White no college degree,Yes,Favorable,Unfavorable,1.0,Government should do more to solve problems,Did not go far enough,Less than 100k,"$30,000 or more",Less than 50k,Less than 50 thousand,"Under $50,000","$30,000-$49,999","Under $50,000 and white",Yes,No,Illegal,No,Not worried,Not too worried,Approve,Strongly approve,45+,18-64,Democrat,Non-black Democrat,White Democrat,Democrat,Democratic Women,White Democrat,Liberal,88.0,Liberal Democrats,Liberal Democrats,White,White,State questionnaire,White,White,East,Yes,Female,White women,Non married women,Suburbs,Suburbs,Maine,Election day exit poll,Generally going in the right direction,Version 1,0.939750850200653,Yes,Yes,Working women,Working women,Working women
65555.0,Mike Michaud,Shenna Bellows,Mike Michaud,45-65,30-59,50-59,45+,45-59,50-64,Non-Black 45-59,White 45-59,White 45-64,Complete,Call 1,2.0,Some college/assoc. degree,No college degree,More than High school graduate,White no college degree,Yes,Favorable,Unfavorable,2.0,Government should do more to solve problems,Was about right,Less than 100k,"Under $30,000",Less than 50k,Less than 50 thousand,"Under $50,000","Under $30,000","Under $50,000 and white",Yes,No,Legal,No,Worried,Somewhat worried,Approve,Strongly approve,45+,18-64,Democrat,Non-black Democrat,White Democrat,Democrat,Democratic Women,White Democrat,Liberal,92.0,Liberal Democrats,Liberal Democrats,White,White,State questionnaire,White,White,East,Yes,Female,White women,Non married women,Rural,Small Cities/Rural,Maine,Election day exit poll,Generally going in the right direction,Version 1,0.60517555475235,Yes,Yes,Working women,Working women,Working women
97289.0,Mike Michaud,Shenna Bellows,Mike Michaud,30-44,30-59,30-39,18-44,30-44,30-39,Non-Black 30-44,White 30-44,White 30-44,Complete,Call 3,1.0,College graduate,College graduate,More than High school graduate,White college degree,No,Favorable,Unfavorable,1.0,Government should do more to solve problems,Did not go far enough,Less than 100k,"$30,000 or more",50k or more,50 to 100 thousand,"$50,000-$99,999","$50,000-$99,999","Over $50,000 and white",No,No,Legal,Yes,Worried,Very worried,Approve,Somewhat approve,18-44,18-64,Republican,Non-black non-Democrat,All Republicans,Republican,Republican Men,White Republican,Moderate,88.0,Conservative Republicans,Mod./Liberal Republicans,White,White,State questionnaire,White,White,East,Yes,Male,White men,Married men,Suburbs,Suburbs,Maine,Election day exit poll,Generally going in the right direction,Version 1,1.05838787555695,No,Yes,Working men,All others,Working men
76351.0,Mike Michaud,Shenna Bellows,,18-29,18-29,18-24,18-44,18-29,18-24,Non-Black 18-29,White 18-29,White 18-29,Complete,Call 2,2.0,Some college/assoc. degree,No college degree,More than High school graduate,White no college degree,,,,2.0,,Was about right,Less than 100k,"$30,000 or more",50k or more,50 to 100 thousand,"$50,000-$99,999","$50,000-$99,999","Over $50,000 and white",,No,,No,,,,,18-44,18-64,Democrat,Non-black Democrat,White Democrat,Democrat,Democratic Women,White Democrat,Liberal,63.0,Liberal Democrats,Liberal Democrats,White,White,National questionnaire,White,White,East,,Female,White women,Non married women,Suburbs,Suburbs,Maine,Election day exit poll,,Version 2,0.745944917201996,No,No,Non-working women,All others,Non-working women
66694.0,Mike Michaud,Shenna Bellows,Mike Michaud,65+,60+,65 or over,45+,60+,65+,Non-Black 60+,White 60+,White 65+,Complete,Call 1,1.0,College graduate,College graduate,More than High school graduate,White college degree,Yes,Favorable,Unfavorable,1.0,Government should do more to solve problems,Did not go far enough,100k or more,"$30,000 or more",50k or more,100 thousand or more,"$100,000-$199,999","$100,000-$199,999","Over $50,000 and white",Yes,No,Legal,Yes,Worried,Somewhat worried,Approve,Strongly approve,45+,65+,Democrat,Non-black Democrat,White Democrat,Democrat,Democratic Men,White Democrat,Moderate,103.0,Moderate/Conservative Democrats,Mod/Conserv. Democrats,White,White,State questionnaire,White,White,East,Yes,Male,White men,Married men,Rural,Small Cities/Rural,Maine,Election day exit poll,Generally going in the right direction,Version 1,2.17678475379944,No,Yes,Working men,All others,Working men
64744.0,Mike Michaud,Shenna Bellows,Mike Michaud,65+,60+,65 or over,45+,60+,65+,Non-Black 60+,White 60+,White 65+,Complete,Call 1,1.0,Some college/assoc. degree,No college degree,More than High school graduate,White no college degree,No,Unfavorable,Unfavorable,1.0,Government should do more to solve problems,Was about right,Less than 100k,"$30,000 or more",Less than 50k,Less than 50 thousand,"Under $50,000","$30,000-$49,999","Under $50,000 and white",Yes,No,Legal,No,Worried,Somewhat worried,Approve,Somewhat approve,45+,65+,Democrat,Non-black Democrat,White Democrat,Democrat,Democratic Men,White Democrat,Liberal,72.0,Liberal Democrats,Liberal Democrats,White,White,State questionnaire,White,White,East,Yes,Male,White men,Non married men,"Cities 50,000-500,000","Cities over 50,000",Maine,Election day exit poll,Seriously off on the wrong track,Version 1,0.451560258865356,Yes,No,Non-working men,All others,Non-working men
65895.0,Mike Michaud,Shenna Bellows,Mike Michaud,65+,60+,65 or over,45+,60+,65+,Non-Black 60+,White 60+,White 65+,Complete,Call 1,1.0,Postgraduate study,College graduate,More than High school graduate,White college degree,Yes,Favorable,Unfavorable,1.0,Government should do more to solve problems,Did not go far enough,Less than 100k,"$30,000 or more",Less than 50k,Less than 50 thousand,"Under $50,000","$30,000-$49,999","Under $50,000 and white",No,No,Legal,No,Not worried,Not too worried,Approve,Somewhat approve,45+,65+,Democrat,Non-black Democrat,White Democrat,Democrat,Democratic Men,White Democrat,Moderate,112.0,Moderate/Conservative Democrats,Mod/Conserv. Democrats,White,White,State questionnaire,White,White,East,Yes,Male,White men,Non married men,Rural,Small Cities/Rural,Maine,Election day exit poll,Generally going in the right direction,Version 1,2.01750779151917,No,No,Non-working men,All others,Non-working men
64706.0,Mike Michaud,Shenna Bellows,Mike Michaud,45-65,30-59,45-49,45+,45-59,40-49,Non-Black 45-59,White 45-59,White 45-64,Complete,Call 1,1.0,Some college/assoc. degree,No college degree,More than High school graduate,White no college degree,Yes,Favorable,Unfavorable,1.0,Government should do more to solve problems,Was about right,100k or more,"$30,000 or more",50k or more,100 thousand or more,"$100,000-$199,999","$100,000-$199,999","Over $50,000 and white",No,No,Legal,Yes,Worried,Somewhat worried,Approve,Strongly approve,45+,18-64,Democrat,Non-black Democrat,White Democrat,Democrat,Democratic Men,White Democrat,Moderate,88.0,Moderate/Conservative Democrats,Mod/Conserv. Democrats,White,White,State questionnaire,White,White,East,Yes,Male,White men,Married men,Suburbs,Suburbs,Maine,Election day exit poll,Generally going in the right direction,Version 1,1.05838787555695,No,Yes,Working men,All others,Working men
62772.0,Mike Michaud,Shenna Bellows,Omit,45-65,30-59,50-59,45+,45-59,50-64,Non-Black 45-59,White 45-59,White 45-64,Complete,Call 1,1.0,College graduate,College graduate,More than High school graduate,White college degree,Yes,Favorable,Omit,1.0,Omit,Omit,,,,,,,,Yes,No,Legal,,Omit,Omit,Approve,Somewhat approve,45+,18-64,Independent/Something else,Non-black non-Democrat,White Independent,Independent,Independent Women,White Independent,Liberal,114.0,Moderate/Liberal Republicans,Liberal Independents,White,White,State questionnaire,White,White,East,Omit,Female,White women,,Suburbs,Suburbs,Maine,Election day exit poll,Omit,Version 1,0.823995351791382,No,,,,
61505.0,Mike Michaud,Shenna Bellows,,18-29,18-29,18-24,18-44,18-29,18-24,Non-Black 18-29,White 18-29,White 18-29,Complete,Call 1,2.0,College graduate,College graduate,More than High school graduate,White college degree,,,,2.0,,Went too far,Less than 100k,"Under $30,000",Less than 50k,Less than 50 thousand,"Under $50,000","Under $30,000","Under $50,000 and white",,No,,No,,,,,18-44,18-64,Independent/Something else,Non-black non-Democrat,White Independent,Independent,Independent Women,White Independent,Moderate,63.0,Moderate/Liberal Republicans,Moderate Independents,White,White,National questionnaire,White,White,East,,Female,White women,Non married women,Suburbs,Suburbs,Maine,Election day exit poll,,Version 2,0.745944917201996,No,Yes,Working women,Working women,Working women
72407.0,Mike Michaud,Shenna Bellows,Mike Michaud,45-65,30-59,50-59,45+,45-59,50-64,Non-Black 45-59,White 45-59,White 45-64,Complete,Call 2,1.0,High school graduate,No college degree,High school graduate or less,White no college degree,Yes,Favorable,Unfavorable,1.0,Government should do more to solve problems,Went too far,Less than 100k,"Under $30,000",Less than 50k,Less than 50 thousand,"Under $50,000","Under $30,000","Under $50,000 and white",Yes,No,Legal,Yes,Worried,Very worried,Approve,Strongly approve,45+,18-64,Democrat,Non-black Democrat,White Democrat,Democrat,Democratic Women,White Democrat,Moderate,82.0,Moderate/Conservative Democrats,Mod/Conserv. Democrats,White,White,State questionnaire,White,White,East,Yes,Female,White women,Married women,Suburbs,Suburbs,Maine,Election day exit poll,Seriously off on the wrong track,Version 1,0.805500745773315,Yes,No,Non-working women,All others,Non-working women
80130.0,Mike Michaud,Shenna Bellows,Mike Michaud,45-65,30-59,50-59,45+,45-59,50-64,Non-Black 45-59,White 45-59,White 45-64,Complete,Call 2,2.0,Postgraduate study,College graduate,More than High school graduate,White college degree,No,Favorable,Favorable,2.0,Government is doing too many things better left to businesses and individuals,Was about right,100k or more,"$30,000 or more",50k or more,100 thousand or more,"$100,000-$199,999","$100,000-$199,999","Over $50,000 and white",Yes,No,Legal,Yes,Not worried,Not at all worried,Approve,Strongly approve,45+,18-64,Democrat,Non-black Democrat,White Democrat,Democrat,Democratic Men,White Democrat,Liberal,96.0,Liberal Democrats,Liberal Democrats,White,White,State questionnaire,White,White,East,Yes,Male,White men,Married men,Rural,Small Cities/Rural,Maine,Election day exit poll,Generally going in the right direction,Version 1,0.73999547958374,No,Yes,Working men,All others,Working men
95576.0,Mike Michaud,Shenna Bellows,Mike Michaud,30-44,30-59,40-44,18-44,30-44,40-49,Non-Black 30-44,White 30-44,White 30-44,Complete,Call 3,1.0,Postgraduate study,College graduate,More than High school graduate,White college degree,Yes,Favorable,Unfavorable,1.0,Government should do more to solve problems,Did not go far enough,100k or more,"$30,000 or more",50k or more,100 thousand or more,"$100,000-$199,999","$100,000-$199,999","Over $50,000 and white",Yes,No,Legal,Yes,Not worried,Not too worried,Approve,Strongly approve,18-44,18-64,Democrat,Non-black Democrat,White Democrat,Democrat,Democratic Women,White Democrat,Liberal,114.0,Liberal Democrats,Liberal Democrats,White,White,State questionnaire,White,White,East,Yes,Female,White women,Married women,Suburbs,Suburbs,Maine,Election day exit poll,Generally going in the right direction,Version 1,0.823995351791382,No,Yes,Working women,Working women,Working women
91711.0,Mike Michaud,Shenna Bellows,Mike Michaud,18-29,18-29,25-29,18-44,18-29,25-29,Non-Black 18-29,White 18-29,White 18-29,Complete,Call 3,1.0,College graduate,College graduate,More than High school graduate,White college degree,Yes,Favorable,Unfavorable,1.0,Government should do more to solve problems,Did not go far enough,Less than 100k,"$30,000 or more",Less than 50k,Less than 50 thousand,"Under $50,000","$30,000-$49,999","Under $50,000 and white",Yes,No,Legal,No,Worried,Somewhat worried,Approve,Somewhat approve,18-44,18-64,Independent/Something else,Non-black non-Democrat,White Independent,Independent,Independent Men,White Independent,Moderate,72.0,Moderate/Liberal Republicans,Moderate Independents,White,White,State questionnaire,White,White,East,Yes,Male,White men,Non married men,"Cities 50,000-500,000","Cities over 50,000",Maine,Election day exit poll,Seriously off on the wrong track,Version 1,0.476220369338989,No,Yes,Working men,All others,Working men
63359.0,Mike Michaud,Shenna Bellows,Mike Michaud,65+,60+,65 or over,45+,60+,65+,Non-Black 60+,White 60+,White 65+,Complete,Call 1,1.0,Postgraduate study,College graduate,More than High school graduate,White college degree,Yes,Favorable,Unfavorable,1.0,Government should do more to solve problems,Did not go far enough,100k or more,"$30,000 or more",50k or more,100 thousand or more,"$100,000-$199,999","$100,000-$199,999","Over $50,000 and white",Yes,No,Legal,Yes,Worried,Somewhat worried,Approve,Strongly approve,45+,65+,Democrat,Non-black Democrat,White Democrat,Democrat,Democratic Men,White Democrat,Liberal,114.0,Liberal Democrats,Liberal Democrats,White,White,State questionnaire,White,White,East,Yes,Male,White men,Married men,Suburbs,Suburbs,Maine,Election day exit poll,Generally going in the right direction,Version 1,1.09892272949219,No,,,All others,
78184.0,Mike Michaud,Shenna Bellows,Mike Michaud,45-65,30-59,45-49,45+,45-59,40-49,Non-Black 45-59,White 45-59,White 45-64,Complete,Call 2,2.0,College graduate,College graduate,More than High school graduate,White college degree,Yes,Favorable,Favorable,2.0,Government is doing too many things better left to businesses and individuals,Was about right,Less than 100k,"$30,000 or more",Less than 50k,Less than 50 thousand,"Under $50,000","$30,000-$49,999","Under $50,000 and white",No,No,Omit,Yes,Worried,Very worried,Approve,Somewhat approve,45+,18-64,Democrat,Non-black Democrat,White Democrat,Democrat,Democratic Men,White Democrat,Moderate,65.0,Moderate/Conservative Democrats,Mod/Conserv. Democrats,White,White,State questionnaire,White,White,East,Omit,Male,White men,Married men,Rural,Small Cities/Rural,Maine,Election day exit poll,Generally going in the right direction,Version 1,0.681574761867523,No,Yes,Working men,All others,Working men
80109.0,Mike Michaud,Shenna Bellows,Mike Michaud,65+,60+,65 or over,45+,60+,65+,Black 60+,Black 60+,Black 65+,Complete,Call 2,2.0,College graduate,College graduate,More than High school graduate,Non white college degree,Yes,Favorable,Unfavorable,2.0,Government should do more to solve problems,Did not go far enough,Less than 100k,"$30,000 or more",50k or more,50 to 100 thousand,"$50,000-$99,999","$50,000-$99,999","Over $50,000 and non white",Yes,No,Legal,Yes,Worried,Very worried,Disapprove,Somewhat disapprove,45+,65+,Democrat,Black Democrat,Black Democrat,Democrat,Democratic Men,Non-White Democrats,Liberal,92.0,Liberal Democrats,Liberal Democrats,Black,Black,State questionnaire,Black,Black,East,Yes,Male,Black men,Married men,Rural,Small Cities/Rural,Maine,Election day exit poll,Seriously off on the wrong track,Version 1,0.674134373664856,No,No,Non-working men,All others,Non-working men
91690.0,Mike Michaud,Shenna Bellows,Mike Michaud,45-65,30-59,45-49,45+,45-59,40-49,Non-Black 45-59,White 45-59,White 45-64,Complete,Call 3,2.0,Postgraduate study,College graduate,More than High school graduate,White college degree,Yes,Favorable,Unfavorable,2.0,Government should do more to solve problems,Was about right,Less than 100k,"Under $30,000",Less than 50k,Less than 50 thousand,"Under $50,000","Under $30,000","Under $50,000 and white",Yes,No,Legal,No,Worried,Very worried,Approve,Strongly approve,45+,18-64,Democrat,Non-black Democrat,White Democrat,Democrat,Democratic Men,White Democrat,Liberal,96.0,Liberal Democrats,Liberal Democrats,White,White,State questionnaire,White,White,East,Yes,Male,White men,Non married men,Rural,Small Cities/Rural,Maine,Election day exit poll,Generally going in the right direction,Version 1,0.73999547958374,No,Yes,Working men,All others,Working men
91817.0,Mike Michaud,Shenna Bellows,Mike Michaud,45-65,60+,60-64,45+,60+,50-64,Non-Black 60+,White 60+,White 45-64,Complete,Call 3,1.0,College graduate,College graduate,More than High school graduate,White college degree,Yes,Favorable,Unfavorable,1.0,Government should do more to solve problems,Did not go far enough,Less than 100k,"Under $30,000",Less than 50k,Less than 50 thousand,"Under $50,000","Under $30,000","Under $50,000 and white",Yes,No,Legal,No,Worried,Somewhat worried,Approve,Strongly approve,45+,18-64,Democrat,Non-black Democrat,White Democrat,Democrat,Democratic Women,White Democrat,Liberal,9.0,Liberal Democrats,Liberal Democrats,White,White,State questionnaire,White,White,East,Yes,Female,White women,Non married women,Suburbs,Suburbs,Maine,Election day exit poll,Generally going in the right direction,Version 1,0.9538414478302,No,Yes,Working women,Working women,Working women
76230.0,Mike Michaud,Shenna Bellows,,18-29,18-29,18-24,18-44,18-29,18-24,Non-Black 18-29,White 18-29,White 18-29,Complete,Call 2,2.0,Some college/assoc. degree,No college degree,More than High school graduate,White no college degree,,Favorable,Unfavorable,2.0,Government is doing too many things better left to businesses and individuals,,,,,,,,,,No,Legal,,,,,,18-44,18-64,Independent/Something else,Non-black non-Democrat,White Independent,Independent,Independent Men,White Independent,Moderate,63.0,Moderate/Liberal Republicans,Moderate Independents,White,White,National questionnaire,White,White,East,Yes,Male,White men,,Suburbs,Suburbs,Maine,Election day exit poll,Seriously off on the wrong track,Version 4,0.840115308761597,,,,,
76228.0,Mike Michaud,Shenna Bellows,Mike Michaud,65+,60+,65 or over,45+,60+,65+,Non-Black 60+,White 60+,White 65+,Not complete,Call 2,1.0,,,,,,,,1.0,Government should do more to solve problems,,,,,,,,,,No,,,,,,,45+,65+,,,,,,,,114.0,,,White,White,State questionnaire,White,White,East,Yes,Male,White men,,Suburbs,Suburbs,Maine,Election day exit poll,Seriously off on the wrong track,Version 1,1.09892272949219,,Yes,Working men,All others,Working men
97466.0,Mike Michaud,Shenna Bellows,Mike Michaud,45-65,30-59,50-59,45+,45-59,50-64,Non-Black 45-59,White 45-59,White 45-64,Complete,Call 3,1.0,Some college/assoc. degree,No college degree,More than High school graduate,White no college degree,Yes,Favorable,Unfavorable,1.0,Government should do more to solve problems,Was about right,Less than 100k,"$30,000 or more",50k or more,50 to 100 thousand,"$50,000-$99,999","$50,000-$99,999","Over $50,000 and white",No,No,Legal,No,Worried,Somewhat worried,Approve,Strongly approve,45+,18-64,Democrat,Non-black Democrat,White Democrat,Democrat,Democratic Men,White Democrat,Liberal,88.0,Liberal Democrats,Liberal Democrats,White,White,State questionnaire,White,White,East,Yes,Male,White men,Non married men,Suburbs,Suburbs,Maine,Election day exit poll,Generally going in the right direction,Version 1,1.05838787555695,No,Yes,Working men,All others,Working men
78140.0,Mike Michaud,Shenna Bellows,Mike Michaud,30-44,30-59,30-39,18-44,30-44,30-39,Non-Black 30-44,White 30-44,White 30-44,Complete,Call 2,2.0,High school graduate,No college degree,High school graduate or less,White no college degree,Yes,Favorable,Unfavorable,2.0,Government should do more to solve problems,Did not go far enough,Less than 100k,"$30,000 or more",Less than 50k,Less than 50 thousand,"Under $50,000","$30,000-$49,999","Under $50,000 and white",Yes,No,Legal,Yes,Worried,Very worried,Approve,Somewhat approve,18-44,18-64,Democrat,Non-black Democrat,White Democrat,Democrat,Democratic Men,White Democrat,Liberal,65.0,Liberal Democrats,Liberal Democrats,White,White,State questionnaire,White,White,East,Yes,Male,White men,Married men,Rural,Small Cities/Rural,Maine,Election day exit poll,Seriously off on the wrong track,Version 1,0.681574761867523,Yes,Yes,Working men,All others,Working men
95828.0,Mike Michaud,Shenna Bellows,Mike Michaud,45-65,60+,60-64,45+,60+,50-64,Non-Black 60+,White 60+,White 45-64,Not complete,Call 3,1.0,,,,,,,,1.0,Government should do more to solve problems,,,,,,,,,,No,,,,,,,45+,18-64,,,,,,,,114.0,,,White,White,State questionnaire,White,White,East,Yes,Male,White men,,Suburbs,Suburbs,Maine,Election day exit poll,Seriously off on the wrong track,Version 1,1.09892272949219,,Yes,Working men,All others,Working men
74262.0,Mike Michaud,Shenna Bellows,Mike Michaud,18-29,18-29,18-24,18-44,18-29,18-24,Non-Black 18-29,White 18-29,White 18-29,Complete,Call 2,1.0,High school graduate,No college degree,High school graduate or less,White no college degree,Yes,Favorable,Unfavorable,1.0,Government should do more to solve problems,Was about right,Less than 100k,"Under $30,000",Less than 50k,Less than 50 thousand,"Under $50,000","Under $30,000","Under $50,000 and white",Yes,No,Legal,No,Worried,Somewhat worried,Disapprove,Somewhat disapprove,18-44,18-64,Democrat,Non-black Democrat,White Democrat,Democrat,Democratic Men,White Democrat,Liberal,9.0,Liberal Democrats,Liberal Democrats,White,White,State questionnaire,White,White,East,Yes,Male,White men,Non married men,Suburbs,Suburbs,Maine,Election day exit poll,Seriously off on the wrong track,Version 1,1.13292360305786,Yes,No,Non-working men,All others,Non-working men
80049.0,Mike Michaud,Shenna Bellows,Mike Michaud,65+,60+,65 or over,45+,60+,65+,Non-Black 60+,White 60+,White 65+,Complete,Call 2,2.0,Postgraduate study,College graduate,More than High school graduate,White college degree,Yes,Favorable,Unfavorable,2.0,Government should do more to solve problems,Did not go far enough,Less than 100k,"Under $30,000",Less than 50k,Less than 50 thousand,"Under $50,000","Under $30,000","Under $50,000 and white",Yes,No,Legal,No,Worried,Very worried,Approve,Strongly approve,45+,65+,Democrat,Non-black Democrat,White Democrat,Democrat,Democratic Men,White Democrat,Liberal,92.0,Liberal Democrats,Liberal Democrats,White,White,State questionnaire,White,White,East,Yes,Male,White men,Non married men,Rural,Small Cities/Rural,Maine,Election day exit poll,Seriously off on the wrong track,Version 1,0.807093322277069,No,No,Non-working men,All others,Non-working men
60736.0,Mike Michaud,Shenna Bellows,Mike Michaud,18-29,18-29,18-24,18-44,18-29,18-24,Non-Black 18-29,White 18-29,White 18-29,Complete,Call 1,1.0,College graduate,College graduate,More than High school graduate,White college degree,No,Favorable,Unfavorable,1.0,Government should do more to solve problems,Did not go far enough,Less than 100k,"$30,000 or more",Less than 50k,Less than 50 thousand,"Under $50,000","$30,000-$49,999","Under $50,000 and white",Yes,No,Illegal,No,Not worried,Not too worried,Approve,Somewhat approve,18-44,18-64,Independent/Something else,Non-black non-Democrat,White Independent,Something else,Independent Men,White Independent,Liberal,9.0,Moderate/Liberal Republicans,Liberal Independents,White,White,State questionnaire,White,White,East,Yes,Male,White men,Non married men,Suburbs,Suburbs,Maine,Election day exit poll,Generally going in the right direction,Version 1,1.13292360305786,No,Yes,Working men,All others,Working men
76175.0,Mike Michaud,Shenna Bellows,Mike Michaud,65+,60+,65 or over,45+,60+,65+,Non-Black 60+,White 60+,White 65+,Complete,Call 2,1.0,Postgraduate study,College graduate,More than High school graduate,White college degree,Yes,Favorable,Unfavorable,1.0,Government should do more to solve problems,Did not go far enough,100k or more,"$30,000 or more",50k or more,100 thousand or more,"$200,000 or more","$200,000 or more","Over $50,000 and white",Yes,No,Omit,Yes,Worried,Somewhat worried,Approve,Somewhat approve,45+,65+,Democrat,Non-black Democrat,White Democrat,Democrat,Democratic Men,White Democrat,Liberal,114.0,Liberal Democrats,Liberal Democrats,White,White,State questionnaire,White,White,East,Yes,Male,White men,Married men,Suburbs,Suburbs,Maine,Election day exit poll,Generally going in the right direction,Version 1,1.09892272949219,No,Yes,Working men,All others,Working men
75241.0,Mike Michaud,Shenna Bellows,Mike Michaud,45-65,30-59,50-59,45+,45-59,50-64,Non-Black 45-59,White 45-59,White 45-64,Complete,Call 2,1.0,Some college/assoc. degree,No college degree,More than High school graduate,White no college degree,Yes,Favorable,Unfavorable,1.0,Government should do more to solve problems,Was about right,Less than 100k,"$30,000 or more",Less than 50k,Less than 50 thousand,"Under $50,000","$30,000-$49,999","Under $50,000 and white",Yes,No,Legal,Yes,Worried,Somewhat worried,Approve,Strongly approve,45+,18-64,Democrat,Non-black Democrat,White Democrat,Democrat,Democratic Women,White Democrat,Liberal,88.0,Liberal Democrats,Liberal Democrats,White,White,State questionnaire,White,White,East,Yes,Female,White women,Married women,Suburbs,Suburbs,Maine,Election day exit poll,Generally going in the right direction,Version 1,0.939750850200653,Yes,Yes,Working women,Working women,Working women
80027.0,Mike Michaud,Shenna Bellows,Mike Michaud,45-65,30-59,50-59,45+,45-59,50-64,Non-Black 45-59,White 45-59,White 45-64,Complete,Call 2,2.0,No high school diploma,No college degree,High school graduate or less,White no college degree,Yes,Favorable,Unfavorable,2.0,Government is doing too many things better left to businesses and individuals,Was about right,Less than 100k,"Under $30,000",Less than 50k,Less than 50 thousand,"Under $50,000","Under $30,000","Under $50,000 and white",No,No,Legal,,Worried,Somewhat worried,Approve,Somewhat approve,45+,18-64,Independent/Something else,Non-black non-Democrat,White Independent,Independent,Independent Men,White Independent,Moderate,96.0,Moderate/Liberal Republicans,Moderate Independents,White,White,State questionnaire,White,White,East,Yes,Male,White men,,Rural,Small Cities/Rural,Maine,Election day exit poll,Generally going in the right direction,Version 1,0.73999547958374,Yes,Yes,Working men,All others,Working men
78095.0,Mike Michaud,Shenna Bellows,Mike Michaud,45-65,30-59,50-59,45+,45-59,50-64,,,,Complete,Call 2,2.0,College graduate,College graduate,More than High school graduate,,Yes,Favorable,Unfavorable,2.0,Government should do more to solve problems,Did not go far enough,Less than 100k,"Under $30,000",Less than 50k,Less than 50 thousand,"Under $50,000","Under $30,000",,Yes,,Legal,No,Worried,Very worried,Approve,Somewhat approve,45+,18-64,Independent/Something else,,,Independent,Independent Women,,Moderate,65.0,Moderate/Liberal Republicans,Moderate Independents,,,State questionnaire,,,East,Yes,Female,,Non married women,Rural,Small Cities/Rural,Maine,Election day exit poll,Seriously off on the wrong track,Version 1,0.558068573474884,,,,,
62646.0,Mike Michaud,Shenna Bellows,Mike Michaud,30-44,30-59,30-39,18-44,30-44,30-39,Non-Black 30-44,White 30-44,White 30-44,Complete,Call 1,1.0,Postgraduate study,College graduate,More than High school graduate,White college degree,Yes,Favorable,Unfavorable,1.0,Government should do more to solve problems,Was about right,Less than 100k,"$30,000 or more",Less than 50k,Less than 50 thousand,"Under $50,000","$30,000-$49,999","Under $50,000 and white",Yes,No,Legal,No,Worried,Somewhat worried,Approve,Strongly approve,18-44,18-64,Democrat,Non-black Democrat,White Democrat,Democrat,Democratic Women,White Democrat,Liberal,114.0,Liberal Democrats,Liberal Democrats,White,White,State questionnaire,White,White,East,Yes,Female,White women,Non married women,Suburbs,Suburbs,Maine,Election day exit poll,Generally going in the right direction,Version 1,0.823995351791382,No,Yes,Working women,Working women,Working women
92119.0,Mike Michaud,Shenna Bellows,,18-29,18-29,18-24,18-44,18-29,18-24,Non-Black 18-29,White 18-29,White 18-29,Complete,Call 3,2.0,Some college/assoc. degree,No college degree,More than High school graduate,White no college degree,,,,2.0,,,,,,,,,,,No,,,,,,,18-44,18-64,Independent/Something else,Non-black non-Democrat,White Independent,Independent,Independent Women,White Independent,Liberal,63.0,Moderate/Liberal Republicans,Liberal Independents,White,White,National questionnaire,White,White,East,,Female,White women,,Suburbs,Suburbs,Maine,Election day exit poll,,Version 5,0.745944917201996,,,,,
61428.0,Mike Michaud,Shenna Bellows,,18-29,18-29,18-24,18-44,18-29,18-24,Non-Black 18-29,White 18-29,White 18-29,Complete,Call 1,2.0,Some college/assoc. degree,No college degree,More than High school graduate,White no college degree,,,,2.0,,,100k or more,"$30,000 or more",50k or more,100 thousand or more,"$100,000-$199,999","$100,000-$199,999","Over $50,000 and white",,No,,,,,,,18-44,18-64,Independent/Something else,Non-black non-Democrat,White Independent,Independent,Independent Women,White Independent,Moderate,63.0,Moderate/Liberal Republicans,Moderate Independents,White,White,National questionnaire,White,White,East,,Female,White women,,Suburbs,Suburbs,Maine,Election day exit poll,,Version 5,0.745944917201996,No,,,,
65704.0,Mike Michaud,Shenna Bellows,Mike Michaud,30-44,30-59,40-44,18-44,30-44,40-49,Non-Black 30-44,White 30-44,White 30-44,Complete,Call 1,2.0,Some college/assoc. degree,No college degree,More than High school graduate,White no college degree,Yes,Favorable,Unfavorable,2.0,Government should do more to solve problems,Did not go far enough,Less than 100k,"$30,000 or more",50k or more,50 to 100 thousand,"$50,000-$99,999","$50,000-$99,999","Over $50,000 and white",Yes,No,Legal,No,Worried,Somewhat worried,Approve,Somewhat approve,18-44,18-64,Independent/Something else,Non-black non-Democrat,White Independent,Independent,Independent Women,White Independent,Conservative,92.0,Moderate/Liberal Republicans,Conservative Independents,White,White,State questionnaire,White,White,East,Yes,Female,White women,Non married women,Rural,Small Cities/Rural,Maine,Election day exit poll,Seriously off on the wrong track,Version 1,0.60517555475235,No,Yes,Working women,Working women,Working women
66468.0,Mike Michaud,Shenna Bellows,Would not have voted,45-65,60+,60-64,45+,60+,50-64,Non-Black 60+,White 60+,White 45-64,Complete,Call 1,1.0,High school graduate,No college degree,High school graduate or less,White no college degree,Omit,Omit,Omit,1.0,Government is doing too many things better left to businesses and individuals,Did not go far enough,Less than 100k,"Under $30,000",Less than 50k,Less than 50 thousand,"Under $50,000","Under $30,000","Under $50,000 and white",No,No,Legal,Yes,Worried,Very worried,Approve,Somewhat approve,45+,18-64,Independent/Something else,Non-black non-Democrat,White Independent,Independent,Independent Men,White Independent,Moderate,103.0,Moderate/Liberal Republicans,Moderate Independents,White,White,State questionnaire,White,White,East,Omit,Male,White men,Married men,Rural,Small Cities/Rural,Maine,Election day exit poll,Seriously off on the wrong track,Version 1,2.17678475379944,Yes,,,All others,
95429.0,Mike Michaud,Shenna Bellows,Mike Michaud,18-29,18-29,25-29,18-44,18-29,25-29,Non-Black 18-29,White 18-29,White 18-29,Complete,Call 3,1.0,Some college/assoc. degree,No college degree,More than High school graduate,White no college degree,Yes,Favorable,Unfavorable,1.0,Government should do more to solve problems,Did not go far enough,Less than 100k,"$30,000 or more",Less than 50k,Less than 50 thousand,"Under $50,000","$30,000-$49,999","Under $50,000 and white",Yes,No,Legal,No,Worried,Very worried,Approve,Strongly approve,18-44,18-64,Independent/Something else,Non-black non-Democrat,White Independent,Something else,Independent Men,White Independent,Liberal,103.0,Moderate/Liberal Republicans,Liberal Independents,White,White,State questionnaire,White,White,East,Yes,Male,White men,Non married men,Rural,Small Cities/Rural,Maine,Election day exit poll,Seriously off on the wrong track,Version 1,2.29566097259521,Yes,No,Non-working men,All others,Non-working men
79974.0,Mike Michaud,Shenna Bellows,Mike Michaud,45-65,60+,60-64,45+,60+,50-64,Non-Black 60+,White 60+,White 45-64,Complete,Call 2,2.0,Some college/assoc. degree,No college degree,More than High school graduate,White no college degree,Yes,Favorable,Unfavorable,2.0,Government should do more to solve problems,Did not go far enough,Less than 100k,"Under $30,000",Less than 50k,Less than 50 thousand,"Under $50,000","Under $30,000","Under $50,000 and white",Yes,No,Legal,Yes,Worried,Very worried,Approve,Strongly approve,45+,18-64,Democrat,Non-black Democrat,White Democrat,Democrat,Democratic Men,White Democrat,Liberal,92.0,Liberal Democrats,Liberal Democrats,White,White,State questionnaire,White,White,East,Yes,Male,White men,Married men,Rural,Small Cities/Rural,Maine,Election day exit poll,Seriously off on the wrong track,Version 1,0.807093322277069,Yes,No,Non-working men,All others,Non-working men
93485.0,Mike Michaud,Shenna Bellows,Mike Michaud,45-65,30-59,50-59,45+,45-59,50-64,Non-Black 45-59,White 45-59,White 45-64,Complete,Call 3,1.0,College graduate,College graduate,More than High school graduate,White college degree,Yes,Favorable,Unfavorable,1.0,Government should do more to solve problems,Did not go far enough,100k or more,"$30,000 or more",50k or more,100 thousand or more,"$100,000-$199,999","$100,000-$199,999","Over $50,000 and white",Yes,No,Legal,Yes,Not worried,Not too worried,Approve,Strongly approve,45+,18-64,Democrat,Non-black Democrat,White Democrat,Democrat,Democratic Women,White Democrat,Liberal,82.0,Liberal Democrats,Liberal Democrats,White,White,State questionnaire,White,White,East,Yes,Female,White women,Married women,Suburbs,Suburbs,Maine,Election day exit poll,Generally going in the right direction,Version 1,0.805500745773315,No,Yes,Working women,Working women,Working women
62585.0,Mike Michaud,Shenna Bellows,Mike Michaud,65+,60+,65 or over,45+,60+,65+,Non-Black 60+,White 60+,White 65+,Not complete,Call 1,1.0,,,,,,,,1.0,Government is doing too many things better left to businesses and individuals,,,,,,,,,,No,,,,,,,45+,65+,,,,,,,,114.0,,,White,White,State questionnaire,White,White,East,Yes,Female,White women,,Suburbs,Suburbs,Maine,Election day exit poll,Seriously off on the wrong track,Version 1,0.975742042064667,,No,Non-working women,All others,Non-working women
74162.0,Mike Michaud,Shenna Bellows,,18-29,18-29,18-24,18-44,18-29,18-24,Non-Black 18-29,White 18-29,White 18-29,Complete,Call 2,2.0,Some college/assoc. degree,No college degree,More than High school graduate,White no college degree,,,,2.0,,,Less than 100k,"$30,000 or more",Less than 50k,Less than 50 thousand,"Under $50,000","$30,000-$49,999","Under $50,000 and white",,No,,No,,,,,18-44,18-64,Democrat,Non-black Democrat,White Democrat,Democrat,Democratic Women,White Democrat,Liberal,63.0,Liberal Democrats,Liberal Democrats,White,White,National questionnaire,White,White,East,,Female,White women,Non married women,Suburbs,Suburbs,Maine,Election day exit poll,,Version 3,0.745944917201996,Yes,,,,
61749.0,Mike Michaud,Shenna Bellows,,18-29,18-29,18-24,18-44,18-29,18-24,Non-Black 18-29,White 18-29,White 18-29,Complete,Call 1,2.0,High school graduate,No college degree,High school graduate or less,White no college degree,,Favorable,Unfavorable,2.0,Government should do more to solve problems,,Less than 100k,"$30,000 or more",Less than 50k,Less than 50 thousand,"Under $50,000","$30,000-$49,999","Under $50,000 and white",,No,Legal,,,,,,18-44,18-64,Independent/Something else,Non-black non-Democrat,White Independent,Independent,Independent Men,White Independent,Liberal,63.0,Moderate/Liberal Republicans,Liberal Independents,White,White,National questionnaire,White,White,East,Yes,Male,White men,,Suburbs,Suburbs,Maine,Election day exit poll,Generally going in the right direction,Version 4,0.840115308761597,Yes,,,,
66406.0,Mike Michaud,Shenna Bellows,Mike Michaud,30-44,30-59,30-39,18-44,30-44,30-39,Non-Black 30-44,All others,All others,Complete,Call 1,2.0,College graduate,College graduate,More than High school graduate,Non white college degree,Yes,Favorable,Unfavorable,2.0,Government is doing too many things better left to businesses and individuals,Was about right,Less than 100k,"$30,000 or more",50k or more,50 to 100 thousand,"$50,000-$99,999","$50,000-$99,999","Over $50,000 and non white",Yes,No,Legal,Yes,Worried,Somewhat worried,Approve,Strongly approve,18-44,18-64,Democrat,Non-black Democrat,All Other,Democrat,Democratic Women,Non-White Democrats,Liberal,96.0,Liberal Democrats,Liberal Democrats,Other,Other,State questionnaire,Other,Other,East,Yes,Female,All other races,Married women,Rural,Small Cities/Rural,Maine,Election day exit poll,Generally going in the right direction,Version 1,0.657047688961029,No,No,Non-working women,All others,Non-working women
74956.0,Mike Michaud,Shenna Bellows,Mike Michaud,30-44,30-59,30-39,18-44,30-44,30-39,Non-Black 30-44,White 30-44,White 30-44,Complete,Call 2,1.0,College graduate,College graduate,More than High school graduate,White college degree,Yes,Unfavorable,Unfavorable,1.0,Omit,Omit,100k or more,"$30,000 or more",50k or more,100 thousand or more,"$100,000-$199,999","$100,000-$199,999","Over $50,000 and white",Yes,No,Legal,Yes,Worried,Somewhat worried,Omit,Omit,18-44,18-64,Independent/Something else,Non-black non-Democrat,White Independent,Independent,Independent Women,White Independent,Liberal,88.0,Moderate/Liberal Republicans,Liberal Independents,White,White,State questionnaire,White,White,East,Yes,Female,White women,Married women,Suburbs,Suburbs,Maine,Election day exit poll,Seriously off on the wrong track,Version 1,0.939750850200653,No,No,Non-working women,All others,Non-working women
79901.0,Mike Michaud,Shenna Bellows,Mike Michaud,45-65,30-59,50-59,45+,45-59,50-64,,,,Complete,Call 2,2.0,Some college/assoc. degree,No college degree,More than High school graduate,,Yes,Favorable,Unfavorable,2.0,Government should do more to solve problems,Did not go far enough,Less than 100k,"$30,000 or more",Less than 50k,Less than 50 thousand,"Under $50,000","$30,000-$49,999",,Yes,No,Legal,Yes,Worried,Somewhat worried,Approve,Somewhat approve,45+,18-64,Independent/Something else,,,Something else,Independent Men,,Liberal,92.0,Moderate/Liberal Republicans,Liberal Independents,,,State questionnaire,,,East,Yes,Male,,Married men,Rural,Small Cities/Rural,Maine,Election day exit poll,Seriously off on the wrong track,Version 1,0.628520905971527,,Yes,Working men,All others,Working men
60590.0,Mike Michaud,Shenna Bellows,Mike Michaud,45-65,30-59,50-59,45+,45-59,50-64,Non-Black 45-59,White 45-59,White 45-64,Complete,Call 1,1.0,High school graduate,No college degree,High school graduate or less,White no college degree,Yes,Favorable,Unfavorable,1.0,Government should do more to solve problems,Was about right,Less than 100k,"Under $30,000",Less than 50k,Less than 50 thousand,"Under $50,000","Under $30,000","Under $50,000 and white",Yes,No,Legal,No,Worried,Very worried,Approve,Somewhat approve,45+,18-64,Independent/Something else,Non-black non-Democrat,White Independent,Independent,Independent Women,White Independent,Liberal,9.0,Moderate/Liberal Republicans,Liberal Independents,White,White,State questionnaire,White,White,East,Yes,Female,White women,Non married women,Suburbs,Suburbs,Maine,Election day exit poll,Seriously off on the wrong track,Version 1,0.805500745773315,Yes,No,Non-working women,All others,Non-working women
96789.0,Mike Michaud,Shenna Bellows,Mike Michaud,45-65,30-59,50-59,45+,45-59,50-64,Non-Black 45-59,White 45-59,White 45-64,Complete,Call 3,1.0,Postgraduate study,College graduate,More than High school graduate,White college degree,Yes,Favorable,Unfavorable,1.0,Government should do more to solve problems,Did not go far enough,Less than 100k,"$30,000 or more",50k or more,50 to 100 thousand,"$50,000-$99,999","$50,000-$99,999","Over $50,000 and white",Yes,No,Legal,Yes,Worried,Somewhat worried,Approve,Somewhat approve,45+,18-64,Democrat,Non-black Democrat,White Democrat,Democrat,Democratic Women,White Democrat,Liberal,88.0,Liberal Democrats,Liberal Democrats,White,White,State questionnaire,White,White,East,Yes,Female,White women,Married women,Suburbs,Suburbs,Maine,Election day exit poll,Omit,Version 1,0.939750850200653,No,Yes,Working women,Working women,Working women
91550.0,Mike Michaud,Shenna Bellows,Mike Michaud,45-65,30-59,50-59,45+,45-59,50-64,Non-Black 45-59,White 45-59,White 45-64,Complete,Call 3,2.0,Postgraduate study,College graduate,More than High school graduate,White college degree,Yes,Favorable,Unfavorable,2.0,Government is doing too many things better left to businesses and individuals,Was about right,Less than 100k,"$30,000 or more",50k or more,50 to 100 thousand,"$50,000-$99,999","$50,000-$99,999","Over $50,000 and white",No,No,Illegal,Yes,Worried,Somewhat worried,Approve,Strongly approve,45+,18-64,Independent/Something else,Non-black non-Democrat,White Independent,Something else,Independent Women,White Independent,Moderate,96.0,Moderate/Liberal Republicans,Moderate Independents,White,White,State questionnaire,White,White,East,No,Female,White women,Married women,Rural,Small Cities/Rural,Maine,Election day exit poll,Seriously off on the wrong track,Version 1,0.657047688961029,No,Yes,Working women,Working women,Working women
74073.0,Mike Michaud,Shenna Bellows,Mike Michaud,30-44,30-59,30-39,18-44,30-44,30-39,Non-Black 30-44,White 30-44,White 30-44,Complete,Call 2,1.0,Postgraduate study,College graduate,More than High school graduate,White college degree,Yes,Favorable,Unfavorable,1.0,Government should do more to solve problems,Was about right,Less than 100k,"Under $30,000",Less than 50k,Less than 50 thousand,"Under $50,000","Under $30,000","Under $50,000 and white",Yes,No,Legal,No,Worried,Somewhat worried,Disapprove,Somewhat disapprove,18-44,18-64,Democrat,Non-black Democrat,White Democrat,Democrat,Democratic Women,White Democrat,Liberal,9.0,Liberal Democrats,Liberal Democrats,White,White,State questionnaire,White,White,East,Yes,Female,White women,Non married women,Suburbs,Suburbs,Maine,Election day exit poll,Omit,Version 1,0.805500745773315,No,No,Non-working women,All others,Non-working women
93138.0,Mike Michaud,Shenna Bellows,,18-29,18-29,18-24,18-44,18-29,18-24,Non-Black 18-29,White 18-29,White 18-29,Complete,Call 3,2.0,Some college/assoc. degree,No college degree,More than High school graduate,White no college degree,,,,2.0,,,Less than 100k,"$30,000 or more",50k or more,50 to 100 thousand,"$50,000-$99,999","$50,000-$99,999","Over $50,000 and white",,No,,No,,,,,18-44,18-64,Independent/Something else,Non-black non-Democrat,White Independent,Independent,Independent Men,White Independent,Liberal,63.0,Moderate/Liberal Republicans,Liberal Independents,White,White,National questionnaire,White,White,East,,Male,White men,Non married men,Suburbs,Suburbs,Maine,Election day exit poll,,Version 3,0.840115308761597,No,,,,
91440.0,Mike Michaud,Shenna Bellows,Paul LePage,45-65,30-59,50-59,45+,45-59,50-64,Non-Black 45-59,White 45-59,White 45-64,Complete,Call 3,2.0,High school graduate,No college degree,High school graduate or less,White no college degree,No,Unfavorable,Favorable,2.0,Government is doing too many things better left to businesses and individuals,Went too far,Less than 100k,"$30,000 or more",50k or more,50 to 100 thousand,"$50,000-$99,999","$50,000-$99,999","Over $50,000 and white",No,No,Illegal,No,Worried,Very worried,Disapprove,Strongly disapprove,45+,18-64,Republican,Non-black non-Democrat,All Republicans,Republican,Republican Women,White Republican,Moderate,65.0,Conservative Republicans,Mod./Liberal Republicans,White,White,State questionnaire,White,White,East,No,Female,White women,Non married women,Rural,Small Cities/Rural,Maine,Election day exit poll,Seriously off on the wrong track,Version 1,0.60517555475235,No,Yes,Working women,Working women,Working women
59572.0,Mike Michaud,Shenna Bellows,Mike Michaud,65+,60+,65 or over,45+,60+,65+,Non-Black 60+,White 60+,White 65+,Complete,Call 1,1.0,College graduate,College graduate,More than High school graduate,White college degree,Yes,Favorable,Unfavorable,1.0,Government should do more to solve problems,Did not go far enough,,,,,,,,No,No,Legal,Yes,Worried,Very worried,Disapprove,Somewhat disapprove,45+,65+,Independent/Something else,Non-black non-Democrat,White Independent,Independent,Independent Women,White Independent,Liberal,82.0,Moderate/Liberal Republicans,Liberal Independents,White,White,State questionnaire,White,White,East,Yes,Female,White women,Married women,Suburbs,Suburbs,Maine,Election day exit poll,Seriously off on the wrong track,Version 1,0.9538414478302,No,No,Non-working women,All others,Non-working women
66315.0,Mike Michaud,Shenna Bellows,,45-65,30-59,50-59,45+,45-59,50-64,Non-Black 45-59,White 45-59,White 45-64,Complete,Call 1,2.0,Some college/assoc. degree,No college degree,More than High school graduate,White no college degree,,,,2.0,,,Less than 100k,"Under $30,000",Less than 50k,Less than 50 thousand,"Under $50,000","Under $30,000","Under $50,000 and white",,No,,No,,,,,45+,18-64,Republican,Non-black non-Democrat,All Republicans,Republican,Republican Men,White Republican,Liberal,46.0,Conservative Republicans,Mod./Liberal Republicans,White,White,National questionnaire,White,White,East,,Male,White men,Non married men,Suburbs,Suburbs,Maine,Election day exit poll,,Version 3,0.729573011398315,Yes,,,,
97210.0,Mike Michaud,Shenna Bellows,Mike Michaud,45-65,60+,60-64,45+,60+,50-64,Non-Black 60+,White 60+,White 45-64,Complete,Call 3,1.0,College graduate,College graduate,More than High school graduate,White college degree,Yes,Favorable,Unfavorable,1.0,Government should do more to solve problems,Did not go far enough,Less than 100k,"$30,000 or more",50k or more,50 to 100 thousand,"$50,000-$99,999","$50,000-$99,999","Over $50,000 and white",Yes,No,Legal,Yes,Not worried,Not too worried,Approve,Strongly approve,45+,18-64,Democrat,Non-black Democrat,White Democrat,Democrat,Democratic Men,White Democrat,Liberal,88.0,Liberal Democrats,Liberal Democrats,White,White,State questionnaire,White,White,East,Yes,Male,White men,Married men,Suburbs,Suburbs,Maine,Election day exit poll,Generally going in the right direction,Version 1,1.25330030918121,No,Yes,Working men,All others,Working men
95260.0,Mike Michaud,Shenna Bellows,Mike Michaud,45-65,30-59,50-59,45+,45-59,50-64,Non-Black 45-59,White 45-59,White 45-64,Complete,Call 3,1.0,Some college/assoc. degree,No college degree,More than High school graduate,White no college degree,Yes,Favorable,Unfavorable,1.0,Omit,Omit,Less than 100k,"$30,000 or more",50k or more,50 to 100 thousand,"$50,000-$99,999","$50,000-$99,999","Over $50,000 and white",Yes,,Legal,Yes,Worried,Somewhat worried,Approve,Strongly approve,45+,18-64,Democrat,Non-black Democrat,White Democrat,Democrat,Democratic Women,White Democrat,Moderate,114.0,Moderate/Conservative Democrats,Mod/Conserv. Democrats,White,White,State questionnaire,White,White,East,Yes,Female,White women,Married women,Suburbs,Suburbs,Maine,Election day exit poll,Generally going in the right direction,Version 1,0.823995351791382,No,Yes,Working women,Working women,Working women
64355.0,Mike Michaud,Shenna Bellows,Mike Michaud,45-65,30-59,45-49,45+,45-59,40-49,Non-Black 45-59,White 45-59,White 45-64,Complete,Call 1,1.0,College graduate,College graduate,More than High school graduate,White college degree,Yes,Favorable,Unfavorable,1.0,Government is doing too many things better left to businesses and individuals,Did not go far enough,Less than 100k,"$30,000 or more",50k or more,50 to 100 thousand,"$50,000-$99,999","$50,000-$99,999","Over $50,000 and white",Yes,No,Legal,Yes,Worried,Somewhat worried,Approve,Somewhat approve,45+,18-64,Democrat,Non-black Democrat,White Democrat,Democrat,Democratic Men,White Democrat,Liberal,72.0,Liberal Democrats,Liberal Democrats,White,White,State questionnaire,White,White,East,Yes,Male,White men,Married men,"Cities 50,000-500,000","Cities over 50,000",Maine,Election day exit poll,Generally going in the right direction,Version 1,0.381333917379379,No,Yes,Working men,All others,Working men
62403.0,Mike Michaud,Shenna Bellows,Mike Michaud,18-29,18-29,25-29,18-44,18-29,25-29,Non-Black 18-29,White 18-29,White 18-29,Complete,Call 1,1.0,College graduate,College graduate,More than High school graduate,White college degree,Yes,Favorable,Unfavorable,1.0,Omit,Omit,100k or more,"$30,000 or more",50k or more,100 thousand or more,"$100,000-$199,999","$100,000-$199,999","Over $50,000 and white",Yes,No,Legal,Yes,Worried,Somewhat worried,Approve,Somewhat approve,18-44,18-64,Democrat,Non-black Democrat,White Democrat,Democrat,Democratic Women,White Democrat,Liberal,72.0,Liberal Democrats,Liberal Democrats,White,White,State questionnaire,White,White,East,Yes,Female,White women,Married women,"Cities 50,000-500,000","Cities over 50,000",Maine,Election day exit poll,Generally going in the right direction,Version 1,0.422839760780334,No,Yes,Working women,Working women,Working women
92249.0,Mike Michaud,Shenna Bellows,Mike Michaud,65+,60+,65 or over,45+,60+,65+,Non-Black 60+,White 60+,White 65+,Complete,Call 3,2.0,Some college/assoc. degree,No college degree,More than High school graduate,White no college degree,Yes,Unfavorable,Unfavorable,2.0,Government should do more to solve problems,Did not go far enough,Less than 100k,"Under $30,000",Less than 50k,Less than 50 thousand,"Under $50,000","Under $30,000","Under $50,000 and white",Yes,No,Legal,No,Worried,Very worried,Approve,Somewhat approve,45+,65+,Independent/Something else,Non-black non-Democrat,White Independent,Independent,Independent Women,White Independent,Liberal,22.0,Moderate/Liberal Republicans,Liberal Independents,White,White,State questionnaire,White,White,East,Yes,Female,White women,Non married women,Rural,Small Cities/Rural,Maine,Election day exit poll,Seriously off on the wrong track,Version 1,0.955499231815338,Yes,Yes,Working women,Working women,Working women
75295.0,Mike Michaud,Shenna Bellows,Mike Michaud,65+,60+,65 or over,45+,60+,65+,Non-Black 60+,White 60+,White 65+,Complete,Call 2,1.0,Some college/assoc. degree,No college degree,More than High school graduate,White no college degree,Yes,Favorable,Unfavorable,1.0,Government should do more to solve problems,Did not go far enough,Less than 100k,"$30,000 or more",50k or more,50 to 100 thousand,"$50,000-$99,999","$50,000-$99,999","Over $50,000 and white",No,No,Illegal,Yes,Worried,Very worried,Approve,Somewhat approve,45+,65+,Independent/Something else,Non-black non-Democrat,White Independent,Independent,Independent Men,White Independent,Moderate,114.0,Moderate/Liberal Republicans,Moderate Independents,White,White,State questionnaire,White,White,East,Yes,Male,White men,Married men,Suburbs,Suburbs,Maine,Election day exit poll,Seriously off on the wrong track,Version 1,1.09892272949219,No,No,Non-working men,All others,Non-working men
79744.0,Mike Michaud,Shenna Bellows,Mike Michaud,65+,60+,65 or over,45+,60+,65+,Non-Black 60+,White 60+,White 65+,Complete,Call 2,1.0,Some college/assoc. degree,No college degree,More than High school graduate,White no college degree,Yes,Favorable,Unfavorable,1.0,Government should do more to solve problems,Was about right,Less than 100k,"$30,000 or more",50k or more,50 to 100 thousand,"$50,000-$99,999","$50,000-$99,999","Over $50,000 and white",No,No,Legal,Yes,Worried,Very worried,Disapprove,Somewhat disapprove,45+,65+,Independent/Something else,Non-black non-Democrat,White Independent,Independent,Independent Women,White Independent,Liberal,112.0,Moderate/Liberal Republicans,Liberal Independents,White,White,State questionnaire,White,White,East,Yes,Female,White women,Married women,Rural,Small Cities/Rural,Maine,Election day exit poll,Seriously off on the wrong track,Version 1,1.79136073589325,No,No,Non-working women,All others,Non-working women
79738.0,Mike Michaud,Shenna Bellows,Mike Michaud,65+,60+,65 or over,45+,60+,65+,Non-Black 60+,White 60+,White 65+,Complete,Call 2,2.0,Postgraduate study,College graduate,More than High school graduate,White college degree,Yes,Favorable,Unfavorable,2.0,Government should do more to solve problems,Did not go far enough,Less than 100k,"$30,000 or more",50k or more,50 to 100 thousand,"$50,000-$99,999","$50,000-$99,999","Over $50,000 and white",Yes,No,Omit,Yes,Worried,Very worried,Disapprove,Somewhat disapprove,45+,65+,Democrat,Non-black Democrat,White Democrat,Democrat,Democratic Women,White Democrat,Liberal,92.0,Liberal Democrats,Liberal Democrats,White,White,State questionnaire,White,White,East,Yes,Female,White women,Married women,Rural,Small Cities/Rural,Maine,Election day exit poll,Seriously off on the wrong track,Version 1,0.716624438762665,No,No,Non-working women,All others,Non-working women
94576.0,Mike Michaud,Shenna Bellows,Mike Michaud,65+,60+,65 or over,45+,60+,65+,Non-Black 60+,White 60+,White 65+,Complete,Call 3,1.0,Postgraduate study,College graduate,More than High school graduate,White college degree,Yes,Favorable,Unfavorable,1.0,Government is doing too many things better left to businesses and individuals,Did not go far enough,Less than 100k,"$30,000 or more",Less than 50k,Less than 50 thousand,"Under $50,000","$30,000-$49,999","Under $50,000 and white",No,No,Legal,No,Worried,Very worried,Approve,Somewhat approve,45+,65+,Democrat,Non-black Democrat,White Democrat,Democrat,Democratic Women,White Democrat,Moderate,114.0,Moderate/Conservative Democrats,Mod/Conserv. Democrats,White,White,State questionnaire,White,White,East,Yes,Female,White women,Non married women,Suburbs,Suburbs,Maine,Election day exit poll,Seriously off on the wrong track,Version 1,0.975742042064667,No,No,Non-working women,All others,Non-working women
75869.0,Mike Michaud,Shenna Bellows,,18-29,18-29,18-24,18-44,18-29,18-24,Non-Black 18-29,White 18-29,White 18-29,Complete,Call 2,2.0,High school graduate,No college degree,High school graduate or less,White no college degree,,Favorable,Unfavorable,2.0,Government should do more to solve problems,,100k or more,"$30,000 or more",50k or more,100 thousand or more,"$100,000-$199,999","$100,000-$199,999","Over $50,000 and white",,No,Legal,,,,,,18-44,18-64,Independent/Something else,Non-black non-Democrat,White Independent,Independent,Independent Women,White Independent,Moderate,63.0,Moderate/Liberal Republicans,Moderate Independents,White,White,National questionnaire,White,White,East,Yes,Female,White women,,Suburbs,Suburbs,Maine,Election day exit poll,Seriously off on the wrong track,Version 4,0.745944917201996,No,,,,
66212.0,Mike Michaud,Shenna Bellows,Mike Michaud,45-65,30-59,45-49,45+,45-59,40-49,Non-Black 45-59,White 45-59,White 45-64,Complete,Call 1,2.0,High school graduate,No college degree,High school graduate or less,White no college degree,Yes,Favorable,Unfavorable,2.0,Government is doing too many things better left to businesses and individuals,Did not go far enough,Less than 100k,"Under $30,000",Less than 50k,Less than 50 thousand,"Under $50,000","Under $30,000","Under $50,000 and white",No,No,Legal,Yes,Worried,Very worried,Disapprove,Somewhat disapprove,45+,18-64,Democrat,Non-black Democrat,White Democrat,Democrat,Democratic Women,White Democrat,Moderate,96.0,Moderate/Conservative Democrats,Mod/Conserv. Democrats,White,White,State questionnaire,White,White,East,No,Female,White women,Married women,Rural,Small Cities/Rural,Maine,Election day exit poll,Seriously off on the wrong track,Version 1,0.657047688961029,Yes,No,Non-working women,All others,Non-working women
79725.0,Mike Michaud,Shenna Bellows,Mike Michaud,45-65,30-59,50-59,45+,45-59,50-64,Non-Black 45-59,White 45-59,White 45-64,Complete,Call 2,2.0,College graduate,College graduate,More than High school graduate,White college degree,Yes,Favorable,Unfavorable,2.0,Government should do more to solve problems,Did not go far enough,Less than 100k,"$30,000 or more",50k or more,50 to 100 thousand,"$50,000-$99,999","$50,000-$99,999","Over $50,000 and white",No,No,Legal,Yes,Worried,Somewhat worried,Approve,Strongly approve,45+,18-64,Democrat,Non-black Democrat,White Democrat,Democrat,Democratic Women,White Democrat,Moderate,96.0,Moderate/Conservative Democrats,Mod/Conserv. Democrats,White,White,State questionnaire,White,White,East,Yes,Female,White women,Married women,Rural,Small Cities/Rural,Maine,Election day exit poll,Seriously off on the wrong track,Version 1,0.657047688961029,No,Yes,Working women,Working women,Working women
64234.0,Mike Michaud,Shenna Bellows,Mike Michaud,18-29,18-29,25-29,18-44,18-29,25-29,Non-Black 18-29,White 18-29,White 18-29,Complete,Call 1,1.0,College graduate,College graduate,More than High school graduate,White college degree,Yes,Favorable,Omit,1.0,Government is doing too many things better left to businesses and individuals,Did not go far enough,Less than 100k,"$30,000 or more",50k or more,50 to 100 thousand,"$50,000-$99,999","$50,000-$99,999","Over $50,000 and white",Yes,No,Legal,No,Worried,Very worried,Approve,Somewhat approve,18-44,18-64,Democrat,Non-black Democrat,White Democrat,Democrat,Democratic Men,White Democrat,Moderate,72.0,Moderate/Conservative Democrats,Mod/Conserv. Democrats,White,White,State questionnaire,White,White,East,Yes,Male,White men,Non married men,"Cities 50,000-500,000","Cities over 50,000",Maine,Election day exit poll,Seriously off on the wrong track,Version 1,0.476220369338989,No,Yes,Working men,All others,Working men
65209.0,Mike Michaud,Shenna Bellows,Mike Michaud,45-65,30-59,50-59,45+,45-59,50-64,Non-Black 45-59,White 45-59,White 45-64,Complete,Call 1,2.0,Postgraduate study,College graduate,More than High school graduate,White college degree,Yes,Favorable,Unfavorable,2.0,Government should do more to solve problems,Was about right,Less than 100k,"$30,000 or more",50k or more,50 to 100 thousand,"$50,000-$99,999","$50,000-$99,999","Over $50,000 and white",Yes,No,Legal,No,Not worried,Not too worried,Approve,Strongly approve,45+,18-64,Democrat,Non-black Democrat,White Democrat,Democrat,Democratic Women,White Democrat,Liberal,22.0,Liberal Democrats,Liberal Democrats,White,White,State questionnaire,White,White,East,Yes,Female,White women,Non married women,Rural,Small Cities/Rural,Maine,Election day exit poll,Generally going in the right direction,Version 1,0.806900680065155,No,Yes,Working women,Working women,Working women
66149.0,Mike Michaud,Shenna Bellows,Mike Michaud,65+,60+,65 or over,45+,60+,65+,Non-Black 60+,White 60+,White 65+,Complete,Call 1,1.0,College graduate,College graduate,More than High school graduate,White college degree,Yes,Favorable,Unfavorable,1.0,Government should do more to solve problems,Did not go far enough,100k or more,"$30,000 or more",50k or more,100 thousand or more,"$100,000-$199,999","$100,000-$199,999","Over $50,000 and white",Yes,No,Legal,Yes,Worried,Somewhat worried,Approve,Strongly approve,45+,65+,Democrat,Non-black Democrat,White Democrat,Democrat,Democratic Men,White Democrat,Moderate,103.0,Moderate/Conservative Democrats,Mod/Conserv. Democrats,White,White,State questionnaire,White,White,East,Yes,Male,White men,Married men,Rural,Small Cities/Rural,Maine,Election day exit poll,Generally going in the right direction,Version 1,2.17678475379944,No,Yes,Working men,All others,Working men
92475.0,Mike Michaud,Shenna Bellows,Mike Michaud,18-29,18-29,25-29,18-44,18-29,25-29,Non-Black 18-29,White 18-29,White 18-29,Complete,Call 3,2.0,Some college/assoc. degree,No college degree,More than High school graduate,White no college degree,Yes,Favorable,Unfavorable,2.0,Omit,Was about right,Less than 100k,"Under $30,000",Less than 50k,Less than 50 thousand,"Under $50,000","Under $30,000","Under $50,000 and white",Yes,No,Legal,No,Worried,Somewhat worried,Approve,Somewhat approve,18-44,18-64,Independent/Something else,Non-black non-Democrat,White Independent,Independent,Independent Men,White Independent,Moderate,65.0,Moderate/Liberal Republicans,Moderate Independents,White,White,State questionnaire,White,White,East,Yes,Male,White men,Non married men,Rural,Small Cities/Rural,Maine,Election day exit poll,Seriously off on the wrong track,Version 1,0.851169466972351,Yes,Yes,Working men,All others,Working men
79663.0,Mike Michaud,Shenna Bellows,Mike Michaud,30-44,30-59,30-39,18-44,30-44,30-39,Black 30-44,Black 30-44,Black 30-44,Complete,Call 2,2.0,No high school diploma,No college degree,High school graduate or less,Non white no college degree,No,Favorable,Unfavorable,2.0,Government should do more to solve problems,Did not go far enough,Less than 100k,"Under $30,000",Less than 50k,Less than 50 thousand,"Under $50,000","Under $30,000","Under $50,000 and non white",Yes,No,Legal,Yes,Worried,Very worried,Approve,Somewhat approve,18-44,18-64,Democrat,Black Democrat,Black Democrat,Democrat,Democratic Men,Non-White Democrats,Moderate,92.0,Moderate/Conservative Democrats,Mod/Conserv. Democrats,Black,Black,State questionnaire,Black,Black,East,Yes,Male,Black men,Married men,Rural,Small Cities/Rural,Maine,Election day exit poll,Seriously off on the wrong track,Version 1,0.56929349899292,No,Yes,Working men,All others,Working men
75782.0,Mike Michaud,Shenna Bellows,,18-29,18-29,18-24,18-44,18-29,18-24,Non-Black 18-29,White 18-29,White 18-29,Complete,Call 2,2.0,High school graduate,No college degree,High school graduate or less,White no college degree,,,,2.0,,,Less than 100k,"$30,000 or more",50k or more,50 to 100 thousand,"$50,000-$99,999","$50,000-$99,999","Over $50,000 and white",,No,,No,,,,,18-44,18-64,Independent/Something else,Non-black non-Democrat,White Independent,Independent,Independent Men,White Independent,Moderate,63.0,Moderate/Liberal Republicans,Moderate Independents,White,White,National questionnaire,White,White,East,,Male,White men,Non married men,Suburbs,Suburbs,Maine,Election day exit poll,,Version 3,0.840115308761597,No,,,,
75994.0,Mike Michaud,Shenna Bellows,,18-29,18-29,18-24,18-44,18-29,18-24,Non-Black 18-29,White 18-29,White 18-29,Complete,Call 2,2.0,High school graduate,No college degree,High school graduate or less,White no college degree,,,,2.0,,,Less than 100k,"$30,000 or more",50k or more,50 to 100 thousand,"$50,000-$99,999","$50,000-$99,999","Over $50,000 and white",,No,,,,,,,18-44,18-64,Democrat,Non-black Democrat,White Democrat,Democrat,Democratic Women,White Democrat,Liberal,63.0,Liberal Democrats,Liberal Democrats,White,White,National questionnaire,White,White,East,,Female,White women,,Suburbs,Suburbs,Maine,Election day exit poll,,Version 5,0.745944917201996,No,,,,
95081.0,Mike Michaud,Shenna Bellows,Mike Michaud,65+,60+,65 or over,45+,60+,65+,Non-Black 60+,White 60+,White 65+,Complete,Call 3,1.0,Postgraduate study,College graduate,More than High school graduate,White college degree,Yes,Unfavorable,Unfavorable,1.0,Government should do more to solve problems,Did not go far enough,Less than 100k,"$30,000 or more",50k or more,50 to 100 thousand,"$50,000-$99,999","$50,000-$99,999","Over $50,000 and white",Yes,No,Legal,No,Worried,Very worried,Approve,Somewhat approve,45+,65+,Democrat,Non-black Democrat,White Democrat,Democrat,Democratic Men,White Democrat,Liberal,103.0,Liberal Democrats,Liberal Democrats,White,White,State questionnaire,White,White,East,Yes,Male,White men,Non married men,Rural,Small Cities/Rural,Maine,Election day exit poll,Seriously off on the wrong track,Version 1,2.17678475379944,No,No,Non-working men,All others,Non-working men
95200.0,Mike Michaud,Shenna Bellows,Mike Michaud,45-65,30-59,50-59,45+,45-59,50-64,Non-Black 45-59,White 45-59,White 45-64,Complete,Call 3,1.0,Postgraduate study,College graduate,More than High school graduate,White college degree,Yes,Favorable,Unfavorable,1.0,Government should do more to solve problems,Did not go far enough,100k or more,"$30,000 or more",50k or more,100 thousand or more,"$100,000-$199,999","$100,000-$199,999","Over $50,000 and white",Yes,No,Legal,No,Worried,Somewhat worried,Approve,Strongly approve,45+,18-64,Independent/Something else,Non-black non-Democrat,White Independent,Independent,Independent Men,White Independent,Moderate,114.0,Moderate/Liberal Republicans,Moderate Independents,White,White,State questionnaire,White,White,East,Yes,Male,White men,Non married men,Suburbs,Suburbs,Maine,Election day exit poll,Generally going in the right direction,Version 1,0.928019106388092,No,Yes,Working men,All others,Working men
75768.0,Mike Michaud,Shenna Bellows,Mike Michaud,18-29,18-29,18-24,18-44,18-29,18-24,Non-Black 18-29,White 18-29,White 18-29,Complete,Call 2,1.0,Some college/assoc. degree,No college degree,More than High school graduate,White no college degree,Yes,Favorable,Unfavorable,1.0,Government should do more to solve problems,Was about right,100k or more,"$30,000 or more",50k or more,100 thousand or more,"$100,000-$199,999","$100,000-$199,999","Over $50,000 and white",Yes,No,Legal,No,Worried,Somewhat worried,Approve,Somewhat approve,18-44,18-64,Democrat,Non-black Democrat,White Democrat,Democrat,Democratic Men,White Democrat,Moderate,88.0,Moderate/Conservative Democrats,Mod/Conserv. Democrats,White,White,State questionnaire,White,White,East,Yes,Male,White men,Non married men,Suburbs,Suburbs,Maine,Election day exit poll,Generally going in the right direction,Version 1,1.32174408435822,No,No,Non-working men,All others,Non-working men
66003.0,Mike Michaud,Shenna Bellows,Mike Michaud,45-65,30-59,50-59,45+,45-59,50-64,Non-Black 45-59,White 45-59,White 45-64,Complete,Call 1,2.0,Some college/assoc. degree,No college degree,More than High school graduate,White no college degree,Yes,Unfavorable,Unfavorable,2.0,Government should do more to solve problems,Did not go far enough,Less than 100k,"$30,000 or more",Less than 50k,Less than 50 thousand,"Under $50,000","$30,000-$49,999","Under $50,000 and white",No,No,Legal,Yes,Worried,Very worried,Disapprove,Strongly disapprove,45+,18-64,Independent/Something else,Non-black non-Democrat,White Independent,Independent,Independent Men,White Independent,Liberal,76.0,Moderate/Liberal Republicans,Liberal Independents,White,White,State questionnaire,White,White,East,Yes,Male,White men,Married men,Rural,Small Cities/Rural,Maine,Election day exit poll,Seriously off on the wrong track,Version 1,0.664098501205444,Yes,No,Non-working men,All others,Non-working men
93479.0,Mike Michaud,Shenna Bellows,Mike Michaud,30-44,30-59,30-39,18-44,30-44,30-39,Non-Black 30-44,White 30-44,White 30-44,Complete,Call 3,1.0,Postgraduate study,College graduate,More than High school graduate,White college degree,Yes,Favorable,Unfavorable,1.0,Government should do more to solve problems,Did not go far enough,Less than 100k,"$30,000 or more",Less than 50k,Less than 50 thousand,"Under $50,000","$30,000-$49,999","Under $50,000 and white",Yes,No,Legal,Yes,Worried,Somewhat worried,Approve,Somewhat approve,18-44,18-64,Independent/Something else,Non-black non-Democrat,White Independent,Something else,Independent Women,White Independent,Liberal,72.0,Moderate/Liberal Republicans,Liberal Independents,White,White,State questionnaire,White,White,East,Yes,Female,White women,Married women,"Cities 50,000-500,000","Cities over 50,000",Maine,Election day exit poll,Seriously off on the wrong track,Version 1,0.33858934044838,No,Yes,Working women,Working women,Working women
73805.0,Mike Michaud,Shenna Bellows,Mike Michaud,45-65,60+,60-64,45+,60+,50-64,Non-Black 60+,White 60+,White 45-64,Complete,Call 2,1.0,Postgraduate study,College graduate,More than High school graduate,White college degree,Yes,Favorable,Unfavorable,1.0,Government should do more to solve problems,Did not go far enough,Less than 100k,"Under $30,000",Less than 50k,Less than 50 thousand,"Under $50,000","Under $30,000","Under $50,000 and white",Yes,No,Illegal,Yes,Worried,Somewhat worried,Approve,Strongly approve,45+,18-64,Democrat,Non-black Democrat,White Democrat,Democrat,Democratic Women,White Democrat,Moderate,82.0,Moderate/Conservative Democrats,Mod/Conserv. Democrats,White,White,State questionnaire,White,White,East,Yes,Female,White women,Married women,Suburbs,Suburbs,Maine,Election day exit poll,Generally going in the right direction,Version 1,0.9538414478302,No,No,Non-working women,All others,Non-working women
79573.0,Mike Michaud,Shenna Bellows,Mike Michaud,18-29,18-29,25-29,18-44,18-29,25-29,Non-Black 18-29,White 18-29,White 18-29,Complete,Call 2,2.0,Some college/assoc. degree,No college degree,More than High school graduate,White no college degree,Yes,Favorable,Unfavorable,2.0,Government should do more to solve problems,Was about right,Less than 100k,"$30,000 or more",Less than 50k,Less than 50 thousand,"Under $50,000","$30,000-$49,999","Under $50,000 and white",No,No,Legal,No,Worried,Somewhat worried,Approve,Somewhat approve,18-44,18-64,Democrat,Non-black Democrat,White Democrat,Democrat,Democratic Women,White Democrat,Liberal,92.0,Liberal Democrats,Liberal Democrats,White,White,State questionnaire,White,White,East,Yes,Female,White women,Non married women,Rural,Small Cities/Rural,Maine,Election day exit poll,Seriously off on the wrong track,Version 1,0.755759954452515,Yes,Yes,Working women,Working women,Working women
66045.0,Mike Michaud,Shenna Bellows,Mike Michaud,30-44,30-59,40-44,18-44,30-44,40-49,Non-Black 30-44,White 30-44,White 30-44,Complete,Call 1,1.0,Postgraduate study,College graduate,More than High school graduate,White college degree,Yes,Favorable,Unfavorable,1.0,Government should do more to solve problems,Did not go far enough,Less than 100k,"Under $30,000",Less than 50k,Less than 50 thousand,"Under $50,000","Under $30,000","Under $50,000 and white",Yes,No,Legal,No,Not worried,Not too worried,Disapprove,Strongly disapprove,18-44,18-64,Independent/Something else,Non-black non-Democrat,White Independent,Independent,Independent Women,White Independent,Liberal,112.0,Moderate/Liberal Republicans,Liberal Independents,White,White,State questionnaire,White,White,East,Yes,Female,White women,Non married women,Rural,Small Cities/Rural,Maine,Election day exit poll,Seriously off on the wrong track,Version 1,1.51276969909668,No,No,Non-working women,All others,Non-working women
66044.0,Mike Michaud,Shenna Bellows,Mike Michaud,65+,60+,65 or over,45+,60+,65+,Non-Black 60+,White 60+,White 65+,Complete,Call 1,2.0,High school graduate,No college degree,High school graduate or less,White no college degree,Yes,Favorable,Unfavorable,2.0,Government should do more to solve problems,Went too far,Less than 100k,"Under $30,000",Less than 50k,Less than 50 thousand,"Under $50,000","Under $30,000","Under $50,000 and white",Yes,No,Legal,No,Worried,Very worried,Disapprove,Strongly disapprove,45+,65+,Democrat,Non-black Democrat,White Democrat,Democrat,Democratic Women,White Democrat,Conservative,76.0,Moderate/Conservative Democrats,Mod/Conserv. Democrats,White,White,State questionnaire,White,White,East,Yes,Female,White women,Non married women,Rural,Small Cities/Rural,Maine,Election day exit poll,Seriously off on the wrong track,Version 1,0.698249459266663,Yes,No,Non-working women,All others,Non-working women
61291.0,Mike Michaud,Shenna Bellows,Would not have voted,65+,60+,65 or over,45+,60+,65+,Non-Black 60+,White 60+,White 65+,Complete,Call 1,1.0,Some college/assoc. degree,No college degree,More than High school graduate,White no college degree,Yes,Unfavorable,Unfavorable,1.0,Government is doing too many things better left to businesses and individuals,Did not go far enough,Less than 100k,"Under $30,000",Less than 50k,Less than 50 thousand,"Under $50,000","Under $30,000","Under $50,000 and white",Yes,No,Legal,No,Worried,Very worried,Approve,Somewhat approve,45+,65+,Independent/Something else,Non-black non-Democrat,White Independent,Independent,Independent Women,White Independent,Moderate,82.0,Moderate/Liberal Republicans,Moderate Independents,White,White,State questionnaire,White,White,East,Yes,Female,White women,Non married women,Suburbs,Suburbs,Maine,Election day exit poll,Seriously off on the wrong track,Version 1,0.9538414478302,Yes,No,Non-working women,All others,Non-working women
62169.0,Mike Michaud,Shenna Bellows,,30-44,30-59,40-44,18-44,30-44,40-49,,,,Complete,Call 1,2.0,College graduate,College graduate,More than High school graduate,,,Favorable,Unfavorable,2.0,Government should do more to solve problems,,Less than 100k,"Under $30,000",Less than 50k,Less than 50 thousand,"Under $50,000","Under $30,000",,,No,Legal,,,,,,18-44,18-64,Democrat,,,Democrat,Democratic Men,,Liberal,63.0,Liberal Democrats,Liberal Democrats,,,National questionnaire,,,East,Yes,Male,,,Suburbs,Suburbs,Maine,Election day exit poll,Seriously off on the wrong track,Version 4,0.620358288288116,,,,,
73733.0,Mike Michaud,Shenna Bellows,Mike Michaud,45-65,60+,60-64,45+,60+,50-64,Non-Black 60+,White 60+,White 45-64,Complete,Call 2,1.0,College graduate,College graduate,More than High school graduate,White college degree,Yes,Favorable,Unfavorable,1.0,Government should do more to solve problems,Was about right,100k or more,"$30,000 or more",50k or more,100 thousand or more,"$100,000-$199,999","$100,000-$199,999","Over $50,000 and white",No,No,Legal,Yes,Not worried,Not too worried,Approve,Somewhat approve,45+,18-64,Democrat,Non-black Democrat,White Democrat,Democrat,Democratic Women,White Democrat,Liberal,82.0,Liberal Democrats,Liberal Democrats,White,White,State questionnaire,White,White,East,Yes,Female,White women,Married women,Suburbs,Suburbs,Maine,Election day exit poll,Generally going in the right direction,Version 1,0.9538414478302,No,Yes,Working women,Working women,Working women
66005.0,Mike Michaud,Shenna Bellows,Mike Michaud,45-65,30-59,50-59,45+,45-59,50-64,Non-Black 45-59,White 45-59,White 45-64,Complete,Call 1,1.0,High school graduate,No college degree,High school graduate or less,White no college degree,Yes,Favorable,Unfavorable,1.0,Government should do more to solve problems,Was about right,Less than 100k,"Under $30,000",Less than 50k,Less than 50 thousand,"Under $50,000","Under $30,000","Under $50,000 and white",No,No,Illegal,No,Worried,Very worried,Disapprove,Somewhat disapprove,45+,18-64,Democrat,Non-black Democrat,White Democrat,Democrat,Democratic Women,White Democrat,Liberal,112.0,Liberal Democrats,Liberal Democrats,White,White,State questionnaire,White,White,East,Yes,Female,White women,Non married women,Rural,Small Cities/Rural,Maine,Election day exit poll,Seriously off on the wrong track,Version 1,1.51276969909668,Yes,Yes,Working women,Working women,Working women
75659.0,Mike Michaud,Shenna Bellows,Mike Michaud,45-65,30-59,45-49,45+,45-59,40-49,Non-Black 45-59,White 45-59,White 45-64,Complete,Call 2,1.0,Some college/assoc. degree,No college degree,More than High school graduate,White no college degree,Yes,Favorable,Unfavorable,1.0,Government should do more to solve problems,Was about right,100k or more,"$30,000 or more",50k or more,100 thousand or more,"$200,000 or more","$200,000 or more","Over $50,000 and white",No,No,Legal,Yes,Not worried,Not at all worried,Approve,Strongly approve,45+,18-64,Democrat,Non-black Democrat,White Democrat,Democrat,Democratic Men,White Democrat,Liberal,114.0,Liberal Democrats,Liberal Democrats,White,White,State questionnaire,White,White,East,Yes,Male,White men,Married men,Suburbs,Suburbs,Maine,Election day exit poll,Generally going in the right direction,Version 1,0.928019106388092,No,No,Non-working men,All others,Non-working men
65997.0,Mike Michaud,Shenna Bellows,Mike Michaud,45-65,30-59,50-59,45+,45-59,50-64,Non-Black 45-59,White 45-59,White 45-64,Complete,Call 1,2.0,Some college/assoc. degree,No college degree,More than High school graduate,White no college degree,Yes,Unfavorable,Unfavorable,2.0,Government should do more to solve problems,Did not go far enough,100k or more,"$30,000 or more",50k or more,100 thousand or more,"$100,000-$199,999","$100,000-$199,999","Over $50,000 and white",No,No,Legal,Yes,Worried,Somewhat worried,Approve,Somewhat approve,45+,18-64,Independent/Something else,Non-black non-Democrat,White Independent,Independent,Independent Men,White Independent,Moderate,24.0,Moderate/Liberal Republicans,Moderate Independents,White,White,State questionnaire,White,White,East,Yes,Male,White men,Married men,Suburbs,Suburbs,Maine,Election day exit poll,Seriously off on the wrong track,Version 1,0.647496044635773,No,No,Non-working men,All others,Non-working men
65996.0,Mike Michaud,Shenna Bellows,Mike Michaud,45-65,30-59,50-59,45+,45-59,50-64,Non-Black 45-59,White 45-59,White 45-64,Complete,Call 1,2.0,Some college/assoc. degree,No college degree,More than High school graduate,White no college degree,Yes,Unfavorable,Unfavorable,2.0,Government should do more to solve problems,Did not go far enough,100k or more,"$30,000 or more",50k or more,100 thousand or more,"$100,000-$199,999","$100,000-$199,999","Over $50,000 and white",No,No,Legal,Yes,Worried,Somewhat worried,Approve,Somewhat approve,45+,18-64,Independent/Something else,Non-black non-Democrat,White Independent,Independent,Independent Men,White Independent,Moderate,24.0,Moderate/Liberal Republicans,Moderate Independents,White,White,State questionnaire,White,White,East,Yes,Male,White men,Married men,Suburbs,Suburbs,Maine,Election day exit poll,Seriously off on the wrong track,Version 1,0.647496044635773,No,No,Non-working men,All others,Non-working men
79510.0,Mike Michaud,Shenna Bellows,Mike Michaud,45-65,30-59,50-59,45+,45-59,50-64,Non-Black 45-59,White 45-59,White 45-64,Complete,Call 2,2.0,High school graduate,No college degree,High school graduate or less,White no college degree,Yes,Favorable,Unfavorable,2.0,Government is doing too many things better left to businesses and individuals,Did not go far enough,Less than 100k,"$30,000 or more",50k or more,50 to 100 thousand,"$50,000-$99,999","$50,000-$99,999","Over $50,000 and white",Yes,No,Legal,Yes,Worried,Very worried,Approve,Strongly approve,45+,18-64,Democrat,Non-black Democrat,White Democrat,Democrat,Democratic Women,White Democrat,Moderate,96.0,Moderate/Conservative Democrats,Mod/Conserv. Democrats,White,White,State questionnaire,White,White,East,Yes,Female,White women,Married women,Rural,Small Cities/Rural,Maine,Election day exit poll,Generally going in the right direction,Version 1,0.657047688961029,No,Yes,Working women,Working women,Working women
96888.0,Mike Michaud,Shenna Bellows,Mike Michaud,18-29,18-29,18-24,18-44,18-29,18-24,Non-Black 18-29,White 18-29,White 18-29,Complete,Call 3,1.0,High school graduate,No college degree,High school graduate or less,White no college degree,Yes,Favorable,Unfavorable,1.0,Government is doing too many things better left to businesses and individuals,Went too far,Less than 100k,"$30,000 or more",Less than 50k,Less than 50 thousand,"Under $50,000","$30,000-$49,999","Under $50,000 and white",Yes,No,Legal,No,Worried,Very worried,Disapprove,Somewhat disapprove,18-44,18-64,Democrat,Non-black Democrat,White Democrat,Democrat,Democratic Men,White Democrat,Liberal,88.0,Liberal Democrats,Liberal Democrats,White,White,State questionnaire,White,White,East,Yes,Male,White men,Non married men,Suburbs,Suburbs,Maine,Election day exit poll,Seriously off on the wrong track,Version 1,1.32174408435822,Yes,Yes,Working men,All others,Working men
64055.0,Mike Michaud,Shenna Bellows,Mike Michaud,65+,60+,65 or over,45+,60+,65+,Non-Black 60+,White 60+,White 65+,Complete,Call 1,1.0,Postgraduate study,College graduate,More than High school graduate,White college degree,Yes,Favorable,Unfavorable,1.0,Government should do more to solve problems,Did not go far enough,100k or more,"$30,000 or more",50k or more,100 thousand or more,"$100,000-$199,999","$100,000-$199,999","Over $50,000 and white",No,No,Illegal,Yes,Not worried,Not at all worried,Approve,Somewhat approve,45+,65+,Democrat,Non-black Democrat,White Democrat,Democrat,Democratic Men,White Democrat,Moderate,114.0,Moderate/Conservative Democrats,Mod/Conserv. Democrats,White,White,State questionnaire,White,White,East,Yes,Male,White men,Married men,Suburbs,Suburbs,Maine,Election day exit poll,Generally going in the right direction,Version 1,1.09892272949219,No,No,Non-working men,All others,Non-working men
65982.0,Mike Michaud,Shenna Bellows,Mike Michaud,30-44,30-59,40-44,18-44,30-44,40-49,Non-Black 30-44,All others,All others,Complete,Call 1,2.0,College graduate,College graduate,More than High school graduate,Non white college degree,Yes,Favorable,Unfavorable,2.0,Government should do more to solve problems,Went too far,Less than 100k,"$30,000 or more",Less than 50k,Less than 50 thousand,"Under $50,000","$30,000-$49,999","Under $50,000 and non white",Yes,No,Legal,No,Worried,Somewhat worried,Approve,Somewhat approve,18-44,18-64,Independent/Something else,Non-black non-Democrat,All Other,Independent,Independent Men,All others,Liberal,65.0,Moderate/Liberal Republicans,Liberal Independents,Other,American Indian,State questionnaire,Other,American Indian,East,Yes,Male,All other races,Non married men,Rural,Small Cities/Rural,Maine,Election day exit poll,Seriously off on the wrong track,Version 1,0.681574761867523,No,No,Non-working men,All others,Non-working men
93008.0,Mike Michaud,Shenna Bellows,Mike Michaud,45-65,60+,60-64,45+,60+,50-64,Non-Black 60+,White 60+,White 45-64,Complete,Call 3,2.0,Postgraduate study,College graduate,More than High school graduate,White college degree,Yes,Favorable,Unfavorable,2.0,Government should do more to solve problems,Did not go far enough,100k or more,"$30,000 or more",50k or more,100 thousand or more,"$100,000-$199,999","$100,000-$199,999","Over $50,000 and white",Yes,No,Legal,Yes,Worried,Somewhat worried,Approve,Somewhat approve,45+,18-64,Democrat,Non-black Democrat,White Democrat,Democrat,Democratic Women,White Democrat,Liberal,24.0,Liberal Democrats,Liberal Democrats,White,White,State questionnaire,White,White,East,Yes,Female,White women,Married women,Suburbs,Suburbs,Maine,Election day exit poll,Seriously off on the wrong track,Version 1,0.680793225765228,No,Yes,Working women,Working women,Working women
65964.0,Mike Michaud,Shenna Bellows,Mike Michaud,45-65,30-59,50-59,45+,45-59,50-64,Non-Black 45-59,White 45-59,White 45-64,Complete,Call 1,2.0,Postgraduate study,College graduate,More than High school graduate,White college degree,Yes,Favorable,Unfavorable,2.0,Government should do more to solve problems,Did not go far enough,100k or more,"$30,000 or more",50k or more,100 thousand or more,"$100,000-$199,999","$100,000-$199,999","Over $50,000 and white",Yes,,Illegal,Yes,Not worried,Not too worried,Approve,Strongly approve,45+,18-64,Democrat,Non-black Democrat,White Democrat,Democrat,Democratic Women,White Democrat,Liberal,24.0,Liberal Democrats,Liberal Democrats,White,White,State questionnaire,White,White,East,Yes,Female,White women,Married women,Suburbs,Suburbs,Maine,Election day exit poll,Generally going in the right direction,Version 1,0.574916779994965,No,No,Non-working women,All others,Non-working women
65962.0,Mike Michaud,Shenna Bellows,Mike Michaud,65+,60+,65 or over,45+,60+,65+,Non-Black 60+,White 60+,White 65+,Complete,Call 1,1.0,Some college/assoc. degree,No college degree,More than High school graduate,White no college degree,Yes,Favorable,Unfavorable,1.0,Government should do more to solve problems,Was about right,Less than 100k,"Under $30,000",Less than 50k,Less than 50 thousand,"Under $50,000","Under $30,000","Under $50,000 and white",Yes,No,Illegal,Yes,Not worried,Not too worried,Approve,Somewhat approve,45+,65+,Democrat,Non-black Democrat,White Democrat,Democrat,Democratic Women,White Democrat,Liberal,112.0,Liberal Democrats,Liberal Democrats,White,White,State questionnaire,White,White,East,Yes,Female,White women,Married women,Rural,Small Cities/Rural,Maine,Election day exit poll,Generally going in the right direction,Version 1,1.79136073589325,Yes,No,Non-working women,All others,Non-working women
75616.0,Mike Michaud,Shenna Bellows,Mike Michaud,45-65,30-59,50-59,45+,45-59,50-64,Non-Black 45-59,White 45-59,White 45-64,Complete,Call 2,1.0,Postgraduate study,College graduate,More than High school graduate,White college degree,Yes,Favorable,Unfavorable,1.0,Government should do more to solve problems,Did not go far enough,,,,,,,,No,No,Legal,Yes,Not worried,Not too worried,Approve,Somewhat approve,45+,18-64,Democrat,Non-black Democrat,White Democrat,Democrat,Democratic Women,White Democrat,Liberal,9.0,Liberal Democrats,Liberal Democrats,White,White,State questionnaire,White,White,East,Yes,Female,White women,Married women,Suburbs,Suburbs,Maine,Election day exit poll,Seriously off on the wrong track,Version 1,0.805500745773315,No,No,Non-working women,All others,Non-working women
75615.0,Mike Michaud,Shenna Bellows,Mike Michaud,45-65,30-59,50-59,45+,45-59,50-64,Non-Black 45-59,White 45-59,White 45-64,Complete,Call 2,1.0,Postgraduate study,College graduate,More than High school graduate,White college degree,Yes,Favorable,Unfavorable,1.0,Government should do more to solve problems,Did not go far enough,,,,,,,,No,No,Legal,Yes,Not worried,Not too worried,Approve,Somewhat approve,45+,18-64,Democrat,Non-black Democrat,White Democrat,Democrat,Democratic Women,White Democrat,Liberal,9.0,Liberal Democrats,Liberal Democrats,White,White,State questionnaire,White,White,East,Yes,Female,White women,Married women,Suburbs,Suburbs,Maine,Election day exit poll,Seriously off on the wrong track,Version 1,0.805500745773315,No,No,Non-working women,All others,Non-working women
75614.0,Mike Michaud,Shenna Bellows,Mike Michaud,45-65,60+,60-64,45+,60+,50-64,Non-Black 60+,White 60+,White 45-64,Complete,Call 2,1.0,High school graduate,No college degree,High school graduate or less,White no college degree,Yes,Favorable,Unfavorable,1.0,Omit,Was about right,Less than 100k,"$30,000 or more",50k or more,50 to 100 thousand,"$50,000-$99,999","$50,000-$99,999","Over $50,000 and white",Yes,No,Legal,No,Worried,Very worried,Approve,Strongly approve,45+,18-64,Independent/Something else,Non-black non-Democrat,White Independent,Independent,Independent Women,White Independent,Liberal,114.0,Moderate/Liberal Republicans,Liberal Independents,White,White,State questionnaire,White,White,East,Yes,Female,White women,Non married women,Suburbs,Suburbs,Maine,Election day exit poll,Seriously off on the wrong track,Version 1,0.975742042064667,No,Yes,Working women,Working women,Working women
92984.0,Mike Michaud,Shenna Bellows,,18-29,18-29,18-24,18-44,18-29,18-24,Non-Black 18-29,White 18-29,White 18-29,Complete,Call 3,2.0,High school graduate,No college degree,High school graduate or less,White no college degree,,Favorable,Unfavorable,2.0,Government should do more to solve problems,,Less than 100k,"$30,000 or more",50k or more,50 to 100 thousand,"$50,000-$99,999","$50,000-$99,999","Over $50,000 and white",,No,Legal,,,,,,18-44,18-64,Democrat,Non-black Democrat,White Democrat,Democrat,Democratic Men,White Democrat,Liberal,63.0,Liberal Democrats,Liberal Democrats,White,White,National questionnaire,White,White,East,Yes,Male,White men,,Suburbs,Suburbs,Maine,Election day exit poll,Generally going in the right direction,Version 4,0.840115308761597,No,,,,
65953.0,Mike Michaud,Shenna Bellows,Mike Michaud,45-65,60+,60-64,45+,60+,50-64,Non-Black 60+,White 60+,White 45-64,Complete,Call 1,2.0,High school graduate,No college degree,High school graduate or less,White no college degree,Yes,Favorable,Unfavorable,2.0,Government should do more to solve problems,Did not go far enough,Less than 100k,"Under $30,000",Less than 50k,Less than 50 thousand,"Under $50,000","Under $30,000","Under $50,000 and white",Yes,No,Legal,No,Worried,Somewhat worried,Approve,Somewhat approve,45+,18-64,Democrat,Non-black Democrat,White Democrat,Democrat,Democratic Women,White Democrat,Moderate,65.0,Moderate/Conservative Democrats,Mod/Conserv. Democrats,White,White,State questionnaire,White,White,East,Yes,Female,White women,Non married women,Rural,Small Cities/Rural,Maine,Election day exit poll,Generally going in the right direction,Version 1,0.716624438762665,Yes,No,Non-working women,All others,Non-working women
62072.0,Mike Michaud,Shenna Bellows,,18-29,18-29,18-24,18-44,18-29,18-24,Non-Black 18-29,White 18-29,White 18-29,Complete,Call 1,2.0,High school graduate,No college degree,High school graduate or less,White no college degree,,,,2.0,,Was about right,100k or more,"$30,000 or more",50k or more,100 thousand or more,"$100,000-$199,999","$100,000-$199,999","Over $50,000 and white",,No,,No,,,,,18-44,18-64,Democrat,Non-black Democrat,White Democrat,Democrat,Democratic Women,White Democrat,Liberal,63.0,Liberal Democrats,Liberal Democrats,White,White,National questionnaire,White,White,East,,Female,White women,Non married women,Suburbs,Suburbs,Maine,Election day exit poll,,Version 2,0.745944917201996,No,No,Non-working women,All others,Non-working women
65928.0,Mike Michaud,Shenna Bellows,Mike Michaud,45-65,60+,60-64,45+,60+,50-64,Non-Black 60+,White 60+,White 45-64,Complete,Call 1,2.0,High school graduate,No college degree,High school graduate or less,White no college degree,Yes,Favorable,Favorable,2.0,Government should do more to solve problems,Went too far,Less than 100k,"Under $30,000",Less than 50k,Less than 50 thousand,"Under $50,000","Under $30,000","Under $50,000 and white",Yes,No,Legal,Yes,Worried,Very worried,Approve,Strongly approve,45+,18-64,Democrat,Non-black Democrat,White Democrat,Democrat,Democratic Women,White Democrat,Moderate,96.0,Moderate/Conservative Democrats,Mod/Conserv. Democrats,White,White,State questionnaire,White,White,East,Yes,Female,White women,Married women,Rural,Small Cities/Rural,Maine,Election day exit poll,Seriously off on the wrong track,Version 1,0.778049409389496,Yes,Yes,Working women,Working women,Working women
92908.0,Mike Michaud,Shenna Bellows,Mike Michaud,45-65,30-59,45-49,45+,45-59,40-49,Non-Black 45-59,White 45-59,White 45-64,Complete,Call 3,2.0,College graduate,College graduate,More than High school graduate,White college degree,Yes,Favorable,Unfavorable,2.0,Government should do more to solve problems,Did not go far enough,Less than 100k,"$30,000 or more",Less than 50k,Less than 50 thousand,"Under $50,000","$30,000-$49,999","Under $50,000 and white",Yes,No,Legal,No,Worried,Very worried,Approve,Somewhat approve,45+,18-64,Independent/Something else,Non-black non-Democrat,White Independent,Independent,Independent Women,White Independent,Liberal,24.0,Moderate/Liberal Republicans,Liberal Independents,White,White,State questionnaire,White,White,East,Yes,Female,White women,Non married women,Suburbs,Suburbs,Maine,Election day exit poll,Seriously off on the wrong track,Version 1,0.574916779994965,No,Yes,Working women,Working women,Working women
75576.0,Mike Michaud,Shenna Bellows,Mike Michaud,45-65,30-59,50-59,45+,45-59,50-64,Non-Black 45-59,White 45-59,White 45-64,Complete,Call 2,1.0,High school graduate,No college degree,High school graduate or less,White no college degree,Yes,Favorable,Unfavorable,1.0,Government should do more to solve problems,Did not go far enough,Less than 100k,"$30,000 or more",50k or more,50 to 100 thousand,"$50,000-$99,999","$50,000-$99,999","Over $50,000 and white",No,No,Legal,Yes,Not worried,Not too worried,Approve,Strongly approve,45+,18-64,Independent/Something else,Non-black non-Democrat,White Independent,Independent,Independent Men,White Independent,Moderate,114.0,Moderate/Liberal Republicans,Moderate Independents,White,White,State questionnaire,White,White,East,Yes,Male,White men,Married men,Suburbs,Suburbs,Maine,Election day exit poll,Generally going in the right direction,Version 1,0.928019106388092,No,Yes,Working men,All others,Working men
65919.0,Mike Michaud,Shenna Bellows,Mike Michaud,65+,60+,65 or over,45+,60+,65+,Non-Black 60+,White 60+,White 65+,Complete,Call 1,2.0,Some college/assoc. degree,No college degree,More than High school graduate,White no college degree,Yes,Favorable,Unfavorable,2.0,Government is doing too many things better left to businesses and individuals,Went too far,Less than 100k,"$30,000 or more",50k or more,50 to 100 thousand,"$50,000-$99,999","$50,000-$99,999","Over $50,000 and white",Yes,No,Illegal,Yes,Worried,Very worried,Disapprove,Somewhat disapprove,45+,65+,Democrat,Non-black Democrat,White Democrat,Democrat,Democratic Men,White Democrat,Moderate,76.0,Moderate/Conservative Democrats,Mod/Conserv. Democrats,White,White,State questionnaire,White,White,East,Yes,Male,White men,Married men,Rural,Small Cities/Rural,Maine,Election day exit poll,Seriously off on the wrong track,Version 1,0.786398649215698,No,No,Non-working men,All others,Non-working men
65907.0,Mike Michaud,Shenna Bellows,Mike Michaud,45-65,30-59,50-59,45+,45-59,50-64,Non-Black 45-59,White 45-59,White 45-64,Complete,Call 1,2.0,Some college/assoc. degree,No college degree,More than High school graduate,White no college degree,Yes,Favorable,Unfavorable,2.0,Government is doing too many things better left to businesses and individuals,Was about right,Less than 100k,"$30,000 or more",50k or more,50 to 100 thousand,"$50,000-$99,999","$50,000-$99,999","Over $50,000 and white",Yes,No,Illegal,Yes,Not worried,Not too worried,Approve,Somewhat approve,45+,18-64,Democrat,Non-black Democrat,White Democrat,Democrat,Democratic Men,White Democrat,Moderate,65.0,Moderate/Conservative Democrats,Mod/Conserv. Democrats,White,White,State questionnaire,White,White,East,Yes,Male,White men,Married men,Rural,Small Cities/Rural,Maine,Election day exit poll,Generally going in the right direction,Version 1,0.681574761867523,No,Yes,Working men,All others,Working men
65902.0,Mike Michaud,Shenna Bellows,Mike Michaud,30-44,30-59,30-39,18-44,30-44,30-39,Non-Black 30-44,White 30-44,White 30-44,Complete,Call 1,2.0,Some college/assoc. degree,No college degree,More than High school graduate,White no college degree,Omit,Omit,Omit,2.0,Government is doing too many things better left to businesses and individuals,Was about right,100k or more,"$30,000 or more",50k or more,100 thousand or more,"$200,000 or more","$200,000 or more","Over $50,000 and white",Yes,No,Illegal,Yes,Worried,Somewhat worried,Approve,Somewhat approve,18-44,18-64,Independent/Something else,Non-black non-Democrat,White Independent,Independent,Independent Women,White Independent,Moderate,24.0,Moderate/Liberal Republicans,Moderate Independents,White,White,State questionnaire,White,White,East,Yes,Female,White women,Married women,Suburbs,Suburbs,Maine,Election day exit poll,Seriously off on the wrong track,Version 1,0.574916779994965,No,No,Non-working women,All others,Non-working women
94289.0,Mike Michaud,Shenna Bellows,Mike Michaud,45-65,30-59,50-59,45+,45-59,50-64,Non-Black 45-59,White 45-59,White 45-64,Complete,Call 3,1.0,College graduate,College graduate,More than High school graduate,White college degree,Yes,Favorable,Unfavorable,1.0,Government should do more to solve problems,Did not go far enough,Less than 100k,"$30,000 or more",50k or more,50 to 100 thousand,"$50,000-$99,999","$50,000-$99,999","Over $50,000 and white",Yes,No,Omit,Yes,Worried,Somewhat worried,Approve,Strongly approve,45+,18-64,Independent/Something else,Non-black non-Democrat,White Independent,Independent,Independent Women,White Independent,Moderate,9.0,Moderate/Liberal Republicans,Moderate Independents,White,White,State questionnaire,White,White,East,Yes,Female,White women,Married women,Suburbs,Suburbs,Maine,Election day exit poll,Seriously off on the wrong track,Version 1,0.805500745773315,No,Yes,Working women,Working women,Working women
65887.0,Mike Michaud,Shenna Bellows,Mike Michaud,45-65,30-59,50-59,45+,45-59,50-64,Non-Black 45-59,White 45-59,White 45-64,Complete,Call 1,2.0,College graduate,College graduate,More than High school graduate,White college degree,Yes,Favorable,Unfavorable,2.0,Government should do more to solve problems,Was about right,100k or more,"$30,000 or more",50k or more,100 thousand or more,"$100,000-$199,999","$100,000-$199,999","Over $50,000 and white",Yes,No,Legal,Yes,Worried,Somewhat worried,Approve,Strongly approve,45+,18-64,Democrat,Non-black Democrat,White Democrat,Democrat,Democratic Men,White Democrat,Liberal,65.0,Liberal Democrats,Liberal Democrats,White,White,State questionnaire,White,White,East,Yes,Male,White men,Married men,Rural,Small Cities/Rural,Maine,Election day exit poll,Seriously off on the wrong track,Version 1,0.681574761867523,No,Yes,Working men,All others,Working men
92920.0,Mike Michaud,Shenna Bellows,Mike Michaud,45-65,30-59,45-49,45+,45-59,40-49,Non-Black 45-59,White 45-59,White 45-64,Complete,Call 3,2.0,Some college/assoc. degree,No college degree,More than High school graduate,White no college degree,Omit,Omit,Unfavorable,2.0,Government should do more to solve problems,Did not go far enough,Less than 100k,"$30,000 or more",Less than 50k,Less than 50 thousand,"Under $50,000","$30,000-$49,999","Under $50,000 and white",Yes,No,Legal,Yes,Not worried,Not at all worried,Approve,Somewhat approve,45+,18-64,Independent/Something else,Non-black non-Democrat,White Independent,Independent,Independent Men,White Independent,Liberal,92.0,Moderate/Liberal Republicans,Liberal Independents,White,White,State questionnaire,White,White,East,Yes,Male,White men,Married men,Rural,Small Cities/Rural,Maine,Election day exit poll,Generally going in the right direction,Version 1,0.681574761867523,Yes,Yes,Working men,All others,Working men
60090.0,Mike Michaud,Shenna Bellows,Mike Michaud,45-65,30-59,50-59,45+,45-59,50-64,Non-Black 45-59,White 45-59,White 45-64,Complete,Call 1,1.0,Some college/assoc. degree,No college degree,More than High school graduate,White no college degree,Yes,Omit,Unfavorable,1.0,Omit,Omit,Less than 100k,"$30,000 or more",Less than 50k,Less than 50 thousand,"Under $50,000","$30,000-$49,999","Under $50,000 and white",Yes,No,Illegal,No,Worried,Somewhat worried,Approve,Strongly approve,45+,18-64,Democrat,Non-black Democrat,White Democrat,Democrat,Democratic Women,White Democrat,Liberal,9.0,Liberal Democrats,Liberal Democrats,White,White,State questionnaire,White,White,East,Yes,Female,White women,Non married women,Suburbs,Suburbs,Maine,Election day exit poll,Omit,Version 1,0.805500745773315,Yes,Yes,Working women,Working women,Working women
65866.0,Mike Michaud,Shenna Bellows,Mike Michaud,65+,60+,65 or over,45+,60+,65+,Non-Black 60+,White 60+,White 65+,Complete,Call 1,2.0,High school graduate,No college degree,High school graduate or less,White no college degree,Yes,Favorable,Unfavorable,2.0,Government is doing too many things better left to businesses and individuals,Was about right,Less than 100k,"Under $30,000",Less than 50k,Less than 50 thousand,"Under $50,000","Under $30,000","Under $50,000 and white",Yes,No,Illegal,No,Not worried,Not at all worried,Approve,Strongly approve,45+,65+,Democrat,Non-black Democrat,White Democrat,Democrat,Democratic Women,White Democrat,Moderate,65.0,Moderate/Conservative Democrats,Mod/Conserv. Democrats,White,White,State questionnaire,White,White,East,No,Female,White women,Non married women,Rural,Small Cities/Rural,Maine,Election day exit poll,Seriously off on the wrong track,Version 1,0.716624438762665,Yes,No,Non-working women,All others,Non-working women
75519.0,Mike Michaud,Shenna Bellows,Mike Michaud,45-65,60+,60-64,45+,60+,50-64,Non-Black 60+,White 60+,White 45-64,Complete,Call 2,1.0,Postgraduate study,College graduate,More than High school graduate,White college degree,Yes,Favorable,Unfavorable,1.0,Government should do more to solve problems,Was about right,100k or more,"$30,000 or more",50k or more,100 thousand or more,"$200,000 or more","$200,000 or more","Over $50,000 and white",Yes,No,Legal,Yes,Worried,Somewhat worried,Approve,Strongly approve,45+,18-64,Democrat,Non-black Democrat,White Democrat,Democrat,Democratic Women,White Democrat,Liberal,114.0,Liberal Democrats,Liberal Democrats,White,White,State questionnaire,White,White,East,Yes,Female,White women,Married women,Suburbs,Suburbs,Maine,Election day exit poll,Generally going in the right direction,Version 1,0.975742042064667,No,No,Non-working women,All others,Non-working women
60067.0,Mike Michaud,Shenna Bellows,Mike Michaud,30-44,30-59,40-44,18-44,30-44,40-49,Non-Black 30-44,White 30-44,White 30-44,Complete,Call 1,1.0,Postgraduate study,College graduate,More than High school graduate,White college degree,Yes,Favorable,Unfavorable,1.0,Government should do more to solve problems,Did not go far enough,Less than 100k,"$30,000 or more",Less than 50k,Less than 50 thousand,"Under $50,000","$30,000-$49,999","Under $50,000 and white",Yes,No,Legal,No,Worried,Very worried,Approve,Somewhat approve,18-44,18-64,Democrat,Non-black Democrat,White Democrat,Democrat,Democratic Women,White Democrat,Liberal,82.0,Liberal Democrats,Liberal Democrats,White,White,State questionnaire,White,White,East,Yes,Female,White women,Non married women,Suburbs,Suburbs,Maine,Election day exit poll,Seriously off on the wrong track,Version 1,0.805500745773315,No,Yes,Working women,Working women,Working women
91791.0,Mike Michaud,Shenna Bellows,,18-29,18-29,18-24,18-44,18-29,18-24,Non-Black 18-29,White 18-29,White 18-29,Complete,Call 3,2.0,High school graduate,No college degree,High school graduate or less,White no college degree,,Favorable,Unfavorable,2.0,Government should do more to solve problems,,Less than 100k,"$30,000 or more",50k or more,50 to 100 thousand,"$50,000-$99,999","$50,000-$99,999","Over $50,000 and white",,No,Legal,,,,,,18-44,18-64,Republican,Non-black non-Democrat,All Republicans,Republican,Republican Women,White Republican,Liberal,63.0,Conservative Republicans,Mod./Liberal Republicans,White,White,National questionnaire,White,White,East,Yes,Female,White women,,Suburbs,Suburbs,Maine,Election day exit poll,Generally going in the right direction,Version 4,0.745944917201996,No,,,,
94999.0,Mike Michaud,Shenna Bellows,Mike Michaud,45-65,60+,60-64,45+,60+,50-64,Non-Black 60+,Latino 60+,Latino 45-64,Not complete,Call 3,2.0,,,,,,,,2.0,Government should do more to solve problems,,,,,,,,,,Yes,,,,,,,45+,18-64,,,,,,,,92.0,,,Other,Hispanic/Latino,State questionnaire,Hispanic/Latino,Hispanic/Latino,East,Yes,Female,Latino women,,Rural,Small Cities/Rural,Maine,Election day exit poll,Omit,Version 1,0.716624438762665,,Yes,Working women,Working women,Working women
65838.0,Mike Michaud,Shenna Bellows,Mike Michaud,45-65,30-59,45-49,45+,45-59,40-49,Non-Black 45-59,White 45-59,White 45-64,Complete,Call 1,2.0,Postgraduate study,College graduate,More than High school graduate,White college degree,Yes,Favorable,Unfavorable,2.0,Government is doing too many things better left to businesses and individuals,Went too far,Less than 100k,"$30,000 or more",50k or more,50 to 100 thousand,"$50,000-$99,999","$50,000-$99,999","Over $50,000 and white",Yes,No,Legal,Yes,Worried,Somewhat worried,Approve,Somewhat approve,45+,18-64,Democrat,Non-black Democrat,White Democrat,Democrat,Democratic Women,White Democrat,Moderate,65.0,Moderate/Conservative Democrats,Mod/Conserv. Democrats,White,White,State questionnaire,White,White,East,No,Female,White women,Married women,Rural,Small Cities/Rural,Maine,Election day exit poll,Generally going in the right direction,Version 1,0.60517555475235,No,No,Non-working women,All others,Non-working women
61967.0,Mike Michaud,Shenna Bellows,,18-29,18-29,18-24,18-44,18-29,18-24,Non-Black 18-29,White 18-29,White 18-29,Complete,Call 1,2.0,Some college/assoc. degree,No college degree,More than High school graduate,White no college degree,,,,2.0,,,Less than 100k,"$30,000 or more",50k or more,50 to 100 thousand,"$50,000-$99,999","$50,000-$99,999","Over $50,000 and white",,No,,,Worried,Somewhat worried,Approve,Somewhat approve,18-44,18-64,Independent/Something else,Non-black non-Democrat,White Independent,Something else,Independent Women,White Independent,Moderate,63.0,Moderate/Liberal Republicans,Moderate Independents,White,White,National questionnaire,White,White,East,,Female,White women,,Suburbs,Suburbs,Maine,Election day exit poll,,Version 1,0.745944917201996,No,,,,
63897.0,Mike Michaud,Shenna Bellows,Mike Michaud,65+,60+,65 or over,45+,60+,65+,Non-Black 60+,White 60+,White 65+,Complete,Call 1,1.0,College graduate,College graduate,More than High school graduate,White college degree,Yes,Favorable,Unfavorable,1.0,Government should do more to solve problems,Was about right,Less than 100k,"Under $30,000",Less than 50k,Less than 50 thousand,"Under $50,000","Under $30,000","Under $50,000 and white",No,No,Legal,No,Worried,Somewhat worried,Approve,Somewhat approve,45+,65+,Democrat,Non-black Democrat,White Democrat,Democrat,Democratic Men,White Democrat,Liberal,88.0,Liberal Democrats,Liberal Democrats,White,White,State questionnaire,White,White,East,Yes,Male,White men,Non married men,Suburbs,Suburbs,Maine,Election day exit poll,Seriously off on the wrong track,Version 1,1.25330030918121,No,No,Non-working men,All others,Non-working men
92858.0,Mike Michaud,Shenna Bellows,Mike Michaud,18-29,18-29,18-24,18-44,18-29,18-24,Non-Black 18-29,White 18-29,White 18-29,Complete,Call 3,1.0,College graduate,College graduate,More than High school graduate,White college degree,No,Favorable,Unfavorable,1.0,Government should do more to solve problems,Was about right,Less than 100k,"$30,000 or more",Less than 50k,Less than 50 thousand,"Under $50,000","$30,000-$49,999","Under $50,000 and white",Yes,No,Legal,No,Not worried,Not too worried,Approve,Strongly approve,18-44,18-64,Democrat,Non-black Democrat,White Democrat,Democrat,Democratic Women,White Democrat,Liberal,82.0,Liberal Democrats,Liberal Democrats,White,White,State questionnaire,White,White,East,Yes,Female,White women,Non married women,Suburbs,Suburbs,Maine,Election day exit poll,Generally going in the right direction,Version 1,1.00593161582947,No,Yes,Working women,Working women,Working women
73546.0,Mike Michaud,Shenna Bellows,Mike Michaud,65+,60+,65 or over,45+,60+,65+,Non-Black 60+,White 60+,White 65+,Complete,Call 2,1.0,College graduate,College graduate,More than High school graduate,White college degree,Yes,Favorable,Unfavorable,1.0,Government should do more to solve problems,Did not go far enough,Less than 100k,"$30,000 or more",50k or more,50 to 100 thousand,"$50,000-$99,999","$50,000-$99,999","Over $50,000 and white",Yes,No,Legal,No,Worried,Somewhat worried,Approve,Strongly approve,45+,65+,Independent/Something else,Non-black non-Democrat,White Independent,Independent,Independent Women,White Independent,Moderate,82.0,Moderate/Liberal Republicans,Moderate Independents,White,White,State questionnaire,White,White,East,Yes,Female,White women,Non married women,Suburbs,Suburbs,Maine,Election day exit poll,Generally going in the right direction,Version 1,0.9538414478302,No,No,Non-working women,All others,Non-working women
65821.0,Mike Michaud,Shenna Bellows,Mike Michaud,30-44,30-59,30-39,18-44,30-44,30-39,Non-Black 30-44,White 30-44,White 30-44,Complete,Call 1,2.0,Some college/assoc. degree,No college degree,More than High school graduate,White no college degree,Yes,Favorable,Favorable,2.0,Government should do more to solve problems,Did not go far enough,Less than 100k,"$30,000 or more",Less than 50k,Less than 50 thousand,"Under $50,000","$30,000-$49,999","Under $50,000 and white",Yes,No,Legal,Yes,Worried,Somewhat worried,Disapprove,Somewhat disapprove,18-44,18-64,Independent/Something else,Non-black non-Democrat,White Independent,Independent,Independent Women,White Independent,Moderate,76.0,Moderate/Liberal Republicans,Moderate Independents,White,White,State questionnaire,White,White,East,Yes,Female,White women,Married women,Rural,Small Cities/Rural,Maine,Election day exit poll,Seriously off on the wrong track,Version 1,0.589658200740814,Yes,Yes,Working women,Working women,Working women
65808.0,Mike Michaud,Shenna Bellows,Mike Michaud,45-65,30-59,50-59,45+,45-59,50-64,Non-Black 45-59,White 45-59,White 45-64,Complete,Call 1,2.0,High school graduate,No college degree,High school graduate or less,White no college degree,No,Favorable,Unfavorable,2.0,Government should do more to solve problems,Did not go far enough,100k or more,"$30,000 or more",50k or more,100 thousand or more,"$100,000-$199,999","$100,000-$199,999","Over $50,000 and white",No,No,Legal,Yes,Worried,Very worried,Approve,Somewhat approve,45+,18-64,Democrat,Non-black Democrat,White Democrat,Democrat,Democratic Men,White Democrat,Liberal,65.0,Liberal Democrats,Liberal Democrats,White,White,State questionnaire,White,White,East,Yes,Male,White men,Married men,Rural,Small Cities/Rural,Maine,Election day exit poll,Generally going in the right direction,Version 1,0.681574761867523,No,No,Non-working men,All others,Non-working men
92150.0,Mike Michaud,Shenna Bellows,Mike Michaud,45-65,30-59,45-49,45+,45-59,40-49,Non-Black 45-59,White 45-59,White 45-64,Complete,Call 3,2.0,Postgraduate study,College graduate,More than High school graduate,White college degree,Yes,Favorable,Favorable,2.0,Government should do more to solve problems,Did not go far enough,100k or more,"$30,000 or more",50k or more,100 thousand or more,"$100,000-$199,999","$100,000-$199,999","Over $50,000 and white",Yes,No,Illegal,Yes,Worried,Somewhat worried,Approve,Strongly approve,45+,18-64,Independent/Something else,Non-black non-Democrat,White Independent,Independent,Independent Women,White Independent,Moderate,76.0,Moderate/Liberal Republicans,Moderate Independents,White,White,State questionnaire,White,White,East,Yes,Female,White women,Married women,Rural,Small Cities/Rural,Maine,Election day exit poll,Generally going in the right direction,Version 1,0.589658200740814,No,Yes,Working women,Working women,Working women
65804.0,Mike Michaud,Shenna Bellows,Mike Michaud,65+,60+,65 or over,45+,60+,65+,Non-Black 60+,White 60+,White 65+,Complete,Call 1,2.0,Postgraduate study,College graduate,More than High school graduate,White college degree,Yes,Favorable,Unfavorable,2.0,Omit,Was about right,,,,,,,,Yes,No,Legal,No,Not worried,Not at all worried,Approve,Strongly approve,45+,65+,Independent/Something else,Non-black non-Democrat,White Independent,Independent,Independent Men,White Independent,Moderate,92.0,Moderate/Liberal Republicans,Moderate Independents,White,White,State questionnaire,White,White,East,Yes,Male,White men,Non married men,Rural,Small Cities/Rural,Maine,Election day exit poll,Seriously off on the wrong track,Version 1,0.807093322277069,No,No,Non-working men,All others,Non-working men
97347.0,Mike Michaud,Shenna Bellows,Mike Michaud,45-65,60+,60-64,45+,60+,50-64,Non-Black 60+,White 60+,White 45-64,Not complete,Call 3,1.0,,,,,,,,1.0,Government should do more to solve problems,,,,,,,,,,No,,,,,,,45+,18-64,,,,,,,,88.0,,,White,White,State questionnaire,White,White,East,Yes,Female,White women,,Suburbs,Suburbs,Maine,Election day exit poll,Omit,Version 1,1.11281502246857,,Yes,Working women,Working women,Working women
75421.0,Mike Michaud,Shenna Bellows,Mike Michaud,65+,60+,65 or over,45+,60+,65+,Non-Black 60+,White 60+,White 65+,Complete,Call 2,1.0,Some college/assoc. degree,No college degree,More than High school graduate,White no college degree,Yes,Favorable,Unfavorable,1.0,Government should do more to solve problems,Did not go far enough,Less than 100k,"Under $30,000",Less than 50k,Less than 50 thousand,"Under $50,000","Under $30,000","Under $50,000 and white",Yes,No,Legal,No,Worried,Very worried,Disapprove,Somewhat disapprove,45+,65+,Independent/Something else,Non-black non-Democrat,White Independent,Independent,Independent Women,White Independent,Liberal,9.0,Moderate/Liberal Republicans,Liberal Independents,White,White,State questionnaire,White,White,East,Yes,Female,White women,Non married women,Suburbs,Suburbs,Maine,Election day exit poll,Seriously off on the wrong track,Version 1,0.9538414478302,Yes,No,Non-working women,All others,Non-working women
59964.0,Mike Michaud,Shenna Bellows,Mike Michaud,18-29,18-29,18-24,18-44,18-29,18-24,Non-Black 18-29,White 18-29,White 18-29,Complete,Call 1,1.0,High school graduate,No college degree,High school graduate or less,White no college degree,Omit,Omit,Omit,1.0,Government should do more to solve problems,Omit,,,,,,,,Omit,No,Omit,,Omit,Omit,Omit,Omit,18-44,18-64,,,,,,,,9.0,,,White,White,State questionnaire,White,White,East,Yes,Female,White women,,Suburbs,Suburbs,Maine,Election day exit poll,Omit,Version 1,1.00593161582947,,No,Non-working women,All others,Non-working women
65756.0,Mike Michaud,Shenna Bellows,Mike Michaud,,,,,,,,,,Complete,Call 1,2.0,Postgraduate study,College graduate,More than High school graduate,,Yes,Favorable,Unfavorable,2.0,Government should do more to solve problems,Did not go far enough,,,,,,,,Omit,,Legal,,Omit,Omit,Approve,Somewhat approve,,,Democrat,,,Democrat,Democratic Men,,Liberal,92.0,Liberal Democrats,Liberal Democrats,,,State questionnaire,,,East,Yes,Male,,,Rural,Small Cities/Rural,Maine,Election day exit poll,Omit,Version 1,0.669326364994049,,,,All others,
92785.0,Mike Michaud,Shenna Bellows,Mike Michaud,65+,60+,65 or over,45+,60+,65+,Non-Black 60+,White 60+,White 65+,Complete,Call 3,2.0,Some college/assoc. degree,No college degree,More than High school graduate,White no college degree,Yes,Favorable,Unfavorable,2.0,Government should do more to solve problems,Did not go far enough,100k or more,"$30,000 or more",50k or more,100 thousand or more,"$100,000-$199,999","$100,000-$199,999","Over $50,000 and white",Yes,No,Legal,Yes,Not worried,Not at all worried,Approve,Strongly approve,45+,65+,Independent/Something else,Non-black non-Democrat,White Independent,Independent,Independent Men,White Independent,Moderate,24.0,Moderate/Liberal Republicans,Moderate Independents,White,White,State questionnaire,White,White,East,Yes,Male,White men,Married men,Suburbs,Suburbs,Maine,Election day exit poll,Generally going in the right direction,Version 1,0.766738653182983,No,No,Non-working men,All others,Non-working men
75404.0,Mike Michaud,Shenna Bellows,Mike Michaud,65+,60+,65 or over,45+,60+,65+,Non-Black 60+,White 60+,White 65+,Complete,Call 2,1.0,Postgraduate study,College graduate,More than High school graduate,White college degree,Yes,Unfavorable,Unfavorable,1.0,Government should do more to solve problems,Did not go far enough,100k or more,"$30,000 or more",50k or more,100 thousand or more,"$100,000-$199,999","$100,000-$199,999","Over $50,000 and white",Yes,No,Legal,Yes,Worried,Somewhat worried,Disapprove,Somewhat disapprove,45+,65+,Independent/Something else,Non-black non-Democrat,White Independent,Independent,Independent Men,White Independent,Moderate,114.0,Moderate/Liberal Republicans,Moderate Independents,White,White,State questionnaire,White,White,East,Yes,Male,White men,Married men,Suburbs,Suburbs,Maine,Election day exit poll,Seriously off on the wrong track,Version 1,1.09892272949219,No,Yes,Working men,All others,Working men
73471.0,Mike Michaud,Shenna Bellows,Mike Michaud,65+,60+,65 or over,45+,60+,65+,Non-Black 60+,White 60+,White 65+,Complete,Call 2,1.0,Postgraduate study,College graduate,More than High school graduate,White college degree,Yes,Favorable,Unfavorable,1.0,Government should do more to solve problems,Did not go far enough,Less than 100k,"Under $30,000",Less than 50k,Less than 50 thousand,"Under $50,000","Under $30,000","Under $50,000 and white",Yes,No,Legal,Yes,Worried,Somewhat worried,Approve,Somewhat approve,45+,65+,Democrat,Non-black Democrat,White Democrat,Democrat,Democratic Men,White Democrat,Liberal,72.0,Liberal Democrats,Liberal Democrats,White,White,State questionnaire,White,White,East,Yes,Male,White men,Married men,"Cities 50,000-500,000","Cities over 50,000",Maine,Election day exit poll,Seriously off on the wrong track,Version 1,0.451560258865356,No,No,Non-working men,All others,Non-working men
94420.0,Mike Michaud,Shenna Bellows,Mike Michaud,65+,60+,65 or over,45+,60+,65+,Non-Black 60+,White 60+,White 65+,Complete,Call 3,1.0,College graduate,College graduate,More than High school graduate,White college degree,Yes,Favorable,Unfavorable,1.0,Government should do more to solve problems,Did not go far enough,,,,,,,,Yes,No,Legal,Yes,Worried,Somewhat worried,Approve,Somewhat approve,45+,65+,Independent/Something else,Non-black non-Democrat,White Independent,Independent,Independent Men,White Independent,Moderate,72.0,Moderate/Liberal Republicans,Moderate Independents,White,White,State questionnaire,White,White,East,Yes,Male,White men,Married men,"Cities 50,000-500,000","Cities over 50,000",Maine,Election day exit poll,Generally going in the right direction,Version 1,0.451560258865356,No,Yes,Working men,All others,Working men
92767.0,Mike Michaud,Shenna Bellows,Mike Michaud,30-44,30-59,40-44,18-44,30-44,40-49,Non-Black 30-44,White 30-44,White 30-44,Complete,Call 3,1.0,Postgraduate study,College graduate,More than High school graduate,White college degree,Yes,Favorable,Unfavorable,1.0,Government should do more to solve problems,Did not go far enough,Less than 100k,"$30,000 or more",50k or more,50 to 100 thousand,"$50,000-$99,999","$50,000-$99,999","Over $50,000 and white",Yes,No,Legal,Yes,Worried,Somewhat worried,Approve,Somewhat approve,18-44,18-64,Democrat,Non-black Democrat,White Democrat,Democrat,Democratic Men,White Democrat,Liberal,82.0,Liberal Democrats,Liberal Democrats,White,White,State questionnaire,White,White,East,Yes,Male,White men,Married men,Suburbs,Suburbs,Maine,Election day exit poll,Generally going in the right direction,Version 1,0.907189667224884,No,Yes,Working men,All others,Working men
63797.0,Mike Michaud,Shenna Bellows,Mike Michaud,45-65,60+,60-64,45+,60+,50-64,Non-Black 60+,White 60+,White 45-64,Complete,Call 1,1.0,College graduate,College graduate,More than High school graduate,White college degree,Yes,Favorable,Unfavorable,1.0,Government should do more to solve problems,Did not go far enough,Less than 100k,"$30,000 or more",50k or more,50 to 100 thousand,"$50,000-$99,999","$50,000-$99,999","Over $50,000 and white",Yes,No,Legal,No,Worried,Very worried,Approve,Somewhat approve,45+,18-64,Independent/Something else,Non-black non-Democrat,White Independent,Something else,Independent Men,White Independent,Liberal,114.0,Moderate/Liberal Republicans,Liberal Independents,White,White,State questionnaire,White,White,East,Yes,Male,White men,Non married men,Suburbs,Suburbs,Maine,Election day exit poll,Seriously off on the wrong track,Version 1,1.09892272949219,No,Yes,Working men,All others,Working men
92759.0,Mike Michaud,Shenna Bellows,Mike Michaud,45-65,60+,60-64,45+,60+,50-64,Non-Black 60+,White 60+,White 45-64,Complete,Call 3,1.0,Some college/assoc. degree,No college degree,More than High school graduate,White no college degree,Yes,Favorable,Unfavorable,1.0,Government should do more to solve problems,Did not go far enough,Less than 100k,"$30,000 or more",50k or more,50 to 100 thousand,"$50,000-$99,999","$50,000-$99,999","Over $50,000 and white",Yes,No,Illegal,Yes,Not worried,Not too worried,Approve,Somewhat approve,45+,18-64,Democrat,Non-black Democrat,White Democrat,Democrat,Democratic Men,White Democrat,Moderate,9.0,Moderate/Conservative Democrats,Mod/Conserv. Democrats,White,White,State questionnaire,White,White,East,No,Male,White men,Married men,Suburbs,Suburbs,Maine,Election day exit poll,Seriously off on the wrong track,Version 1,1.07425737380981,No,Yes,Working men,All others,Working men
92906.0,Mike Michaud,Shenna Bellows,,18-29,18-29,18-24,18-44,18-29,18-24,Non-Black 18-29,White 18-29,White 18-29,Complete,Call 3,2.0,High school graduate,No college degree,High school graduate or less,White no college degree,,,,2.0,,,Less than 100k,"$30,000 or more",50k or more,50 to 100 thousand,"$50,000-$99,999","$50,000-$99,999","Over $50,000 and white",,No,,No,,,,,18-44,18-64,Democrat,Non-black Democrat,White Democrat,Democrat,Democratic Men,White Democrat,Liberal,63.0,Liberal Democrats,Liberal Democrats,White,White,National questionnaire,White,White,East,,Male,White men,Non married men,Suburbs,Suburbs,Maine,Election day exit poll,,Version 3,0.840115308761597,No,,,,
75025.0,Mike Michaud,Shenna Bellows,Mike Michaud,18-29,18-29,18-24,18-44,18-29,18-24,Non-Black 18-29,White 18-29,White 18-29,Complete,Call 2,1.0,Some college/assoc. degree,No college degree,More than High school graduate,White no college degree,Yes,Favorable,Unfavorable,1.0,Government should do more to solve problems,Did not go far enough,Less than 100k,"Under $30,000",Less than 50k,Less than 50 thousand,"Under $50,000","Under $30,000","Under $50,000 and white",Yes,No,Legal,No,Worried,Very worried,Disapprove,Somewhat disapprove,18-44,18-64,Democrat,Non-black Democrat,White Democrat,Democrat,Democratic Women,White Democrat,Moderate,9.0,Moderate/Conservative Democrats,Mod/Conserv. Democrats,White,White,State questionnaire,White,White,East,Yes,Female,White women,Non married women,Suburbs,Suburbs,Maine,Election day exit poll,Seriously off on the wrong track,Version 1,1.00593161582947,Yes,Yes,Working women,Working women,Working women
92742.0,Mike Michaud,Shenna Bellows,,18-29,18-29,18-24,18-44,18-29,18-24,Non-Black 18-29,White 18-29,White 18-29,Complete,Call 3,2.0,High school graduate,No college degree,High school graduate or less,White no college degree,,,,2.0,,,100k or more,"$30,000 or more",50k or more,100 thousand or more,"$100,000-$199,999","$100,000-$199,999","Over $50,000 and white",,No,,,,,,,18-44,18-64,Democrat,Non-black Democrat,White Democrat,Democrat,Democratic Men,White Democrat,,63.0,,,White,White,National questionnaire,White,White,East,,Male,White men,,Suburbs,Suburbs,Maine,Election day exit poll,,Version 5,0.840115308761597,No,,,,
94671.0,Mike Michaud,Shenna Bellows,Mike Michaud,18-29,18-29,25-29,18-44,18-29,25-29,Non-Black 18-29,White 18-29,White 18-29,Complete,Call 3,1.0,College graduate,College graduate,More than High school graduate,White college degree,Yes,Favorable,Unfavorable,1.0,Government should do more to solve problems,Went too far,Less than 100k,"$30,000 or more",50k or more,50 to 100 thousand,"$50,000-$99,999","$50,000-$99,999","Over $50,000 and white",Yes,No,Legal,Yes,Worried,Somewhat worried,Disapprove,Somewhat disapprove,18-44,18-64,Independent/Something else,Non-black non-Democrat,White Independent,Independent,Independent Women,White Independent,Liberal,72.0,Moderate/Liberal Republicans,Liberal Independents,White,White,State questionnaire,White,White,East,Yes,Female,White women,Married women,"Cities 50,000-500,000","Cities over 50,000",Maine,Election day exit poll,Seriously off on the wrong track,Version 1,0.422839760780334,No,Yes,Working women,Working women,Working women
59911.0,Mike Michaud,Shenna Bellows,Mike Michaud,65+,60+,65 or over,45+,60+,65+,Non-Black 60+,White 60+,White 65+,Complete,Call 1,1.0,Postgraduate study,College graduate,More than High school graduate,White college degree,Yes,Favorable,Unfavorable,1.0,Government should do more to solve problems,Was about right,100k or more,"$30,000 or more",50k or more,100 thousand or more,"$100,000-$199,999","$100,000-$199,999","Over $50,000 and white",No,No,Illegal,Yes,Not worried,Not too worried,Approve,Strongly approve,45+,65+,Democrat,Non-black Democrat,White Democrat,Democrat,Democratic Men,White Democrat,Moderate,82.0,Moderate/Conservative Democrats,Mod/Conserv. Democrats,White,White,State questionnaire,White,White,East,Yes,Male,White men,Married men,Suburbs,Suburbs,Maine,Election day exit poll,Generally going in the right direction,Version 1,1.07425737380981,No,No,Non-working men,All others,Non-working men
61841.0,Mike Michaud,Shenna Bellows,Mike Michaud,65+,60+,65 or over,45+,60+,65+,Non-Black 60+,White 60+,White 65+,Complete,Call 1,1.0,High school graduate,No college degree,High school graduate or less,White no college degree,No,Favorable,Favorable,1.0,Government is doing too many things better left to businesses and individuals,Did not go far enough,Less than 100k,"Under $30,000",Less than 50k,Less than 50 thousand,"Under $50,000","Under $30,000","Under $50,000 and white",No,No,Illegal,No,Worried,Very worried,Approve,Somewhat approve,45+,65+,Democrat,Non-black Democrat,White Democrat,Democrat,Democratic Women,White Democrat,Moderate,9.0,Moderate/Conservative Democrats,Mod/Conserv. Democrats,White,White,State questionnaire,White,White,East,No,Female,White women,Non married women,Suburbs,Suburbs,Maine,Election day exit poll,Generally going in the right direction,Version 1,0.9538414478302,Yes,No,Non-working women,All others,Non-working women
73419.0,Mike Michaud,Shenna Bellows,Mike Michaud,65+,60+,65 or over,45+,60+,65+,Non-Black 60+,White 60+,White 65+,Complete,Call 2,1.0,Postgraduate study,College graduate,More than High school graduate,White college degree,Yes,Favorable,Unfavorable,1.0,Government should do more to solve problems,Did not go far enough,Less than 100k,"$30,000 or more",Less than 50k,Less than 50 thousand,"Under $50,000","$30,000-$49,999","Under $50,000 and white",Yes,No,Illegal,No,Worried,Somewhat worried,Approve,Somewhat approve,45+,65+,Democrat,Non-black Democrat,White Democrat,Democrat,Democratic Women,White Democrat,Moderate,82.0,Moderate/Conservative Democrats,Mod/Conserv. Democrats,White,White,State questionnaire,White,White,East,Yes,Female,White women,Non married women,Suburbs,Suburbs,Maine,Election day exit poll,Generally going in the right direction,Version 1,0.9538414478302,No,No,Non-working women,All others,Non-working women
61821.0,Mike Michaud,Shenna Bellows,,18-29,18-29,18-24,18-44,18-29,18-24,Non-Black 18-29,White 18-29,White 18-29,Complete,Call 1,2.0,High school graduate,No college degree,High school graduate or less,White no college degree,,Favorable,Unfavorable,2.0,Government is doing too many things better left to businesses and individuals,,Less than 100k,"$30,000 or more",50k or more,50 to 100 thousand,"$50,000-$99,999","$50,000-$99,999","Over $50,000 and white",,No,Legal,,,,,,18-44,18-64,Democrat,Non-black Democrat,White Democrat,Democrat,Democratic Men,White Democrat,Moderate,63.0,Moderate/Conservative Democrats,Mod/Conserv. Democrats,White,White,National questionnaire,White,White,East,Yes,Male,White men,,Suburbs,Suburbs,Maine,Election day exit poll,Seriously off on the wrong track,Version 4,0.840115308761597,No,,,,
65682.0,Mike Michaud,Shenna Bellows,Mike Michaud,65+,60+,65 or over,45+,60+,65+,Non-Black 60+,White 60+,White 65+,Complete,Call 1,2.0,Postgraduate study,College graduate,More than High school graduate,White college degree,Yes,Favorable,Unfavorable,2.0,Government should do more to solve problems,Was about right,Less than 100k,"$30,000 or more",50k or more,50 to 100 thousand,"$50,000-$99,999","$50,000-$99,999","Over $50,000 and white",Yes,No,Illegal,Yes,Worried,Somewhat worried,Approve,Somewhat approve,45+,65+,Democrat,Non-black Democrat,White Democrat,Democrat,Democratic Women,White Democrat,Moderate,92.0,Moderate/Conservative Democrats,Mod/Conserv. Democrats,White,White,State questionnaire,White,White,East,Yes,Female,White women,Married women,Rural,Small Cities/Rural,Maine,Election day exit poll,Generally going in the right direction,Version 1,0.716624438762665,No,Yes,Working women,Working women,Working women
64069.0,Mike Michaud,Shenna Bellows,Mike Michaud,45-65,30-59,50-59,45+,45-59,50-64,Non-Black 45-59,White 45-59,White 45-64,Complete,Call 1,1.0,Postgraduate study,College graduate,More than High school graduate,White college degree,Yes,Favorable,Unfavorable,1.0,Government should do more to solve problems,Did not go far enough,Less than 100k,"$30,000 or more",50k or more,50 to 100 thousand,"$50,000-$99,999","$50,000-$99,999","Over $50,000 and white",No,No,Illegal,No,Worried,Somewhat worried,Approve,Somewhat approve,45+,18-64,Democrat,Non-black Democrat,White Democrat,Democrat,Democratic Men,White Democrat,Liberal,88.0,Liberal Democrats,Liberal Democrats,White,White,State questionnaire,White,White,East,Yes,Male,White men,Non married men,Suburbs,Suburbs,Maine,Election day exit poll,Generally going in the right direction,Version 1,1.05838787555695,No,Yes,Working men,All others,Working men
79192.0,Mike Michaud,Shenna Bellows,Mike Michaud,45-65,30-59,50-59,45+,45-59,50-64,Non-Black 45-59,White 45-59,White 45-64,Complete,Call 2,2.0,High school graduate,No college degree,High school graduate or less,White no college degree,Yes,Favorable,Unfavorable,2.0,Government is doing too many things better left to businesses and individuals,Was about right,Less than 100k,"Under $30,000",Less than 50k,Less than 50 thousand,"Under $50,000","Under $30,000","Under $50,000 and white",Yes,No,Illegal,No,Worried,Very worried,Disapprove,Somewhat disapprove,45+,18-64,Independent/Something else,Non-black non-Democrat,White Independent,Independent,Independent Women,White Independent,Moderate,24.0,Moderate/Liberal Republicans,Moderate Independents,White,White,State questionnaire,White,White,East,Yes,Female,White women,Non married women,Suburbs,Suburbs,Maine,Election day exit poll,Seriously off on the wrong track,Version 1,0.574916779994965,Yes,Yes,Working women,Working women,Working women
75327.0,Mike Michaud,Shenna Bellows,Mike Michaud,18-29,18-29,18-24,18-44,18-29,18-24,Non-Black 18-29,White 18-29,White 18-29,Complete,Call 2,1.0,Some college/assoc. degree,No college degree,More than High school graduate,White no college degree,Yes,Favorable,Unfavorable,1.0,Government is doing too many things better left to businesses and individuals,Went too far,Less than 100k,"Under $30,000",Less than 50k,Less than 50 thousand,"Under $50,000","Under $30,000","Under $50,000 and white",Yes,No,Legal,No,Worried,Very worried,Approve,Somewhat approve,18-44,18-64,Independent/Something else,Non-black non-Democrat,White Independent,Independent,Independent Women,White Independent,Moderate,88.0,Moderate/Liberal Republicans,Moderate Independents,White,White,State questionnaire,White,White,East,Yes,Female,White women,Non married women,Suburbs,Suburbs,Maine,Election day exit poll,Seriously off on the wrong track,Version 1,1.17358684539795,Yes,Yes,Working women,Working women,Working women
65668.0,Mike Michaud,Shenna Bellows,Mike Michaud,30-44,30-59,40-44,18-44,30-44,40-49,Non-Black 30-44,White 30-44,White 30-44,Complete,Call 1,1.0,Some college/assoc. degree,No college degree,More than High school graduate,White no college degree,Yes,Unfavorable,Unfavorable,1.0,Government is doing too many things better left to businesses and individuals,Went too far,Less than 100k,"$30,000 or more",50k or more,50 to 100 thousand,"$50,000-$99,999","$50,000-$99,999","Over $50,000 and white",Yes,No,Legal,Yes,Worried,Somewhat worried,Disapprove,Somewhat disapprove,18-44,18-64,Independent/Something else,Non-black non-Democrat,White Independent,Independent,Independent Women,White Independent,Moderate,112.0,Moderate/Liberal Republicans,Moderate Independents,White,White,State questionnaire,White,White,East,Yes,Female,White women,Married women,Rural,Small Cities/Rural,Maine,Election day exit poll,Seriously off on the wrong track,Version 1,1.51276969909668,No,No,Non-working women,All others,Non-working women
92527.0,Mike Michaud,Shenna Bellows,Mike Michaud,65+,60+,65 or over,45+,60+,65+,Non-Black 60+,White 60+,White 65+,Complete,Call 3,1.0,College graduate,College graduate,More than High school graduate,White college degree,Yes,Favorable,Unfavorable,1.0,Government should do more to solve problems,Was about right,Less than 100k,"$30,000 or more",Less than 50k,Less than 50 thousand,"Under $50,000","$30,000-$49,999","Under $50,000 and white",No,No,Legal,Yes,Worried,Somewhat worried,Approve,Strongly approve,45+,65+,Democrat,Non-black Democrat,White Democrat,Democrat,Democratic Women,White Democrat,Liberal,82.0,Liberal Democrats,Liberal Democrats,White,White,State questionnaire,White,White,East,Yes,Female,White women,Married women,Suburbs,Suburbs,Maine,Election day exit poll,Seriously off on the wrong track,Version 1,0.9538414478302,No,No,Non-working women,All others,Non-working women
61794.0,Mike Michaud,Shenna Bellows,Mike Michaud,65+,60+,65 or over,45+,60+,65+,Non-Black 60+,White 60+,White 65+,Complete,Call 1,1.0,Postgraduate study,College graduate,More than High school graduate,White college degree,Yes,Favorable,Unfavorable,1.0,Government should do more to solve problems,Did not go far enough,Less than 100k,"$30,000 or more",Less than 50k,Less than 50 thousand,"Under $50,000","$30,000-$49,999","Under $50,000 and white",Yes,No,Legal,No,Not worried,Not at all worried,Approve,Strongly approve,45+,65+,Democrat,Non-black Democrat,White Democrat,Democrat,Democratic Women,White Democrat,Liberal,72.0,Liberal Democrats,Liberal Democrats,White,White,State questionnaire,White,White,East,Yes,Female,White women,Non married women,"Cities 50,000-500,000","Cities over 50,000",Maine,Election day exit poll,Generally going in the right direction,Version 1,0.400943845510483,No,No,Non-working women,All others,Non-working women
92676.0,Paul LePage,Shenna Bellows,Paul LePage,65+,60+,65 or over,45+,60+,65+,Non-Black 60+,White 60+,White 65+,Complete,Call 3,1.0,High school graduate,No college degree,High school graduate or less,White no college degree,No,Unfavorable,Favorable,1.0,Government is doing too many things better left to businesses and individuals,Went too far,100k or more,"$30,000 or more",50k or more,100 thousand or more,"$100,000-$199,999","$100,000-$199,999","Over $50,000 and white",No,No,Illegal,Yes,Worried,Very worried,Disapprove,Strongly disapprove,45+,65+,Democrat,Non-black Democrat,White Democrat,Democrat,Democratic Women,White Democrat,Conservative,9.0,Moderate/Conservative Democrats,Mod/Conserv. Democrats,White,White,State questionnaire,White,White,East,No,Female,White women,Married women,Suburbs,Suburbs,Maine,Election day exit poll,Seriously off on the wrong track,Version 1,1.15419912338257,No,Yes,Working women,Working women,Working women
79009.0,Paul LePage,Shenna Bellows,Paul LePage,45-65,30-59,45-49,45+,45-59,40-49,Non-Black 45-59,White 45-59,White 45-64,Complete,Call 2,2.0,Some college/assoc. degree,No college degree,More than High school graduate,White no college degree,No,Favorable,Unfavorable,2.0,Government is doing too many things better left to businesses and individuals,Went too far,100k or more,"$30,000 or more",50k or more,100 thousand or more,"$100,000-$199,999","$100,000-$199,999","Over $50,000 and white",Yes,No,Illegal,No,Not worried,Not too worried,Approve,Somewhat approve,45+,18-64,Independent/Something else,Non-black non-Democrat,White Independent,Independent,Independent Men,White Independent,Moderate,96.0,Moderate/Liberal Republicans,Moderate Independents,White,White,State questionnaire,White,White,East,Yes,Male,White men,Non married men,Rural,Small Cities/Rural,Maine,Election day exit poll,Generally going in the right direction,Version 1,0.819315433502197,No,Yes,Working men,All others,Working men
65476.0,Paul LePage,Shenna Bellows,Paul LePage,65+,60+,65 or over,45+,60+,65+,Non-Black 60+,White 60+,White 65+,Complete,Call 1,2.0,College graduate,College graduate,More than High school graduate,White college degree,No,Unfavorable,Favorable,2.0,Government is doing too many things better left to businesses and individuals,Went too far,Less than 100k,"Under $30,000",Less than 50k,Less than 50 thousand,"Under $50,000","Under $30,000","Under $50,000 and white",Yes,No,Illegal,Yes,Worried,Somewhat worried,Disapprove,Strongly disapprove,45+,65+,Republican,Non-black non-Democrat,All Republicans,Republican,Republican Women,White Republican,Conservative,22.0,Independent/Something else,Conservative Republicans,White,White,State questionnaire,White,White,East,No,Female,White women,Married women,Rural,Small Cities/Rural,Maine,Election day exit poll,Seriously off on the wrong track,Version 1,1.05791902542114,No,No,Non-working women,All others,Non-working women
92505.0,Paul LePage,Shenna Bellows,Paul LePage,30-44,30-59,30-39,18-44,30-44,30-39,Non-Black 30-44,White 30-44,White 30-44,Complete,Call 3,2.0,Postgraduate study,College graduate,More than High school graduate,White college degree,No,Favorable,Unfavorable,2.0,Government is doing too many things better left to businesses and individuals,Did not go far enough,Less than 100k,"$30,000 or more",Less than 50k,Less than 50 thousand,"Under $50,000","$30,000-$49,999","Under $50,000 and white",No,No,Legal,No,Worried,Very worried,Approve,Somewhat approve,18-44,18-64,Independent/Something else,Non-black non-Democrat,White Independent,Independent,Independent Men,White Independent,Moderate,24.0,Moderate/Liberal Republicans,Moderate Independents,White,White,State questionnaire,White,White,East,Yes,Male,White men,Non married men,Suburbs,Suburbs,Maine,Election day exit poll,Seriously off on the wrong track,Version 1,0.716901004314423,No,Yes,Working men,All others,Working men
92171.0,Paul LePage,Shenna Bellows,Omit,30-44,30-59,30-39,18-44,30-44,30-39,Non-Black 30-44,White 30-44,White 30-44,Complete,Call 3,2.0,High school graduate,No college degree,High school graduate or less,White no college degree,Omit,Omit,Omit,2.0,Government should do more to solve problems,Went too far,,,,,,,,Yes,No,Illegal,Yes,Worried,Somewhat worried,Omit,Omit,18-44,18-64,Republican,Non-black non-Democrat,All Republicans,Republican,Republican Women,White Republican,,24.0,,,White,White,State questionnaire,White,White,East,Yes,Female,White women,Married women,Suburbs,Suburbs,Maine,Election day exit poll,Omit,Version 1,0.636541962623596,,Yes,Working women,Working women,Working women
67030.0,Paul LePage,Shenna Bellows,Paul LePage,65+,60+,65 or over,45+,60+,65+,Non-Black 60+,White 60+,White 65+,Complete,Call 1,2.0,High school graduate,No college degree,High school graduate or less,White no college degree,No,Unfavorable,Unfavorable,2.0,Government is doing too many things better left to businesses and individuals,Did not go far enough,Less than 100k,"Under $30,000",Less than 50k,Less than 50 thousand,"Under $50,000","Under $30,000","Under $50,000 and white",No,No,Legal,No,Not worried,Not too worried,Approve,Strongly approve,45+,65+,Independent/Something else,Non-black non-Democrat,White Independent,Independent,Independent Men,White Independent,Conservative,96.0,Moderate/Liberal Republicans,Conservative Independents,White,White,State questionnaire,White,White,East,No,Male,White men,Non married men,Rural,Small Cities/Rural,Maine,Election day exit poll,Generally going in the right direction,Version 1,0.970200300216675,Yes,No,Non-working men,All others,Non-working men
67029.0,Paul LePage,Shenna Bellows,Paul LePage,65+,60+,65 or over,45+,60+,65+,Non-Black 60+,White 60+,White 65+,Complete,Call 1,2.0,High school graduate,No college degree,High school graduate or less,White no college degree,No,Unfavorable,Unfavorable,2.0,Government is doing too many things better left to businesses and individuals,Did not go far enough,Less than 100k,"Under $30,000",Less than 50k,Less than 50 thousand,"Under $50,000","Under $30,000","Under $50,000 and white",No,No,Legal,No,Not worried,Not too worried,Approve,Strongly approve,45+,65+,Independent/Something else,Non-black non-Democrat,White Independent,Independent,Independent Men,White Independent,Conservative,96.0,Moderate/Liberal Republicans,Conservative Independents,White,White,State questionnaire,White,White,East,No,Male,White men,Non married men,Rural,Small Cities/Rural,Maine,Election day exit poll,Generally going in the right direction,Version 1,0.970200300216675,Yes,No,Non-working men,All others,Non-working men
80530.0,Paul LePage,Shenna Bellows,Paul LePage,45-65,30-59,50-59,45+,45-59,50-64,Non-Black 45-59,White 45-59,White 45-64,Complete,Call 2,2.0,Some college/assoc. degree,No college degree,More than High school graduate,White no college degree,No,Unfavorable,Unfavorable,2.0,Government is doing too many things better left to businesses and individuals,Went too far,100k or more,"$30,000 or more",50k or more,100 thousand or more,"$100,000-$199,999","$100,000-$199,999","Over $50,000 and white",No,No,Legal,No,Not worried,Not too worried,Disapprove,Strongly disapprove,45+,18-64,Independent/Something else,Non-black non-Democrat,White Independent,Something else,Independent Men,White Independent,Conservative,96.0,Moderate/Liberal Republicans,Conservative Independents,White,White,State questionnaire,White,White,East,Yes,Male,White men,Non married men,Rural,Small Cities/Rural,Maine,Election day exit poll,Seriously off on the wrong track,Version 1,0.819315433502197,No,Yes,Working men,All others,Working men
65065.0,Paul LePage,Shenna Bellows,Mike Michaud,65+,60+,65 or over,45+,60+,65+,Black 60+,Black 60+,Black 65+,Complete,Call 1,2.0,High school graduate,No college degree,High school graduate or less,Non white no college degree,No,Favorable,Favorable,2.0,Government is doing too many things better left to businesses and individuals,Did not go far enough,Less than 100k,"Under $30,000",Less than 50k,Less than 50 thousand,"Under $50,000","Under $30,000","Under $50,000 and non white",No,No,Illegal,Yes,Worried,Very worried,Disapprove,Strongly disapprove,45+,65+,Independent/Something else,Black non-Democrat,Black Independent,Independent,Independent Women,All others,Conservative,22.0,Moderate/Liberal Republicans,Conservative Independents,Black,Black,State questionnaire,Black,Black,East,Yes,Female,Black women,Married women,Rural,Small Cities/Rural,Maine,Election day exit poll,Seriously off on the wrong track,Version 1,0.883639574050903,No,Yes,Working women,Working women,Working women
61195.0,Paul LePage,Shenna Bellows,Paul LePage,45-65,30-59,45-49,45+,45-59,40-49,Non-Black 45-59,White 45-59,White 45-64,Complete,Call 1,1.0,Some college/assoc. degree,No college degree,More than High school graduate,White no college degree,No,Favorable,Unfavorable,1.0,Government should do more to solve problems,Did not go far enough,Less than 100k,"$30,000 or more",50k or more,50 to 100 thousand,"$50,000-$99,999","$50,000-$99,999","Over $50,000 and white",Yes,No,Legal,No,Worried,Somewhat worried,Approve,Somewhat approve,45+,18-64,Democrat,Non-black Democrat,White Democrat,Democrat,Democratic Men,White Democrat,Moderate,9.0,Moderate/Conservative Democrats,Mod/Conserv. Democrats,White,White,State questionnaire,White,White,East,No,Male,White men,Non married men,Suburbs,Suburbs,Maine,Election day exit poll,Generally going in the right direction,Version 1,1.09774804115295,No,Yes,Working men,All others,Working men
92054.0,Paul LePage,Shenna Bellows,,18-29,18-29,18-24,18-44,18-29,18-24,Non-Black 18-29,Latino 18-29,Latino 18-29,Complete,Call 3,2.0,Some college/assoc. degree,No college degree,More than High school graduate,Non white no college degree,,,,2.0,,Went too far,100k or more,"$30,000 or more",50k or more,100 thousand or more,"$100,000-$199,999","$100,000-$199,999","Over $50,000 and non white",,Yes,,No,,,,,18-44,18-64,Independent/Something else,Non-black non-Democrat,Latino Independent,Independent,Independent Men,All others,Moderate,63.0,Moderate/Liberal Republicans,Moderate Independents,Other,White,National questionnaire,Hispanic/Latino,Hispanic/Latino,East,,Male,Latino men,Non married men,Suburbs,Suburbs,Maine,Election day exit poll,,Version 2,0.930167078971863,No,No,Non-working men,All others,Non-working men
91993.0,Paul LePage,Shenna Bellows,,18-29,18-29,18-24,18-44,18-29,18-24,Non-Black 18-29,White 18-29,White 18-29,Complete,Call 3,2.0,High school graduate,No college degree,High school graduate or less,White no college degree,,Unfavorable,Favorable,2.0,Government should do more to solve problems,,Less than 100k,"$30,000 or more",50k or more,50 to 100 thousand,"$50,000-$99,999","$50,000-$99,999","Over $50,000 and white",,No,Illegal,,,,,,18-44,18-64,Democrat,Non-black Democrat,White Democrat,Democrat,Democratic Women,White Democrat,Moderate,63.0,Moderate/Conservative Democrats,Mod/Conserv. Democrats,White,White,National questionnaire,White,White,East,Yes,Female,White women,,Suburbs,Suburbs,Maine,Election day exit poll,Generally going in the right direction,Version 4,0.825902581214905,No,,,,
80309.0,Paul LePage,Shenna Bellows,Paul LePage,45-65,30-59,50-59,45+,45-59,50-64,Non-Black 45-59,White 45-59,White 45-64,Complete,Call 2,2.0,High school graduate,No college degree,High school graduate or less,White no college degree,No,Unfavorable,Unfavorable,2.0,Government is doing too many things better left to businesses and individuals,Did not go far enough,Less than 100k,"$30,000 or more",50k or more,50 to 100 thousand,"$50,000-$99,999","$50,000-$99,999","Over $50,000 and white",Yes,No,Legal,Yes,Worried,Very worried,Disapprove,Strongly disapprove,45+,18-64,Independent/Something else,Non-black non-Democrat,White Independent,Independent,Independent Women,White Independent,Moderate,96.0,Moderate/Liberal Republicans,Moderate Independents,White,White,State questionnaire,White,White,East,Yes,Female,White women,Married women,Rural,Small Cities/Rural,Maine,Election day exit poll,Seriously off on the wrong track,Version 1,0.727476537227631,No,Yes,Working women,Working women,Working women
78300.0,Paul LePage,Shenna Bellows,Paul LePage,30-44,30-59,40-44,18-44,30-44,40-49,Non-Black 30-44,White 30-44,White 30-44,Complete,Call 2,2.0,High school graduate,No college degree,High school graduate or less,White no college degree,No,Favorable,Favorable,2.0,Government should do more to solve problems,Went too far,Less than 100k,"Under $30,000",Less than 50k,Less than 50 thousand,"Under $50,000","Under $30,000","Under $50,000 and white",Yes,No,Illegal,No,Worried,Very worried,Disapprove,Strongly disapprove,18-44,18-64,Democrat,Non-black Democrat,White Democrat,Democrat,Democratic Men,White Democrat,Moderate,65.0,Moderate/Conservative Democrats,Mod/Conserv. Democrats,White,White,State questionnaire,White,White,East,Yes,Male,White men,Non married men,Rural,Small Cities/Rural,Maine,Election day exit poll,Seriously off on the wrong track,Version 1,0.754632651805878,Yes,Yes,Working men,All others,Working men
66602.0,Paul LePage,Shenna Bellows,,65+,60+,65 or over,45+,60+,65+,Non-Black 60+,White 60+,White 65+,Complete,Call 1,2.0,High school graduate,No college degree,High school graduate or less,White no college degree,,,,2.0,,,Less than 100k,"Under $30,000",Less than 50k,Less than 50 thousand,"Under $50,000","Under $30,000","Under $50,000 and white",,,,No,,,,,45+,65+,Democrat,Non-black Democrat,White Democrat,Democrat,Democratic Women,White Democrat,,46.0,,,White,White,National questionnaire,White,White,East,,Female,White women,Non married women,Suburbs,Suburbs,Maine,Election day exit poll,,Version 3,0.849315285682678,Yes,,,,
62632.0,Paul LePage,Shenna Bellows,Paul LePage,65+,60+,65 or over,45+,60+,65+,Non-Black 60+,White 60+,White 65+,Complete,Call 1,1.0,College graduate,College graduate,More than High school graduate,White college degree,No,Unfavorable,Favorable,1.0,Government is doing too many things better left to businesses and individuals,Went too far,Less than 100k,"$30,000 or more",Less than 50k,Less than 50 thousand,"Under $50,000","$30,000-$49,999","Under $50,000 and white",Yes,No,Illegal,Yes,Worried,Very worried,Disapprove,Strongly disapprove,45+,65+,Republican,Non-black non-Democrat,All Republicans,Republican,Republican Men,White Republican,Moderate,72.0,Conservative Republicans,Mod./Liberal Republicans,White,White,State questionnaire,White,White,East,No,Male,White men,Married men,"Cities 50,000-500,000","Cities over 50,000",Maine,Election day exit poll,Seriously off on the wrong track,Version 1,0.54641205072403,No,No,Non-working men,All others,Non-working men
91538.0,Paul LePage,Shenna Bellows,Paul LePage,45-65,30-59,50-59,45+,45-59,50-64,Non-Black 45-59,White 45-59,White 45-64,Complete,Call 3,2.0,College graduate,College graduate,More than High school graduate,White college degree,No,Unfavorable,Unfavorable,2.0,Government should do more to solve problems,Went too far,Less than 100k,"$30,000 or more",50k or more,50 to 100 thousand,"$50,000-$99,999","$50,000-$99,999","Over $50,000 and white",No,No,Illegal,Yes,Worried,Very worried,Disapprove,Strongly disapprove,45+,18-64,Democrat,Non-black Democrat,White Democrat,Democrat,Democratic Men,White Democrat,Moderate,65.0,Moderate/Conservative Democrats,Mod/Conserv. Democrats,White,White,State questionnaire,White,White,East,No,Male,White men,Married men,Rural,Small Cities/Rural,Maine,Election day exit poll,Seriously off on the wrong track,Version 1,0.754632651805878,No,Yes,Working men,All others,Working men
81841.0,Paul LePage,Shenna Bellows,Paul LePage,45-65,60+,60-64,45+,60+,50-64,Non-Black 60+,White 60+,White 45-64,Complete,Call 2,2.0,Some college/assoc. degree,No college degree,More than High school graduate,White no college degree,No,Unfavorable,Favorable,2.0,Government should do more to solve problems,Went too far,Less than 100k,"$30,000 or more",50k or more,50 to 100 thousand,"$50,000-$99,999","$50,000-$99,999","Over $50,000 and white",No,No,Illegal,Yes,Worried,Somewhat worried,Disapprove,Strongly disapprove,45+,18-64,Republican,Non-black non-Democrat,All Republicans,Republican,Republican Men,White Republican,Moderate,76.0,Conservative Republicans,Mod./Liberal Republicans,White,White,State questionnaire,White,White,East,No,Male,White men,Married men,Rural,Small Cities/Rural,Maine,Election day exit poll,Seriously off on the wrong track,Version 1,0.870692551136017,No,Yes,Working men,All others,Working men
81761.0,Paul LePage,Shenna Bellows,Paul LePage,65+,60+,65 or over,45+,60+,65+,Non-Black 60+,White 60+,White 65+,Complete,Call 2,2.0,Some college/assoc. degree,No college degree,More than High school graduate,White no college degree,No,Favorable,Unfavorable,2.0,Government should do more to solve problems,Did not go far enough,Less than 100k,"Under $30,000",Less than 50k,Less than 50 thousand,"Under $50,000","Under $30,000","Under $50,000 and white",No,No,Illegal,Yes,Worried,Somewhat worried,Approve,Strongly approve,45+,65+,Independent/Something else,Non-black non-Democrat,White Independent,Independent,Independent Women,White Independent,Conservative,76.0,Moderate/Liberal Republicans,Conservative Independents,White,White,State questionnaire,White,White,East,Yes,Female,White women,Married women,Rural,Small Cities/Rural,Maine,Election day exit poll,Generally going in the right direction,Version 1,0.773094713687897,Yes,No,Non-working women,All others,Non-working women
79820.0,Paul LePage,Shenna Bellows,Paul LePage,45-65,30-59,50-59,45+,45-59,50-64,Non-Black 45-59,White 45-59,White 45-64,Complete,Call 2,2.0,College graduate,College graduate,More than High school graduate,White college degree,No,Unfavorable,Unfavorable,2.0,Government is doing too many things better left to businesses and individuals,Went too far,Less than 100k,"$30,000 or more",50k or more,50 to 100 thousand,"$50,000-$99,999","$50,000-$99,999","Over $50,000 and white",No,No,Legal,Yes,Worried,Somewhat worried,Disapprove,Somewhat disapprove,45+,18-64,Independent/Something else,Non-black non-Democrat,White Independent,Independent,Independent Women,White Independent,Liberal,96.0,Moderate/Liberal Republicans,Liberal Independents,White,White,State questionnaire,White,White,East,No,Female,White women,Married women,Rural,Small Cities/Rural,Maine,Election day exit poll,Seriously off on the wrong track,Version 1,0.727476537227631,No,Yes,Working women,Working women,Working women
93223.0,Paul LePage,Shenna Bellows,Paul LePage,65+,60+,65 or over,45+,60+,65+,Non-Black 60+,White 60+,White 65+,Complete,Call 3,2.0,High school graduate,No college degree,High school graduate or less,White no college degree,No,Favorable,Unfavorable,2.0,Government should do more to solve problems,Was about right,Less than 100k,"$30,000 or more",Less than 50k,Less than 50 thousand,"Under $50,000","$30,000-$49,999","Under $50,000 and white",No,No,Illegal,Yes,Not worried,Not too worried,Disapprove,Strongly disapprove,45+,65+,Democrat,Non-black Democrat,White Democrat,Democrat,Democratic Men,White Democrat,Liberal,76.0,Liberal Democrats,Liberal Democrats,White,White,State questionnaire,White,White,East,No,Male,White men,Married men,Rural,Small Cities/Rural,Maine,Election day exit poll,Generally going in the right direction,Version 1,0.870692551136017,Yes,No,Non-working men,All others,Non-working men
95176.0,Paul LePage,Shenna Bellows,,45-65,30-59,45-49,45+,45-59,40-49,Non-Black 45-59,White 45-59,White 45-64,Complete,Call 3,2.0,College graduate,College graduate,More than High school graduate,White college degree,,,,2.0,,Did not go far enough,Less than 100k,"$30,000 or more",50k or more,50 to 100 thousand,"$50,000-$99,999","$50,000-$99,999","Over $50,000 and white",,No,,Yes,,,,,45+,18-64,Independent/Something else,Non-black non-Democrat,White Independent,Something else,Independent Women,White Independent,Liberal,46.0,Moderate/Liberal Republicans,Liberal Independents,White,White,National questionnaire,White,White,East,,Female,White women,Married women,Suburbs,Suburbs,Maine,Election day exit poll,,Version 2,0.717230379581451,No,No,Non-working women,All others,Non-working women
79701.0,Paul LePage,Shenna Bellows,Paul LePage,45-65,60+,60-64,45+,60+,50-64,Non-Black 60+,White 60+,White 45-64,Complete,Call 2,2.0,High school graduate,No college degree,High school graduate or less,White no college degree,No,Favorable,Unfavorable,2.0,Government is doing too many things better left to businesses and individuals,Was about right,Less than 100k,"Under $30,000",Less than 50k,Less than 50 thousand,"Under $50,000","Under $30,000","Under $50,000 and white",Yes,No,Illegal,Yes,Worried,Somewhat worried,Approve,Strongly approve,45+,18-64,Democrat,Non-black Democrat,White Democrat,Democrat,Democratic Men,White Democrat,Moderate,22.0,Moderate/Conservative Democrats,Mod/Conserv. Democrats,White,White,State questionnaire,White,White,East,Yes,Male,White men,Married men,Rural,Small Cities/Rural,Maine,Election day exit poll,Seriously off on the wrong track,Version 1,1.19147408008575,Yes,No,Non-working men,All others,Non-working men
79612.0,Paul LePage,Shenna Bellows,Paul LePage,45-65,30-59,50-59,45+,45-59,50-64,Non-Black 45-59,White 45-59,White 45-64,Complete,Call 2,2.0,High school graduate,No college degree,High school graduate or less,White no college degree,No,Unfavorable,Unfavorable,2.0,Government is doing too many things better left to businesses and individuals,Was about right,Less than 100k,"Under $30,000",Less than 50k,Less than 50 thousand,"Under $50,000","Under $30,000","Under $50,000 and white",Yes,No,Legal,No,Worried,Somewhat worried,Approve,Somewhat approve,45+,18-64,Independent/Something else,Non-black non-Democrat,White Independent,Independent,Independent Women,White Independent,Conservative,22.0,Moderate/Liberal Republicans,Conservative Independents,White,White,State questionnaire,White,White,East,No,Female,White women,Non married women,Rural,Small Cities/Rural,Maine,Election day exit poll,Seriously off on the wrong track,Version 1,0.893392264842987,Yes,No,Non-working women,All others,Non-working women
65958.0,Paul LePage,Shenna Bellows,Paul LePage,45-65,60+,60-64,45+,60+,50-64,Non-Black 60+,White 60+,White 45-64,Complete,Call 1,2.0,College graduate,College graduate,More than High school graduate,White college degree,No,Unfavorable,Favorable,2.0,Government is doing too many things better left to businesses and individuals,Went too far,,,,,,,,Yes,No,Illegal,Yes,Worried,Very worried,Disapprove,Strongly disapprove,45+,18-64,Independent/Something else,Non-black non-Democrat,White Independent,Independent,Independent Women,White Independent,Conservative,76.0,Moderate/Liberal Republicans,Conservative Independents,White,White,State questionnaire,White,White,East,No,Female,White women,Married women,Rural,Small Cities/Rural,Maine,Election day exit poll,Seriously off on the wrong track,Version 1,0.773094713687897,No,No,Non-working women,All others,Non-working women
63993.0,Paul LePage,Shenna Bellows,Paul LePage,65+,60+,65 or over,45+,60+,65+,Non-Black 60+,White 60+,White 65+,Complete,Call 1,1.0,Some college/assoc. degree,No college degree,More than High school graduate,White no college degree,No,Favorable,Unfavorable,1.0,Government is doing too many things better left to businesses and individuals,Did not go far enough,100k or more,"$30,000 or more",50k or more,100 thousand or more,"$100,000-$199,999","$100,000-$199,999","Over $50,000 and white",Yes,No,Illegal,Yes,Worried,Very worried,Approve,Somewhat approve,45+,65+,Independent/Something else,Non-black non-Democrat,White Independent,Independent,Independent Women,White Independent,Moderate,114.0,Moderate/Liberal Republicans,Moderate Independents,White,White,State questionnaire,White,White,East,No,Female,White women,Married women,Suburbs,Suburbs,Maine,Election day exit poll,Seriously off on the wrong track,Version 1,1.18070006370544,No,No,Non-working women,All others,Non-working women
78338.0,Paul LePage,Shenna Bellows,Paul LePage,18-29,18-29,25-29,18-44,18-29,25-29,Non-Black 18-29,White 18-29,White 18-29,Not complete,Call 2,2.0,,,,,,,,2.0,Omit,,,,,,,,,,No,,,,,,,18-44,18-64,,,,,,,,65.0,,,White,White,State questionnaire,White,White,East,No,Female,White women,,Rural,Small Cities/Rural,Maine,Election day exit poll,Seriously off on the wrong track,Version 1,0.836769759654999,,No,Non-working women,All others,Non-working women
65872.0,Paul LePage,Shenna Bellows,Paul LePage,45-65,60+,60-64,45+,60+,50-64,Non-Black 60+,White 60+,White 45-64,Complete,Call 1,2.0,College graduate,College graduate,More than High school graduate,White college degree,No,Favorable,Omit,2.0,Government is doing too many things better left to businesses and individuals,Did not go far enough,Less than 100k,"Under $30,000",Less than 50k,Less than 50 thousand,"Under $50,000","Under $30,000","Under $50,000 and white",No,No,Legal,Yes,Worried,Somewhat worried,Disapprove,Strongly disapprove,45+,18-64,Democrat,Non-black Democrat,White Democrat,Democrat,Democratic Men,White Democrat,Conservative,76.0,Moderate/Conservative Democrats,Mod/Conserv. Democrats,White,White,State questionnaire,White,White,East,No,Male,White men,Married men,Rural,Small Cities/Rural,Maine,Election day exit poll,Generally going in the right direction,Version 1,0.870692551136017,No,No,Non-working men,All others,Non-working men
61933.0,Paul LePage,Shenna Bellows,Paul LePage,65+,60+,65 or over,45+,60+,65+,Non-Black 60+,White 60+,White 65+,Complete,Call 1,1.0,College graduate,College graduate,More than High school graduate,White college degree,No,Favorable,Favorable,1.0,Government should do more to solve problems,Was about right,Less than 100k,"$30,000 or more",Less than 50k,Less than 50 thousand,"Under $50,000","$30,000-$49,999","Under $50,000 and white",Yes,No,Legal,Yes,Worried,Very worried,Approve,Strongly approve,45+,65+,Democrat,Non-black Democrat,White Democrat,Democrat,Democratic Women,White Democrat,Moderate,9.0,Moderate/Conservative Democrats,Mod/Conserv. Democrats,White,White,State questionnaire,White,White,East,Yes,Female,White women,Married women,Suburbs,Suburbs,Maine,Election day exit poll,Seriously off on the wrong track,Version 1,1.15419912338257,No,No,Non-working women,All others,Non-working women
73514.0,Paul LePage,Shenna Bellows,Paul LePage,18-29,18-29,18-24,18-44,18-29,18-24,Non-Black 18-29,White 18-29,White 18-29,Complete,Call 2,1.0,Some college/assoc. degree,No college degree,More than High school graduate,White no college degree,No,Favorable,Favorable,1.0,Government is doing too many things better left to businesses and individuals,Did not go far enough,Less than 100k,"Under $30,000",Less than 50k,Less than 50 thousand,"Under $50,000","Under $30,000","Under $50,000 and white",No,No,Illegal,No,Worried,Somewhat worried,Approve,Somewhat approve,18-44,18-64,Democrat,Non-black Democrat,White Democrat,Democrat,Democratic Women,White Democrat,Moderate,9.0,Moderate/Conservative Democrats,Mod/Conserv. Democrats,White,White,State questionnaire,White,White,East,Yes,Female,White women,Non married women,Suburbs,Suburbs,Maine,Election day exit poll,Seriously off on the wrong track,Version 1,1.21723103523254,Yes,No,Non-working women,All others,Non-working women
65521.0,Eliot Cutler,Shenna Bellows,Mike Michaud,45-65,30-59,50-59,45+,45-59,50-64,Non-Black 45-59,White 45-59,White 45-64,Complete,Call 1,2.0,Some college/assoc. degree,No college degree,More than High school graduate,White no college degree,Yes,Favorable,Unfavorable,2.0,Government is doing too many things better left to businesses and individuals,Was about right,Less than 100k,"Under $30,000",Less than 50k,Less than 50 thousand,"Under $50,000","Under $30,000","Under $50,000 and white",Yes,No,Legal,Yes,Not worried,Not too worried,Approve,Strongly approve,45+,18-64,,,,,,,Moderate,92.0,,,White,White,State questionnaire,White,White,East,Yes,Male,White men,Married men,Rural,Small Cities/Rural,Maine,Election day exit poll,Seriously off on the wrong track,Version 1,0.498007714748383,Yes,No,Non-working men,All others,Non-working men
61623.0,Eliot Cutler,Shenna Bellows,Would not have voted,45-65,30-59,50-59,45+,45-59,50-64,Non-Black 45-59,White 45-59,White 45-64,Complete,Call 1,1.0,Postgraduate study,College graduate,More than High school graduate,White college degree,Yes,Favorable,Unfavorable,1.0,Government should do more to solve problems,Was about right,100k or more,"$30,000 or more",50k or more,100 thousand or more,"$200,000 or more","$200,000 or more","Over $50,000 and white",Yes,No,Legal,Yes,Not worried,Not too worried,Approve,Somewhat approve,45+,18-64,Democrat,Non-black Democrat,White Democrat,Democrat,Democratic Men,White Democrat,Liberal,82.0,Liberal Democrats,Liberal Democrats,White,White,State questionnaire,White,White,East,Yes,Male,White men,Married men,Suburbs,Suburbs,Maine,Election day exit poll,Generally going in the right direction,Version 1,1.03074264526367,No,Yes,Working men,All others,Working men
65477.0,Eliot Cutler,Shenna Bellows,Would not have voted,65+,60+,65 or over,45+,60+,65+,Non-Black 60+,White 60+,White 65+,Complete,Call 1,2.0,Postgraduate study,College graduate,More than High school graduate,White college degree,Yes,Favorable,Unfavorable,2.0,Government is doing too many things better left to businesses and individuals,Did not go far enough,Less than 100k,"Under $30,000",Less than 50k,Less than 50 thousand,"Under $50,000","Under $30,000","Under $50,000 and white",No,No,Illegal,No,Not worried,Not at all worried,Disapprove,Strongly disapprove,45+,65+,Democrat,Non-black Democrat,White Democrat,Democrat,Democratic Men,White Democrat,Moderate,65.0,Moderate/Conservative Democrats,Mod/Conserv. Democrats,White,White,State questionnaire,White,White,East,No,Male,White men,Non married men,Rural,Small Cities/Rural,Maine,Election day exit poll,Generally going in the right direction,Version 1,0.589720606803894,No,Yes,Working men,All others,Working men
65447.0,Eliot Cutler,Shenna Bellows,Would not have voted,30-44,30-59,30-39,18-44,30-44,30-39,Non-Black 30-44,White 30-44,White 30-44,Complete,Call 1,2.0,Some college/assoc. degree,No college degree,More than High school graduate,White no college degree,Omit,Omit,Omit,2.0,Government is doing too many things better left to businesses and individuals,Went too far,,,,,,,,Yes,No,Legal,No,Worried,Very worried,Disapprove,Strongly disapprove,18-44,18-64,,,,,,,,65.0,,,White,White,State questionnaire,White,White,East,Omit,Female,White women,Non married women,Rural,Small Cities/Rural,Maine,Election day exit poll,Seriously off on the wrong track,Version 1,0.442184895277023,,Yes,Working women,Working women,Working women
92428.0,Eliot Cutler,Shenna Bellows,Mike Michaud,30-44,30-59,40-44,18-44,30-44,40-49,Non-Black 30-44,White 30-44,White 30-44,Complete,Call 3,2.0,College graduate,College graduate,More than High school graduate,White college degree,Omit,Favorable,Unfavorable,2.0,Government is doing too many things better left to businesses and individuals,Omit,Less than 100k,"$30,000 or more",50k or more,50 to 100 thousand,"$50,000-$99,999","$50,000-$99,999","Over $50,000 and white",Yes,No,Omit,Yes,Worried,Very worried,Disapprove,Somewhat disapprove,18-44,18-64,Independent/Something else,Non-black non-Democrat,White Independent,Independent,Independent Women,White Independent,Moderate,22.0,Moderate/Liberal Republicans,Moderate Independents,White,White,State questionnaire,White,White,East,Yes,Female,White women,Married women,Rural,Small Cities/Rural,Maine,Election day exit poll,Seriously off on the wrong track,Version 1,0.589579880237579,No,No,Non-working women,All others,Non-working women
65378.0,Eliot Cutler,Shenna Bellows,Would not have voted,65+,60+,65 or over,45+,60+,65+,Non-Black 60+,White 60+,White 65+,Complete,Call 1,2.0,High school graduate,No college degree,High school graduate or less,White no college degree,Yes,Unfavorable,Unfavorable,2.0,Government should do more to solve problems,Did not go far enough,Less than 100k,"$30,000 or more",50k or more,50 to 100 thousand,"$50,000-$99,999","$50,000-$99,999","Over $50,000 and white",Yes,No,Legal,Yes,Not worried,Not too worried,Approve,Strongly approve,45+,65+,Democrat,Non-black Democrat,White Democrat,Democrat,Democratic Women,White Democrat,Moderate,92.0,Moderate/Conservative Democrats,Mod/Conserv. Democrats,White,White,State questionnaire,White,White,East,Yes,Female,White women,Married women,Rural,Small Cities/Rural,Maine,Election day exit poll,Seriously off on the wrong track,Version 1,0.523617506027222,No,No,Non-working women,All others,Non-working women
92376.0,Eliot Cutler,Shenna Bellows,Mike Michaud,65+,60+,65 or over,45+,60+,65+,Non-Black 60+,White 60+,White 65+,Complete,Call 3,2.0,Postgraduate study,College graduate,More than High school graduate,White college degree,Yes,Favorable,Unfavorable,2.0,Government should do more to solve problems,Was about right,Less than 100k,"$30,000 or more",50k or more,50 to 100 thousand,"$50,000-$99,999","$50,000-$99,999","Over $50,000 and white",Yes,No,Legal,Yes,Worried,Somewhat worried,Approve,Strongly approve,45+,65+,Independent/Something else,Non-black non-Democrat,White Independent,Independent,Independent Women,White Independent,Liberal,96.0,Moderate/Liberal Republicans,Liberal Independents,White,White,State questionnaire,White,White,East,Yes,Female,White women,Married women,Rural,Small Cities/Rural,Maine,Election day exit poll,Seriously off on the wrong track,Version 1,0.568499028682709,No,No,Non-working women,All others,Non-working women
65288.0,Eliot Cutler,Shenna Bellows,Paul LePage,65+,60+,65 or over,45+,60+,65+,Non-Black 60+,White 60+,White 65+,Complete,Call 1,1.0,Some college/assoc. degree,No college degree,More than High school graduate,White no college degree,No,Favorable,Favorable,1.0,Government should do more to solve problems,Did not go far enough,Less than 100k,"$30,000 or more",50k or more,50 to 100 thousand,"$50,000-$99,999","$50,000-$99,999","Over $50,000 and white",Yes,No,Legal,Yes,Worried,Very worried,Disapprove,Strongly disapprove,45+,65+,Independent/Something else,Non-black non-Democrat,White Independent,Independent,Independent Women,White Independent,Conservative,112.0,Moderate/Liberal Republicans,Conservative Independents,White,White,State questionnaire,White,White,East,Yes,Female,White women,Married women,Rural,Small Cities/Rural,Maine,Election day exit poll,Seriously off on the wrong track,Version 1,2.0353319644928,No,Yes,Working women,Working women,Working women
94812.0,Eliot Cutler,Shenna Bellows,Mike Michaud,65+,60+,65 or over,45+,60+,65+,Non-Black 60+,White 60+,White 65+,Complete,Call 3,2.0,Postgraduate study,College graduate,More than High school graduate,White college degree,Yes,Favorable,Unfavorable,2.0,Government should do more to solve problems,Did not go far enough,Less than 100k,"$30,000 or more",50k or more,50 to 100 thousand,"$50,000-$99,999","$50,000-$99,999","Over $50,000 and white",Yes,No,Legal,No,Not worried,Not too worried,Approve,Somewhat approve,45+,65+,Democrat,Non-black Democrat,White Democrat,Democrat,Democratic Women,White Democrat,Liberal,96.0,Liberal Democrats,Liberal Democrats,White,White,State questionnaire,White,White,East,Yes,Female,White women,Non married women,Rural,Small Cities/Rural,Maine,Election day exit poll,Seriously off on the wrong track,Version 1,0.568499028682709,No,Yes,Working women,Working women,Working women
65017.0,Eliot Cutler,Shenna Bellows,Mike Michaud,30-44,30-59,40-44,18-44,30-44,40-49,Non-Black 30-44,White 30-44,White 30-44,Complete,Call 1,2.0,College graduate,College graduate,More than High school graduate,White college degree,Yes,Favorable,Unfavorable,2.0,Government is doing too many things better left to businesses and individuals,Was about right,Less than 100k,"$30,000 or more",Less than 50k,Less than 50 thousand,"Under $50,000","$30,000-$49,999","Under $50,000 and white",Yes,No,Legal,Yes,Worried,Very worried,Approve,Somewhat approve,18-44,18-64,Democrat,Non-black Democrat,White Democrat,Democrat,Democratic Men,White Democrat,Moderate,92.0,Moderate/Conservative Democrats,Mod/Conserv. Democrats,White,White,State questionnaire,White,White,East,Yes,Male,White men,Married men,Rural,Small Cities/Rural,Maine,Election day exit poll,Seriously off on the wrong track,Version 1,0.498007714748383,No,Yes,Working men,All others,Working men
94222.0,Eliot Cutler,Shenna Bellows,Would not have voted,30-44,30-59,30-39,18-44,30-44,30-39,Non-Black 30-44,White 30-44,White 30-44,Complete,Call 3,2.0,Some college/assoc. degree,No college degree,More than High school graduate,White no college degree,Yes,Unfavorable,Unfavorable,2.0,Government should do more to solve problems,Did not go far enough,Less than 100k,"$30,000 or more",Less than 50k,Less than 50 thousand,"Under $50,000","$30,000-$49,999","Under $50,000 and white",Yes,No,Legal,Yes,Worried,Very worried,Disapprove,Strongly disapprove,18-44,18-64,Independent/Something else,Non-black non-Democrat,White Independent,Independent,Independent Women,White Independent,Moderate,76.0,Moderate/Liberal Republicans,Moderate Independents,White,White,State questionnaire,White,White,East,Yes,Female,White women,Married women,Rural,Small Cities/Rural,Maine,Election day exit poll,Seriously off on the wrong track,Version 1,0.430846840143204,Yes,Yes,Working women,Working women,Working women
76407.0,Eliot Cutler,Shenna Bellows,Mike Michaud,45-65,30-59,50-59,45+,45-59,50-64,Non-Black 45-59,White 45-59,White 45-64,Complete,Call 2,1.0,Some college/assoc. degree,No college degree,More than High school graduate,White no college degree,No,Favorable,Unfavorable,1.0,Government should do more to solve problems,Did not go far enough,Less than 100k,"$30,000 or more",Less than 50k,Less than 50 thousand,"Under $50,000","$30,000-$49,999","Under $50,000 and white",Yes,No,Legal,Yes,Worried,Somewhat worried,Disapprove,Strongly disapprove,45+,18-64,Independent/Something else,Non-black non-Democrat,White Independent,Independent,Independent Women,White Independent,Moderate,114.0,Moderate/Liberal Republicans,Moderate Independents,White,White,State questionnaire,White,White,East,Yes,Female,White women,Married women,Suburbs,Suburbs,Maine,Election day exit poll,Seriously off on the wrong track,Version 1,0.936217904090881,Yes,No,Non-working women,All others,Non-working women
62830.0,Eliot Cutler,Shenna Bellows,Mike Michaud,45-65,30-59,45-49,45+,45-59,40-49,Non-Black 45-59,White 45-59,White 45-64,Complete,Call 1,1.0,College graduate,College graduate,More than High school graduate,White college degree,Yes,Favorable,Unfavorable,1.0,Government should do more to solve problems,Was about right,100k or more,"$30,000 or more",50k or more,100 thousand or more,"$100,000-$199,999","$100,000-$199,999","Over $50,000 and white",Yes,No,Illegal,Yes,Worried,Somewhat worried,Approve,Somewhat approve,45+,18-64,Democrat,Non-black Democrat,White Democrat,Democrat,Democratic Women,White Democrat,Moderate,88.0,Moderate/Conservative Democrats,Mod/Conserv. Democrats,White,White,State questionnaire,White,White,East,Yes,Female,White women,Married women,Suburbs,Suburbs,Maine,Election day exit poll,Generally going in the right direction,Version 1,1.06773853302002,No,No,Non-working women,All others,Non-working women
94221.0,Eliot Cutler,Shenna Bellows,Would not have voted,30-44,30-59,30-39,18-44,30-44,30-39,Non-Black 30-44,White 30-44,White 30-44,Complete,Call 3,2.0,Some college/assoc. degree,No college degree,More than High school graduate,White no college degree,Yes,Unfavorable,Unfavorable,2.0,Government should do more to solve problems,Did not go far enough,Less than 100k,"$30,000 or more",Less than 50k,Less than 50 thousand,"Under $50,000","$30,000-$49,999","Under $50,000 and white",Yes,No,Legal,Yes,Worried,Very worried,Disapprove,Strongly disapprove,18-44,18-64,Independent/Something else,Non-black non-Democrat,White Independent,Independent,Independent Women,White Independent,Moderate,76.0,Moderate/Liberal Republicans,Moderate Independents,White,White,State questionnaire,White,White,East,Yes,Female,White women,Married women,Rural,Small Cities/Rural,Maine,Election day exit poll,Seriously off on the wrong track,Version 1,0.430846840143204,Yes,Yes,Working women,Working women,Working women
81934.0,Eliot Cutler,Shenna Bellows,Would not have voted,30-44,30-59,40-44,18-44,30-44,40-49,Non-Black 30-44,White 30-44,White 30-44,Complete,Call 2,2.0,College graduate,College graduate,More than High school graduate,White college degree,Yes,Unfavorable,Unfavorable,2.0,Government is doing too many things better left to businesses and individuals,Went too far,Less than 100k,"$30,000 or more",Less than 50k,Less than 50 thousand,"Under $50,000","$30,000-$49,999","Under $50,000 and white",Yes,No,Legal,No,Worried,Somewhat worried,Disapprove,Strongly disapprove,18-44,18-64,Independent/Something else,Non-black non-Democrat,White Independent,Independent,Independent Men,White Independent,Moderate,76.0,Moderate/Liberal Republicans,Moderate Independents,White,White,State questionnaire,White,White,East,Yes,Male,White men,Non married men,Rural,Small Cities/Rural,Maine,Election day exit poll,Generally going in the right direction,Version 1,0.485238283872604,No,Yes,Working men,All others,Working men
95341.0,Eliot Cutler,Shenna Bellows,Mike Michaud,45-65,30-59,45-49,45+,45-59,40-49,Non-Black 45-59,White 45-59,White 45-64,Complete,Call 3,1.0,Postgraduate study,College graduate,More than High school graduate,White college degree,Yes,Favorable,Unfavorable,1.0,Government should do more to solve problems,Did not go far enough,100k or more,"$30,000 or more",50k or more,100 thousand or more,"$200,000 or more","$200,000 or more","Over $50,000 and white",Yes,No,Legal,Yes,Worried,Very worried,Approve,Somewhat approve,45+,18-64,Democrat,Non-black Democrat,White Democrat,Democrat,Democratic Women,White Democrat,Liberal,114.0,Liberal Democrats,Liberal Democrats,White,White,State questionnaire,White,White,East,Yes,Female,White women,Married women,Suburbs,Suburbs,Maine,Election day exit poll,Seriously off on the wrong track,Version 1,0.936217904090881,No,No,Non-working women,All others,Non-working women
92634.0,Eliot Cutler,Shenna Bellows,Mike Michaud,18-29,18-29,25-29,18-44,18-29,25-29,Non-Black 18-29,White 18-29,White 18-29,Complete,Call 3,1.0,Postgraduate study,College graduate,More than High school graduate,White college degree,No,Favorable,Unfavorable,1.0,Government should do more to solve problems,Was about right,Less than 100k,"Under $30,000",Less than 50k,Less than 50 thousand,"Under $50,000","Under $30,000","Under $50,000 and white",Yes,No,Legal,No,Worried,Somewhat worried,Approve,Somewhat approve,18-44,18-64,Democrat,Non-black Democrat,White Democrat,Democrat,Democratic Men,White Democrat,Moderate,72.0,Moderate/Conservative Democrats,Mod/Conserv. Democrats,White,White,State questionnaire,White,White,East,Yes,Male,White men,Non married men,"Cities 50,000-500,000","Cities over 50,000",Maine,Election day exit poll,Generally going in the right direction,Version 1,0.541078329086304,No,Yes,Working men,All others,Working men
91370.0,Eliot Cutler,Shenna Bellows,Would not have voted,45-65,30-59,50-59,45+,45-59,50-64,Non-Black 45-59,Latino 45-59,Latino 45-64,Complete,Call 3,2.0,Some college/assoc. degree,No college degree,More than High school graduate,Non white no college degree,No,Favorable,Unfavorable,2.0,Government should do more to solve problems,Was about right,Less than 100k,"Under $30,000",Less than 50k,Less than 50 thousand,"Under $50,000","Under $30,000","Under $50,000 and non white",No,Yes,Illegal,Yes,Worried,Somewhat worried,Approve,Strongly approve,45+,18-64,Democrat,Non-black Democrat,Latino Democrat,Democrat,Democratic Women,Non-White Democrats,Liberal,65.0,Liberal Democrats,Liberal Democrats,Other,Hispanic/Latino,State questionnaire,Hispanic/Latino,Hispanic/Latino,East,No,Female,Latino women,Married women,Rural,Small Cities/Rural,Maine,Election day exit poll,Generally going in the right direction,Version 1,0.442184895277023,No,No,Non-working women,All others,Non-working women
92607.0,Eliot Cutler,Shenna Bellows,,18-29,18-29,18-24,18-44,18-29,18-24,Non-Black 18-29,White 18-29,White 18-29,Complete,Call 3,2.0,High school graduate,No college degree,High school graduate or less,White no college degree,,,,2.0,,,Less than 100k,"Under $30,000",Less than 50k,Less than 50 thousand,"Under $50,000","Under $30,000","Under $50,000 and white",,No,,,Worried,Very worried,Disapprove,Strongly disapprove,18-44,18-64,Independent/Something else,Non-black non-Democrat,White Independent,Independent,Independent Men,White Independent,Moderate,63.0,Moderate/Liberal Republicans,Moderate Independents,White,White,National questionnaire,White,White,East,,Male,White men,,Suburbs,Suburbs,Maine,Election day exit poll,,Version 1,0.613848865032196,Yes,,,,
77577.0,Eliot Cutler,Shenna Bellows,,45-65,30-59,50-59,45+,45-59,50-64,Non-Black 45-59,White 45-59,White 45-64,Complete,Call 2,2.0,College graduate,College graduate,More than High school graduate,White college degree,,Unfavorable,Unfavorable,2.0,Government is doing too many things better left to businesses and individuals,,Less than 100k,"Under $30,000",Less than 50k,Less than 50 thousand,"Under $50,000","Under $30,000","Under $50,000 and white",,No,Legal,,,,,,45+,18-64,Independent/Something else,Non-black non-Democrat,White Independent,Independent,Independent Men,White Independent,Moderate,46.0,Moderate/Liberal Republicans,Moderate Independents,White,White,National questionnaire,White,White,East,Yes,Male,White men,,Suburbs,Suburbs,Maine,Election day exit poll,Seriously off on the wrong track,Version 4,0.533078670501709,No,,,,
79455.0,Eliot Cutler,Shenna Bellows,Mike Michaud,18-29,18-29,18-24,18-44,18-29,18-24,Non-Black 18-29,White 18-29,White 18-29,Complete,Call 2,2.0,High school graduate,No college degree,High school graduate or less,White no college degree,Yes,Unfavorable,Unfavorable,2.0,Government should do more to solve problems,Did not go far enough,Less than 100k,"Under $30,000",Less than 50k,Less than 50 thousand,"Under $50,000","Under $30,000","Under $50,000 and white",Yes,No,Legal,No,Worried,Very worried,Disapprove,Strongly disapprove,18-44,18-64,Independent/Something else,Non-black non-Democrat,White Independent,Independent,Independent Women,White Independent,Conservative,65.0,Moderate/Liberal Republicans,Conservative Independents,White,White,State questionnaire,White,White,East,Yes,Female,White women,Non married women,Rural,Small Cities/Rural,Maine,Election day exit poll,Seriously off on the wrong track,Version 1,0.552212774753571,Yes,No,Non-working women,All others,Non-working women
79454.0,Eliot Cutler,Shenna Bellows,Mike Michaud,18-29,18-29,18-24,18-44,18-29,18-24,Non-Black 18-29,White 18-29,White 18-29,Complete,Call 2,2.0,High school graduate,No college degree,High school graduate or less,White no college degree,Yes,Unfavorable,Unfavorable,2.0,Government should do more to solve problems,Did not go far enough,Less than 100k,"Under $30,000",Less than 50k,Less than 50 thousand,"Under $50,000","Under $30,000","Under $50,000 and white",Yes,No,Legal,No,Worried,Very worried,Disapprove,Strongly disapprove,18-44,18-64,Independent/Something else,Non-black non-Democrat,White Independent,Independent,Independent Women,White Independent,Conservative,65.0,Moderate/Liberal Republicans,Conservative Independents,White,White,State questionnaire,White,White,East,Yes,Female,White women,Non married women,Rural,Small Cities/Rural,Maine,Election day exit poll,Seriously off on the wrong track,Version 1,0.552212774753571,Yes,No,Non-working women,All others,Non-working women
65931.0,Eliot Cutler,Shenna Bellows,Mike Michaud,30-44,30-59,40-44,18-44,30-44,40-49,Non-Black 30-44,White 30-44,White 30-44,Complete,Call 1,1.0,Postgraduate study,College graduate,More than High school graduate,White college degree,No,Unfavorable,Unfavorable,1.0,Government should do more to solve problems,Did not go far enough,100k or more,"$30,000 or more",50k or more,100 thousand or more,"$100,000-$199,999","$100,000-$199,999","Over $50,000 and white",No,No,Legal,Yes,Worried,Very worried,Disapprove,Somewhat disapprove,18-44,18-64,Independent/Something else,Non-black non-Democrat,White Independent,Independent,Independent Men,White Independent,Moderate,112.0,Moderate/Liberal Republicans,Moderate Independents,White,White,State questionnaire,White,White,East,Yes,Male,White men,Married men,Rural,Small Cities/Rural,Maine,Election day exit poll,Seriously off on the wrong track,Version 1,1.93578505516052,No,Yes,Working men,All others,Working men
63996.0,Eliot Cutler,Shenna Bellows,Mike Michaud,30-44,30-59,40-44,18-44,30-44,40-49,Non-Black 30-44,All others,All others,Complete,Call 1,1.0,College graduate,College graduate,More than High school graduate,Non white college degree,Yes,Favorable,Unfavorable,1.0,Government is doing too many things better left to businesses and individuals,Did not go far enough,Less than 100k,"Under $30,000",Less than 50k,Less than 50 thousand,"Under $50,000","Under $30,000","Under $50,000 and non white",Yes,No,Legal,No,Worried,Very worried,Approve,Strongly approve,18-44,18-64,,,,,,,Liberal,72.0,,,Other,Other,State questionnaire,Other,Other,East,Yes,Female,All other races,Non married women,"Cities 50,000-500,000","Cities over 50,000",Maine,Election day exit poll,Seriously off on the wrong track,Version 1,0.384702920913696,No,Yes,Working women,Working women,Working women
94879.0,Eliot Cutler,Shenna Bellows,Would not have voted,30-44,30-59,30-39,18-44,30-44,30-39,Non-Black 30-44,White 30-44,White 30-44,Complete,Call 3,2.0,Some college/assoc. degree,No college degree,More than High school graduate,White no college degree,No,Favorable,Unfavorable,2.0,Government is doing too many things better left to businesses and individuals,Went too far,Less than 100k,"Under $30,000",Less than 50k,Less than 50 thousand,"Under $50,000","Under $30,000","Under $50,000 and white",No,No,Illegal,No,Worried,Very worried,Disapprove,Strongly disapprove,18-44,18-64,Independent/Something else,Non-black non-Democrat,White Independent,Independent,Independent Men,White Independent,Conservative,92.0,Moderate/Liberal Republicans,Conservative Independents,White,White,State questionnaire,White,White,East,Yes,Male,White men,Non married men,Rural,Small Cities/Rural,Maine,Election day exit poll,Seriously off on the wrong track,Version 1,0.498007714748383,Yes,Yes,Working men,All others,Working men
75558.0,Eliot Cutler,Shenna Bellows,Mike Michaud,45-65,30-59,50-59,45+,45-59,50-64,Non-Black 45-59,White 45-59,White 45-64,Complete,Call 2,1.0,College graduate,College graduate,More than High school graduate,White college degree,Yes,Omit,Omit,1.0,Government should do more to solve problems,Did not go far enough,Less than 100k,"$30,000 or more",50k or more,50 to 100 thousand,"$50,000-$99,999","$50,000-$99,999","Over $50,000 and white",Yes,No,Legal,Yes,Worried,Very worried,Approve,Somewhat approve,45+,18-64,Independent/Something else,Non-black non-Democrat,White Independent,Independent,Independent Women,White Independent,Moderate,9.0,Moderate/Liberal Republicans,Moderate Independents,White,White,State questionnaire,White,White,East,Yes,Female,White women,Married women,Suburbs,Suburbs,Maine,Election day exit poll,Seriously off on the wrong track,Version 1,0.915204405784607,No,Yes,Working women,Working women,Working women
79412.0,Eliot Cutler,Shenna Bellows,Omit,45-65,60+,60-64,45+,60+,50-64,Non-Black 60+,White 60+,White 45-64,Complete,Call 2,2.0,College graduate,College graduate,More than High school graduate,White college degree,Yes,Omit,Omit,2.0,Omit,Omit,,,,,,,,Yes,No,Omit,No,Worried,Somewhat worried,Approve,Somewhat approve,45+,18-64,Independent/Something else,Non-black non-Democrat,White Independent,Independent,Independent Women,White Independent,Liberal,92.0,Moderate/Liberal Republicans,Liberal Independents,White,White,State questionnaire,White,White,East,Yes,Female,White women,Non married women,Rural,Small Cities/Rural,Maine,Election day exit poll,Omit,Version 1,0.523617506027222,No,No,Non-working women,All others,Non-working women
73606.0,Eliot Cutler,Shenna Bellows,Would not have voted,18-29,18-29,18-24,18-44,18-29,18-24,Non-Black 18-29,White 18-29,White 18-29,Complete,Call 2,1.0,High school graduate,No college degree,High school graduate or less,White no college degree,Omit,Favorable,Unfavorable,1.0,Government should do more to solve problems,Went too far,Less than 100k,"Under $30,000",Less than 50k,Less than 50 thousand,"Under $50,000","Under $30,000","Under $50,000 and white",Yes,No,Legal,No,Worried,Somewhat worried,Approve,Somewhat approve,18-44,18-64,Democrat,Non-black Democrat,White Democrat,Democrat,Democratic Women,White Democrat,Conservative,9.0,Moderate/Conservative Democrats,Mod/Conserv. Democrats,White,White,State questionnaire,White,White,East,Yes,Female,White women,Non married women,Suburbs,Suburbs,Maine,Election day exit poll,Seriously off on the wrong track,Version 1,1.14293265342712,Yes,No,Non-working women,All others,Non-working women
79396.0,Eliot Cutler,Shenna Bellows,Mike Michaud,18-29,18-29,18-24,18-44,18-29,18-24,Non-Black 18-29,White 18-29,White 18-29,Complete,Call 2,2.0,High school graduate,No college degree,High school graduate or less,White no college degree,Yes,Omit,Unfavorable,2.0,Government should do more to solve problems,Went too far,Less than 100k,"Under $30,000",Less than 50k,Less than 50 thousand,"Under $50,000","Under $30,000","Under $50,000 and white",Yes,No,Legal,No,Worried,Very worried,Approve,Somewhat approve,18-44,18-64,Independent/Something else,Non-black non-Democrat,White Independent,Independent,Independent Women,White Independent,Liberal,65.0,Moderate/Liberal Republicans,Liberal Independents,White,White,State questionnaire,White,White,East,Yes,Female,White women,Non married women,Rural,Small Cities/Rural,Maine,Election day exit poll,Seriously off on the wrong track,Version 1,0.552212774753571,Yes,No,Non-working women,All others,Non-working women
62841.0,Eliot Cutler,Shenna Bellows,Mike Michaud,30-44,30-59,30-39,18-44,30-44,30-39,Non-Black 30-44,White 30-44,White 30-44,Complete,Call 1,1.0,Postgraduate study,College graduate,More than High school graduate,White college degree,Yes,Favorable,Unfavorable,1.0,Government should do more to solve problems,Was about right,100k or more,"$30,000 or more",50k or more,100 thousand or more,"$100,000-$199,999","$100,000-$199,999","Over $50,000 and white",Yes,No,Illegal,Yes,Worried,Somewhat worried,Approve,Somewhat approve,18-44,18-64,Democrat,Non-black Democrat,White Democrat,Democrat,Democratic Women,White Democrat,Liberal,114.0,Liberal Democrats,Liberal Democrats,White,White,State questionnaire,White,White,East,Yes,Female,White women,Married women,Suburbs,Suburbs,Maine,Election day exit poll,Seriously off on the wrong track,Version 1,0.936217904090881,No,No,Non-working women,All others,Non-working women
65854.0,Eliot Cutler,Shenna Bellows,Would not have voted,65+,60+,65 or over,45+,60+,65+,Non-Black 60+,White 60+,White 65+,Complete,Call 1,2.0,Postgraduate study,College graduate,More than High school graduate,White college degree,Yes,Omit,Omit,2.0,Government should do more to solve problems,Was about right,Less than 100k,"$30,000 or more",50k or more,50 to 100 thousand,"$50,000-$99,999","$50,000-$99,999","Over $50,000 and white",Yes,No,Omit,No,Worried,Somewhat worried,Approve,Somewhat approve,45+,65+,Independent/Something else,Non-black non-Democrat,White Independent,Independent,Independent Women,White Independent,Moderate,24.0,Moderate/Liberal Republicans,Moderate Independents,White,White,State questionnaire,White,White,East,Yes,Female,White women,Non married women,Suburbs,Suburbs,Maine,Election day exit poll,Omit,Version 1,0.49743664264679,No,No,Non-working women,All others,Non-working women
65853.0,Eliot Cutler,Shenna Bellows,Would not have voted,30-44,30-59,30-39,18-44,30-44,30-39,Non-Black 30-44,White 30-44,White 30-44,Complete,Call 1,2.0,High school graduate,No college degree,High school graduate or less,White no college degree,No,Unfavorable,Unfavorable,2.0,Government is doing too many things better left to businesses and individuals,Went too far,Less than 100k,"$30,000 or more",Less than 50k,Less than 50 thousand,"Under $50,000","$30,000-$49,999","Under $50,000 and white",Yes,No,Illegal,No,Worried,Very worried,Disapprove,Somewhat disapprove,18-44,18-64,Independent/Something else,Non-black non-Democrat,White Independent,Something else,Independent Men,White Independent,Moderate,96.0,Moderate/Liberal Republicans,Moderate Independents,White,White,State questionnaire,White,White,East,Yes,Male,White men,Non married men,Rural,Small Cities/Rural,Maine,Election day exit poll,Seriously off on the wrong track,Version 1,0.540694057941437,Yes,Yes,Working men,All others,Working men
94813.0,Eliot Cutler,Shenna Bellows,Mike Michaud,65+,60+,65 or over,45+,60+,65+,Non-Black 60+,White 60+,White 65+,Complete,Call 3,2.0,Postgraduate study,College graduate,More than High school graduate,White college degree,Yes,Favorable,Unfavorable,2.0,Government should do more to solve problems,Did not go far enough,Less than 100k,"$30,000 or more",50k or more,50 to 100 thousand,"$50,000-$99,999","$50,000-$99,999","Over $50,000 and white",Yes,No,Legal,No,Not worried,Not too worried,Approve,Somewhat approve,45+,65+,Democrat,Non-black Democrat,White Democrat,Democrat,Democratic Women,White Democrat,Liberal,96.0,Liberal Democrats,Liberal Democrats,White,White,State questionnaire,White,White,East,Yes,Female,White women,Non married women,Rural,Small Cities/Rural,Maine,Election day exit poll,Seriously off on the wrong track,Version 1,0.568499028682709,No,Yes,Working women,Working women,Working women
65815.0,Eliot Cutler,Shenna Bellows,Would not have voted,65+,60+,65 or over,45+,60+,65+,Non-Black 60+,White 60+,White 65+,Not complete,Call 1,1.0,,,,,,,,1.0,Government is doing too many things better left to businesses and individuals,,,,,,,,,,,,,,,,,45+,65+,,,,,,,,112.0,,,White,White,State questionnaire,White,White,East,No,Female,White women,,Rural,Small Cities/Rural,Maine,Election day exit poll,Seriously off on the wrong track,Version 1,2.0353319644928,,,,,
65702.0,Eliot Cutler,Shenna Bellows,Would not have voted,45-65,60+,60-64,45+,60+,50-64,Non-Black 60+,White 60+,White 45-64,Complete,Call 1,2.0,Some college/assoc. degree,No college degree,More than High school graduate,White no college degree,Yes,Unfavorable,Unfavorable,2.0,Government should do more to solve problems,Omit,Less than 100k,"$30,000 or more",50k or more,50 to 100 thousand,"$50,000-$99,999","$50,000-$99,999","Over $50,000 and white",No,No,Legal,Yes,Worried,Somewhat worried,Approve,Somewhat approve,45+,18-64,Independent/Something else,Non-black non-Democrat,White Independent,Independent,Independent Men,White Independent,Conservative,96.0,Moderate/Liberal Republicans,Conservative Independents,White,White,State questionnaire,White,White,East,No,Male,White men,Married men,Rural,Small Cities/Rural,Maine,Election day exit poll,Seriously off on the wrong track,Version 1,0.640268087387085,No,Yes,Working men,All others,Working men
59897.0,Eliot Cutler,Shenna Bellows,Paul LePage,45-65,30-59,45-49,45+,45-59,40-49,Non-Black 45-59,White 45-59,White 45-64,Complete,Call 1,1.0,Some college/assoc. degree,No college degree,More than High school graduate,White no college degree,No,Favorable,Unfavorable,1.0,Government should do more to solve problems,Did not go far enough,100k or more,"$30,000 or more",50k or more,100 thousand or more,"$100,000-$199,999","$100,000-$199,999","Over $50,000 and white",Yes,No,Legal,Yes,Worried,Somewhat worried,Approve,Somewhat approve,45+,18-64,Republican,Non-black non-Democrat,All Republicans,Republican,Republican Women,White Republican,Moderate,9.0,Conservative Republicans,Mod./Liberal Republicans,White,White,State questionnaire,White,White,East,Yes,Female,White women,Married women,Suburbs,Suburbs,Maine,Election day exit poll,Generally going in the right direction,Version 1,0.915204405784607,No,Yes,Working women,Working women,Working women
81935.0,Eliot Cutler,Shenna Bellows,Would not have voted,30-44,30-59,40-44,18-44,30-44,40-49,Non-Black 30-44,White 30-44,White 30-44,Complete,Call 2,2.0,College graduate,College graduate,More than High school graduate,White college degree,Yes,Unfavorable,Unfavorable,2.0,Government is doing too many things better left to businesses and individuals,Went too far,Less than 100k,"$30,000 or more",Less than 50k,Less than 50 thousand,"Under $50,000","$30,000-$49,999","Under $50,000 and white",Yes,No,Legal,No,Worried,Somewhat worried,Disapprove,Strongly disapprove,18-44,18-64,Independent/Something else,Non-black non-Democrat,White Independent,Independent,Independent Men,White Independent,Moderate,76.0,Moderate/Liberal Republicans,Moderate Independents,White,White,State questionnaire,White,White,East,Yes,Male,White men,Non married men,Rural,Small Cities/Rural,Maine,Election day exit poll,Generally going in the right direction,Version 1,0.485238283872604,No,Yes,Working men,All others,Working men
65658.0,Eliot Cutler,Shenna Bellows,Mike Michaud,45-65,30-59,45-49,45+,45-59,40-49,Non-Black 45-59,White 45-59,White 45-64,Complete,Call 1,2.0,Postgraduate study,College graduate,More than High school graduate,White college degree,Yes,Unfavorable,Unfavorable,2.0,Government should do more to solve problems,Did not go far enough,100k or more,"$30,000 or more",50k or more,100 thousand or more,"$100,000-$199,999","$100,000-$199,999","Over $50,000 and white",Yes,No,Legal,No,Worried,Somewhat worried,Approve,Strongly approve,45+,18-64,Independent/Something else,Non-black non-Democrat,White Independent,Independent,Independent Men,White Independent,Moderate,22.0,Moderate/Liberal Republicans,Moderate Independents,White,White,State questionnaire,White,White,East,Yes,Male,White men,Non married men,Rural,Small Cities/Rural,Maine,Election day exit poll,Generally going in the right direction,Version 1,0.664010286331177,No,Yes,Working men,All others,Working men
9384.0,,Susan Collins,,65+,60+,65 or over,45+,60+,65+,Non-Black 60+,White 60+,White 65+,Complete,,1.0,Postgraduate study,College graduate,More than High school graduate,White college degree,,,,1.0,,Went too far,Less than 100k,"$30,000 or more",50k or more,50 to 100 thousand,"$50,000-$99,999","$50,000-$99,999","Over $50,000 and white",,No,,Yes,,,,,45+,65+,Republican,Non-black non-Democrat,All Republicans,Republican,Republican Men,White Republican,Conservative,,Independent/Something else,Conservative Republicans,White,White,National questionnaire,White,White,East,,Male,White men,Married men,Rural,Small Cities/Rural,Maine,Telephone survey,,Version 2,0.0,No,No,Non-working men,All others,Non-working men
73084.0,,Susan Collins,Paul LePage,45-65,30-59,50-59,45+,45-59,50-64,Non-Black 45-59,White 45-59,White 45-64,Not complete,Call 2,1.0,,,,,,,,1.0,Government is doing too many things better left to businesses and individuals,,,,,,,,,,No,,,,,,,45+,18-64,,,,,,,,72.0,,,White,White,State questionnaire,White,White,East,Omit,Male,White men,,"Cities 50,000-500,000","Cities over 50,000",Maine,Election day exit poll,Seriously off on the wrong track,Version 1,0.400116264820099,,Yes,Working men,All others,Working men
82517.0,,Susan Collins,Omit,30-44,30-59,30-39,18-44,30-44,30-39,Non-Black 30-44,White 30-44,White 30-44,Complete,Call 2,1.0,Some college/assoc. degree,No college degree,More than High school graduate,White no college degree,No,Unfavorable,Favorable,1.0,Government is doing too many things better left to businesses and individuals,Omit,,,,,,,,Yes,No,Omit,Yes,Worried,Somewhat worried,Omit,Omit,18-44,18-64,Republican,Non-black non-Democrat,All Republicans,Republican,Republican Men,White Republican,Conservative,103.0,Independent/Something else,Conservative Republicans,White,White,State questionnaire,White,White,East,No,Male,White men,Married men,Rural,Small Cities/Rural,Maine,Election day exit poll,Omit,Version 1,1.92879462242126,,Yes,Working men,All others,Working men
94851.0,,Susan Collins,,45-65,30-59,50-59,45+,45-59,50-64,,,,Complete,Call 3,2.0,High school graduate,No college degree,High school graduate or less,,,Unfavorable,Unfavorable,2.0,Government should do more to solve problems,,Less than 100k,"Under $30,000",Less than 50k,Less than 50 thousand,"Under $50,000","Under $30,000",,,No,Legal,,,,,,45+,18-64,Independent/Something else,,,Independent,Independent Women,,Moderate,46.0,Moderate/Liberal Republicans,Moderate Independents,,,National questionnaire,,,East,Yes,Female,,,Suburbs,Suburbs,Maine,Election day exit poll,Seriously off on the wrong track,Version 4,0.844144105911255,,,,,
95668.0,,Susan Collins,Omit,45-65,30-59,45-49,45+,45-59,40-49,Non-Black 45-59,White 45-59,White 45-64,Complete,Call 3,1.0,Some college/assoc. degree,No college degree,More than High school graduate,White no college degree,Yes,Unfavorable,Unfavorable,1.0,Government is doing too many things better left to businesses and individuals,Went too far,Less than 100k,"$30,000 or more",50k or more,50 to 100 thousand,"$50,000-$99,999","$50,000-$99,999","Over $50,000 and white",No,No,Legal,Yes,Worried,Somewhat worried,Disapprove,Somewhat disapprove,45+,18-64,Independent/Something else,Non-black non-Democrat,White Independent,Independent,Independent Men,White Independent,Moderate,114.0,Moderate/Liberal Republicans,Moderate Independents,White,White,State questionnaire,White,White,East,Yes,Male,White men,Married men,Suburbs,Suburbs,Maine,Election day exit poll,Generally going in the right direction,Version 1,0.973728001117706,No,Yes,Working men,All others,Working men
9805.0,,Susan Collins,,18-29,18-29,18-24,18-44,18-29,18-24,Non-Black 18-29,White 18-29,White 18-29,Complete,,2.0,Some college/assoc. degree,No college degree,More than High school graduate,White no college degree,,Favorable,Favorable,1.0,Government is doing too many things better left to businesses and individuals,,100k or more,"$30,000 or more",50k or more,100 thousand or more,"$200,000 or more","$200,000 or more","Over $50,000 and white",,No,Illegal,,,,,,18-44,18-64,Democrat,Non-black Democrat,White Democrat,Democrat,Democratic Women,White Democrat,Liberal,,Liberal Democrats,Liberal Democrats,White,White,National questionnaire,White,White,East,Yes,Female,White women,,"Cities over 500,000","Cities over 50,000",Maine,Telephone survey,Seriously off on the wrong track,Version 4,0.0,No,,,,
65969.0,,Susan Collins,Paul LePage,45-65,60+,60-64,45+,60+,50-64,Non-Black 60+,White 60+,White 45-64,Complete,Call 1,2.0,High school graduate,No college degree,High school graduate or less,White no college degree,Yes,Favorable,Favorable,2.0,Government is doing too many things better left to businesses and individuals,Did not go far enough,,,,,,,,No,,Illegal,Yes,Worried,Somewhat worried,Approve,Strongly approve,45+,18-64,Independent/Something else,Non-black non-Democrat,White Independent,Independent,Independent Women,White Independent,Liberal,96.0,Moderate/Liberal Republicans,Liberal Independents,White,White,State questionnaire,White,White,East,No,Female,White women,Married women,Rural,Small Cities/Rural,Maine,Election day exit poll,Omit,Version 1,1.09946382045746,,No,Non-working women,All others,Non-working women
9847.0,,Susan Collins,,30-44,30-59,40-44,18-44,30-44,40-49,Non-Black 30-44,White 30-44,White 30-44,Complete,,2.0,Some college/assoc. degree,No college degree,More than High school graduate,White no college degree,,,,2.0,,,100k or more,"$30,000 or more",50k or more,100 thousand or more,"$100,000-$199,999","$100,000-$199,999","Over $50,000 and white",,No,,Yes,,,,,18-44,18-64,Independent/Something else,Non-black non-Democrat,White Independent,Independent,Independent Men,White Independent,Conservative,,Moderate/Liberal Republicans,Conservative Independents,White,White,National questionnaire,White,White,East,,Male,White men,Married men,"Cities 10,000-50,000",Small Cities/Rural,Maine,Telephone survey,,Version 3,0.0,No,,,,
9806.0,,Susan Collins,,65+,60+,65 or over,45+,60+,65+,Non-Black 60+,White 60+,White 65+,Complete,,1.0,High school graduate,No college degree,High school graduate or less,White no college degree,,Favorable,Unfavorable,1.0,Government should do more to solve problems,,Less than 100k,"$30,000 or more",50k or more,50 to 100 thousand,"$50,000-$99,999","$50,000-$99,999","Over $50,000 and white",,No,Legal,,,,,,45+,65+,Democrat,Non-black Democrat,White Democrat,Democrat,Democratic Men,White Democrat,Moderate,,Moderate/Conservative Democrats,Mod/Conserv. Democrats,White,White,National questionnaire,White,White,East,Yes,Male,White men,,Suburbs,Suburbs,Maine,Telephone survey,Generally going in the right direction,Version 4,0.0,No,,,,
61199.0,Did not vote,Susan Collins,Would not have voted,65+,60+,65 or over,45+,60+,65+,Non-Black 60+,White 60+,White 65+,Complete,Call 1,1.0,College graduate,College graduate,More than High school graduate,White college degree,Yes,Unfavorable,Unfavorable,1.0,Government should do more to solve problems,Did not go far enough,Less than 100k,"$30,000 or more",50k or more,50 to 100 thousand,"$50,000-$99,999","$50,000-$99,999","Over $50,000 and white",Yes,No,Illegal,Yes,Worried,Very worried,Disapprove,Somewhat disapprove,45+,65+,Independent/Something else,Non-black non-Democrat,White Independent,Independent,Independent Men,White Independent,Conservative,82.0,Moderate/Liberal Republicans,Conservative Independents,White,White,State questionnaire,White,White,East,Yes,Male,White men,Married men,Suburbs,Suburbs,Maine,Election day exit poll,Seriously off on the wrong track,Version 1,1.12716913223267,No,No,Non-working men,All others,Non-working men
96273.0,Did not vote,Susan Collins,Would not have voted,45-65,30-59,45-49,45+,45-59,40-49,Non-Black 45-59,White 45-59,White 45-64,Complete,Call 3,1.0,,,,,Yes,Unfavorable,Unfavorable,1.0,Government should do more to solve problems,Went too far,Less than 100k,"$30,000 or more",50k or more,50 to 100 thousand,"$50,000-$99,999","$50,000-$99,999","Over $50,000 and white",Yes,No,Illegal,No,Worried,Very worried,Disapprove,Somewhat disapprove,45+,18-64,Independent/Something else,Non-black non-Democrat,White Independent,Independent,Independent Women,White Independent,Moderate,88.0,Moderate/Liberal Republicans,Moderate Independents,White,White,State questionnaire,White,White,East,Yes,Female,White women,Non married women,Suburbs,Suburbs,Maine,Election day exit poll,Seriously off on the wrong track,Version 1,0.986037611961365,No,Yes,Working women,Working women,Working women
92677.0,Mike Michaud,Susan Collins,Mike Michaud,65+,60+,65 or over,45+,60+,65+,Non-Black 60+,White 60+,White 65+,Complete,Call 3,1.0,College graduate,College graduate,More than High school graduate,White college degree,Yes,Favorable,Unfavorable,1.0,Government should do more to solve problems,Was about right,Less than 100k,"Under $30,000",Less than 50k,Less than 50 thousand,"Under $50,000","Under $30,000","Under $50,000 and white",No,No,Illegal,No,Worried,Very worried,Approve,Somewhat approve,45+,65+,Independent/Something else,Non-black non-Democrat,White Independent,Independent,Independent Women,White Independent,Moderate,82.0,Moderate/Liberal Republicans,Moderate Independents,White,White,State questionnaire,White,White,East,Yes,Female,White women,Non married women,Suburbs,Suburbs,Maine,Election day exit poll,Generally going in the right direction,Version 1,1.11137318611145,No,No,Non-working women,All others,Non-working women
81086.0,Mike Michaud,Susan Collins,Mike Michaud,30-44,30-59,30-39,18-44,30-44,30-39,Non-Black 30-44,White 30-44,White 30-44,Complete,Call 2,2.0,Postgraduate study,College graduate,More than High school graduate,White college degree,No,Favorable,Unfavorable,2.0,Government should do more to solve problems,Was about right,Less than 100k,"$30,000 or more",50k or more,50 to 100 thousand,"$50,000-$99,999","$50,000-$99,999","Over $50,000 and white",No,No,Illegal,Yes,Worried,Somewhat worried,Approve,Somewhat approve,18-44,18-64,Independent/Something else,Non-black non-Democrat,White Independent,Independent,Independent Women,White Independent,Moderate,76.0,Moderate/Liberal Republicans,Moderate Independents,White,White,State questionnaire,White,White,East,Yes,Female,White women,Married women,Rural,Small Cities/Rural,Maine,Election day exit poll,Generally going in the right direction,Version 1,0.709707319736481,No,Yes,Working women,Working women,Working women
61762.0,Mike Michaud,Susan Collins,Mike Michaud,18-29,18-29,18-24,18-44,18-29,18-24,Non-Black 18-29,White 18-29,White 18-29,Complete,Call 1,1.0,No high school diploma,No college degree,High school graduate or less,White no college degree,Yes,Favorable,Unfavorable,1.0,Government is doing too many things better left to businesses and individuals,Was about right,Less than 100k,"Under $30,000",Less than 50k,Less than 50 thousand,"Under $50,000","Under $30,000","Under $50,000 and white",Yes,No,Legal,No,Worried,Somewhat worried,Approve,Strongly approve,18-44,18-64,Independent/Something else,Non-black non-Democrat,White Independent,Something else,Independent Women,White Independent,Moderate,9.0,Moderate/Liberal Republicans,Moderate Independents,White,White,State questionnaire,White,White,East,Yes,Female,White women,Non married women,Suburbs,Suburbs,Maine,Election day exit poll,Seriously off on the wrong track,Version 1,1.17206621170044,Yes,No,Non-working women,All others,Non-working women
91148.0,Mike Michaud,Susan Collins,Mike Michaud,30-44,30-59,30-39,18-44,30-44,30-39,Non-Black 30-44,White 30-44,White 30-44,Complete,Call 3,2.0,College graduate,College graduate,More than High school graduate,White college degree,Yes,Favorable,Unfavorable,2.0,Government should do more to solve problems,Did not go far enough,Less than 100k,"$30,000 or more",Less than 50k,Less than 50 thousand,"Under $50,000","$30,000-$49,999","Under $50,000 and white",Yes,No,Illegal,Yes,Worried,Somewhat worried,Approve,Somewhat approve,18-44,18-64,Democrat,Non-black Democrat,White Democrat,Democrat,Democratic Women,White Democrat,Liberal,65.0,Liberal Democrats,Liberal Democrats,White,White,State questionnaire,White,White,East,Yes,Female,White women,Married women,Rural,Small Cities/Rural,Maine,Election day exit poll,Seriously off on the wrong track,Version 1,0.728383839130402,No,No,Non-working women,All others,Non-working women
67515.0,Mike Michaud,Susan Collins,,65+,60+,65 or over,45+,60+,65+,Non-Black 60+,White 60+,White 65+,Complete,Call 1,2.0,High school graduate,No college degree,High school graduate or less,White no college degree,,,,2.0,,,,,,,,,,,No,,,Worried,Somewhat worried,Approve,Strongly approve,45+,65+,Democrat,Non-black Democrat,White Democrat,Democrat,Democratic Women,White Democrat,Moderate,46.0,Moderate/Conservative Democrats,Mod/Conserv. Democrats,White,White,National questionnaire,White,White,East,,Female,White women,,Suburbs,Suburbs,Maine,Election day exit poll,,Version 1,0.923263788223267,,,,,
80492.0,Mike Michaud,Susan Collins,Mike Michaud,45-65,30-59,45-49,45+,45-59,40-49,Non-Black 45-59,White 45-59,White 45-64,Complete,Call 2,2.0,College graduate,College graduate,More than High school graduate,White college degree,Yes,Favorable,Unfavorable,2.0,Government is doing too many things better left to businesses and individuals,Did not go far enough,Less than 100k,"$30,000 or more",50k or more,50 to 100 thousand,"$50,000-$99,999","$50,000-$99,999","Over $50,000 and white",Yes,No,Legal,Yes,Worried,Very worried,Approve,Somewhat approve,45+,18-64,Democrat,Non-black Democrat,White Democrat,Democrat,Democratic Women,White Democrat,Moderate,76.0,Moderate/Conservative Democrats,Mod/Conserv. Democrats,White,White,State questionnaire,White,White,East,Yes,Female,White women,Married women,Rural,Small Cities/Rural,Maine,Election day exit poll,Seriously off on the wrong track,Version 1,0.709707319736481,No,Yes,Working women,Working women,Working women
65570.0,Mike Michaud,Susan Collins,Mike Michaud,65+,60+,65 or over,45+,60+,65+,Non-Black 60+,White 60+,White 65+,Complete,Call 1,2.0,Postgraduate study,College graduate,More than High school graduate,White college degree,Yes,Favorable,Unfavorable,2.0,Government should do more to solve problems,Was about right,Less than 100k,"$30,000 or more",50k or more,50 to 100 thousand,"$50,000-$99,999","$50,000-$99,999","Over $50,000 and white",Yes,No,Illegal,Yes,Worried,Somewhat worried,Approve,Somewhat approve,45+,65+,Independent/Something else,Non-black non-Democrat,White Independent,Independent,Independent Men,White Independent,Moderate,24.0,Moderate/Liberal Republicans,Moderate Independents,White,White,State questionnaire,White,White,East,Yes,Male,White men,Married men,Suburbs,Suburbs,Maine,Election day exit poll,Generally going in the right direction,Version 1,0.922839760780334,No,No,Non-working men,All others,Non-working men
79082.0,Mike Michaud,Susan Collins,Mike Michaud,45-65,30-59,50-59,45+,45-59,50-64,Non-Black 45-59,White 45-59,White 45-64,Complete,Call 2,2.0,Some college/assoc. degree,No college degree,More than High school graduate,White no college degree,Yes,Unfavorable,Unfavorable,2.0,Government should do more to solve problems,Went too far,Less than 100k,"$30,000 or more",Less than 50k,Less than 50 thousand,"Under $50,000","$30,000-$49,999","Under $50,000 and white",Yes,No,Illegal,No,Worried,Very worried,Disapprove,Strongly disapprove,45+,18-64,Independent/Something else,Non-black non-Democrat,White Independent,Independent,Independent Women,White Independent,Moderate,24.0,Moderate/Liberal Republicans,Moderate Independents,White,White,State questionnaire,White,White,East,Yes,Female,White women,Non married women,Suburbs,Suburbs,Maine,Election day exit poll,Seriously off on the wrong track,Version 1,0.691964626312256,Yes,Yes,Working women,Working women,Working women
61695.0,Mike Michaud,Susan Collins,,18-29,18-29,18-24,18-44,18-29,18-24,Non-Black 18-29,White 18-29,White 18-29,Complete,Call 1,2.0,Some college/assoc. degree,No college degree,More than High school graduate,White no college degree,,,,2.0,,,Less than 100k,"$30,000 or more",50k or more,50 to 100 thousand,"$50,000-$99,999","$50,000-$99,999","Over $50,000 and white",,No,,No,,,,,18-44,18-64,Independent/Something else,Non-black non-Democrat,White Independent,Independent,Independent Men,White Independent,Moderate,63.0,Moderate/Liberal Republicans,Moderate Independents,White,White,National questionnaire,White,White,East,,Male,White men,Non married men,Suburbs,Suburbs,Maine,Election day exit poll,,Version 3,1.01115524768829,No,,,,
79072.0,Mike Michaud,Susan Collins,Mike Michaud,45-65,30-59,45-49,45+,45-59,40-49,Non-Black 45-59,White 45-59,White 45-64,Complete,Call 2,2.0,No high school diploma,No college degree,High school graduate or less,White no college degree,Yes,Favorable,Unfavorable,2.0,Government should do more to solve problems,Did not go far enough,Less than 100k,"Under $30,000",Less than 50k,Less than 50 thousand,"Under $50,000","Under $30,000","Under $50,000 and white",No,,Legal,No,Worried,Very worried,Approve,Somewhat approve,45+,18-64,Democrat,Non-black Democrat,White Democrat,Democrat,Democratic Men,White Democrat,Moderate,65.0,Moderate/Conservative Democrats,Mod/Conserv. Democrats,White,White,State questionnaire,White,White,East,Omit,Male,White men,Non married men,Rural,Small Cities/Rural,Maine,Election day exit poll,Seriously off on the wrong track,Version 1,0.820337295532227,Yes,,,All others,
95894.0,Mike Michaud,Susan Collins,,30-44,30-59,30-39,18-44,30-44,30-39,Non-Black 30-44,White 30-44,White 30-44,Complete,Call 3,2.0,College graduate,College graduate,More than High school graduate,White college degree,,,,2.0,,,Less than 100k,"$30,000 or more",50k or more,50 to 100 thousand,"$50,000-$99,999","$50,000-$99,999","Over $50,000 and white",,No,,,,,,,18-44,18-64,Democrat,Non-black Democrat,White Democrat,Democrat,Democratic Men,White Democrat,Moderate,46.0,Moderate/Conservative Democrats,Mod/Conserv. Democrats,White,White,National questionnaire,White,White,East,,Male,White men,,Suburbs,Suburbs,Maine,Election day exit poll,,Version 5,0.878107488155365,No,,,,
65543.0,Mike Michaud,Susan Collins,Would not have voted,65+,60+,65 or over,45+,60+,65+,Non-Black 60+,White 60+,White 65+,Complete,Call 1,2.0,Some college/assoc. degree,No college degree,More than High school graduate,White no college degree,Yes,Favorable,Unfavorable,2.0,Government should do more to solve problems,Did not go far enough,Less than 100k,"Under $30,000",Less than 50k,Less than 50 thousand,"Under $50,000","Under $30,000","Under $50,000 and white",Yes,No,Legal,No,Worried,Somewhat worried,Approve,Strongly approve,45+,65+,Independent/Something else,Non-black non-Democrat,White Independent,Independent,Independent Women,White Independent,Moderate,24.0,Moderate/Liberal Republicans,Moderate Independents,White,White,State questionnaire,White,White,East,Yes,Female,White women,Non married women,Suburbs,Suburbs,Maine,Election day exit poll,Seriously off on the wrong track,Version 1,0.819396615028381,Yes,No,Non-working women,All others,Non-working women
95644.0,Mike Michaud,Susan Collins,Mike Michaud,30-44,30-59,30-39,18-44,30-44,30-39,Non-Black 30-44,White 30-44,White 30-44,Complete,Call 3,1.0,College graduate,College graduate,More than High school graduate,White college degree,Yes,Favorable,Unfavorable,1.0,Government should do more to solve problems,Was about right,100k or more,"$30,000 or more",50k or more,100 thousand or more,"$100,000-$199,999","$100,000-$199,999","Over $50,000 and white",No,No,Legal,Yes,Not worried,Not too worried,Approve,Strongly approve,18-44,18-64,Democrat,Non-black Democrat,White Democrat,Democrat,Democratic Women,White Democrat,Liberal,88.0,Liberal Democrats,Liberal Democrats,White,White,State questionnaire,White,White,East,Yes,Female,White women,Married women,Suburbs,Suburbs,Maine,Election day exit poll,Generally going in the right direction,Version 1,1.09495544433594,No,Yes,Working women,Working women,Working women
59720.0,Mike Michaud,Susan Collins,Mike Michaud,45-65,30-59,50-59,45+,45-59,50-64,Non-Black 45-59,White 45-59,White 45-64,Not complete,Call 1,1.0,,,,,,,,1.0,Government should do more to solve problems,,,,,,,,,,No,,,,,,,45+,18-64,,,,,,,,9.0,,,White,White,State questionnaire,White,White,East,Yes,Female,White women,,Suburbs,Suburbs,Maine,Election day exit poll,Generally going in the right direction,Version 1,0.938533246517181,,Yes,Working women,Working women,Working women
61647.0,Mike Michaud,Susan Collins,Mike Michaud,65+,60+,65 or over,45+,60+,65+,Non-Black 60+,White 60+,White 65+,Complete,Call 1,1.0,College graduate,College graduate,More than High school graduate,White college degree,Yes,Favorable,Unfavorable,1.0,Government should do more to solve problems,Was about right,Less than 100k,"$30,000 or more",50k or more,50 to 100 thousand,"$50,000-$99,999","$50,000-$99,999","Over $50,000 and white",Yes,No,Legal,Yes,Worried,Somewhat worried,Approve,Somewhat approve,45+,65+,Democrat,Non-black Democrat,White Democrat,Democrat,Democratic Men,White Democrat,Moderate,9.0,Moderate/Conservative Democrats,Mod/Conserv. Democrats,White,White,State questionnaire,White,White,East,Omit,Male,White men,Married men,Suburbs,Suburbs,Maine,Election day exit poll,Generally going in the right direction,Version 1,1.25167632102966,No,No,Non-working men,All others,Non-working men
61638.0,Mike Michaud,Susan Collins,,18-29,18-29,18-24,18-44,18-29,18-24,Non-Black 18-29,White 18-29,White 18-29,Complete,Call 1,2.0,High school graduate,No college degree,High school graduate or less,White no college degree,,,,2.0,,,Less than 100k,"$30,000 or more",50k or more,50 to 100 thousand,"$50,000-$99,999","$50,000-$99,999","Over $50,000 and white",,No,,,Worried,Somewhat worried,Approve,Strongly approve,18-44,18-64,Democrat,Non-black Democrat,White Democrat,Democrat,Democratic Men,White Democrat,Moderate,63.0,Moderate/Conservative Democrats,Mod/Conserv. Democrats,White,White,National questionnaire,White,White,East,,Male,White men,,Suburbs,Suburbs,Maine,Election day exit poll,,Version 1,1.01115524768829,No,,,,
65496.0,Mike Michaud,Susan Collins,Mike Michaud,30-44,30-59,30-39,18-44,30-44,30-39,Non-Black 30-44,White 30-44,White 30-44,Complete,Call 1,2.0,Some college/assoc. degree,No college degree,More than High school graduate,White no college degree,Yes,Favorable,Unfavorable,2.0,Government should do more to solve problems,Went too far,Less than 100k,"Under $30,000",Less than 50k,Less than 50 thousand,"Under $50,000","Under $30,000","Under $50,000 and white",No,No,Legal,Yes,Worried,Somewhat worried,Disapprove,Strongly disapprove,18-44,18-64,Independent/Something else,Non-black non-Democrat,White Independent,Independent,Independent Men,White Independent,Liberal,24.0,Moderate/Liberal Republicans,Liberal Independents,White,White,State questionnaire,White,White,East,Yes,Male,White men,Married men,Suburbs,Suburbs,Maine,Election day exit poll,Seriously off on the wrong track,Version 1,0.779320418834686,Yes,Yes,Working men,All others,Working men
92187.0,Mike Michaud,Susan Collins,Mike Michaud,30-44,30-59,30-39,18-44,30-44,30-39,Non-Black 30-44,White 30-44,White 30-44,Complete,Call 3,1.0,High school graduate,No college degree,High school graduate or less,White no college degree,Yes,Unfavorable,Favorable,1.0,Government is doing too many things better left to businesses and individuals,Went too far,Less than 100k,"$30,000 or more",50k or more,50 to 100 thousand,"$50,000-$99,999","$50,000-$99,999","Over $50,000 and white",Yes,No,Legal,Yes,Worried,Somewhat worried,Disapprove,Somewhat disapprove,18-44,18-64,Republican,Non-black non-Democrat,All Republicans,Republican,Republican Men,White Republican,Moderate,72.0,Conservative Republicans,Mod./Liberal Republicans,White,White,State questionnaire,White,White,East,No,Male,White men,Married men,"Cities 50,000-500,000","Cities over 50,000",Maine,Election day exit poll,Seriously off on the wrong track,Version 1,0.444313138723373,No,Yes,Working men,All others,Working men
73217.0,Mike Michaud,Susan Collins,Mike Michaud,45-65,30-59,50-59,45+,45-59,50-64,Non-Black 45-59,White 45-59,White 45-64,Complete,Call 2,1.0,College graduate,College graduate,More than High school graduate,White college degree,Yes,Favorable,Unfavorable,1.0,Omit,Was about right,Less than 100k,"$30,000 or more",50k or more,50 to 100 thousand,"$50,000-$99,999","$50,000-$99,999","Over $50,000 and white",Yes,No,Legal,Yes,Worried,Somewhat worried,Approve,Somewhat approve,45+,18-64,Independent/Something else,Non-black non-Democrat,White Independent,Independent,Independent Women,White Independent,Liberal,82.0,Moderate/Liberal Republicans,Liberal Independents,White,White,State questionnaire,White,White,East,Yes,Female,White women,Married women,Suburbs,Suburbs,Maine,Election day exit poll,Omit,Version 1,0.938533246517181,No,Yes,Working women,Working women,Working women
94440.0,Mike Michaud,Susan Collins,Would not have voted,30-44,30-59,40-44,18-44,30-44,40-49,Non-Black 30-44,White 30-44,White 30-44,Complete,Call 3,2.0,Some college/assoc. degree,No college degree,More than High school graduate,White no college degree,Yes,Favorable,Unfavorable,2.0,Government should do more to solve problems,Was about right,Less than 100k,"$30,000 or more",Less than 50k,Less than 50 thousand,"Under $50,000","$30,000-$49,999","Under $50,000 and white",Yes,No,Legal,No,Worried,Somewhat worried,Disapprove,Somewhat disapprove,18-44,18-64,Independent/Something else,Non-black non-Democrat,White Independent,Independent,Independent Men,White Independent,Conservative,96.0,Moderate/Liberal Republicans,Conservative Independents,White,White,State questionnaire,White,White,East,Yes,Male,White men,Non married men,Rural,Small Cities/Rural,Maine,Election day exit poll,Seriously off on the wrong track,Version 1,0.890651881694794,Yes,Yes,Working men,All others,Working men
65451.0,Mike Michaud,Susan Collins,Mike Michaud,65+,60+,65 or over,45+,60+,65+,Non-Black 60+,White 60+,White 65+,Complete,Call 1,2.0,College graduate,College graduate,More than High school graduate,White college degree,Yes,Favorable,Unfavorable,2.0,Government should do more to solve problems,Was about right,Less than 100k,"$30,000 or more",50k or more,50 to 100 thousand,"$50,000-$99,999","$50,000-$99,999","Over $50,000 and white",No,No,Legal,No,Worried,Somewhat worried,Approve,Strongly approve,45+,65+,Independent/Something else,Non-black non-Democrat,White Independent,Independent,Independent Women,White Independent,Moderate,92.0,Moderate/Liberal Republicans,Moderate Independents,White,White,State questionnaire,White,White,East,Yes,Female,White women,Non married women,Rural,Small Cities/Rural,Maine,Election day exit poll,Generally going in the right direction,Version 1,0.862522721290588,No,No,Non-working women,All others,Non-working women
75089.0,Mike Michaud,Susan Collins,,18-29,18-29,18-24,18-44,18-29,18-24,Non-Black 18-29,White 18-29,White 18-29,Complete,Call 2,2.0,Some college/assoc. degree,No college degree,More than High school graduate,White no college degree,,,,2.0,,Went too far,Less than 100k,"$30,000 or more",50k or more,50 to 100 thousand,"$50,000-$99,999","$50,000-$99,999","Over $50,000 and white",,No,,No,,,,,18-44,18-64,Independent/Something else,Non-black non-Democrat,White Independent,Independent,Independent Women,White Independent,Moderate,63.0,Moderate/Liberal Republicans,Moderate Independents,White,White,National questionnaire,White,White,East,,Female,White women,Non married women,Suburbs,Suburbs,Maine,Election day exit poll,,Version 2,0.89781254529953,No,No,Non-working women,All others,Non-working women
63501.0,Mike Michaud,Susan Collins,Mike Michaud,45-65,30-59,45-49,45+,45-59,40-49,Non-Black 45-59,White 45-59,White 45-64,Complete,Call 1,1.0,Some college/assoc. degree,No college degree,More than High school graduate,White no college degree,Yes,Favorable,Unfavorable,1.0,Government should do more to solve problems,Did not go far enough,Less than 100k,"$30,000 or more",50k or more,50 to 100 thousand,"$50,000-$99,999","$50,000-$99,999","Over $50,000 and white",Yes,No,Legal,No,Not worried,Not too worried,Approve,Somewhat approve,45+,18-64,Independent/Something else,Non-black non-Democrat,White Independent,Independent,Independent Men,White Independent,Liberal,114.0,Moderate/Liberal Republicans,Liberal Independents,White,White,State questionnaire,White,White,East,Yes,Male,White men,Non married men,Suburbs,Suburbs,Maine,Election day exit poll,Generally going in the right direction,Version 1,1.08128607273102,No,Yes,Working men,All others,Working men
61568.0,Mike Michaud,Susan Collins,,30-44,30-59,30-39,18-44,30-44,30-39,Non-Black 30-44,White 30-44,White 30-44,Complete,Call 1,2.0,Postgraduate study,College graduate,More than High school graduate,White college degree,,,,2.0,,,Less than 100k,"$30,000 or more",50k or more,50 to 100 thousand,"$50,000-$99,999","$50,000-$99,999","Over $50,000 and white",,No,,Yes,,,,,18-44,18-64,Democrat,Non-black Democrat,White Democrat,Democrat,Democratic Women,White Democrat,Liberal,63.0,Liberal Democrats,Liberal Democrats,White,White,National questionnaire,White,White,East,,Female,White women,Married women,Suburbs,Suburbs,Maine,Election day exit poll,,Version 3,0.718924283981323,No,,,,
92449.0,Mike Michaud,Susan Collins,Mike Michaud,30-44,30-59,30-39,18-44,30-44,30-39,Non-Black 30-44,White 30-44,White 30-44,Complete,Call 3,1.0,Some college/assoc. degree,No college degree,More than High school graduate,White no college degree,Yes,Favorable,Unfavorable,1.0,Government is doing too many things better left to businesses and individuals,Did not go far enough,Less than 100k,"$30,000 or more",50k or more,50 to 100 thousand,"$50,000-$99,999","$50,000-$99,999","Over $50,000 and white",Yes,No,Illegal,Yes,Worried,Somewhat worried,Approve,Somewhat approve,18-44,18-64,Independent/Something else,Non-black non-Democrat,White Independent,Independent,Independent Women,White Independent,Moderate,82.0,Moderate/Liberal Republicans,Moderate Independents,White,White,State questionnaire,White,White,East,Yes,Female,White women,Married women,Suburbs,Suburbs,Maine,Election day exit poll,Seriously off on the wrong track,Version 1,0.938533246517181,No,Yes,Working women,Working women,Working women
78894.0,Mike Michaud,Susan Collins,Mike Michaud,30-44,30-59,40-44,18-44,30-44,40-49,Non-Black 30-44,White 30-44,White 30-44,Complete,Call 2,2.0,College graduate,College graduate,More than High school graduate,White college degree,Yes,Favorable,Unfavorable,2.0,Government should do more to solve problems,Went too far,Less than 100k,"$30,000 or more",Less than 50k,Less than 50 thousand,"Under $50,000","$30,000-$49,999","Under $50,000 and white",No,No,Legal,Yes,Worried,Very worried,Disapprove,Somewhat disapprove,18-44,18-64,Independent/Something else,Non-black non-Democrat,White Independent,Independent,Independent Women,White Independent,Moderate,92.0,Moderate/Liberal Republicans,Moderate Independents,White,White,State questionnaire,White,White,East,Yes,Female,White women,Married women,Rural,Small Cities/Rural,Maine,Election day exit poll,Seriously off on the wrong track,Version 1,0.728383839130402,No,Yes,Working women,Working women,Working women
92409.0,Mike Michaud,Susan Collins,Mike Michaud,45-65,30-59,45-49,45+,45-59,40-49,Non-Black 45-59,White 45-59,White 45-64,Complete,Call 3,2.0,High school graduate,No college degree,High school graduate or less,White no college degree,Yes,Unfavorable,Unfavorable,2.0,Government should do more to solve problems,Went too far,Less than 100k,"$30,000 or more",Less than 50k,Less than 50 thousand,"Under $50,000","$30,000-$49,999","Under $50,000 and white",Yes,No,Illegal,No,Worried,Somewhat worried,Disapprove,Strongly disapprove,45+,18-64,Independent/Something else,Non-black non-Democrat,White Independent,Independent,Independent Women,White Independent,Conservative,76.0,Moderate/Liberal Republicans,Conservative Independents,White,White,State questionnaire,White,White,East,No,Female,White women,Non married women,Rural,Small Cities/Rural,Maine,Election day exit poll,Seriously off on the wrong track,Version 1,0.709707319736481,Yes,Yes,Working women,Working women,Working women
67303.0,Mike Michaud,Susan Collins,,65+,60+,65 or over,45+,60+,65+,Non-Black 60+,White 60+,White 65+,Complete,Call 1,2.0,Some college/assoc. degree,No college degree,More than High school graduate,White no college degree,,,,2.0,,,Less than 100k,"$30,000 or more",Less than 50k,Less than 50 thousand,"Under $50,000","$30,000-$49,999","Under $50,000 and white",,,,,,,,,45+,65+,Democrat,Non-black Democrat,White Democrat,Democrat,Democratic Men,White Democrat,Liberal,46.0,Liberal Democrats,Liberal Democrats,White,White,National questionnaire,White,White,East,,Male,White men,,Suburbs,Suburbs,Maine,Election day exit poll,,Version 5,1.03981947898865,Yes,,,,
80963.0,Mike Michaud,Susan Collins,Mike Michaud,45-65,60+,60-64,45+,60+,50-64,Non-Black 60+,White 60+,White 45-64,Not complete,Call 2,2.0,,,,,,,,2.0,Government should do more to solve problems,,,,,,,,,,No,,,,,,,45+,18-64,,,,,,,,76.0,,,White,White,State questionnaire,White,White,East,No,Female,White women,,Rural,Small Cities/Rural,Maine,Election day exit poll,Generally going in the right direction,Version 1,0.840406775474548,,No,Non-working women,All others,Non-working women
66696.0,Mike Michaud,Susan Collins,Mike Michaud,65+,60+,65 or over,45+,60+,65+,Non-Black 60+,White 60+,White 65+,Complete,Call 1,2.0,Some college/assoc. degree,No college degree,More than High school graduate,White no college degree,Yes,Unfavorable,Unfavorable,2.0,Government is doing too many things better left to businesses and individuals,Went too far,Less than 100k,"$30,000 or more",Less than 50k,Less than 50 thousand,"Under $50,000","$30,000-$49,999","Under $50,000 and white",Yes,No,Illegal,No,Worried,Very worried,Disapprove,Strongly disapprove,45+,65+,Independent/Something else,Non-black non-Democrat,White Independent,Independent,Independent Women,White Independent,Moderate,76.0,Moderate/Liberal Republicans,Moderate Independents,White,White,State questionnaire,White,White,East,No,Female,White women,Non married women,Rural,Small Cities/Rural,Maine,Election day exit poll,Seriously off on the wrong track,Version 1,0.840406775474548,Yes,No,Non-working women,All others,Non-working women
94324.0,Mike Michaud,Susan Collins,Mike Michaud,30-44,30-59,40-44,18-44,30-44,40-49,Non-Black 30-44,White 30-44,White 30-44,Complete,Call 3,1.0,Some college/assoc. degree,No college degree,More than High school graduate,White no college degree,Yes,Favorable,Favorable,1.0,Government should do more to solve problems,Went too far,Less than 100k,"$30,000 or more",50k or more,50 to 100 thousand,"$50,000-$99,999","$50,000-$99,999","Over $50,000 and white",No,No,Legal,Yes,Worried,Very worried,Approve,Somewhat approve,18-44,18-64,Democrat,Non-black Democrat,White Democrat,Democrat,Democratic Men,White Democrat,Moderate,72.0,Moderate/Conservative Democrats,Mod/Conserv. Democrats,White,White,State questionnaire,White,White,East,Yes,Male,White men,Married men,"Cities 50,000-500,000","Cities over 50,000",Maine,Election day exit poll,Seriously off on the wrong track,Version 1,0.444313138723373,No,Yes,Working men,All others,Working men
78866.0,Mike Michaud,Susan Collins,Mike Michaud,30-44,30-59,40-44,18-44,30-44,40-49,Non-Black 30-44,White 30-44,White 30-44,Complete,Call 2,2.0,College graduate,College graduate,More than High school graduate,White college degree,Yes,Favorable,Unfavorable,2.0,Government should do more to solve problems,Was about right,Less than 100k,"$30,000 or more",Less than 50k,Less than 50 thousand,"Under $50,000","$30,000-$49,999","Under $50,000 and white",Yes,No,Legal,No,Worried,Somewhat worried,Approve,Strongly approve,18-44,18-64,Democrat,Non-black Democrat,White Democrat,Democrat,Democratic Women,White Democrat,Moderate,24.0,Moderate/Conservative Democrats,Mod/Conserv. Democrats,White,White,State questionnaire,White,White,East,Yes,Female,White women,Non married women,Suburbs,Suburbs,Maine,Election day exit poll,Generally going in the right direction,Version 1,0.691964626312256,No,Yes,Working women,Working women,Working women
65324.0,Mike Michaud,Susan Collins,Mike Michaud,30-44,30-59,30-39,18-44,30-44,30-39,Non-Black 30-44,White 30-44,White 30-44,Complete,Call 1,2.0,Some college/assoc. degree,No college degree,More than High school graduate,White no college degree,No,Favorable,Unfavorable,2.0,Government should do more to solve problems,Went too far,Less than 100k,"$30,000 or more",Less than 50k,Less than 50 thousand,"Under $50,000","$30,000-$49,999","Under $50,000 and white",Yes,No,Legal,No,Worried,Somewhat worried,Approve,Somewhat approve,18-44,18-64,Independent/Something else,Non-black non-Democrat,White Independent,Independent,Independent Men,White Independent,Moderate,92.0,Moderate/Liberal Republicans,Moderate Independents,White,White,State questionnaire,White,White,East,Yes,Male,White men,Non married men,Rural,Small Cities/Rural,Maine,Election day exit poll,Seriously off on the wrong track,Version 1,0.820337295532227,Yes,Yes,Working men,All others,Working men
82695.0,Mike Michaud,Susan Collins,Mike Michaud,45-65,60+,60-64,45+,60+,50-64,Non-Black 60+,White 60+,White 45-64,Complete,Call 2,1.0,Postgraduate study,College graduate,More than High school graduate,White college degree,Yes,Favorable,Unfavorable,1.0,Government should do more to solve problems,Did not go far enough,100k or more,"$30,000 or more",50k or more,100 thousand or more,"$200,000 or more","$200,000 or more","Over $50,000 and white",Yes,No,Illegal,Yes,Worried,Somewhat worried,Approve,Somewhat approve,45+,18-64,Democrat,Non-black Democrat,White Democrat,Democrat,Democratic Women,White Democrat,Liberal,103.0,Liberal Democrats,Liberal Democrats,White,White,State questionnaire,White,White,East,Yes,Female,White women,Married women,Rural,Small Cities/Rural,Maine,Election day exit poll,Generally going in the right direction,Version 1,2.25199294090271,No,No,Non-working women,All others,Non-working women
74944.0,Mike Michaud,Susan Collins,Mike Michaud,45-65,30-59,45-49,45+,45-59,40-49,Non-Black 45-59,White 45-59,White 45-64,Complete,Call 2,1.0,College graduate,College graduate,More than High school graduate,White college degree,Yes,Favorable,Unfavorable,1.0,Government should do more to solve problems,Did not go far enough,100k or more,"$30,000 or more",50k or more,100 thousand or more,"$100,000-$199,999","$100,000-$199,999","Over $50,000 and white",Yes,No,Illegal,Yes,Worried,Somewhat worried,Approve,Somewhat approve,45+,18-64,Democrat,Non-black Democrat,White Democrat,Democrat,Democratic Women,White Democrat,Liberal,9.0,Liberal Democrats,Liberal Democrats,White,White,State questionnaire,White,White,East,Yes,Female,White women,Married women,Suburbs,Suburbs,Maine,Election day exit poll,Generally going in the right direction,Version 1,0.938533246517181,No,Yes,Working women,Working women,Working women
92321.0,Mike Michaud,Susan Collins,Mike Michaud,45-65,30-59,50-59,45+,45-59,50-64,Non-Black 45-59,White 45-59,White 45-64,Complete,Call 3,2.0,College graduate,College graduate,More than High school graduate,White college degree,Yes,Favorable,Favorable,2.0,Government should do more to solve problems,Went too far,Less than 100k,"$30,000 or more",50k or more,50 to 100 thousand,"$50,000-$99,999","$50,000-$99,999","Over $50,000 and white",No,No,Illegal,Yes,Worried,Somewhat worried,Disapprove,Somewhat disapprove,45+,18-64,Republican,Non-black non-Democrat,All Republicans,Republican,Republican Men,White Republican,Conservative,76.0,Independent/Something else,Conservative Republicans,White,White,State questionnaire,White,White,East,No,Male,White men,Married men,Rural,Small Cities/Rural,Maine,Election day exit poll,Seriously off on the wrong track,Version 1,0.799302995204926,No,Yes,Working men,All others,Working men
92313.0,Mike Michaud,Susan Collins,,18-29,18-29,18-24,18-44,18-29,18-24,Non-Black 18-29,Latino 18-29,Latino 18-29,Complete,Call 3,2.0,High school graduate,No college degree,High school graduate or less,Non white no college degree,,,,2.0,,,Less than 100k,"$30,000 or more",Less than 50k,Less than 50 thousand,"Under $50,000","$30,000-$49,999","Under $50,000 and non white",,Yes,,No,,,,,18-44,18-64,Democrat,Non-black Democrat,Latino Democrat,Democrat,Democratic Women,Non-White Democrats,Liberal,63.0,Liberal Democrats,Liberal Democrats,Other,Other,National questionnaire,Hispanic/Latino,Hispanic/Latino,East,,Female,Latino women,Non married women,Suburbs,Suburbs,Maine,Election day exit poll,,Version 3,0.89781254529953,No,,,,
93299.0,Mike Michaud,Susan Collins,Mike Michaud,45-65,30-59,50-59,45+,45-59,50-64,Non-Black 45-59,Latino 45-59,Latino 45-64,Complete,Call 3,1.0,Some college/assoc. degree,No college degree,More than High school graduate,Non white no college degree,Yes,Favorable,Unfavorable,1.0,Government is doing too many things better left to businesses and individuals,Did not go far enough,Less than 100k,"$30,000 or more",50k or more,50 to 100 thousand,"$50,000-$99,999","$50,000-$99,999","Over $50,000 and non white",Yes,Yes,Illegal,Yes,Worried,Very worried,Approve,Somewhat approve,45+,18-64,Democrat,Non-black Democrat,Latino Democrat,Democrat,Democratic Women,Non-White Democrats,Moderate,9.0,Moderate/Conservative Democrats,Mod/Conserv. Democrats,Other,Hispanic/Latino,State questionnaire,Hispanic/Latino,Hispanic/Latino,East,Yes,Female,Latino women,Married women,Suburbs,Suburbs,Maine,Election day exit poll,Seriously off on the wrong track,Version 1,0.938533246517181,No,No,Non-working women,All others,Non-working women
94238.0,Mike Michaud,Susan Collins,Mike Michaud,45-65,30-59,50-59,45+,45-59,50-64,Non-Black 45-59,White 45-59,White 45-64,Complete,Call 3,1.0,Postgraduate study,College graduate,More than High school graduate,White college degree,Yes,Favorable,Unfavorable,1.0,Government should do more to solve problems,Did not go far enough,Less than 100k,"$30,000 or more",50k or more,50 to 100 thousand,"$50,000-$99,999","$50,000-$99,999","Over $50,000 and white",No,No,Legal,No,Worried,Somewhat worried,Approve,Somewhat approve,45+,18-64,Democrat,Non-black Democrat,White Democrat,Democrat,Democratic Women,White Democrat,Liberal,72.0,Liberal Democrats,Liberal Democrats,White,White,State questionnaire,White,White,East,Yes,Female,White women,Non married women,"Cities 50,000-500,000","Cities over 50,000",Maine,Election day exit poll,Seriously off on the wrong track,Version 1,0.394509077072144,No,Yes,Working women,Working women,Working women
92282.0,Mike Michaud,Susan Collins,Mike Michaud,18-29,18-29,18-24,18-44,18-29,18-24,Non-Black 18-29,White 18-29,White 18-29,Complete,Call 3,2.0,College graduate,College graduate,More than High school graduate,White college degree,Yes,Favorable,Unfavorable,2.0,Government is doing too many things better left to businesses and individuals,Did not go far enough,,,,,,,,Yes,No,Legal,No,Worried,Somewhat worried,Approve,Somewhat approve,18-44,18-64,Independent/Something else,Non-black non-Democrat,White Independent,Independent,Independent Men,White Independent,Liberal,92.0,Moderate/Liberal Republicans,Liberal Independents,White,White,State questionnaire,White,White,East,Yes,Male,White men,Non married men,Rural,Small Cities/Rural,Maine,Election day exit poll,Generally going in the right direction,Version 1,1.02445995807648,No,Yes,Working men,All others,Working men
78760.0,Mike Michaud,Susan Collins,Mike Michaud,65+,60+,65 or over,45+,60+,65+,,,,Complete,Call 2,2.0,High school graduate,No college degree,High school graduate or less,,Yes,Favorable,Unfavorable,2.0,Government is doing too many things better left to businesses and individuals,Did not go far enough,Less than 100k,"Under $30,000",Less than 50k,Less than 50 thousand,"Under $50,000","Under $30,000",,No,No,Legal,No,Worried,Somewhat worried,Approve,Strongly approve,45+,65+,Democrat,,,Democrat,Democratic Women,,Moderate,96.0,Moderate/Conservative Democrats,Mod/Conserv. Democrats,,,State questionnaire,,,East,Yes,Female,,Non married women,Rural,Small Cities/Rural,Maine,Election day exit poll,Generally going in the right direction,Version 1,0.863559603691101,,No,Non-working women,All others,Non-working women
80690.0,Mike Michaud,Susan Collins,Mike Michaud,45-65,30-59,50-59,45+,45-59,50-64,Non-Black 45-59,White 45-59,White 45-64,Complete,Call 2,2.0,High school graduate,No college degree,High school graduate or less,White no college degree,Yes,Favorable,Unfavorable,2.0,Government is doing too many things better left to businesses and individuals,Did not go far enough,Less than 100k,"$30,000 or more",Less than 50k,Less than 50 thousand,"Under $50,000","$30,000-$49,999","Under $50,000 and white",Yes,No,Legal,No,Worried,Somewhat worried,Approve,Somewhat approve,45+,18-64,Democrat,Non-black Democrat,White Democrat,Democrat,Democratic Women,White Democrat,Liberal,76.0,Liberal Democrats,Liberal Democrats,White,White,State questionnaire,White,White,East,Yes,Female,White women,Non married women,Rural,Small Cities/Rural,Maine,Election day exit poll,Generally going in the right direction,Version 1,0.709707319736481,Yes,Yes,Working women,Working women,Working women
64935.0,Mike Michaud,Susan Collins,Mike Michaud,45-65,60+,60-64,45+,60+,50-64,Non-Black 60+,White 60+,White 45-64,Complete,Call 1,2.0,High school graduate,No college degree,High school graduate or less,White no college degree,Yes,Unfavorable,Unfavorable,2.0,Government is doing too many things better left to businesses and individuals,Went too far,Less than 100k,"$30,000 or more",50k or more,50 to 100 thousand,"$50,000-$99,999","$50,000-$99,999","Over $50,000 and white",Yes,No,Legal,Yes,Worried,Somewhat worried,Approve,Somewhat approve,45+,18-64,Democrat,Non-black Democrat,White Democrat,Democrat,Democratic Women,White Democrat,Moderate,92.0,Moderate/Conservative Democrats,Mod/Conserv. Democrats,White,White,State questionnaire,White,White,East,No,Female,White women,Married women,Rural,Small Cities/Rural,Maine,Election day exit poll,Seriously off on the wrong track,Version 1,0.862522721290588,No,No,Non-working women,All others,Non-working women
78746.0,Mike Michaud,Susan Collins,Mike Michaud,65+,60+,65 or over,45+,60+,65+,Non-Black 60+,White 60+,White 65+,Complete,Call 2,2.0,High school graduate,No college degree,High school graduate or less,White no college degree,Yes,Favorable,Unfavorable,2.0,Government should do more to solve problems,Omit,Less than 100k,"$30,000 or more",Less than 50k,Less than 50 thousand,"Under $50,000","$30,000-$49,999","Under $50,000 and white",No,No,Omit,No,Worried,Somewhat worried,Approve,Somewhat approve,45+,65+,Democrat,Non-black Democrat,White Democrat,Democrat,Democratic Women,White Democrat,Moderate,92.0,Moderate/Conservative Democrats,Mod/Conserv. Democrats,White,White,State questionnaire,White,White,East,Yes,Female,White women,Non married women,Rural,Small Cities/Rural,Maine,Election day exit poll,Generally going in the right direction,Version 1,0.862522721290588,Yes,No,Non-working women,All others,Non-working women
72944.0,Mike Michaud,Susan Collins,Mike Michaud,18-29,18-29,18-24,18-44,18-29,18-24,Non-Black 18-29,White 18-29,White 18-29,Complete,Call 2,1.0,Some college/assoc. degree,No college degree,More than High school graduate,White no college degree,Yes,Favorable,Unfavorable,1.0,Government is doing too many things better left to businesses and individuals,Was about right,Less than 100k,"$30,000 or more",50k or more,50 to 100 thousand,"$50,000-$99,999","$50,000-$99,999","Over $50,000 and white",Yes,No,Legal,No,Worried,Somewhat worried,Approve,Strongly approve,18-44,18-64,Independent/Something else,Non-black non-Democrat,White Independent,Independent,Independent Women,White Independent,Moderate,82.0,Moderate/Liberal Republicans,Moderate Independents,White,White,State questionnaire,White,White,East,Yes,Female,White women,Non married women,Suburbs,Suburbs,Maine,Election day exit poll,Seriously off on the wrong track,Version 1,1.17206621170044,No,No,Non-working women,All others,Non-working women
75493.0,Mike Michaud,Susan Collins,Mike Michaud,30-44,30-59,30-39,18-44,30-44,30-39,Non-Black 30-44,White 30-44,White 30-44,Complete,Call 2,1.0,College graduate,College graduate,More than High school graduate,White college degree,Yes,Favorable,Unfavorable,1.0,Government is doing too many things better left to businesses and individuals,Did not go far enough,100k or more,"$30,000 or more",50k or more,100 thousand or more,"$100,000-$199,999","$100,000-$199,999","Over $50,000 and white",Yes,No,Legal,No,Worried,Very worried,Approve,Strongly approve,18-44,18-64,Independent/Something else,Non-black non-Democrat,White Independent,Something else,Independent Women,White Independent,Liberal,9.0,Moderate/Liberal Republicans,Liberal Independents,White,White,State questionnaire,White,White,East,No,Female,White women,Non married women,Suburbs,Suburbs,Maine,Election day exit poll,Seriously off on the wrong track,Version 1,0.938533246517181,No,Yes,Working women,Working women,Working women
92636.0,Mike Michaud,Susan Collins,Mike Michaud,45-65,60+,60-64,45+,60+,50-64,Non-Black 60+,White 60+,White 45-64,Complete,Call 3,2.0,College graduate,College graduate,More than High school graduate,White college degree,Yes,Favorable,Favorable,2.0,Government is doing too many things better left to businesses and individuals,Did not go far enough,100k or more,"$30,000 or more",50k or more,100 thousand or more,"$200,000 or more","$200,000 or more","Over $50,000 and white",Yes,No,Legal,Yes,Not worried,Not too worried,Approve,Strongly approve,45+,18-64,Republican,Non-black non-Democrat,All Republicans,Republican,Republican Men,White Republican,Moderate,92.0,Conservative Republicans,Mod./Liberal Republicans,White,White,State questionnaire,White,White,East,Yes,Male,White men,Married men,Rural,Small Cities/Rural,Maine,Election day exit poll,Seriously off on the wrong track,Version 1,0.971410274505615,No,Yes,Working men,All others,Working men
94153.0,Mike Michaud,Susan Collins,Mike Michaud,30-44,30-59,40-44,18-44,30-44,40-49,Non-Black 30-44,All others,All others,Complete,Call 3,1.0,College graduate,College graduate,More than High school graduate,Non white college degree,Yes,Unfavorable,Favorable,1.0,Government is doing too many things better left to businesses and individuals,Was about right,100k or more,"$30,000 or more",50k or more,100 thousand or more,"$200,000 or more","$200,000 or more","Over $50,000 and non white",Yes,No,Illegal,Yes,Worried,Somewhat worried,Disapprove,Somewhat disapprove,18-44,18-64,Republican,Non-black non-Democrat,All Republicans,Republican,Republican Women,All others,Moderate,72.0,Conservative Republicans,Mod./Liberal Republicans,Other,Asian,State questionnaire,Asian,Asian,East,Yes,Female,All other races,Married women,"Cities 50,000-500,000","Cities over 50,000",Maine,Election day exit poll,Seriously off on the wrong track,Version 1,0.394509077072144,No,Yes,Working women,Working women,Working women
90880.0,Mike Michaud,Susan Collins,Mike Michaud,45-65,30-59,50-59,45+,45-59,50-64,Non-Black 45-59,White 45-59,White 45-64,Complete,Call 3,1.0,Postgraduate study,College graduate,More than High school graduate,White college degree,Yes,Favorable,Unfavorable,1.0,Government is doing too many things better left to businesses and individuals,Went too far,100k or more,"$30,000 or more",50k or more,100 thousand or more,"$100,000-$199,999","$100,000-$199,999","Over $50,000 and white",Yes,,Illegal,No,Worried,Somewhat worried,Disapprove,Somewhat disapprove,45+,18-64,Republican,Non-black non-Democrat,All Republicans,Republican,Republican Women,White Republican,Conservative,112.0,Independent/Something else,Conservative Republicans,White,White,State questionnaire,White,White,East,Yes,Female,White women,Non married women,Rural,Small Cities/Rural,Maine,Election day exit poll,Omit,Version 1,1.76261115074158,No,Yes,Working women,Working women,Working women
61309.0,Mike Michaud,Susan Collins,Mike Michaud,,,,,,,,,,Complete,Call 1,1.0,No high school diploma,No college degree,High school graduate or less,Non white no college degree,Yes,Favorable,Unfavorable,1.0,Government is doing too many things better left to businesses and individuals,Did not go far enough,100k or more,"$30,000 or more",50k or more,100 thousand or more,"$100,000-$199,999","$100,000-$199,999","Over $50,000 and non white",Yes,Yes,Legal,No,Worried,Somewhat worried,Approve,Somewhat approve,,,Democrat,Non-black Democrat,Latino Democrat,Democrat,Democratic Women,Non-White Democrats,Moderate,9.0,Moderate/Conservative Democrats,Mod/Conserv. Democrats,Other,American Indian,State questionnaire,Hispanic/Latino,Hispanic/Latino,East,Yes,Female,Latino women,Non married women,Suburbs,Suburbs,Maine,Election day exit poll,Seriously off on the wrong track,Version 1,0.999465644359589,No,,,,
78683.0,Mike Michaud,Susan Collins,Mike Michaud,65+,60+,65 or over,45+,60+,65+,Non-Black 60+,White 60+,White 65+,Complete,Call 2,2.0,College graduate,College graduate,More than High school graduate,White college degree,No,Unfavorable,Favorable,2.0,Government is doing too many things better left to businesses and individuals,Omit,Less than 100k,"$30,000 or more",50k or more,50 to 100 thousand,"$50,000-$99,999","$50,000-$99,999","Over $50,000 and white",Yes,No,Legal,No,Worried,Very worried,Disapprove,Somewhat disapprove,45+,65+,Independent/Something else,Non-black non-Democrat,White Independent,Independent,Independent Men,White Independent,Liberal,24.0,Moderate/Liberal Republicans,Liberal Independents,White,White,State questionnaire,White,White,East,Yes,Male,White men,Non married men,Suburbs,Suburbs,Maine,Election day exit poll,Seriously off on the wrong track,Version 1,0.922839760780334,No,,,All others,
66666.0,Mike Michaud,Susan Collins,,45-65,60+,60-64,45+,60+,50-64,Non-Black 60+,Latino 60+,Latino 45-64,Not complete,Call 1,2.0,,,,,,,,2.0,,,,,,,,,,,Yes,,,,,,,45+,18-64,,,,,,,,46.0,,,Other,White,National questionnaire,Hispanic/Latino,Hispanic/Latino,East,,Male,Latino men,,Suburbs,Suburbs,Maine,Election day exit poll,,Version 3,1.03981947898865,,,,,
92184.0,Mike Michaud,Susan Collins,,18-29,18-29,18-24,18-44,18-29,18-24,Black 18-29,Black 18-29,Black 18-29,Complete,Call 3,2.0,High school graduate,No college degree,High school graduate or less,Non white no college degree,,,,2.0,,,Less than 100k,"Under $30,000",Less than 50k,Less than 50 thousand,"Under $50,000","Under $30,000","Under $50,000 and non white",,No,,,Not worried,Not too worried,Approve,Strongly approve,18-44,18-64,Independent/Something else,Black non-Democrat,Black Independent,Independent,Independent Men,All others,Moderate,63.0,Moderate/Liberal Republicans,Moderate Independents,Black,Black,National questionnaire,Black,Black,East,,Male,Black men,,Suburbs,Suburbs,Maine,Election day exit poll,,Version 1,0.844579517841339,No,,,,
72867.0,Mike Michaud,Susan Collins,Mike Michaud,18-29,18-29,18-24,18-44,18-29,18-24,Non-Black 18-29,White 18-29,White 18-29,Complete,Call 2,1.0,Some college/assoc. degree,No college degree,More than High school graduate,White no college degree,Yes,Favorable,Unfavorable,1.0,Government is doing too many things better left to businesses and individuals,Did not go far enough,Less than 100k,"Under $30,000",Less than 50k,Less than 50 thousand,"Under $50,000","Under $30,000","Under $50,000 and white",Yes,No,Legal,No,Worried,Very worried,Approve,Somewhat approve,18-44,18-64,Democrat,Non-black Democrat,White Democrat,Democrat,Democratic Women,White Democrat,Moderate,82.0,Moderate/Conservative Democrats,Mod/Conserv. Democrats,White,White,State questionnaire,White,White,East,Yes,Female,White women,Non married women,Suburbs,Suburbs,Maine,Election day exit poll,Seriously off on the wrong track,Version 1,1.17206621170044,Yes,No,Non-working women,All others,Non-working women
80563.0,Mike Michaud,Susan Collins,Mike Michaud,45-65,30-59,50-59,45+,45-59,50-64,Non-Black 45-59,White 45-59,White 45-64,Not complete,Call 2,2.0,,,,,,,,2.0,Government should do more to solve problems,,,,,,,,,,No,,,,,,,45+,18-64,,,,,,,,76.0,,,White,White,State questionnaire,White,White,East,No,Female,White women,,Rural,Small Cities/Rural,Maine,Election day exit poll,Seriously off on the wrong track,Version 1,0.709707319736481,,Yes,Working women,Working women,Working women
63155.0,Mike Michaud,Susan Collins,Mike Michaud,45-65,30-59,50-59,45+,45-59,50-64,Non-Black 45-59,White 45-59,White 45-64,Complete,Call 1,1.0,College graduate,College graduate,More than High school graduate,White college degree,Yes,Favorable,Favorable,1.0,Government is doing too many things better left to businesses and individuals,Was about right,100k or more,"$30,000 or more",50k or more,100 thousand or more,"$200,000 or more","$200,000 or more","Over $50,000 and white",Yes,No,Illegal,Yes,Worried,Somewhat worried,Approve,Somewhat approve,45+,18-64,Independent/Something else,Non-black non-Democrat,White Independent,Independent,Independent Women,White Independent,Liberal,72.0,Moderate/Liberal Republicans,Liberal Independents,White,White,State questionnaire,White,White,East,Yes,Female,White women,Married women,"Cities 50,000-500,000","Cities over 50,000",Maine,Election day exit poll,Generally going in the right direction,Version 1,0.394509077072144,No,No,Non-working women,All others,Non-working women
60430.0,Mike Michaud,Susan Collins,Mike Michaud,45-65,60+,60-64,45+,60+,50-64,Non-Black 60+,White 60+,White 45-64,Complete,Call 1,1.0,Some college/assoc. degree,No college degree,More than High school graduate,White no college degree,Yes,Favorable,Unfavorable,1.0,Government is doing too many things better left to businesses and individuals,Did not go far enough,Less than 100k,"$30,000 or more",50k or more,50 to 100 thousand,"$50,000-$99,999","$50,000-$99,999","Over $50,000 and white",Yes,No,Legal,No,Worried,Somewhat worried,Approve,Somewhat approve,45+,18-64,Democrat,Non-black Democrat,White Democrat,Democrat,Democratic Women,White Democrat,Moderate,82.0,Moderate/Conservative Democrats,Mod/Conserv. Democrats,White,White,State questionnaire,White,White,East,Yes,Female,White women,Non married women,Suburbs,Suburbs,Maine,Election day exit poll,Omit,Version 1,1.11137318611145,No,Yes,Working women,Working women,Working women
75605.0,Mike Michaud,Susan Collins,,18-29,18-29,18-24,18-44,18-29,18-24,Non-Black 18-29,White 18-29,White 18-29,Complete,Call 2,2.0,High school graduate,No college degree,High school graduate or less,White no college degree,,,,2.0,,,Less than 100k,"$30,000 or more",Less than 50k,Less than 50 thousand,"Under $50,000","$30,000-$49,999","Under $50,000 and white",,No,,No,,,,,18-44,18-64,Independent/Something else,Non-black non-Democrat,White Independent,Something else,Independent Women,White Independent,Liberal,63.0,Moderate/Liberal Republicans,Liberal Independents,White,White,National questionnaire,White,White,East,,Female,White women,Non married women,Suburbs,Suburbs,Maine,Election day exit poll,,Version 3,0.89781254529953,Yes,,,,
94005.0,Mike Michaud,Susan Collins,,45-65,30-59,50-59,45+,45-59,50-64,Non-Black 45-59,White 45-59,White 45-64,Complete,Call 3,2.0,College graduate,College graduate,More than High school graduate,White college degree,,Favorable,Favorable,2.0,Government should do more to solve problems,,Less than 100k,"$30,000 or more",Less than 50k,Less than 50 thousand,"Under $50,000","$30,000-$49,999","Under $50,000 and white",,No,Legal,,,,,,45+,18-64,Independent/Something else,Non-black non-Democrat,White Independent,Independent,Independent Women,White Independent,Liberal,46.0,Moderate/Liberal Republicans,Liberal Independents,White,White,National questionnaire,White,White,East,Yes,Female,White women,,Suburbs,Suburbs,Maine,Election day exit poll,Generally going in the right direction,Version 4,0.779678463935852,No,,,,
80469.0,Mike Michaud,Susan Collins,Mike Michaud,45-65,30-59,50-59,45+,45-59,50-64,Non-Black 45-59,White 45-59,White 45-64,Complete,Call 2,2.0,Some college/assoc. degree,No college degree,More than High school graduate,White no college degree,Yes,Unfavorable,Unfavorable,2.0,Government is doing too many things better left to businesses and individuals,Did not go far enough,Less than 100k,"$30,000 or more",Less than 50k,Less than 50 thousand,"Under $50,000","$30,000-$49,999","Under $50,000 and white",Yes,No,Legal,No,Worried,Somewhat worried,Approve,Somewhat approve,45+,18-64,Republican,Non-black non-Democrat,All Republicans,Republican,Republican Men,White Republican,Moderate,24.0,Conservative Republicans,Mod./Liberal Republicans,White,White,State questionnaire,White,White,East,Yes,Male,White men,Non married men,Suburbs,Suburbs,Maine,Election day exit poll,Generally going in the right direction,Version 1,0.779320418834686,Yes,Yes,Working men,All others,Working men
92049.0,Mike Michaud,Susan Collins,Mike Michaud,45-65,30-59,45-49,45+,45-59,40-49,Non-Black 45-59,White 45-59,White 45-64,Complete,Call 3,1.0,High school graduate,No college degree,High school graduate or less,White no college degree,Yes,Favorable,Unfavorable,1.0,Government should do more to solve problems,Did not go far enough,100k or more,"$30,000 or more",50k or more,100 thousand or more,"$100,000-$199,999","$100,000-$199,999","Over $50,000 and white",Yes,No,Legal,No,Worried,Somewhat worried,Approve,Strongly approve,45+,18-64,Democrat,Non-black Democrat,White Democrat,Democrat,Democratic Men,White Democrat,Moderate,9.0,Moderate/Conservative Democrats,Mod/Conserv. Democrats,White,White,State questionnaire,White,White,East,Yes,Male,White men,Non married men,Suburbs,Suburbs,Maine,Election day exit poll,Seriously off on the wrong track,Version 1,1.05701661109924,No,Yes,Working men,All others,Working men
74651.0,Mike Michaud,Susan Collins,,18-29,18-29,18-24,18-44,18-29,18-24,Non-Black 18-29,White 18-29,White 18-29,Complete,Call 2,2.0,High school graduate,No college degree,High school graduate or less,White no college degree,,,,2.0,,Went too far,Less than 100k,"$30,000 or more",50k or more,50 to 100 thousand,"$50,000-$99,999","$50,000-$99,999","Over $50,000 and white",,No,,No,,,,,18-44,18-64,Independent/Something else,Non-black non-Democrat,White Independent,Independent,Independent Women,White Independent,Moderate,63.0,Moderate/Liberal Republicans,Moderate Independents,White,White,National questionnaire,White,White,East,,Female,White women,Non married women,Suburbs,Suburbs,Maine,Election day exit poll,,Version 2,0.89781254529953,No,,,,
64992.0,Mike Michaud,Susan Collins,Mike Michaud,65+,60+,65 or over,45+,60+,65+,Non-Black 60+,White 60+,White 65+,Complete,Call 1,2.0,High school graduate,No college degree,High school graduate or less,White no college degree,Yes,Favorable,Unfavorable,2.0,Government should do more to solve problems,Went too far,Less than 100k,"Under $30,000",Less than 50k,Less than 50 thousand,"Under $50,000","Under $30,000","Under $50,000 and white",No,No,Illegal,Yes,Worried,Very worried,Disapprove,Somewhat disapprove,45+,65+,Democrat,Non-black Democrat,White Democrat,Democrat,Democratic Men,White Democrat,Moderate,22.0,Moderate/Conservative Democrats,Mod/Conserv. Democrats,White,White,State questionnaire,White,White,East,No,Male,White men,Married men,Rural,Small Cities/Rural,Maine,Election day exit poll,Seriously off on the wrong track,Version 1,1.29521369934082,Yes,No,Non-working men,All others,Non-working men
66893.0,Mike Michaud,Susan Collins,Mike Michaud,65+,60+,65 or over,45+,60+,65+,Non-Black 60+,White 60+,White 65+,Complete,Call 1,2.0,No high school diploma,No college degree,High school graduate or less,White no college degree,Yes,Omit,Favorable,2.0,Government should do more to solve problems,Was about right,,,,,,,,Omit,No,Illegal,No,Not worried,Not too worried,Approve,Somewhat approve,45+,65+,Democrat,Non-black Democrat,White Democrat,Democrat,Democratic Women,White Democrat,Moderate,76.0,Moderate/Conservative Democrats,Mod/Conserv. Democrats,White,White,State questionnaire,White,White,East,Yes,Female,White women,Non married women,Rural,Small Cities/Rural,Maine,Election day exit poll,Generally going in the right direction,Version 1,0.840406775474548,,,,,
80408.0,Mike Michaud,Susan Collins,Mike Michaud,45-65,60+,60-64,45+,60+,50-64,Non-Black 60+,All others,All others,Complete,Call 2,2.0,Postgraduate study,College graduate,More than High school graduate,Non white college degree,Yes,Favorable,Unfavorable,2.0,Government should do more to solve problems,Was about right,100k or more,"$30,000 or more",50k or more,100 thousand or more,"$200,000 or more","$200,000 or more","Over $50,000 and non white",No,No,Illegal,Yes,Worried,Somewhat worried,Approve,Somewhat approve,45+,18-64,Democrat,Non-black Democrat,All Other,Democrat,Democratic Men,Non-White Democrats,Liberal,76.0,Liberal Democrats,Liberal Democrats,Other,Asian,State questionnaire,Asian,Asian,East,Yes,Male,All other races,Married men,Rural,Small Cities/Rural,Maine,Election day exit poll,Generally going in the right direction,Version 1,0.946502327919006,No,Yes,Working men,All others,Working men
61093.0,Mike Michaud,Susan Collins,Mike Michaud,30-44,30-59,30-39,18-44,30-44,30-39,Non-Black 30-44,White 30-44,White 30-44,Complete,Call 1,1.0,College graduate,College graduate,More than High school graduate,White college degree,Yes,Favorable,Favorable,1.0,Omit,Was about right,Less than 100k,"$30,000 or more",50k or more,50 to 100 thousand,"$50,000-$99,999","$50,000-$99,999","Over $50,000 and white",No,No,Illegal,Yes,Worried,Somewhat worried,Approve,Strongly approve,18-44,18-64,Independent/Something else,Non-black non-Democrat,White Independent,Independent,Independent Women,White Independent,Moderate,82.0,Moderate/Liberal Republicans,Moderate Independents,White,White,State questionnaire,White,White,East,Yes,Female,White women,Married women,Suburbs,Suburbs,Maine,Election day exit poll,Seriously off on the wrong track,Version 1,0.938533246517181,No,No,Non-working women,All others,Non-working women
61090.0,Mike Michaud,Susan Collins,,18-29,18-29,18-24,18-44,18-29,18-24,Non-Black 18-29,White 18-29,White 18-29,Complete,Call 1,2.0,Some college/assoc. degree,No college degree,More than High school graduate,White no college degree,,,,2.0,,Was about right,Less than 100k,"$30,000 or more",50k or more,50 to 100 thousand,"$50,000-$99,999","$50,000-$99,999","Over $50,000 and white",,No,,No,,,,,18-44,18-64,Democrat,Non-black Democrat,White Democrat,Democrat,Democratic Men,White Democrat,Liberal,63.0,Liberal Democrats,Liberal Democrats,White,White,National questionnaire,White,White,East,,Male,White men,Non married men,Suburbs,Suburbs,Maine,Election day exit poll,,Version 2,1.01115524768829,No,No,Non-working men,All others,Non-working men
93913.0,Mike Michaud,Susan Collins,Mike Michaud,45-65,30-59,50-59,45+,45-59,50-64,Non-Black 45-59,White 45-59,White 45-64,Complete,Call 3,2.0,High school graduate,No college degree,High school graduate or less,White no college degree,Yes,Favorable,Unfavorable,2.0,Government should do more to solve problems,Went too far,Less than 100k,"Under $30,000",Less than 50k,Less than 50 thousand,"Under $50,000","Under $30,000","Under $50,000 and white",No,No,Legal,Yes,Worried,Very worried,Approve,Somewhat approve,45+,18-64,Independent/Something else,Non-black non-Democrat,White Independent,Independent,Independent Men,White Independent,Moderate,96.0,Moderate/Liberal Republicans,Moderate Independents,White,White,State questionnaire,White,White,East,No,Male,White men,Married men,Rural,Small Cities/Rural,Maine,Election day exit poll,Seriously off on the wrong track,Version 1,0.890651881694794,Yes,No,Non-working men,All others,Non-working men
76532.0,Mike Michaud,Susan Collins,,45-65,60+,60-64,45+,60+,50-64,Non-Black 60+,White 60+,White 45-64,Complete,Call 2,2.0,High school graduate,No college degree,High school graduate or less,White no college degree,,Unfavorable,Unfavorable,2.0,Government should do more to solve problems,,Less than 100k,"Under $30,000",Less than 50k,Less than 50 thousand,"Under $50,000","Under $30,000","Under $50,000 and white",,No,Legal,,,,,,45+,18-64,Republican,Non-black non-Democrat,All Republicans,Republican,Republican Women,White Republican,Moderate,46.0,Conservative Republicans,Mod./Liberal Republicans,White,White,National questionnaire,White,White,East,Yes,Female,White women,,Suburbs,Suburbs,Maine,Election day exit poll,Generally going in the right direction,Version 4,0.923263788223267,Yes,,,,
91979.0,Mike Michaud,Susan Collins,Mike Michaud,45-65,60+,60-64,45+,60+,50-64,Non-Black 60+,White 60+,White 45-64,Complete,Call 3,2.0,Some college/assoc. degree,No college degree,More than High school graduate,White no college degree,Yes,Favorable,Unfavorable,2.0,Government should do more to solve problems,Did not go far enough,Less than 100k,"$30,000 or more",Less than 50k,Less than 50 thousand,"Under $50,000","$30,000-$49,999","Under $50,000 and white",No,No,Illegal,Yes,Worried,Very worried,Approve,Somewhat approve,45+,18-64,Independent/Something else,Non-black non-Democrat,White Independent,Independent,Independent Men,White Independent,Moderate,22.0,Moderate/Liberal Republicans,Moderate Independents,White,White,State questionnaire,White,White,East,Yes,Male,White men,Married men,Rural,Small Cities/Rural,Maine,Election day exit poll,Seriously off on the wrong track,Version 1,1.29521369934082,Yes,Yes,Working men,All others,Working men
62251.0,Mike Michaud,Susan Collins,Mike Michaud,30-44,30-59,40-44,18-44,30-44,40-49,Non-Black 30-44,White 30-44,White 30-44,Complete,Call 1,1.0,Postgraduate study,College graduate,More than High school graduate,White college degree,Yes,Favorable,Unfavorable,1.0,Government should do more to solve problems,Did not go far enough,Less than 100k,"$30,000 or more",50k or more,50 to 100 thousand,"$50,000-$99,999","$50,000-$99,999","Over $50,000 and white",Yes,No,Illegal,No,Worried,Very worried,Approve,Somewhat approve,18-44,18-64,Democrat,Non-black Democrat,White Democrat,Democrat,Democratic Women,White Democrat,Moderate,72.0,Moderate/Conservative Democrats,Mod/Conserv. Democrats,White,White,State questionnaire,White,White,East,Yes,Female,White women,Non married women,"Cities 50,000-500,000","Cities over 50,000",Maine,Election day exit poll,Seriously off on the wrong track,Version 1,0.394509077072144,No,Yes,Working women,Working women,Working women
64932.0,Mike Michaud,Susan Collins,Mike Michaud,65+,60+,65 or over,45+,60+,65+,Non-Black 60+,White 60+,White 65+,Complete,Call 1,2.0,High school graduate,No college degree,High school graduate or less,White no college degree,Yes,Favorable,Favorable,2.0,Government should do more to solve problems,Went too far,Less than 100k,"Under $30,000",Less than 50k,Less than 50 thousand,"Under $50,000","Under $30,000","Under $50,000 and white",Yes,No,Illegal,No,Worried,Somewhat worried,Approve,Somewhat approve,45+,65+,Democrat,Non-black Democrat,White Democrat,Democrat,Democratic Women,White Democrat,Moderate,22.0,Moderate/Conservative Democrats,Mod/Conserv. Democrats,White,White,State questionnaire,White,White,East,Yes,Female,White women,Non married women,Rural,Small Cities/Rural,Maine,Election day exit poll,Generally going in the right direction,Version 1,1.15003025531769,Yes,No,Non-working women,All others,Non-working women
91956.0,Mike Michaud,Susan Collins,Mike Michaud,45-65,30-59,45-49,45+,45-59,40-49,Non-Black 45-59,White 45-59,White 45-64,Complete,Call 3,1.0,Some college/assoc. degree,No college degree,More than High school graduate,White no college degree,Yes,Favorable,Unfavorable,1.0,Government is doing too many things better left to businesses and individuals,Went too far,Less than 100k,"$30,000 or more",50k or more,50 to 100 thousand,"$50,000-$99,999","$50,000-$99,999","Over $50,000 and white",Yes,No,Legal,Yes,Worried,Somewhat worried,Approve,Strongly approve,45+,18-64,Independent/Something else,Non-black non-Democrat,White Independent,Independent,Independent Men,White Independent,Moderate,9.0,Moderate/Liberal Republicans,Moderate Independents,White,White,State questionnaire,White,White,East,Yes,Male,White men,Married men,Suburbs,Suburbs,Maine,Election day exit poll,Generally going in the right direction,Version 1,1.05701661109924,No,Yes,Working men,All others,Working men
91945.0,Mike Michaud,Susan Collins,Mike Michaud,30-44,30-59,40-44,18-44,30-44,40-49,Non-Black 30-44,White 30-44,White 30-44,Complete,Call 3,2.0,College graduate,College graduate,More than High school graduate,White college degree,No,Favorable,Favorable,2.0,Government is doing too many things better left to businesses and individuals,Omit,100k or more,"$30,000 or more",50k or more,100 thousand or more,"$100,000-$199,999","$100,000-$199,999","Over $50,000 and white",No,No,Illegal,Yes,Worried,Somewhat worried,Approve,Somewhat approve,18-44,18-64,Democrat,Non-black Democrat,White Democrat,Democrat,Democratic Women,White Democrat,Moderate,92.0,Moderate/Conservative Democrats,Mod/Conserv. Democrats,White,White,State questionnaire,White,White,East,Yes,Female,White women,Married women,Rural,Small Cities/Rural,Maine,Election day exit poll,Generally going in the right direction,Version 1,0.728383839130402,No,Yes,Working women,Working women,Working women
95768.0,Mike Michaud,Susan Collins,Mike Michaud,45-65,30-59,45-49,45+,45-59,40-49,Non-Black 45-59,White 45-59,White 45-64,Complete,Call 3,1.0,High school graduate,No college degree,High school graduate or less,White no college degree,Yes,Favorable,Favorable,1.0,Government should do more to solve problems,Went too far,Less than 100k,"$30,000 or more",50k or more,50 to 100 thousand,"$50,000-$99,999","$50,000-$99,999","Over $50,000 and white",Yes,No,Legal,Yes,Worried,Very worried,Disapprove,Somewhat disapprove,45+,18-64,Independent/Something else,Non-black non-Democrat,White Independent,Independent,Independent Women,White Independent,Moderate,88.0,Moderate/Liberal Republicans,Moderate Independents,White,White,State questionnaire,White,White,East,Yes,Female,White women,Married women,Suburbs,Suburbs,Maine,Election day exit poll,Seriously off on the wrong track,Version 1,1.09495544433594,No,Yes,Working women,Working women,Working women
64866.0,Mike Michaud,Susan Collins,Mike Michaud,65+,60+,65 or over,45+,60+,65+,Non-Black 60+,White 60+,White 65+,Complete,Call 1,2.0,No high school diploma,No college degree,High school graduate or less,White no college degree,Yes,Unfavorable,Unfavorable,2.0,Government should do more to solve problems,Went too far,Less than 100k,"$30,000 or more",Less than 50k,Less than 50 thousand,"Under $50,000","$30,000-$49,999","Under $50,000 and white",No,No,Legal,Yes,Worried,Somewhat worried,Approve,Somewhat approve,45+,65+,Republican,Non-black non-Democrat,All Republicans,Republican,Republican Women,White Republican,Moderate,22.0,Conservative Republicans,Mod./Liberal Republicans,White,White,State questionnaire,White,White,East,Yes,Female,White women,Married women,Rural,Small Cities/Rural,Maine,Election day exit poll,Seriously off on the wrong track,Version 1,1.15003025531769,Yes,No,Non-working women,All others,Non-working women
66796.0,Mike Michaud,Susan Collins,,65+,60+,65 or over,45+,60+,65+,Non-Black 60+,White 60+,White 65+,Complete,Call 1,2.0,Some college/assoc. degree,No college degree,More than High school graduate,White no college degree,,,,2.0,,,Less than 100k,"$30,000 or more",50k or more,50 to 100 thousand,"$50,000-$99,999","$50,000-$99,999","Over $50,000 and white",,,,Yes,,,,,45+,65+,Democrat,Non-black Democrat,White Democrat,Democrat,Democratic Men,White Democrat,Conservative,46.0,Moderate/Conservative Democrats,Mod/Conserv. Democrats,White,White,National questionnaire,White,White,East,,Male,White men,Married men,Suburbs,Suburbs,Maine,Election day exit poll,,Version 3,1.03981947898865,No,,,,
76440.0,Mike Michaud,Susan Collins,,45-65,30-59,50-59,45+,45-59,50-64,Non-Black 45-59,White 45-59,White 45-64,Complete,Call 2,2.0,High school graduate,No college degree,High school graduate or less,White no college degree,,,,2.0,,,100k or more,"$30,000 or more",50k or more,100 thousand or more,"$100,000-$199,999","$100,000-$199,999","Over $50,000 and white",,,,,,,,,45+,18-64,Independent/Something else,Non-black non-Democrat,White Independent,Independent,Independent Men,White Independent,Liberal,46.0,Moderate/Liberal Republicans,Liberal Independents,White,White,National questionnaire,White,White,East,,Male,White men,,Suburbs,Suburbs,Maine,Election day exit poll,,Version 5,0.878107488155365,No,,,,
62920.0,Mike Michaud,Susan Collins,Mike Michaud,45-65,30-59,50-59,45+,45-59,50-64,Non-Black 45-59,White 45-59,White 45-64,Complete,Call 1,1.0,Some college/assoc. degree,No college degree,More than High school graduate,White no college degree,No,Unfavorable,Unfavorable,1.0,Government should do more to solve problems,Did not go far enough,100k or more,"$30,000 or more",50k or more,100 thousand or more,"$100,000-$199,999","$100,000-$199,999","Over $50,000 and white",Yes,No,Legal,Yes,Worried,Very worried,Disapprove,Somewhat disapprove,45+,18-64,Independent/Something else,Non-black non-Democrat,White Independent,Independent,Independent Women,White Independent,Liberal,88.0,Moderate/Liberal Republicans,Liberal Independents,White,White,State questionnaire,White,White,East,Yes,Female,White women,Married women,Suburbs,Suburbs,Maine,Election day exit poll,Seriously off on the wrong track,Version 1,1.09495544433594,No,Yes,Working women,Working women,Working women
80284.0,Mike Michaud,Susan Collins,Mike Michaud,65+,60+,65 or over,45+,60+,65+,Non-Black 60+,White 60+,White 65+,Complete,Call 2,2.0,College graduate,College graduate,More than High school graduate,White college degree,No,Favorable,Unfavorable,2.0,Government is doing too many things better left to businesses and individuals,Did not go far enough,Less than 100k,"Under $30,000",Less than 50k,Less than 50 thousand,"Under $50,000","Under $30,000","Under $50,000 and white",No,No,Illegal,No,Worried,Very worried,Approve,Strongly approve,45+,65+,Independent/Something else,Non-black non-Democrat,White Independent,Independent,Independent Men,White Independent,Moderate,22.0,Moderate/Liberal Republicans,Moderate Independents,White,White,State questionnaire,White,White,East,Yes,Male,White men,Non married men,Rural,Small Cities/Rural,Maine,Election day exit poll,Seriously off on the wrong track,Version 1,1.29521369934082,No,No,Non-working men,All others,Non-working men
66880.0,Mike Michaud,Susan Collins,Mike Michaud,45-65,60+,60-64,45+,60+,50-64,Non-Black 60+,White 60+,White 45-64,Complete,Call 1,1.0,Postgraduate study,College graduate,More than High school graduate,White college degree,Yes,Favorable,Unfavorable,1.0,Government should do more to solve problems,Did not go far enough,Less than 100k,"$30,000 or more",50k or more,50 to 100 thousand,"$50,000-$99,999","$50,000-$99,999","Over $50,000 and white",No,No,Legal,Yes,Not worried,Not too worried,Approve,Strongly approve,45+,18-64,Democrat,Non-black Democrat,White Democrat,Democrat,Democratic Women,White Democrat,Moderate,103.0,Moderate/Conservative Democrats,Mod/Conserv. Democrats,White,White,State questionnaire,White,White,East,Yes,Female,White women,Married women,Rural,Small Cities/Rural,Maine,Election day exit poll,Generally going in the right direction,Version 1,2.25199294090271,No,Yes,Working women,Working women,Working women
82198.0,Mike Michaud,Susan Collins,Mike Michaud,30-44,30-59,40-44,18-44,30-44,40-49,Non-Black 30-44,White 30-44,White 30-44,Complete,Call 2,1.0,High school graduate,No college degree,High school graduate or less,White no college degree,Yes,Favorable,Unfavorable,1.0,Government should do more to solve problems,Went too far,Less than 100k,"$30,000 or more",Less than 50k,Less than 50 thousand,"Under $50,000","$30,000-$49,999","Under $50,000 and white",No,No,Legal,Yes,Worried,Very worried,Approve,Somewhat approve,18-44,18-64,Independent/Something else,Non-black non-Democrat,White Independent,Independent,Independent Men,White Independent,Conservative,103.0,Moderate/Liberal Republicans,Conservative Independents,White,White,State questionnaire,White,White,East,No,Male,White men,Married men,Rural,Small Cities/Rural,Maine,Election day exit poll,Seriously off on the wrong track,Version 1,2.14184927940369,Yes,Yes,Working men,All others,Working men
95821.0,Mike Michaud,Susan Collins,,30-44,30-59,30-39,18-44,30-44,30-39,Non-Black 30-44,White 30-44,White 30-44,Complete,Call 3,2.0,Postgraduate study,College graduate,More than High school graduate,White college degree,,Favorable,Favorable,2.0,Government should do more to solve problems,,Less than 100k,"$30,000 or more",50k or more,50 to 100 thousand,"$50,000-$99,999","$50,000-$99,999","Over $50,000 and white",,No,Legal,,,,,,18-44,18-64,Democrat,Non-black Democrat,White Democrat,Democrat,Democratic Women,White Democrat,Liberal,46.0,Liberal Democrats,Liberal Democrats,White,White,National questionnaire,White,White,East,Yes,Female,White women,,Suburbs,Suburbs,Maine,Election day exit poll,Generally going in the right direction,Version 4,0.779678463935852,No,,,,
95911.0,Mike Michaud,Susan Collins,Mike Michaud,45-65,30-59,45-49,45+,45-59,40-49,Non-Black 45-59,White 45-59,White 45-64,Complete,Call 3,1.0,,,,,Yes,Favorable,Unfavorable,1.0,Government should do more to solve problems,Was about right,Less than 100k,"$30,000 or more",50k or more,50 to 100 thousand,"$50,000-$99,999","$50,000-$99,999","Over $50,000 and white",Yes,No,Legal,No,Worried,Somewhat worried,Approve,Somewhat approve,45+,18-64,Democrat,Non-black Democrat,White Democrat,Democrat,Democratic Women,White Democrat,Liberal,114.0,Liberal Democrats,Liberal Democrats,White,White,State questionnaire,White,White,East,Yes,Female,White women,Non married women,Suburbs,Suburbs,Maine,Election day exit poll,Generally going in the right direction,Version 1,0.960082292556763,No,Yes,Working women,Working women,Working women
66716.0,Mike Michaud,Susan Collins,Mike Michaud,45-65,30-59,50-59,45+,45-59,50-64,Non-Black 45-59,White 45-59,White 45-64,Complete,Call 1,2.0,High school graduate,No college degree,High school graduate or less,White no college degree,Yes,Favorable,Unfavorable,2.0,Government should do more to solve problems,Did not go far enough,Less than 100k,"$30,000 or more",Less than 50k,Less than 50 thousand,"Under $50,000","$30,000-$49,999","Under $50,000 and white",Yes,No,Legal,Yes,Worried,Very worried,Approve,Strongly approve,45+,18-64,Democrat,Non-black Democrat,White Democrat,Democrat,Democratic Women,White Democrat,Moderate,96.0,Moderate/Conservative Democrats,Mod/Conserv. Democrats,White,White,State questionnaire,White,White,East,Yes,Female,White women,Married women,Rural,Small Cities/Rural,Maine,Election day exit poll,Seriously off on the wrong track,Version 1,0.790816724300385,Yes,No,Non-working women,All others,Non-working women
64760.0,Mike Michaud,Susan Collins,Mike Michaud,65+,60+,65 or over,45+,60+,65+,Non-Black 60+,White 60+,White 65+,Complete,Call 1,2.0,Postgraduate study,College graduate,More than High school graduate,White college degree,No,Favorable,Unfavorable,2.0,Government should do more to solve problems,Was about right,Less than 100k,"$30,000 or more",Less than 50k,Less than 50 thousand,"Under $50,000","$30,000-$49,999","Under $50,000 and white",Yes,No,Illegal,Yes,Worried,Very worried,Approve,Somewhat approve,45+,65+,Democrat,Non-black Democrat,White Democrat,Democrat,Democratic Men,White Democrat,Conservative,22.0,Moderate/Conservative Democrats,Mod/Conserv. Democrats,White,White,State questionnaire,White,White,East,No,Male,White men,Married men,Rural,Small Cities/Rural,Maine,Election day exit poll,Seriously off on the wrong track,Version 1,1.29521369934082,No,No,Non-working men,All others,Non-working men
80205.0,Mike Michaud,Susan Collins,Mike Michaud,65+,60+,65 or over,45+,60+,65+,Non-Black 60+,White 60+,White 65+,Complete,Call 2,2.0,Some college/assoc. degree,No college degree,More than High school graduate,White no college degree,Yes,Favorable,Unfavorable,2.0,Government should do more to solve problems,Did not go far enough,Less than 100k,"$30,000 or more",Less than 50k,Less than 50 thousand,"Under $50,000","$30,000-$49,999","Under $50,000 and white",Yes,No,Illegal,No,Worried,Somewhat worried,Approve,Somewhat approve,45+,65+,Independent/Something else,Non-black non-Democrat,White Independent,Independent,Independent Women,White Independent,Conservative,76.0,Moderate/Liberal Republicans,Conservative Independents,White,White,State questionnaire,White,White,East,Yes,Female,White women,Non married women,Rural,Small Cities/Rural,Maine,Election day exit poll,Generally going in the right direction,Version 1,0.840406775474548,Yes,No,Non-working women,All others,Non-working women
80190.0,Mike Michaud,Susan Collins,Mike Michaud,65+,60+,65 or over,45+,60+,65+,Non-Black 60+,White 60+,White 65+,Complete,Call 2,2.0,Some college/assoc. degree,No college degree,More than High school graduate,White no college degree,Omit,Favorable,Unfavorable,2.0,Government should do more to solve problems,Was about right,,,,,,,,Yes,,Illegal,Yes,Worried,Somewhat worried,Approve,Somewhat approve,45+,65+,Democrat,Non-black Democrat,White Democrat,Democrat,Democratic Women,White Democrat,Conservative,22.0,Moderate/Conservative Democrats,Mod/Conserv. Democrats,White,White,State questionnaire,White,White,East,No,Female,White women,Married women,Rural,Small Cities/Rural,Maine,Election day exit poll,Seriously off on the wrong track,Version 1,1.15003025531769,,No,Non-working women,All others,Non-working women
80183.0,Mike Michaud,Susan Collins,Mike Michaud,18-29,18-29,18-24,18-44,18-29,18-24,Non-Black 18-29,White 18-29,White 18-29,Complete,Call 2,2.0,High school graduate,No college degree,High school graduate or less,White no college degree,No,Favorable,Unfavorable,2.0,Government is doing too many things better left to businesses and individuals,Went too far,Less than 100k,"Under $30,000",Less than 50k,Less than 50 thousand,"Under $50,000","Under $30,000","Under $50,000 and white",No,No,Legal,No,Worried,Somewhat worried,Approve,Somewhat approve,18-44,18-64,Independent/Something else,Non-black non-Democrat,White Independent,Independent,Independent Men,White Independent,Moderate,92.0,Moderate/Liberal Republicans,Moderate Independents,White,White,State questionnaire,White,White,East,Yes,Male,White men,Non married men,Rural,Small Cities/Rural,Maine,Election day exit poll,Seriously off on the wrong track,Version 1,1.02445995807648,Yes,Yes,Working men,All others,Working men
80181.0,Mike Michaud,Susan Collins,Mike Michaud,18-29,18-29,18-24,18-44,18-29,18-24,Non-Black 18-29,White 18-29,White 18-29,Complete,Call 2,2.0,High school graduate,No college degree,High school graduate or less,White no college degree,No,Favorable,Unfavorable,2.0,Government is doing too many things better left to businesses and individuals,Went too far,Less than 100k,"Under $30,000",Less than 50k,Less than 50 thousand,"Under $50,000","Under $30,000","Under $50,000 and white",No,No,Legal,No,Worried,Somewhat worried,Approve,Somewhat approve,18-44,18-64,Independent/Something else,Non-black non-Democrat,White Independent,Independent,Independent Men,White Independent,Moderate,92.0,Moderate/Liberal Republicans,Moderate Independents,White,White,State questionnaire,White,White,East,Yes,Male,White men,Non married men,Rural,Small Cities/Rural,Maine,Election day exit poll,Seriously off on the wrong track,Version 1,1.02445995807648,Yes,Yes,Working men,All others,Working men
93199.0,Mike Michaud,Susan Collins,Mike Michaud,45-65,30-59,50-59,45+,45-59,50-64,Non-Black 45-59,White 45-59,White 45-64,Complete,Call 3,1.0,Some college/assoc. degree,No college degree,More than High school graduate,White no college degree,Yes,Unfavorable,Unfavorable,1.0,Government is doing too many things better left to businesses and individuals,Did not go far enough,Less than 100k,"Under $30,000",Less than 50k,Less than 50 thousand,"Under $50,000","Under $30,000","Under $50,000 and white",Yes,No,Illegal,No,Worried,Somewhat worried,Approve,Somewhat approve,45+,18-64,Independent/Something else,Non-black non-Democrat,White Independent,Independent,Independent Women,White Independent,Moderate,82.0,Moderate/Liberal Republicans,Moderate Independents,White,White,State questionnaire,White,White,East,Yes,Female,White women,Non married women,Suburbs,Suburbs,Maine,Election day exit poll,Generally going in the right direction,Version 1,0.938533246517181,Yes,Yes,Working women,Working women,Working women
96453.0,Mike Michaud,Susan Collins,Mike Michaud,30-44,30-59,30-39,18-44,30-44,30-39,Non-Black 30-44,White 30-44,White 30-44,Complete,Call 3,1.0,Some college/assoc. degree,No college degree,More than High school graduate,White no college degree,Yes,Favorable,Unfavorable,1.0,Government should do more to solve problems,Was about right,100k or more,"$30,000 or more",50k or more,100 thousand or more,"$100,000-$199,999","$100,000-$199,999","Over $50,000 and white",No,No,Legal,Yes,Not worried,Not too worried,Approve,Somewhat approve,18-44,18-64,Independent/Something else,Non-black non-Democrat,White Independent,Independent,Independent Men,White Independent,Moderate,88.0,Moderate/Liberal Republicans,Moderate Independents,White,White,State questionnaire,White,White,East,Yes,Male,White men,Married men,Suburbs,Suburbs,Maine,Election day exit poll,Generally going in the right direction,Version 1,1.23318600654602,No,Yes,Working men,All others,Working men
93622.0,Mike Michaud,Susan Collins,Mike Michaud,45-65,30-59,45-49,45+,45-59,40-49,Non-Black 45-59,White 45-59,White 45-64,Complete,Call 3,1.0,Postgraduate study,College graduate,More than High school graduate,White college degree,Yes,Unfavorable,Unfavorable,1.0,Government is doing too many things better left to businesses and individuals,Did not go far enough,Less than 100k,"$30,000 or more",50k or more,50 to 100 thousand,"$50,000-$99,999","$50,000-$99,999","Over $50,000 and white",Yes,No,Legal,Yes,Worried,Very worried,Disapprove,Somewhat disapprove,45+,18-64,Republican,Non-black non-Democrat,All Republicans,Republican,Republican Women,White Republican,Moderate,9.0,Conservative Republicans,Mod./Liberal Republicans,White,White,State questionnaire,White,White,East,Yes,Female,White women,Married women,Suburbs,Suburbs,Maine,Election day exit poll,Seriously off on the wrong track,Version 1,0.938533246517181,No,Yes,Working women,Working women,Working women
95543.0,Mike Michaud,Susan Collins,Mike Michaud,30-44,30-59,40-44,18-44,30-44,40-49,Non-Black 30-44,White 30-44,White 30-44,Complete,Call 3,1.0,Postgraduate study,College graduate,More than High school graduate,White college degree,Yes,Unfavorable,Unfavorable,1.0,Government is doing too many things better left to businesses and individuals,Was about right,100k or more,"$30,000 or more",50k or more,100 thousand or more,"$100,000-$199,999","$100,000-$199,999","Over $50,000 and white",Yes,No,Illegal,Yes,Not worried,Not too worried,Approve,Somewhat approve,18-44,18-64,Democrat,Non-black Democrat,White Democrat,Democrat,Democratic Men,White Democrat,Moderate,88.0,Moderate/Conservative Democrats,Mod/Conserv. Democrats,White,White,State questionnaire,White,White,East,Yes,Male,White men,Married men,Suburbs,Suburbs,Maine,Election day exit poll,Generally going in the right direction,Version 1,1.23318600654602,No,Yes,Working men,All others,Working men
60142.0,Mike Michaud,Susan Collins,Mike Michaud,45-65,30-59,50-59,45+,45-59,50-64,Non-Black 45-59,White 45-59,White 45-64,Complete,Call 1,1.0,College graduate,College graduate,More than High school graduate,White college degree,Yes,Favorable,Unfavorable,1.0,Government should do more to solve problems,Did not go far enough,Less than 100k,"$30,000 or more",50k or more,50 to 100 thousand,"$50,000-$99,999","$50,000-$99,999","Over $50,000 and white",Yes,No,Legal,No,Worried,Somewhat worried,Approve,Strongly approve,45+,18-64,Democrat,Non-black Democrat,White Democrat,Democrat,Democratic Women,White Democrat,Liberal,82.0,Liberal Democrats,Liberal Democrats,White,White,State questionnaire,White,White,East,Yes,Female,White women,Non married women,Suburbs,Suburbs,Maine,Election day exit poll,Generally going in the right direction,Version 1,0.938533246517181,No,Yes,Working women,Working women,Working women
82014.0,Mike Michaud,Susan Collins,Paul LePage,45-65,30-59,50-59,45+,45-59,50-64,Non-Black 45-59,White 45-59,White 45-64,Complete,Call 2,1.0,Some college/assoc. degree,No college degree,More than High school graduate,White no college degree,No,Favorable,Favorable,1.0,Government should do more to solve problems,Was about right,Less than 100k,"$30,000 or more",50k or more,50 to 100 thousand,"$50,000-$99,999","$50,000-$99,999","Over $50,000 and white",No,No,Illegal,Yes,Worried,Somewhat worried,Approve,Somewhat approve,45+,18-64,Independent/Something else,Non-black non-Democrat,White Independent,Independent,Independent Women,White Independent,Liberal,103.0,Moderate/Liberal Republicans,Liberal Independents,White,White,State questionnaire,White,White,East,Yes,Female,White women,Married women,Rural,Small Cities/Rural,Maine,Election day exit poll,Generally going in the right direction,Version 1,1.90176463127136,No,Yes,Working women,Working women,Working women
92498.0,Mike Michaud,Susan Collins,Mike Michaud,18-29,18-29,25-29,18-44,18-29,25-29,Non-Black 18-29,White 18-29,White 18-29,Complete,Call 3,2.0,College graduate,College graduate,More than High school graduate,White college degree,Yes,Favorable,Omit,2.0,Government should do more to solve problems,Did not go far enough,Less than 100k,"$30,000 or more",50k or more,50 to 100 thousand,"$50,000-$99,999","$50,000-$99,999","Over $50,000 and white",No,No,Illegal,Yes,Worried,Somewhat worried,Approve,Strongly approve,18-44,18-64,Democrat,Non-black Democrat,White Democrat,Democrat,Democratic Women,White Democrat,Moderate,76.0,Moderate/Conservative Democrats,Mod/Conserv. Democrats,White,White,State questionnaire,White,White,East,Yes,Female,White women,Married women,Rural,Small Cities/Rural,Maine,Election day exit poll,Generally going in the right direction,Version 1,0.886302173137665,No,Yes,Working women,Working women,Working women
80076.0,Mike Michaud,Susan Collins,Mike Michaud,30-44,30-59,30-39,18-44,30-44,30-39,Non-Black 30-44,White 30-44,White 30-44,Complete,Call 2,2.0,Postgraduate study,College graduate,More than High school graduate,White college degree,Yes,Favorable,Unfavorable,2.0,Omit,Did not go far enough,Less than 100k,"$30,000 or more",Less than 50k,Less than 50 thousand,"Under $50,000","$30,000-$49,999","Under $50,000 and white",No,No,Illegal,Yes,Worried,Somewhat worried,Approve,Strongly approve,18-44,18-64,Independent/Something else,Non-black non-Democrat,White Independent,Independent,Independent Women,White Independent,Moderate,22.0,Moderate/Liberal Republicans,Moderate Independents,White,White,State questionnaire,White,White,East,Yes,Female,White women,Married women,Rural,Small Cities/Rural,Maine,Election day exit poll,Generally going in the right direction,Version 1,0.971178412437439,No,Yes,Working women,Working women,Working women
74281.0,Mike Michaud,Susan Collins,,18-29,18-29,18-24,18-44,18-29,18-24,Non-Black 18-29,White 18-29,White 18-29,Complete,Call 2,2.0,High school graduate,No college degree,High school graduate or less,White no college degree,,Favorable,Unfavorable,2.0,Government is doing too many things better left to businesses and individuals,,Less than 100k,"$30,000 or more",Less than 50k,Less than 50 thousand,"Under $50,000","$30,000-$49,999","Under $50,000 and white",,No,Legal,,,,,,18-44,18-64,Democrat,Non-black Democrat,White Democrat,Democrat,Democratic Women,White Democrat,Liberal,63.0,Liberal Democrats,Liberal Democrats,White,White,National questionnaire,White,White,East,Yes,Female,White women,,Suburbs,Suburbs,Maine,Election day exit poll,Generally going in the right direction,Version 4,0.89781254529953,Yes,,,,
80060.0,Mike Michaud,Susan Collins,Mike Michaud,45-65,30-59,50-59,45+,45-59,50-64,Non-Black 45-59,White 45-59,White 45-64,Complete,Call 2,2.0,College graduate,College graduate,More than High school graduate,White college degree,Yes,Favorable,Unfavorable,2.0,Government is doing too many things better left to businesses and individuals,Did not go far enough,Less than 100k,"$30,000 or more",Less than 50k,Less than 50 thousand,"Under $50,000","$30,000-$49,999","Under $50,000 and white",Yes,No,Legal,No,Worried,Somewhat worried,Disapprove,Somewhat disapprove,45+,18-64,Independent/Something else,Non-black non-Democrat,White Independent,Independent,Independent Women,White Independent,Liberal,24.0,Moderate/Liberal Republicans,Liberal Independents,White,White,State questionnaire,White,White,East,Yes,Female,White women,Non married women,Suburbs,Suburbs,Maine,Election day exit poll,Seriously off on the wrong track,Version 1,0.691964626312256,No,No,Non-working women,All others,Non-working women
95505.0,Mike Michaud,Susan Collins,Mike Michaud,30-44,30-59,40-44,18-44,30-44,40-49,Non-Black 30-44,White 30-44,White 30-44,Complete,Call 3,1.0,College graduate,College graduate,More than High school graduate,White college degree,Yes,Favorable,Unfavorable,1.0,Government should do more to solve problems,Went too far,100k or more,"$30,000 or more",50k or more,100 thousand or more,"$100,000-$199,999","$100,000-$199,999","Over $50,000 and white",Yes,No,Illegal,Yes,Worried,Somewhat worried,Approve,Somewhat approve,18-44,18-64,Democrat,Non-black Democrat,White Democrat,Democrat,Democratic Women,White Democrat,Liberal,114.0,Liberal Democrats,Liberal Democrats,White,White,State questionnaire,White,White,East,No,Female,White women,Married women,Suburbs,Suburbs,Maine,Election day exit poll,Seriously off on the wrong track,Version 1,0.960082292556763,No,Yes,Working women,Working women,Working women
94125.0,Mike Michaud,Susan Collins,,30-44,30-59,30-39,18-44,30-44,30-39,Non-Black 30-44,White 30-44,White 30-44,Complete,Call 3,2.0,College graduate,College graduate,More than High school graduate,White college degree,,,,2.0,,,Less than 100k,"$30,000 or more",50k or more,50 to 100 thousand,"$50,000-$99,999","$50,000-$99,999","Over $50,000 and white",,No,,,,,,,18-44,18-64,Independent/Something else,Non-black non-Democrat,White Independent,Independent,Independent Women,White Independent,Liberal,46.0,Moderate/Liberal Republicans,Liberal Independents,White,White,National questionnaire,White,White,East,,Female,White women,,Suburbs,Suburbs,Maine,Election day exit poll,,Version 5,0.779678463935852,No,,,,
60698.0,Mike Michaud,Susan Collins,Mike Michaud,30-44,30-59,40-44,18-44,30-44,40-49,Non-Black 30-44,White 30-44,White 30-44,Complete,Call 1,1.0,Postgraduate study,College graduate,More than High school graduate,White college degree,Yes,Favorable,Unfavorable,1.0,Government should do more to solve problems,Did not go far enough,Less than 100k,"$30,000 or more",50k or more,50 to 100 thousand,"$50,000-$99,999","$50,000-$99,999","Over $50,000 and white",Yes,No,Illegal,No,Worried,Somewhat worried,Approve,Somewhat approve,18-44,18-64,Democrat,Non-black Democrat,White Democrat,Democrat,Democratic Women,White Democrat,Moderate,82.0,Moderate/Conservative Democrats,Mod/Conserv. Democrats,White,White,State questionnaire,White,White,East,Yes,Female,White women,Non married women,Suburbs,Suburbs,Maine,Election day exit poll,Generally going in the right direction,Version 1,0.938533246517181,No,Yes,Working women,Working women,Working women
93515.0,Mike Michaud,Susan Collins,Mike Michaud,30-44,30-59,40-44,18-44,30-44,40-49,Non-Black 30-44,White 30-44,White 30-44,Complete,Call 3,1.0,Some college/assoc. degree,No college degree,More than High school graduate,White no college degree,Yes,Favorable,Unfavorable,1.0,Government should do more to solve problems,Went too far,Less than 100k,"$30,000 or more",50k or more,50 to 100 thousand,"$50,000-$99,999","$50,000-$99,999","Over $50,000 and white",Yes,No,Legal,Yes,Worried,Very worried,Approve,Somewhat approve,18-44,18-64,Democrat,Non-black Democrat,White Democrat,Democrat,Democratic Women,White Democrat,Liberal,9.0,Liberal Democrats,Liberal Democrats,White,White,State questionnaire,White,White,East,Yes,Female,White women,Married women,Suburbs,Suburbs,Maine,Election day exit poll,Seriously off on the wrong track,Version 1,0.938533246517181,No,Yes,Working women,Working women,Working women
76092.0,Mike Michaud,Susan Collins,Mike Michaud,30-44,30-59,40-44,18-44,30-44,40-49,Non-Black 30-44,White 30-44,White 30-44,Complete,Call 2,1.0,Postgraduate study,College graduate,More than High school graduate,White college degree,Yes,Favorable,Unfavorable,1.0,Government should do more to solve problems,Did not go far enough,100k or more,"$30,000 or more",50k or more,100 thousand or more,"$200,000 or more","$200,000 or more","Over $50,000 and white",Yes,No,Illegal,Yes,Worried,Somewhat worried,Approve,Strongly approve,18-44,18-64,Democrat,Non-black Democrat,White Democrat,Democrat,Democratic Women,White Democrat,Moderate,114.0,Moderate/Conservative Democrats,Mod/Conserv. Democrats,White,White,State questionnaire,White,White,East,Yes,Female,White women,Married women,Suburbs,Suburbs,Maine,Election day exit poll,Generally going in the right direction,Version 1,0.960082292556763,No,No,Non-working women,All others,Non-working women
77983.0,Mike Michaud,Susan Collins,,45-65,30-59,50-59,45+,45-59,50-64,Non-Black 45-59,White 45-59,White 45-64,Complete,Call 2,2.0,College graduate,College graduate,More than High school graduate,White college degree,,,,2.0,,Was about right,100k or more,"$30,000 or more",50k or more,100 thousand or more,"$100,000-$199,999","$100,000-$199,999","Over $50,000 and white",,No,,Yes,,,,,45+,18-64,Democrat,Non-black Democrat,White Democrat,Democrat,Democratic Women,White Democrat,Moderate,46.0,Moderate/Conservative Democrats,Mod/Conserv. Democrats,White,White,National questionnaire,White,White,East,,Female,White women,Married women,Suburbs,Suburbs,Maine,Election day exit poll,,Version 2,0.779678463935852,No,Yes,Working women,Working women,Working women
66395.0,Mike Michaud,Susan Collins,,65+,60+,65 or over,45+,60+,65+,Non-Black 60+,White 60+,White 65+,Not complete,Call 1,2.0,,,,,,,,2.0,,,,,,,,,,,,,,,,,,45+,65+,,,,,,,,46.0,,,White,White,National questionnaire,White,White,East,,Female,White women,,Suburbs,Suburbs,Maine,Election day exit poll,,Version 5,0.923263788223267,,,,,
93423.0,Mike Michaud,Susan Collins,Mike Michaud,30-44,30-59,30-39,18-44,30-44,30-39,Non-Black 30-44,White 30-44,White 30-44,Complete,Call 3,1.0,High school graduate,No college degree,High school graduate or less,White no college degree,Yes,Omit,Omit,1.0,Government is doing too many things better left to businesses and individuals,Was about right,Less than 100k,"$30,000 or more",Less than 50k,Less than 50 thousand,"Under $50,000","$30,000-$49,999","Under $50,000 and white",Yes,No,Legal,No,Worried,Somewhat worried,Disapprove,Somewhat disapprove,18-44,18-64,Independent/Something else,Non-black non-Democrat,White Independent,Independent,Independent Women,White Independent,Moderate,9.0,Moderate/Liberal Republicans,Moderate Independents,White,White,State questionnaire,White,White,East,Yes,Female,White women,Non married women,Suburbs,Suburbs,Maine,Election day exit poll,Seriously off on the wrong track,Version 1,0.938533246517181,Yes,Yes,Working women,Working women,Working women
74111.0,Mike Michaud,Susan Collins,Mike Michaud,45-65,30-59,50-59,45+,45-59,50-64,Non-Black 45-59,White 45-59,White 45-64,Complete,Call 2,1.0,Postgraduate study,College graduate,More than High school graduate,White college degree,Yes,Favorable,Favorable,1.0,Government should do more to solve problems,Was about right,Less than 100k,"$30,000 or more",50k or more,50 to 100 thousand,"$50,000-$99,999","$50,000-$99,999","Over $50,000 and white",Yes,No,Legal,Yes,Not worried,Not too worried,Approve,Somewhat approve,45+,18-64,Democrat,Non-black Democrat,White Democrat,Democrat,Democratic Men,White Democrat,Moderate,72.0,Moderate/Conservative Democrats,Mod/Conserv. Democrats,White,White,State questionnaire,White,White,East,Yes,Male,White men,Married men,"Cities 50,000-500,000","Cities over 50,000",Maine,Election day exit poll,Generally going in the right direction,Version 1,0.444313138723373,No,Yes,Working men,All others,Working men
66386.0,Mike Michaud,Susan Collins,Mike Michaud,65+,60+,65 or over,45+,60+,65+,Non-Black 60+,White 60+,White 65+,Complete,Call 1,2.0,College graduate,College graduate,More than High school graduate,White college degree,Yes,Favorable,Unfavorable,2.0,Omit,Did not go far enough,Less than 100k,"$30,000 or more",50k or more,50 to 100 thousand,"$50,000-$99,999","$50,000-$99,999","Over $50,000 and white",Yes,No,Legal,Yes,Not worried,Not too worried,Approve,Somewhat approve,45+,65+,Independent/Something else,Non-black non-Democrat,White Independent,Independent,Independent Men,White Independent,Moderate,76.0,Moderate/Liberal Republicans,Moderate Independents,White,White,State questionnaire,White,White,East,No,Male,White men,Married men,Rural,Small Cities/Rural,Maine,Election day exit poll,Generally going in the right direction,Version 1,0.946502327919006,No,No,Non-working men,All others,Non-working men
76031.0,Mike Michaud,Susan Collins,,30-44,30-59,30-39,18-44,30-44,30-39,Non-Black 30-44,White 30-44,White 30-44,Complete,Call 2,2.0,High school graduate,No college degree,High school graduate or less,White no college degree,,,,2.0,,,Less than 100k,"Under $30,000",Less than 50k,Less than 50 thousand,"Under $50,000","Under $30,000","Under $50,000 and white",,No,,No,,,,,18-44,18-64,Independent/Something else,Non-black non-Democrat,White Independent,Independent,Independent Women,White Independent,Moderate,46.0,Moderate/Liberal Republicans,Moderate Independents,White,White,National questionnaire,White,White,East,,Female,White women,Non married women,Suburbs,Suburbs,Maine,Election day exit poll,,Version 3,0.779678463935852,Yes,,,,
62507.0,Mike Michaud,Susan Collins,Mike Michaud,45-65,30-59,50-59,45+,45-59,50-64,Non-Black 45-59,White 45-59,White 45-64,Complete,Call 1,1.0,College graduate,College graduate,More than High school graduate,White college degree,Yes,Unfavorable,Favorable,1.0,Government should do more to solve problems,Went too far,Less than 100k,"$30,000 or more",50k or more,50 to 100 thousand,"$50,000-$99,999","$50,000-$99,999","Over $50,000 and white",Yes,No,Illegal,Yes,Worried,Somewhat worried,Disapprove,Strongly disapprove,45+,18-64,Republican,Non-black non-Democrat,All Republicans,Republican,Republican Men,White Republican,Moderate,72.0,Conservative Republicans,Mod./Liberal Republicans,White,White,State questionnaire,White,White,East,Yes,Male,White men,Married men,"Cities 50,000-500,000","Cities over 50,000",Maine,Election day exit poll,Seriously off on the wrong track,Version 1,0.444313138723373,No,Yes,Working men,All others,Working men
95310.0,Mike Michaud,Susan Collins,Mike Michaud,45-65,30-59,50-59,45+,45-59,50-64,Non-Black 45-59,White 45-59,White 45-64,Complete,Call 3,1.0,Some college/assoc. degree,No college degree,More than High school graduate,White no college degree,Yes,Favorable,Unfavorable,1.0,Government is doing too many things better left to businesses and individuals,Omit,Less than 100k,"Under $30,000",Less than 50k,Less than 50 thousand,"Under $50,000","Under $30,000","Under $50,000 and white",No,No,Legal,Yes,Worried,Somewhat worried,Approve,Somewhat approve,45+,18-64,Independent/Something else,Non-black non-Democrat,White Independent,Independent,Independent Women,White Independent,Moderate,103.0,Moderate/Liberal Republicans,Moderate Independents,White,White,State questionnaire,White,White,East,Yes,Female,White women,Married women,Rural,Small Cities/Rural,Maine,Election day exit poll,Seriously off on the wrong track,Version 1,1.90176463127136,Yes,No,Non-working women,All others,Non-working women
75998.0,Mike Michaud,Susan Collins,Mike Michaud,30-44,30-59,40-44,18-44,30-44,40-49,Non-Black 30-44,White 30-44,White 30-44,Complete,Call 2,1.0,Postgraduate study,College graduate,More than High school graduate,White college degree,Yes,Favorable,Unfavorable,1.0,Government should do more to solve problems,Did not go far enough,100k or more,"$30,000 or more",50k or more,100 thousand or more,"$200,000 or more","$200,000 or more","Over $50,000 and white",Yes,No,Illegal,Yes,Worried,Somewhat worried,Approve,Strongly approve,18-44,18-64,Democrat,Non-black Democrat,White Democrat,Democrat,Democratic Women,White Democrat,Moderate,114.0,Moderate/Conservative Democrats,Mod/Conserv. Democrats,White,White,State questionnaire,White,White,East,Yes,Female,White women,Married women,Suburbs,Suburbs,Maine,Election day exit poll,Generally going in the right direction,Version 1,0.960082292556763,No,No,Non-working women,All others,Non-working women
72127.0,Mike Michaud,Susan Collins,Mike Michaud,65+,60+,65 or over,45+,60+,65+,Non-Black 60+,White 60+,White 65+,Complete,Call 2,1.0,College graduate,College graduate,More than High school graduate,White college degree,Yes,Favorable,Unfavorable,1.0,Government should do more to solve problems,Was about right,100k or more,"$30,000 or more",50k or more,100 thousand or more,"$100,000-$199,999","$100,000-$199,999","Over $50,000 and white",Yes,No,Illegal,Yes,Worried,Somewhat worried,Approve,Somewhat approve,45+,65+,Democrat,Non-black Democrat,White Democrat,Democrat,Democratic Men,White Democrat,Liberal,82.0,Liberal Democrats,Liberal Democrats,White,White,State questionnaire,White,White,East,Yes,Male,White men,Married men,Suburbs,Suburbs,Maine,Election day exit poll,Generally going in the right direction,Version 1,1.25167632102966,No,No,Non-working men,All others,Non-working men
62464.0,Mike Michaud,Susan Collins,Mike Michaud,65+,60+,65 or over,45+,60+,65+,Non-Black 60+,White 60+,White 65+,Complete,Call 1,1.0,College graduate,College graduate,More than High school graduate,White college degree,Yes,Omit,Omit,1.0,Government should do more to solve problems,Was about right,Less than 100k,"$30,000 or more",Less than 50k,Less than 50 thousand,"Under $50,000","$30,000-$49,999","Under $50,000 and white",No,No,Illegal,No,Worried,Somewhat worried,Approve,Somewhat approve,45+,65+,Republican,Non-black non-Democrat,All Republicans,Republican,Republican Women,White Republican,Moderate,114.0,Conservative Republicans,Mod./Liberal Republicans,White,White,State questionnaire,White,White,East,Yes,Female,White women,Non married women,Suburbs,Suburbs,Maine,Election day exit poll,Generally going in the right direction,Version 1,1.13689076900482,No,No,Non-working women,All others,Non-working women
67040.0,Mike Michaud,Susan Collins,Mike Michaud,45-65,30-59,50-59,45+,45-59,50-64,Non-Black 45-59,White 45-59,White 45-64,Complete,Call 1,2.0,Some college/assoc. degree,No college degree,More than High school graduate,White no college degree,Yes,Favorable,Unfavorable,2.0,Government should do more to solve problems,Was about right,Less than 100k,"$30,000 or more",Less than 50k,Less than 50 thousand,"Under $50,000","$30,000-$49,999","Under $50,000 and white",Yes,No,Legal,Yes,Not worried,Not too worried,Approve,Somewhat approve,45+,18-64,Democrat,Non-black Democrat,White Democrat,Democrat,Democratic Men,White Democrat,Moderate,76.0,Moderate/Conservative Democrats,Mod/Conserv. Democrats,White,White,State questionnaire,White,White,East,Yes,Male,White men,Married men,Rural,Small Cities/Rural,Maine,Election day exit poll,Generally going in the right direction,Version 1,0.799302995204926,Yes,No,Non-working men,All others,Non-working men
77887.0,Mike Michaud,Susan Collins,,65+,60+,65 or over,45+,60+,65+,Non-Black 60+,White 60+,White 65+,Complete,Call 2,2.0,Postgraduate study,College graduate,More than High school graduate,White college degree,,,,2.0,,,Less than 100k,"Under $30,000",Less than 50k,Less than 50 thousand,"Under $50,000","Under $30,000","Under $50,000 and white",,,,,Worried,Very worried,Disapprove,Strongly disapprove,45+,65+,Republican,Non-black non-Democrat,All Republicans,Republican,Republican Men,White Republican,Liberal,46.0,Conservative Republicans,Mod./Liberal Republicans,White,White,National questionnaire,White,White,East,,Male,White men,,Suburbs,Suburbs,Maine,Election day exit poll,,Version 1,1.03981947898865,No,,,,
79817.0,Mike Michaud,Susan Collins,Mike Michaud,45-65,30-59,50-59,45+,45-59,50-64,Non-Black 45-59,White 45-59,White 45-64,Complete,Call 2,2.0,College graduate,College graduate,More than High school graduate,White college degree,Yes,Favorable,Favorable,2.0,Government is doing too many things better left to businesses and individuals,Did not go far enough,100k or more,"$30,000 or more",50k or more,100 thousand or more,"$100,000-$199,999","$100,000-$199,999","Over $50,000 and white",Yes,No,Illegal,No,Worried,Somewhat worried,Approve,Somewhat approve,45+,18-64,Independent/Something else,Non-black non-Democrat,White Independent,Independent,Independent Women,White Independent,Moderate,92.0,Moderate/Liberal Republicans,Moderate Independents,White,White,State questionnaire,White,White,East,Yes,Female,White women,Non married women,Rural,Small Cities/Rural,Maine,Election day exit poll,Generally going in the right direction,Version 1,0.728383839130402,No,Yes,Working women,Working women,Working women
93332.0,Mike Michaud,Susan Collins,Mike Michaud,45-65,30-59,50-59,45+,45-59,50-64,Non-Black 45-59,White 45-59,White 45-64,Complete,Call 3,2.0,Some college/assoc. degree,No college degree,More than High school graduate,White no college degree,Yes,Favorable,Unfavorable,2.0,Government is doing too many things better left to businesses and individuals,Went too far,Less than 100k,"$30,000 or more",50k or more,50 to 100 thousand,"$50,000-$99,999","$50,000-$99,999","Over $50,000 and white",Yes,No,Legal,Yes,Worried,Very worried,Approve,Somewhat approve,45+,18-64,Democrat,Non-black Democrat,White Democrat,Democrat,Democratic Women,White Democrat,Moderate,24.0,Moderate/Conservative Democrats,Mod/Conserv. Democrats,White,White,State questionnaire,White,White,East,Yes,Female,White women,Married women,Suburbs,Suburbs,Maine,Election day exit poll,Seriously off on the wrong track,Version 1,0.691964626312256,No,Yes,Working women,Working women,Working women
73996.0,Mike Michaud,Susan Collins,Mike Michaud,65+,60+,65 or over,45+,60+,65+,Non-Black 60+,White 60+,White 65+,Complete,Call 2,1.0,Postgraduate study,College graduate,More than High school graduate,White college degree,Yes,Favorable,Unfavorable,1.0,Government should do more to solve problems,Did not go far enough,Less than 100k,"$30,000 or more",50k or more,50 to 100 thousand,"$50,000-$99,999","$50,000-$99,999","Over $50,000 and white",Yes,No,Legal,No,Worried,Very worried,Disapprove,Somewhat disapprove,45+,65+,Democrat,Non-black Democrat,White Democrat,Democrat,Democratic Women,White Democrat,Moderate,72.0,Moderate/Conservative Democrats,Mod/Conserv. Democrats,White,White,State questionnaire,White,White,East,Yes,Female,White women,Non married women,"Cities 50,000-500,000","Cities over 50,000",Maine,Election day exit poll,Seriously off on the wrong track,Version 1,0.467161744832993,No,Yes,Working women,Working women,Working women
95236.0,Mike Michaud,Susan Collins,,45-65,30-59,50-59,45+,45-59,50-64,Non-Black 45-59,White 45-59,White 45-64,Complete,Call 3,2.0,High school graduate,No college degree,High school graduate or less,White no college degree,,,,2.0,,,Less than 100k,"Under $30,000",Less than 50k,Less than 50 thousand,"Under $50,000","Under $30,000","Under $50,000 and white",,No,,,Worried,Somewhat worried,Approve,Somewhat approve,45+,18-64,Democrat,Non-black Democrat,White Democrat,Democrat,Democratic Women,White Democrat,Conservative,46.0,Moderate/Conservative Democrats,Mod/Conserv. Democrats,White,White,National questionnaire,White,White,East,,Female,White women,,Suburbs,Suburbs,Maine,Election day exit poll,,Version 1,0.779678463935852,Yes,,,,
60468.0,Mike Michaud,Susan Collins,Mike Michaud,45-65,30-59,45-49,45+,45-59,40-49,Non-Black 45-59,White 45-59,White 45-64,Complete,Call 1,1.0,High school graduate,No college degree,High school graduate or less,White no college degree,Yes,Unfavorable,Unfavorable,1.0,Government is doing too many things better left to businesses and individuals,Went too far,Less than 100k,"Under $30,000",Less than 50k,Less than 50 thousand,"Under $50,000","Under $30,000","Under $50,000 and white",No,No,Legal,No,Not worried,Not too worried,Approve,Somewhat approve,45+,18-64,Independent/Something else,Non-black non-Democrat,White Independent,Something else,Independent Men,White Independent,Moderate,9.0,Moderate/Liberal Republicans,Moderate Independents,White,White,State questionnaire,White,White,East,Yes,Male,White men,Non married men,Suburbs,Suburbs,Maine,Election day exit poll,Generally going in the right direction,Version 1,1.05701661109924,Yes,Yes,Working men,All others,Working men
64329.0,Mike Michaud,Susan Collins,Mike Michaud,45-65,30-59,50-59,45+,45-59,50-64,Non-Black 45-59,White 45-59,White 45-64,Complete,Call 1,1.0,Postgraduate study,College graduate,More than High school graduate,White college degree,Yes,Favorable,Unfavorable,1.0,Government should do more to solve problems,Did not go far enough,100k or more,"$30,000 or more",50k or more,100 thousand or more,"$100,000-$199,999","$100,000-$199,999","Over $50,000 and white",Yes,No,Legal,No,Worried,Very worried,Approve,Somewhat approve,45+,18-64,Independent/Something else,Non-black non-Democrat,White Independent,Something else,Independent Women,White Independent,Liberal,88.0,Moderate/Liberal Republicans,Liberal Independents,White,White,State questionnaire,White,White,East,Yes,Female,White women,Non married women,Suburbs,Suburbs,Maine,Election day exit poll,Generally going in the right direction,Version 1,1.09495544433594,No,Yes,Working women,Working women,Working women
73981.0,Mike Michaud,Susan Collins,Would not have voted,30-44,30-59,40-44,18-44,30-44,40-49,Non-Black 30-44,White 30-44,White 30-44,Complete,Call 2,1.0,High school graduate,No college degree,High school graduate or less,White no college degree,No,Unfavorable,Unfavorable,1.0,Government should do more to solve problems,Was about right,Less than 100k,"$30,000 or more",Less than 50k,Less than 50 thousand,"Under $50,000","$30,000-$49,999","Under $50,000 and white",No,No,Legal,Yes,Not worried,Not too worried,Approve,Somewhat approve,18-44,18-64,Independent/Something else,Non-black non-Democrat,White Independent,Independent,Independent Men,White Independent,Liberal,9.0,Moderate/Liberal Republicans,Liberal Independents,White,White,State questionnaire,White,White,East,No,Male,White men,Married men,Suburbs,Suburbs,Maine,Election day exit poll,Seriously off on the wrong track,Version 1,1.05701661109924,Yes,Yes,Working men,All others,Working men
73966.0,Mike Michaud,Susan Collins,Mike Michaud,18-29,18-29,18-24,18-44,18-29,18-24,Non-Black 18-29,White 18-29,White 18-29,Complete,Call 2,1.0,College graduate,College graduate,More than High school graduate,White college degree,Yes,Favorable,Unfavorable,1.0,Government should do more to solve problems,Was about right,100k or more,"$30,000 or more",50k or more,100 thousand or more,"$100,000-$199,999","$100,000-$199,999","Over $50,000 and white",Yes,No,Legal,No,Not worried,Not too worried,Approve,Somewhat approve,18-44,18-64,Democrat,Non-black Democrat,White Democrat,Democrat,Democratic Women,White Democrat,Liberal,82.0,Liberal Democrats,Liberal Democrats,White,White,State questionnaire,White,White,East,Yes,Female,White women,Non married women,Suburbs,Suburbs,Maine,Election day exit poll,Generally going in the right direction,Version 1,1.17206621170044,No,No,Non-working women,All others,Non-working women
66239.0,Mike Michaud,Susan Collins,Mike Michaud,30-44,30-59,30-39,18-44,30-44,30-39,Non-Black 30-44,White 30-44,White 30-44,Complete,Call 1,1.0,Postgraduate study,College graduate,More than High school graduate,White college degree,Yes,Favorable,Unfavorable,1.0,Government is doing too many things better left to businesses and individuals,Was about right,Less than 100k,"$30,000 or more",Less than 50k,Less than 50 thousand,"Under $50,000","$30,000-$49,999","Under $50,000 and white",No,No,Legal,Yes,Worried,Somewhat worried,Approve,Somewhat approve,18-44,18-64,Independent/Something else,Non-black non-Democrat,White Independent,Independent,Independent Men,White Independent,Liberal,103.0,Moderate/Liberal Republicans,Liberal Independents,White,White,State questionnaire,White,White,East,Yes,Male,White men,Married men,Rural,Small Cities/Rural,Maine,Election day exit poll,Seriously off on the wrong track,Version 1,2.14184927940369,No,Yes,Working men,All others,Working men
81683.0,Mike Michaud,Susan Collins,Mike Michaud,45-65,30-59,45-49,45+,45-59,40-49,Non-Black 45-59,White 45-59,White 45-64,Complete,Call 2,2.0,College graduate,College graduate,More than High school graduate,White college degree,Yes,Unfavorable,Favorable,2.0,Government is doing too many things better left to businesses and individuals,Went too far,100k or more,"$30,000 or more",50k or more,100 thousand or more,"$100,000-$199,999","$100,000-$199,999","Over $50,000 and white",Yes,No,Illegal,Yes,Worried,Somewhat worried,Disapprove,Somewhat disapprove,45+,18-64,Independent/Something else,Non-black non-Democrat,White Independent,Independent,Independent Men,White Independent,Liberal,76.0,Moderate/Liberal Republicans,Liberal Independents,White,White,State questionnaire,White,White,East,Yes,Male,White men,Married men,Rural,Small Cities/Rural,Maine,Election day exit poll,Seriously off on the wrong track,Version 1,0.799302995204926,No,Yes,Working men,All others,Working men
79975.0,Mike Michaud,Susan Collins,Mike Michaud,18-29,18-29,18-24,18-44,18-29,18-24,Non-Black 18-29,White 18-29,White 18-29,Complete,Call 2,2.0,High school graduate,No college degree,High school graduate or less,White no college degree,Yes,Unfavorable,Favorable,2.0,Government should do more to solve problems,Did not go far enough,Less than 100k,"Under $30,000",Less than 50k,Less than 50 thousand,"Under $50,000","Under $30,000","Under $50,000 and white",No,No,Legal,No,Worried,Somewhat worried,Disapprove,Strongly disapprove,18-44,18-64,Republican,Non-black non-Democrat,All Republicans,Republican,Republican Women,White Republican,Liberal,22.0,Conservative Republicans,Mod./Liberal Republicans,White,White,State questionnaire,White,White,East,No,Female,White women,Non married women,Rural,Small Cities/Rural,Maine,Election day exit poll,Generally going in the right direction,Version 1,1.21283447742462,Yes,No,Non-working women,All others,Non-working women
79737.0,Mike Michaud,Susan Collins,Mike Michaud,45-65,30-59,50-59,45+,45-59,50-64,Non-Black 45-59,White 45-59,White 45-64,Complete,Call 2,2.0,College graduate,College graduate,More than High school graduate,White college degree,Omit,Omit,Omit,2.0,Government is doing too many things better left to businesses and individuals,Omit,Less than 100k,"Under $30,000",Less than 50k,Less than 50 thousand,"Under $50,000","Under $30,000","Under $50,000 and white",Yes,No,Illegal,No,Worried,Very worried,Disapprove,Somewhat disapprove,45+,18-64,Independent/Something else,Non-black non-Democrat,White Independent,Independent,Independent Women,White Independent,,24.0,,,White,White,State questionnaire,White,White,East,No,Female,White women,Non married women,Suburbs,Suburbs,Maine,Election day exit poll,Seriously off on the wrong track,Version 1,0.691964626312256,No,No,Non-working women,All others,Non-working women
97105.0,Mike Michaud,Susan Collins,Mike Michaud,45-65,30-59,50-59,45+,45-59,50-64,Non-Black 45-59,White 45-59,White 45-64,Complete,Call 3,1.0,Postgraduate study,College graduate,More than High school graduate,White college degree,Yes,Favorable,Unfavorable,1.0,Government is doing too many things better left to businesses and individuals,Was about right,Less than 100k,"$30,000 or more",50k or more,50 to 100 thousand,"$50,000-$99,999","$50,000-$99,999","Over $50,000 and white",Yes,No,Legal,Yes,Worried,Somewhat worried,Approve,Somewhat approve,45+,18-64,Independent/Something else,Non-black non-Democrat,White Independent,Independent,Independent Men,White Independent,Moderate,88.0,Moderate/Liberal Republicans,Moderate Independents,White,White,State questionnaire,White,White,East,Yes,Male,White men,Married men,Suburbs,Suburbs,Maine,Election day exit poll,Seriously off on the wrong track,Version 1,1.23318600654602,No,Yes,Working men,All others,Working men
91306.0,Mike Michaud,Susan Collins,Mike Michaud,30-44,30-59,30-39,18-44,30-44,30-39,Non-Black 30-44,White 30-44,White 30-44,Complete,Call 3,2.0,Postgraduate study,College graduate,More than High school graduate,White college degree,Yes,Favorable,Unfavorable,2.0,Government should do more to solve problems,Did not go far enough,Less than 100k,"$30,000 or more",50k or more,50 to 100 thousand,"$50,000-$99,999","$50,000-$99,999","Over $50,000 and white",Yes,No,Illegal,Yes,Worried,Somewhat worried,Approve,Somewhat approve,18-44,18-64,Democrat,Non-black Democrat,White Democrat,Democrat,Democratic Women,White Democrat,Conservative,65.0,Moderate/Conservative Democrats,Mod/Conserv. Democrats,White,White,State questionnaire,White,White,East,Yes,Female,White women,Married women,Rural,Small Cities/Rural,Maine,Election day exit poll,Generally going in the right direction,Version 1,0.728383839130402,No,Yes,Working women,Working women,Working women
74727.0,Mike Michaud,Susan Collins,Mike Michaud,45-65,60+,60-64,45+,60+,50-64,Non-Black 60+,White 60+,White 45-64,Complete,Call 2,1.0,High school graduate,No college degree,High school graduate or less,White no college degree,Yes,Favorable,Unfavorable,1.0,Government should do more to solve problems,Did not go far enough,Less than 100k,"Under $30,000",Less than 50k,Less than 50 thousand,"Under $50,000","Under $30,000","Under $50,000 and white",Yes,No,Legal,No,Worried,Very worried,Approve,Somewhat approve,45+,18-64,Independent/Something else,Non-black non-Democrat,White Independent,Independent,Independent Women,White Independent,Liberal,9.0,Moderate/Liberal Republicans,Liberal Independents,White,White,State questionnaire,White,White,East,Yes,Female,White women,Non married women,Suburbs,Suburbs,Maine,Election day exit poll,Seriously off on the wrong track,Version 1,1.11137318611145,Yes,Yes,Working women,Working women,Working women
73874.0,Mike Michaud,Susan Collins,Mike Michaud,18-29,18-29,18-24,18-44,18-29,18-24,Non-Black 18-29,White 18-29,White 18-29,Complete,Call 2,1.0,Some college/assoc. degree,No college degree,More than High school graduate,White no college degree,Yes,Favorable,Favorable,1.0,Government should do more to solve problems,Was about right,Less than 100k,"Under $30,000",Less than 50k,Less than 50 thousand,"Under $50,000","Under $30,000","Under $50,000 and white",Yes,No,Legal,No,Worried,Somewhat worried,Approve,Strongly approve,18-44,18-64,Independent/Something else,Non-black non-Democrat,White Independent,Independent,Independent Men,White Independent,Moderate,72.0,Moderate/Liberal Republicans,Moderate Independents,White,White,State questionnaire,White,White,East,Yes,Male,White men,Non married men,"Cities 50,000-500,000","Cities over 50,000",Maine,Election day exit poll,Generally going in the right direction,Version 1,0.554870545864105,Yes,Yes,Working men,All others,Working men
91238.0,Mike Michaud,Susan Collins,Mike Michaud,45-65,30-59,50-59,45+,45-59,50-64,Non-Black 45-59,White 45-59,White 45-64,Complete,Call 3,2.0,High school graduate,No college degree,High school graduate or less,White no college degree,Yes,Favorable,Favorable,2.0,Government should do more to solve problems,Went too far,Less than 100k,"$30,000 or more",Less than 50k,Less than 50 thousand,"Under $50,000","$30,000-$49,999","Under $50,000 and white",Yes,No,Illegal,No,Worried,Somewhat worried,Disapprove,Somewhat disapprove,45+,18-64,Independent/Something else,Non-black non-Democrat,White Independent,Something else,Independent Women,White Independent,Moderate,65.0,Moderate/Liberal Republicans,Moderate Independents,White,White,State questionnaire,White,White,East,No,Female,White women,Non married women,Rural,Small Cities/Rural,Maine,Election day exit poll,Omit,Version 1,0.728383839130402,Yes,Yes,Working women,Working women,Working women
79636.0,Mike Michaud,Susan Collins,Mike Michaud,30-44,30-59,30-39,18-44,30-44,30-39,Non-Black 30-44,White 30-44,White 30-44,Complete,Call 2,2.0,Some college/assoc. degree,No college degree,More than High school graduate,White no college degree,Yes,Favorable,Unfavorable,2.0,Government should do more to solve problems,Went too far,Less than 100k,"$30,000 or more",50k or more,50 to 100 thousand,"$50,000-$99,999","$50,000-$99,999","Over $50,000 and white",Yes,No,Legal,No,Worried,Somewhat worried,Disapprove,Strongly disapprove,18-44,18-64,Independent/Something else,Non-black non-Democrat,White Independent,Something else,Independent Women,White Independent,Conservative,96.0,Moderate/Liberal Republicans,Conservative Independents,White,White,State questionnaire,White,White,East,Yes,Female,White women,Non married women,Rural,Small Cities/Rural,Maine,Election day exit poll,Seriously off on the wrong track,Version 1,0.790816724300385,No,Yes,Working women,Working women,Working women
64165.0,Mike Michaud,Susan Collins,Mike Michaud,30-44,30-59,30-39,18-44,30-44,30-39,Non-Black 30-44,White 30-44,White 30-44,Complete,Call 1,1.0,Postgraduate study,College graduate,More than High school graduate,White college degree,Yes,Favorable,Unfavorable,1.0,Government should do more to solve problems,Did not go far enough,100k or more,"$30,000 or more",50k or more,100 thousand or more,"$100,000-$199,999","$100,000-$199,999","Over $50,000 and white",Yes,No,Legal,Yes,Not worried,Not too worried,Approve,Somewhat approve,18-44,18-64,Independent/Something else,Non-black non-Democrat,White Independent,Independent,Independent Men,White Independent,Moderate,114.0,Moderate/Liberal Republicans,Moderate Independents,White,White,State questionnaire,White,White,East,Yes,Male,White men,Married men,Suburbs,Suburbs,Maine,Election day exit poll,Generally going in the right direction,Version 1,1.08128607273102,No,Yes,Working men,All others,Working men
64163.0,Mike Michaud,Susan Collins,Mike Michaud,30-44,30-59,30-39,18-44,30-44,30-39,Non-Black 30-44,White 30-44,White 30-44,Complete,Call 1,1.0,Postgraduate study,College graduate,More than High school graduate,White college degree,Yes,Favorable,Unfavorable,1.0,Government should do more to solve problems,Did not go far enough,100k or more,"$30,000 or more",50k or more,100 thousand or more,"$100,000-$199,999","$100,000-$199,999","Over $50,000 and white",Yes,No,Legal,Yes,Not worried,Not too worried,Approve,Somewhat approve,18-44,18-64,Independent/Something else,Non-black non-Democrat,White Independent,Independent,Independent Men,White Independent,Moderate,114.0,Moderate/Liberal Republicans,Moderate Independents,White,White,State questionnaire,White,White,East,Yes,Male,White men,Married men,Suburbs,Suburbs,Maine,Election day exit poll,Generally going in the right direction,Version 1,1.08128607273102,No,Yes,Working men,All others,Working men
90883.0,Mike Michaud,Susan Collins,Mike Michaud,45-65,30-59,50-59,45+,45-59,50-64,Non-Black 45-59,White 45-59,White 45-64,Complete,Call 3,1.0,Postgraduate study,College graduate,More than High school graduate,White college degree,Yes,Favorable,Unfavorable,1.0,Government is doing too many things better left to businesses and individuals,Went too far,100k or more,"$30,000 or more",50k or more,100 thousand or more,"$100,000-$199,999","$100,000-$199,999","Over $50,000 and white",Yes,,Illegal,No,Worried,Somewhat worried,Disapprove,Somewhat disapprove,45+,18-64,Republican,Non-black non-Democrat,All Republicans,Republican,Republican Women,White Republican,Conservative,112.0,Independent/Something else,Conservative Republicans,White,White,State questionnaire,White,White,East,Yes,Female,White women,Non married women,Rural,Small Cities/Rural,Maine,Election day exit poll,Omit,Version 1,1.76261115074158,No,Yes,Working women,Working women,Working women
73788.0,Mike Michaud,Susan Collins,Mike Michaud,65+,60+,65 or over,45+,60+,65+,Non-Black 60+,White 60+,White 65+,Complete,Call 2,1.0,High school graduate,No college degree,High school graduate or less,White no college degree,Yes,Favorable,Favorable,1.0,Government is doing too many things better left to businesses and individuals,Did not go far enough,Less than 100k,"$30,000 or more",Less than 50k,Less than 50 thousand,"Under $50,000","$30,000-$49,999","Under $50,000 and white",No,No,Legal,No,Worried,Somewhat worried,Disapprove,Somewhat disapprove,45+,65+,Independent/Something else,Non-black non-Democrat,White Independent,Independent,Independent Men,White Independent,Moderate,9.0,Moderate/Liberal Republicans,Moderate Independents,White,White,State questionnaire,White,White,East,No,Male,White men,Non married men,Suburbs,Suburbs,Maine,Election day exit poll,Generally going in the right direction,Version 1,1.25167632102966,Yes,No,Non-working men,All others,Non-working men
73774.0,Mike Michaud,Susan Collins,Mike Michaud,65+,60+,65 or over,45+,60+,65+,Non-Black 60+,White 60+,White 65+,Complete,Call 2,1.0,Postgraduate study,College graduate,More than High school graduate,White college degree,Yes,Favorable,Unfavorable,1.0,Government should do more to solve problems,Was about right,100k or more,"$30,000 or more",50k or more,100 thousand or more,"$100,000-$199,999","$100,000-$199,999","Over $50,000 and white",Yes,No,Illegal,Yes,Worried,Somewhat worried,Approve,Somewhat approve,45+,65+,Independent/Something else,Non-black non-Democrat,White Independent,Independent,Independent Women,White Independent,Liberal,72.0,Moderate/Liberal Republicans,Liberal Independents,White,White,State questionnaire,White,White,East,Yes,Female,White women,Married women,"Cities 50,000-500,000","Cities over 50,000",Maine,Election day exit poll,Generally going in the right direction,Version 1,0.467161744832993,No,No,Non-working women,All others,Non-working women
93077.0,Mike Michaud,Susan Collins,Mike Michaud,45-65,30-59,50-59,45+,45-59,50-64,Non-Black 45-59,White 45-59,White 45-64,Complete,Call 3,1.0,Some college/assoc. degree,No college degree,More than High school graduate,White no college degree,Yes,Favorable,Unfavorable,1.0,Government should do more to solve problems,Was about right,Less than 100k,"$30,000 or more",50k or more,50 to 100 thousand,"$50,000-$99,999","$50,000-$99,999","Over $50,000 and white",Yes,No,Illegal,No,Worried,Very worried,Approve,Somewhat approve,45+,18-64,Democrat,Non-black Democrat,White Democrat,Democrat,Democratic Women,White Democrat,Moderate,9.0,Moderate/Conservative Democrats,Mod/Conserv. Democrats,White,White,State questionnaire,White,White,East,Yes,Female,White women,Non married women,Suburbs,Suburbs,Maine,Election day exit poll,Seriously off on the wrong track,Version 1,0.938533246517181,No,Yes,Working women,Working women,Working women
64110.0,Mike Michaud,Susan Collins,Mike Michaud,30-44,30-59,40-44,18-44,30-44,40-49,Non-Black 30-44,White 30-44,White 30-44,Complete,Call 1,1.0,College graduate,College graduate,More than High school graduate,White college degree,Yes,Unfavorable,Unfavorable,1.0,Government should do more to solve problems,Was about right,100k or more,"$30,000 or more",50k or more,100 thousand or more,"$100,000-$199,999","$100,000-$199,999","Over $50,000 and white",No,No,Illegal,Yes,Worried,Somewhat worried,Approve,Strongly approve,18-44,18-64,Democrat,Non-black Democrat,White Democrat,Democrat,Democratic Men,White Democrat,Liberal,114.0,Liberal Democrats,Liberal Democrats,White,White,State questionnaire,White,White,East,Yes,Male,White men,Married men,Suburbs,Suburbs,Maine,Election day exit poll,Generally going in the right direction,Version 1,1.08128607273102,No,Yes,Working men,All others,Working men
66010.0,Mike Michaud,Susan Collins,Mike Michaud,65+,60+,65 or over,45+,60+,65+,Non-Black 60+,White 60+,White 65+,Complete,Call 1,2.0,High school graduate,No college degree,High school graduate or less,White no college degree,Yes,Favorable,Unfavorable,2.0,Government is doing too many things better left to businesses and individuals,Was about right,Less than 100k,"$30,000 or more",50k or more,50 to 100 thousand,"$50,000-$99,999","$50,000-$99,999","Over $50,000 and white",Yes,No,Legal,Yes,Not worried,Not too worried,Approve,Somewhat approve,45+,65+,Democrat,Non-black Democrat,White Democrat,Democrat,Democratic Women,White Democrat,Moderate,96.0,Moderate/Conservative Democrats,Mod/Conserv. Democrats,White,White,State questionnaire,White,White,East,No,Female,White women,Married women,Rural,Small Cities/Rural,Maine,Election day exit poll,Generally going in the right direction,Version 1,0.936453282833099,No,No,Non-working women,All others,Non-working women
66740.0,Mike Michaud,Susan Collins,Mike Michaud,45-65,60+,60-64,45+,60+,50-64,Non-Black 60+,White 60+,White 45-64,Complete,Call 1,2.0,Some college/assoc. degree,No college degree,More than High school graduate,White no college degree,Yes,Favorable,Unfavorable,2.0,Government should do more to solve problems,Did not go far enough,Less than 100k,"$30,000 or more",Less than 50k,Less than 50 thousand,"Under $50,000","$30,000-$49,999","Under $50,000 and white",Yes,No,Illegal,No,Worried,Very worried,Approve,Somewhat approve,45+,18-64,Independent/Something else,Non-black non-Democrat,White Independent,Independent,Independent Men,White Independent,Moderate,76.0,Moderate/Liberal Republicans,Moderate Independents,White,White,State questionnaire,White,White,East,Yes,Male,White men,Non married men,Rural,Small Cities/Rural,Maine,Election day exit poll,Seriously off on the wrong track,Version 1,0.946502327919006,Yes,Yes,Working men,All others,Working men
79505.0,Mike Michaud,Susan Collins,Mike Michaud,45-65,30-59,50-59,45+,45-59,50-64,Non-Black 45-59,White 45-59,White 45-64,Complete,Call 2,2.0,College graduate,College graduate,More than High school graduate,White college degree,No,Favorable,Unfavorable,2.0,Government should do more to solve problems,Did not go far enough,Less than 100k,"$30,000 or more",Less than 50k,Less than 50 thousand,"Under $50,000","$30,000-$49,999","Under $50,000 and white",Yes,No,Illegal,No,Worried,Somewhat worried,Approve,Somewhat approve,45+,18-64,Independent/Something else,Non-black non-Democrat,White Independent,Independent,Independent Women,White Independent,Moderate,92.0,Moderate/Liberal Republicans,Moderate Independents,White,White,State questionnaire,White,White,East,Yes,Female,White women,Non married women,Rural,Small Cities/Rural,Maine,Election day exit poll,Seriously off on the wrong track,Version 1,0.728383839130402,No,Yes,Working women,Working women,Working women
73697.0,Mike Michaud,Susan Collins,Would not have voted,18-29,18-29,18-24,18-44,18-29,18-24,Non-Black 18-29,Latino 18-29,Latino 18-29,Complete,Call 2,1.0,No high school diploma,No college degree,High school graduate or less,Non white no college degree,Yes,Favorable,Unfavorable,1.0,Government should do more to solve problems,Was about right,Less than 100k,"$30,000 or more",Less than 50k,Less than 50 thousand,"Under $50,000","$30,000-$49,999","Under $50,000 and non white",Yes,Yes,Legal,No,Worried,Somewhat worried,Approve,Somewhat approve,18-44,18-64,Independent/Something else,Non-black non-Democrat,Latino Independent,Independent,Independent Women,All others,Liberal,9.0,Moderate/Liberal Republicans,Liberal Independents,Other,Hispanic/Latino,State questionnaire,Hispanic/Latino,Hispanic/Latino,East,Yes,Female,Latino women,Non married women,Suburbs,Suburbs,Maine,Election day exit poll,Seriously off on the wrong track,Version 1,1.17206621170044,No,No,Non-working women,All others,Non-working women
79480.0,Mike Michaud,Susan Collins,Mike Michaud,65+,60+,65 or over,45+,60+,65+,Non-Black 60+,White 60+,White 65+,Complete,Call 2,1.0,College graduate,College graduate,More than High school graduate,White college degree,Yes,Unfavorable,Favorable,1.0,Government is doing too many things better left to businesses and individuals,Went too far,100k or more,"$30,000 or more",50k or more,100 thousand or more,"$100,000-$199,999","$100,000-$199,999","Over $50,000 and white",Yes,,Legal,No,Worried,Very worried,Disapprove,Strongly disapprove,45+,65+,Democrat,Non-black Democrat,White Democrat,Democrat,Democratic Men,White Democrat,Moderate,112.0,Moderate/Conservative Democrats,Mod/Conserv. Democrats,White,White,State questionnaire,White,White,East,No,Male,White men,Non married men,Rural,Small Cities/Rural,Maine,Election day exit poll,Seriously off on the wrong track,Version 1,2.3507091999054,No,Yes,Working men,All others,Working men
73669.0,Mike Michaud,Susan Collins,Mike Michaud,18-29,18-29,18-24,18-44,18-29,18-24,Non-Black 18-29,White 18-29,White 18-29,Complete,Call 2,1.0,High school graduate,No college degree,High school graduate or less,White no college degree,Yes,Favorable,Unfavorable,1.0,Government should do more to solve problems,Did not go far enough,100k or more,"$30,000 or more",50k or more,100 thousand or more,"$100,000-$199,999","$100,000-$199,999","Over $50,000 and white",Yes,No,Legal,No,Worried,Somewhat worried,Approve,Somewhat approve,18-44,18-64,Democrat,Non-black Democrat,White Democrat,Democrat,Democratic Men,White Democrat,Moderate,82.0,Moderate/Conservative Democrats,Mod/Conserv. Democrats,White,White,State questionnaire,White,White,East,Yes,Male,White men,Non married men,Suburbs,Suburbs,Maine,Election day exit poll,Omit,Version 1,1.32003152370453,No,No,Non-working men,All others,Non-working men
73617.0,Mike Michaud,Susan Collins,Mike Michaud,18-29,18-29,18-24,18-44,18-29,18-24,Non-Black 18-29,White 18-29,White 18-29,Complete,Call 2,1.0,No high school diploma,No college degree,High school graduate or less,White no college degree,Yes,Unfavorable,Unfavorable,1.0,Government is doing too many things better left to businesses and individuals,Was about right,Less than 100k,"$30,000 or more",50k or more,50 to 100 thousand,"$50,000-$99,999","$50,000-$99,999","Over $50,000 and white",Yes,,Legal,No,Worried,Somewhat worried,Disapprove,Somewhat disapprove,18-44,18-64,Independent/Something else,Non-black non-Democrat,White Independent,Independent,Independent Men,White Independent,Moderate,82.0,Moderate/Liberal Republicans,Moderate Independents,White,White,State questionnaire,White,White,East,Yes,Male,White men,Non married men,Suburbs,Suburbs,Maine,Election day exit poll,Generally going in the right direction,Version 1,1.32003152370453,No,No,Non-working men,All others,Non-working men
92832.0,Mike Michaud,Susan Collins,,18-29,18-29,18-24,18-44,18-29,18-24,Non-Black 18-29,White 18-29,White 18-29,Complete,Call 3,2.0,Some college/assoc. degree,No college degree,More than High school graduate,White no college degree,,,,2.0,,,Less than 100k,"$30,000 or more",50k or more,50 to 100 thousand,"$50,000-$99,999","$50,000-$99,999","Over $50,000 and white",,No,,,,,,,18-44,18-64,Independent/Something else,Non-black non-Democrat,White Independent,Independent,Independent Men,White Independent,Moderate,63.0,Moderate/Liberal Republicans,Moderate Independents,White,White,National questionnaire,White,White,East,,Male,White men,,Suburbs,Suburbs,Maine,Election day exit poll,,Version 5,1.01115524768829,No,,,,
90992.0,Mike Michaud,Susan Collins,Mike Michaud,45-65,30-59,50-59,45+,45-59,50-64,Non-Black 45-59,White 45-59,White 45-64,Complete,Call 3,2.0,College graduate,College graduate,More than High school graduate,White college degree,Yes,Unfavorable,Unfavorable,2.0,Omit,Did not go far enough,Less than 100k,"$30,000 or more",50k or more,50 to 100 thousand,"$50,000-$99,999","$50,000-$99,999","Over $50,000 and white",Yes,No,Omit,Yes,Not worried,Not too worried,Disapprove,Somewhat disapprove,45+,18-64,Democrat,Non-black Democrat,White Democrat,Democrat,Democratic Women,White Democrat,Moderate,65.0,Moderate/Conservative Democrats,Mod/Conserv. Democrats,White,White,State questionnaire,White,White,East,Yes,Female,White women,Married women,Rural,Small Cities/Rural,Maine,Election day exit poll,Seriously off on the wrong track,Version 1,0.728383839130402,No,Yes,Working women,Working women,Working women
62023.0,Mike Michaud,Susan Collins,,18-29,18-29,18-24,18-44,18-29,18-24,Non-Black 18-29,White 18-29,White 18-29,Complete,Call 1,2.0,High school graduate,No college degree,High school graduate or less,White no college degree,,,,2.0,,,100k or more,"$30,000 or more",50k or more,100 thousand or more,"$100,000-$199,999","$100,000-$199,999","Over $50,000 and white",,No,,No,,,,,18-44,18-64,Independent/Something else,Non-black non-Democrat,White Independent,Independent,Independent Women,White Independent,Moderate,63.0,Moderate/Liberal Republicans,Moderate Independents,White,White,National questionnaire,White,White,East,,Female,White women,Non married women,Suburbs,Suburbs,Maine,Election day exit poll,,Version 3,0.89781254529953,No,,,,
65877.0,Mike Michaud,Susan Collins,Mike Michaud,30-44,30-59,40-44,18-44,30-44,40-49,Non-Black 30-44,White 30-44,White 30-44,Complete,Call 1,2.0,High school graduate,No college degree,High school graduate or less,White no college degree,Yes,Favorable,Favorable,2.0,Government should do more to solve problems,Did not go far enough,Less than 100k,"$30,000 or more",Less than 50k,Less than 50 thousand,"Under $50,000","$30,000-$49,999","Under $50,000 and white",Yes,No,Legal,Yes,Worried,Somewhat worried,Disapprove,Somewhat disapprove,18-44,18-64,Independent/Something else,Non-black non-Democrat,White Independent,Independent,Independent Men,White Independent,Moderate,24.0,Moderate/Liberal Republicans,Moderate Independents,White,White,State questionnaire,White,White,East,Yes,Male,White men,Married men,Suburbs,Suburbs,Maine,Election day exit poll,Generally going in the right direction,Version 1,0.779320418834686,Yes,No,Non-working men,All others,Non-working men
63925.0,Mike Michaud,Susan Collins,Mike Michaud,45-65,30-59,50-59,45+,45-59,50-64,Non-Black 45-59,White 45-59,White 45-64,Complete,Call 1,1.0,High school graduate,No college degree,High school graduate or less,White no college degree,Yes,Favorable,Unfavorable,1.0,Government should do more to solve problems,Did not go far enough,Less than 100k,"$30,000 or more",50k or more,50 to 100 thousand,"$50,000-$99,999","$50,000-$99,999","Over $50,000 and white",Yes,No,Legal,Yes,Worried,Very worried,Approve,Somewhat approve,45+,18-64,Independent/Something else,Non-black non-Democrat,White Independent,Independent,Independent Men,White Independent,Moderate,114.0,Moderate/Liberal Republicans,Moderate Independents,White,White,State questionnaire,White,White,East,Yes,Male,White men,Married men,Suburbs,Suburbs,Maine,Election day exit poll,Seriously off on the wrong track,Version 1,1.08128607273102,No,Yes,Working men,All others,Working men
61957.0,Mike Michaud,Susan Collins,Mike Michaud,65+,60+,65 or over,45+,60+,65+,Non-Black 60+,White 60+,White 65+,Complete,Call 1,1.0,Some college/assoc. degree,No college degree,More than High school graduate,White no college degree,Yes,Favorable,Favorable,1.0,Government is doing too many things better left to businesses and individuals,Was about right,100k or more,"$30,000 or more",50k or more,100 thousand or more,"$100,000-$199,999","$100,000-$199,999","Over $50,000 and white",No,No,Illegal,Yes,Not worried,Not too worried,Disapprove,Strongly disapprove,45+,65+,Democrat,Non-black Democrat,White Democrat,Democrat,Democratic Women,White Democrat,Conservative,72.0,Moderate/Conservative Democrats,Mod/Conserv. Democrats,White,White,State questionnaire,White,White,East,Yes,Female,White women,Married women,"Cities 50,000-500,000","Cities over 50,000",Maine,Election day exit poll,Generally going in the right direction,Version 1,0.467161744832993,No,No,Non-working women,All others,Non-working women
79331.0,Mike Michaud,Susan Collins,Mike Michaud,45-65,30-59,50-59,45+,45-59,50-64,Non-Black 45-59,White 45-59,White 45-64,Complete,Call 2,2.0,Some college/assoc. degree,No college degree,More than High school graduate,White no college degree,Yes,Favorable,Unfavorable,2.0,Government should do more to solve problems,Did not go far enough,Less than 100k,"$30,000 or more",Less than 50k,Less than 50 thousand,"Under $50,000","$30,000-$49,999","Under $50,000 and white",Yes,No,Legal,No,Worried,Very worried,Approve,Strongly approve,45+,18-64,Independent/Something else,Non-black non-Democrat,White Independent,Independent,Independent Women,White Independent,Moderate,65.0,Moderate/Liberal Republicans,Moderate Independents,White,White,State questionnaire,White,White,East,Yes,Female,White women,Non married women,Rural,Small Cities/Rural,Maine,Election day exit poll,Seriously off on the wrong track,Version 1,0.728383839130402,Yes,Yes,Working women,Working women,Working women
65794.0,Mike Michaud,Susan Collins,Mike Michaud,45-65,30-59,50-59,45+,45-59,50-64,Non-Black 45-59,White 45-59,White 45-64,Complete,Call 1,2.0,High school graduate,No college degree,High school graduate or less,White no college degree,Yes,Favorable,Unfavorable,2.0,Government should do more to solve problems,Was about right,Less than 100k,"Under $30,000",Less than 50k,Less than 50 thousand,"Under $50,000","Under $30,000","Under $50,000 and white",Yes,No,Legal,Yes,Worried,Very worried,Approve,Somewhat approve,45+,18-64,Democrat,Non-black Democrat,White Democrat,Democrat,Democratic Women,White Democrat,Liberal,65.0,Liberal Democrats,Liberal Democrats,White,White,State questionnaire,White,White,East,Yes,Female,White women,Married women,Rural,Small Cities/Rural,Maine,Election day exit poll,Seriously off on the wrong track,Version 1,0.728383839130402,Yes,No,Non-working women,All others,Non-working women
92358.0,Mike Michaud,Susan Collins,,18-29,18-29,18-24,18-44,18-29,18-24,Non-Black 18-29,White 18-29,White 18-29,Not complete,Call 3,2.0,,,,,,,,2.0,,,,,,,,,,,No,,,,,,,18-44,18-64,,,,,,,,63.0,,,White,White,National questionnaire,White,White,East,,Male,White men,,Suburbs,Suburbs,Maine,Election day exit poll,,Version 3,1.01115524768829,,,,,
92825.0,Mike Michaud,Susan Collins,Paul LePage,65+,60+,65 or over,45+,60+,65+,Non-Black 60+,White 60+,White 65+,Complete,Call 3,2.0,Postgraduate study,College graduate,More than High school graduate,White college degree,No,Unfavorable,Favorable,2.0,Government is doing too many things better left to businesses and individuals,Went too far,Less than 100k,"$30,000 or more",50k or more,50 to 100 thousand,"$50,000-$99,999","$50,000-$99,999","Over $50,000 and white",No,No,Omit,Yes,Worried,Somewhat worried,Disapprove,Strongly disapprove,45+,65+,Independent/Something else,Non-black non-Democrat,White Independent,Something else,Independent Men,White Independent,Moderate,65.0,Moderate/Liberal Republicans,Moderate Independents,White,White,State questionnaire,White,White,East,Omit,Male,White men,Married men,Rural,Small Cities/Rural,Maine,Election day exit poll,Seriously off on the wrong track,Version 1,0.971410274505615,No,Yes,Working men,All others,Working men
59990.0,Mike Michaud,Susan Collins,Mike Michaud,45-65,30-59,50-59,45+,45-59,50-64,Non-Black 45-59,White 45-59,White 45-64,Complete,Call 1,1.0,Postgraduate study,College graduate,More than High school graduate,White college degree,Yes,Favorable,Unfavorable,1.0,Government is doing too many things better left to businesses and individuals,Was about right,Less than 100k,"$30,000 or more",50k or more,50 to 100 thousand,"$50,000-$99,999","$50,000-$99,999","Over $50,000 and white",Yes,No,Legal,Yes,Worried,Very worried,Approve,Strongly approve,45+,18-64,Democrat,Non-black Democrat,White Democrat,Democrat,Democratic Men,White Democrat,Liberal,82.0,Liberal Democrats,Liberal Democrats,White,White,State questionnaire,White,White,East,Yes,Male,White men,Married men,Suburbs,Suburbs,Maine,Election day exit poll,Seriously off on the wrong track,Version 1,1.05701661109924,No,Yes,Working men,All others,Working men
63578.0,Mike Michaud,Susan Collins,Mike Michaud,45-65,30-59,50-59,45+,45-59,50-64,Non-Black 45-59,White 45-59,White 45-64,Complete,Call 1,1.0,Postgraduate study,College graduate,More than High school graduate,White college degree,Yes,Favorable,Unfavorable,1.0,Government should do more to solve problems,Was about right,100k or more,"$30,000 or more",50k or more,100 thousand or more,"$200,000 or more","$200,000 or more","Over $50,000 and white",Yes,No,Legal,Yes,Worried,Somewhat worried,Approve,Strongly approve,45+,18-64,Democrat,Non-black Democrat,White Democrat,Democrat,Democratic Women,White Democrat,Liberal,114.0,Liberal Democrats,Liberal Democrats,White,White,State questionnaire,White,White,East,Yes,Female,White women,Married women,Suburbs,Suburbs,Maine,Election day exit poll,Generally going in the right direction,Version 1,0.960082292556763,No,No,Non-working women,All others,Non-working women
65777.0,Mike Michaud,Susan Collins,Mike Michaud,18-29,18-29,18-24,18-44,18-29,18-24,Non-Black 18-29,White 18-29,White 18-29,Complete,Call 1,2.0,No high school diploma,No college degree,High school graduate or less,White no college degree,Yes,Favorable,Favorable,2.0,Government should do more to solve problems,Was about right,Less than 100k,"Under $30,000",Less than 50k,Less than 50 thousand,"Under $50,000","Under $30,000","Under $50,000 and white",No,No,Legal,No,Not worried,Not too worried,Disapprove,Somewhat disapprove,18-44,18-64,Independent/Something else,Non-black non-Democrat,White Independent,Something else,Independent Men,White Independent,Liberal,65.0,Moderate/Liberal Republicans,Liberal Independents,White,White,State questionnaire,White,White,East,No,Male,White men,Non married men,Rural,Small Cities/Rural,Maine,Election day exit poll,Generally going in the right direction,Version 1,1.02445995807648,Yes,No,Non-working men,All others,Non-working men
77360.0,Mike Michaud,Susan Collins,,18-29,18-29,25-29,18-44,18-29,25-29,Non-Black 18-29,White 18-29,White 18-29,Complete,Call 2,2.0,Some college/assoc. degree,No college degree,More than High school graduate,White no college degree,,,,2.0,,,Less than 100k,"$30,000 or more",Less than 50k,Less than 50 thousand,"Under $50,000","$30,000-$49,999","Under $50,000 and white",,No,,,Not worried,Not too worried,Disapprove,Somewhat disapprove,18-44,18-64,Republican,Non-black non-Democrat,All Republicans,Republican,Republican Men,White Republican,Moderate,46.0,Conservative Republicans,Mod./Liberal Republicans,White,White,National questionnaire,White,White,East,,Male,White men,,Suburbs,Suburbs,Maine,Election day exit poll,,Version 1,1.09660494327545,Yes,,,,
65762.0,Mike Michaud,Susan Collins,Mike Michaud,30-44,30-59,30-39,18-44,30-44,30-39,Non-Black 30-44,White 30-44,White 30-44,Complete,Call 1,2.0,Some college/assoc. degree,No college degree,More than High school graduate,White no college degree,Yes,Favorable,Unfavorable,2.0,Government should do more to solve problems,Did not go far enough,Less than 100k,"$30,000 or more",50k or more,50 to 100 thousand,"$50,000-$99,999","$50,000-$99,999","Over $50,000 and white",No,No,Illegal,Yes,Worried,Somewhat worried,Disapprove,Strongly disapprove,18-44,18-64,Democrat,Non-black Democrat,White Democrat,Democrat,Democratic Men,White Democrat,Moderate,24.0,Moderate/Conservative Democrats,Mod/Conserv. Democrats,White,White,State questionnaire,White,White,East,No,Male,White men,Married men,Suburbs,Suburbs,Maine,Election day exit poll,Generally going in the right direction,Version 1,0.779320418834686,No,Yes,Working men,All others,Working men
79277.0,Mike Michaud,Susan Collins,Mike Michaud,45-65,30-59,50-59,45+,45-59,50-64,Non-Black 45-59,White 45-59,White 45-64,Complete,Call 2,2.0,Some college/assoc. degree,No college degree,More than High school graduate,White no college degree,Yes,Favorable,Favorable,2.0,Government should do more to solve problems,Went too far,Less than 100k,"$30,000 or more",50k or more,50 to 100 thousand,"$50,000-$99,999","$50,000-$99,999","Over $50,000 and white",Yes,No,Illegal,No,Not worried,Not too worried,Disapprove,Strongly disapprove,45+,18-64,Independent/Something else,Non-black non-Democrat,White Independent,Something else,Independent Men,White Independent,Moderate,65.0,Moderate/Liberal Republicans,Moderate Independents,White,White,State questionnaire,White,White,East,No,Male,White men,Non married men,Rural,Small Cities/Rural,Maine,Election day exit poll,Generally going in the right direction,Version 1,0.820337295532227,No,Yes,Working men,All others,Working men
75379.0,Mike Michaud,Susan Collins,,18-29,18-29,18-24,18-44,18-29,18-24,Non-Black 18-29,White 18-29,White 18-29,Complete,Call 2,2.0,Some college/assoc. degree,No college degree,More than High school graduate,White no college degree,,Favorable,Unfavorable,2.0,Omit,,Less than 100k,"Under $30,000",Less than 50k,Less than 50 thousand,"Under $50,000","Under $30,000","Under $50,000 and white",,No,Legal,,,,,,18-44,18-64,Democrat,Non-black Democrat,White Democrat,Democrat,Democratic Women,White Democrat,Moderate,63.0,Moderate/Conservative Democrats,Mod/Conserv. Democrats,White,White,National questionnaire,White,White,East,Yes,Female,White women,,Suburbs,Suburbs,Maine,Election day exit poll,Generally going in the right direction,Version 4,0.89781254529953,Yes,,,,
65721.0,Mike Michaud,Susan Collins,Paul LePage,45-65,30-59,50-59,45+,45-59,50-64,Non-Black 45-59,White 45-59,White 45-64,Complete,Call 1,2.0,College graduate,College graduate,More than High school graduate,White college degree,No,Unfavorable,Favorable,2.0,Government is doing too many things better left to businesses and individuals,Was about right,Less than 100k,"$30,000 or more",50k or more,50 to 100 thousand,"$50,000-$99,999","$50,000-$99,999","Over $50,000 and white",Yes,No,Illegal,Yes,Not worried,Not too worried,Disapprove,Strongly disapprove,45+,18-64,Republican,Non-black non-Democrat,All Republicans,Republican,Republican Women,White Republican,Conservative,65.0,Independent/Something else,Conservative Republicans,White,White,State questionnaire,White,White,East,No,Female,White women,Married women,Rural,Small Cities/Rural,Maine,Election day exit poll,Seriously off on the wrong track,Version 1,0.728383839130402,No,No,Non-working women,All others,Non-working women
75344.0,Mike Michaud,Susan Collins,Mike Michaud,45-65,30-59,50-59,45+,45-59,50-64,Non-Black 45-59,White 45-59,White 45-64,Complete,Call 2,1.0,College graduate,College graduate,More than High school graduate,White college degree,Yes,Favorable,Favorable,1.0,Government should do more to solve problems,Was about right,Less than 100k,"Under $30,000",Less than 50k,Less than 50 thousand,"Under $50,000","Under $30,000","Under $50,000 and white",Yes,No,Legal,No,Worried,Very worried,Disapprove,Somewhat disapprove,45+,18-64,Republican,Non-black non-Democrat,All Republicans,Republican,Republican Women,White Republican,Moderate,114.0,Conservative Republicans,Mod./Liberal Republicans,White,White,State questionnaire,White,White,East,Yes,Female,White women,Non married women,Suburbs,Suburbs,Maine,Election day exit poll,Generally going in the right direction,Version 1,0.960082292556763,No,No,Non-working women,All others,Non-working women
79205.0,Mike Michaud,Susan Collins,Mike Michaud,18-29,18-29,25-29,18-44,18-29,25-29,Non-Black 18-29,White 18-29,White 18-29,Complete,Call 2,2.0,College graduate,College graduate,More than High school graduate,White college degree,Yes,Omit,Omit,2.0,Government is doing too many things better left to businesses and individuals,Omit,Less than 100k,"$30,000 or more",Less than 50k,Less than 50 thousand,"Under $50,000","$30,000-$49,999","Under $50,000 and white",Yes,No,Legal,No,Worried,Very worried,Disapprove,Somewhat disapprove,18-44,18-64,Independent/Something else,Non-black non-Democrat,White Independent,Independent,Independent Women,White Independent,Moderate,65.0,Moderate/Liberal Republicans,Moderate Independents,White,White,State questionnaire,White,White,East,Yes,Female,White women,Non married women,Rural,Small Cities/Rural,Maine,Election day exit poll,Seriously off on the wrong track,Version 1,0.909625887870789,No,Yes,Working women,Working women,Working women
61912.0,Mike Michaud,Susan Collins,,18-29,18-29,18-24,18-44,18-29,18-24,Non-Black 18-29,White 18-29,White 18-29,Complete,Call 1,2.0,High school graduate,No college degree,High school graduate or less,White no college degree,,,,2.0,,,100k or more,"$30,000 or more",50k or more,100 thousand or more,"$200,000 or more","$200,000 or more","Over $50,000 and white",,No,,No,,,,,18-44,18-64,Democrat,Non-black Democrat,White Democrat,Democrat,Democratic Men,White Democrat,Moderate,63.0,Moderate/Conservative Democrats,Mod/Conserv. Democrats,White,White,National questionnaire,White,White,East,,Male,White men,Non married men,Suburbs,Suburbs,Maine,Election day exit poll,,Version 3,1.01115524768829,No,,,,
64807.0,Mike Michaud,Susan Collins,Mike Michaud,45-65,30-59,50-59,45+,45-59,50-64,Non-Black 45-59,White 45-59,White 45-64,Complete,Call 1,2.0,Postgraduate study,College graduate,More than High school graduate,White college degree,Yes,Favorable,Unfavorable,2.0,Government should do more to solve problems,Went too far,Less than 100k,"Under $30,000",Less than 50k,Less than 50 thousand,"Under $50,000","Under $30,000","Under $50,000 and white",No,No,Legal,Yes,Worried,Somewhat worried,Disapprove,Somewhat disapprove,45+,18-64,Republican,Non-black non-Democrat,All Republicans,Republican,Republican Men,White Republican,Moderate,22.0,Conservative Republicans,Mod./Liberal Republicans,White,White,State questionnaire,White,White,East,No,Male,White men,Married men,Rural,Small Cities/Rural,Maine,Election day exit poll,Omit,Version 1,1.09378302097321,No,Yes,Working men,All others,Working men
94649.0,Mike Michaud,Susan Collins,,30-44,30-59,30-39,18-44,30-44,30-39,Non-Black 30-44,White 30-44,White 30-44,Complete,Call 3,2.0,College graduate,College graduate,More than High school graduate,White college degree,,,,2.0,,Omit,Less than 100k,"$30,000 or more",50k or more,50 to 100 thousand,"$50,000-$99,999","$50,000-$99,999","Over $50,000 and white",,No,,Yes,,,,,18-44,18-64,Independent/Something else,Non-black non-Democrat,White Independent,Independent,Independent Women,White Independent,Moderate,46.0,Moderate/Liberal Republicans,Moderate Independents,White,White,National questionnaire,White,White,East,,Female,White women,Married women,Suburbs,Suburbs,Maine,Election day exit poll,,Version 2,0.779678463935852,No,Yes,Working women,Working women,Working women
73965.0,Mike Michaud,Susan Collins,Mike Michaud,18-29,18-29,18-24,18-44,18-29,18-24,Non-Black 18-29,White 18-29,White 18-29,Complete,Call 2,1.0,College graduate,College graduate,More than High school graduate,White college degree,Yes,Favorable,Unfavorable,1.0,Government should do more to solve problems,Was about right,100k or more,"$30,000 or more",50k or more,100 thousand or more,"$100,000-$199,999","$100,000-$199,999","Over $50,000 and white",Yes,No,Legal,No,Not worried,Not too worried,Approve,Somewhat approve,18-44,18-64,Democrat,Non-black Democrat,White Democrat,Democrat,Democratic Women,White Democrat,Liberal,82.0,Liberal Democrats,Liberal Democrats,White,White,State questionnaire,White,White,East,Yes,Female,White women,Non married women,Suburbs,Suburbs,Maine,Election day exit poll,Generally going in the right direction,Version 1,1.17206621170044,No,No,Non-working women,All others,Non-working women
63722.0,Paul LePage,Susan Collins,Paul LePage,30-44,30-59,40-44,18-44,30-44,40-49,Non-Black 30-44,White 30-44,White 30-44,Complete,Call 1,1.0,College graduate,College graduate,More than High school graduate,White college degree,Yes,Unfavorable,Unfavorable,1.0,Government is doing too many things better left to businesses and individuals,Went too far,100k or more,"$30,000 or more",50k or more,100 thousand or more,"$200,000 or more","$200,000 or more","Over $50,000 and white",Yes,No,Illegal,Yes,Not worried,Not too worried,Disapprove,Strongly disapprove,18-44,18-64,Republican,Non-black non-Democrat,All Republicans,Republican,Republican Women,White Republican,Moderate,114.0,Conservative Republicans,Mod./Liberal Republicans,White,White,State questionnaire,White,White,East,Yes,Female,White women,Married women,Suburbs,Suburbs,Maine,Election day exit poll,Generally going in the right direction,Version 1,1.16175091266632,No,Yes,Working women,Working women,Working women
63721.0,Paul LePage,Susan Collins,Paul LePage,45-65,30-59,50-59,45+,45-59,50-64,Non-Black 45-59,White 45-59,White 45-64,Complete,Call 1,1.0,Some college/assoc. degree,No college degree,More than High school graduate,White no college degree,No,Unfavorable,Favorable,1.0,Government should do more to solve problems,Did not go far enough,100k or more,"$30,000 or more",50k or more,100 thousand or more,"$100,000-$199,999","$100,000-$199,999","Over $50,000 and white",Yes,No,Legal,No,Worried,Very worried,Approve,Somewhat approve,45+,18-64,Independent/Something else,Non-black non-Democrat,White Independent,Independent,Independent Women,White Independent,Moderate,88.0,Moderate/Liberal Republicans,Moderate Independents,White,White,State questionnaire,White,White,East,Yes,Female,White women,Non married women,Suburbs,Suburbs,Maine,Election day exit poll,Seriously off on the wrong track,Version 1,1.3249546289444,No,Yes,Working women,Working women,Working women
79165.0,Paul LePage,Susan Collins,Paul LePage,45-65,30-59,45-49,45+,45-59,40-49,Non-Black 45-59,White 45-59,White 45-64,Complete,Call 2,1.0,High school graduate,No college degree,High school graduate or less,White no college degree,No,Unfavorable,Omit,1.0,Government is doing too many things better left to businesses and individuals,Went too far,Less than 100k,"$30,000 or more",Less than 50k,Less than 50 thousand,"Under $50,000","$30,000-$49,999","Under $50,000 and white",Yes,No,Illegal,Yes,Worried,Very worried,Disapprove,Strongly disapprove,45+,18-64,Independent/Something else,Non-black non-Democrat,White Independent,Something else,Independent Men,White Independent,Conservative,112.0,Moderate/Liberal Republicans,Conservative Independents,White,White,State questionnaire,White,White,East,No,Male,White men,Married men,Rural,Small Cities/Rural,Maine,Election day exit poll,Seriously off on the wrong track,Version 1,2.40211176872253,Yes,Yes,Working men,All others,Working men
65636.0,Paul LePage,Susan Collins,Paul LePage,45-65,30-59,50-59,45+,45-59,50-64,Non-Black 45-59,White 45-59,White 45-64,Complete,Call 1,1.0,High school graduate,No college degree,High school graduate or less,White no college degree,No,Favorable,Unfavorable,1.0,Government should do more to solve problems,Did not go far enough,Less than 100k,"$30,000 or more",Less than 50k,Less than 50 thousand,"Under $50,000","$30,000-$49,999","Under $50,000 and white",No,No,Illegal,Yes,Worried,Somewhat worried,Disapprove,Strongly disapprove,45+,18-64,Democrat,Non-black Democrat,White Democrat,Democrat,Democratic Women,White Democrat,Moderate,112.0,Moderate/Conservative Democrats,Mod/Conserv. Democrats,White,White,State questionnaire,White,White,East,No,Female,White women,Married women,Rural,Small Cities/Rural,Maine,Election day exit poll,Seriously off on the wrong track,Version 1,2.13285374641418,Yes,Yes,Working women,Working women,Working women
65632.0,Paul LePage,Susan Collins,Paul LePage,65+,60+,65 or over,45+,60+,65+,Non-Black 60+,White 60+,White 65+,Complete,Call 1,2.0,College graduate,College graduate,More than High school graduate,White college degree,No,Unfavorable,Favorable,2.0,Government is doing too many things better left to businesses and individuals,Did not go far enough,Less than 100k,"$30,000 or more",Less than 50k,Less than 50 thousand,"Under $50,000","$30,000-$49,999","Under $50,000 and white",Yes,No,Legal,Yes,Worried,Very worried,Disapprove,Strongly disapprove,45+,65+,Independent/Something else,Non-black non-Democrat,White Independent,Independent,Independent Women,White Independent,Conservative,22.0,Moderate/Liberal Republicans,Conservative Independents,White,White,State questionnaire,White,White,East,Yes,Female,White women,Married women,Rural,Small Cities/Rural,Maine,Election day exit poll,Seriously off on the wrong track,Version 1,1.27330183982849,No,No,Non-working women,All others,Non-working women
94596.0,Paul LePage,Susan Collins,Paul LePage,45-65,30-59,50-59,45+,45-59,50-64,Non-Black 45-59,White 45-59,White 45-64,Complete,Call 3,2.0,,,,,No,Unfavorable,Favorable,2.0,Government is doing too many things better left to businesses and individuals,Went too far,Less than 100k,"$30,000 or more",50k or more,50 to 100 thousand,"$50,000-$99,999","$50,000-$99,999","Over $50,000 and white",Yes,No,Illegal,Yes,Worried,Very worried,Disapprove,Strongly disapprove,45+,18-64,Republican,Non-black non-Democrat,All Republicans,Republican,Republican Men,White Republican,Conservative,24.0,Independent/Something else,Conservative Republicans,White,White,State questionnaire,White,White,East,Yes,Male,White men,Married men,Suburbs,Suburbs,Maine,Election day exit poll,Seriously off on the wrong track,Version 1,0.862855613231659,No,Yes,Working men,All others,Working men
65628.0,Paul LePage,Susan Collins,Paul LePage,18-29,18-29,25-29,18-44,18-29,25-29,Non-Black 18-29,White 18-29,White 18-29,Complete,Call 1,2.0,College graduate,College graduate,More than High school graduate,White college degree,No,Unfavorable,Favorable,2.0,Government is doing too many things better left to businesses and individuals,Went too far,Less than 100k,"$30,000 or more",Less than 50k,Less than 50 thousand,"Under $50,000","$30,000-$49,999","Under $50,000 and white",Yes,No,Illegal,Yes,Worried,Very worried,Disapprove,Strongly disapprove,18-44,18-64,Republican,Non-black non-Democrat,All Republicans,Republican,Republican Women,White Republican,Conservative,24.0,Independent/Something else,Conservative Republicans,White,White,State questionnaire,White,White,East,No,Female,White women,Married women,Suburbs,Suburbs,Maine,Election day exit poll,Seriously off on the wrong track,Version 1,0.956772089004517,No,Yes,Working women,Working women,Working women
65623.0,Paul LePage,Susan Collins,Paul LePage,65+,60+,65 or over,45+,60+,65+,Non-Black 60+,White 60+,White 65+,Complete,Call 1,2.0,High school graduate,No college degree,High school graduate or less,White no college degree,No,Unfavorable,Unfavorable,2.0,Government is doing too many things better left to businesses and individuals,Went too far,Less than 100k,"$30,000 or more",Less than 50k,Less than 50 thousand,"Under $50,000","$30,000-$49,999","Under $50,000 and white",No,No,Illegal,Yes,Worried,Somewhat worried,Disapprove,Strongly disapprove,45+,65+,Republican,Non-black non-Democrat,All Republicans,Republican,Republican Men,White Republican,Conservative,92.0,Independent/Something else,Conservative Republicans,White,White,State questionnaire,White,White,East,No,Male,White men,Married men,Rural,Small Cities/Rural,Maine,Election day exit poll,Seriously off on the wrong track,Version 1,1.07553553581238,Yes,No,Non-working men,All others,Non-working men
75272.0,Paul LePage,Susan Collins,,18-29,18-29,18-24,18-44,18-29,18-24,Non-Black 18-29,White 18-29,White 18-29,Not complete,Call 2,2.0,,,,,,,,2.0,,,,,,,,,,,No,,,,,,,18-44,18-64,,,,,,,,63.0,,,White,White,National questionnaire,White,White,East,,Male,White men,,Suburbs,Suburbs,Maine,Election day exit poll,,Version 3,1.11954081058502,,,,,
65614.0,Paul LePage,Susan Collins,Paul LePage,45-65,30-59,50-59,45+,45-59,50-64,Non-Black 45-59,White 45-59,White 45-64,Complete,Call 1,2.0,High school graduate,No college degree,High school graduate or less,White no college degree,Yes,Unfavorable,Favorable,2.0,Government is doing too many things better left to businesses and individuals,Did not go far enough,Less than 100k,"$30,000 or more",50k or more,50 to 100 thousand,"$50,000-$99,999","$50,000-$99,999","Over $50,000 and white",Yes,No,Legal,Yes,Worried,Very worried,Disapprove,Strongly disapprove,45+,18-64,Independent/Something else,Non-black non-Democrat,White Independent,Independent,Independent Women,White Independent,Liberal,65.0,Moderate/Liberal Republicans,Liberal Independents,White,White,State questionnaire,White,White,East,Yes,Female,White women,Married women,Rural,Small Cities/Rural,Maine,Election day exit poll,Seriously off on the wrong track,Version 1,0.806459188461304,No,No,Non-working women,All others,Non-working women
94572.0,Paul LePage,Susan Collins,Paul LePage,30-44,30-59,30-39,18-44,30-44,30-39,Non-Black 30-44,White 30-44,White 30-44,Complete,Call 3,2.0,High school graduate,No college degree,High school graduate or less,White no college degree,No,Favorable,Favorable,2.0,Government is doing too many things better left to businesses and individuals,Did not go far enough,Less than 100k,"$30,000 or more",Less than 50k,Less than 50 thousand,"Under $50,000","$30,000-$49,999","Under $50,000 and white",Yes,No,Legal,Yes,Not worried,Not too worried,Disapprove,Somewhat disapprove,18-44,18-64,Independent/Something else,Non-black non-Democrat,White Independent,Independent,Independent Men,White Independent,Conservative,96.0,Moderate/Liberal Republicans,Conservative Independents,White,White,State questionnaire,White,White,East,Yes,Male,White men,Married men,Rural,Small Cities/Rural,Maine,Election day exit poll,Seriously off on the wrong track,Version 1,0.986120700836182,Yes,Yes,Working men,All others,Working men
65605.0,Paul LePage,Susan Collins,Paul LePage,45-65,30-59,45-49,45+,45-59,40-49,Non-Black 45-59,White 45-59,White 45-64,Complete,Call 1,2.0,High school graduate,No college degree,High school graduate or less,White no college degree,No,Unfavorable,Unfavorable,2.0,Government is doing too many things better left to businesses and individuals,Went too far,Less than 100k,"Under $30,000",Less than 50k,Less than 50 thousand,"Under $50,000","Under $30,000","Under $50,000 and white",No,No,Illegal,Yes,Worried,Very worried,Disapprove,Strongly disapprove,45+,18-64,Democrat,Non-black Democrat,White Democrat,Democrat,Democratic Men,White Democrat,Conservative,22.0,Moderate/Conservative Democrats,Mod/Conserv. Democrats,White,White,State questionnaire,White,White,East,No,Male,White men,Married men,Rural,Small Cities/Rural,Maine,Election day exit poll,Seriously off on the wrong track,Version 1,1.21102547645569,Yes,Yes,Working men,All others,Working men
65601.0,Paul LePage,Susan Collins,Paul LePage,18-29,18-29,18-24,18-44,18-29,18-24,Non-Black 18-29,White 18-29,White 18-29,Complete,Call 1,2.0,High school graduate,No college degree,High school graduate or less,White no college degree,No,Unfavorable,Favorable,2.0,Government is doing too many things better left to businesses and individuals,Did not go far enough,Less than 100k,"Under $30,000",Less than 50k,Less than 50 thousand,"Under $50,000","Under $30,000","Under $50,000 and white",No,No,Legal,No,Worried,Very worried,Disapprove,Strongly disapprove,18-44,18-64,Republican,Non-black non-Democrat,All Republicans,Republican,Republican Women,White Republican,Conservative,24.0,Independent/Something else,Conservative Republicans,White,White,State questionnaire,White,White,East,Yes,Female,White women,Non married women,Suburbs,Suburbs,Maine,Election day exit poll,Seriously off on the wrong track,Version 1,0.956772089004517,Yes,Yes,Working women,Working women,Working women
65596.0,Paul LePage,Susan Collins,Paul LePage,45-65,30-59,50-59,45+,45-59,50-64,Non-Black 45-59,White 45-59,White 45-64,Complete,Call 1,2.0,Some college/assoc. degree,No college degree,More than High school graduate,White no college degree,No,Omit,Omit,2.0,Government is doing too many things better left to businesses and individuals,Went too far,Less than 100k,"$30,000 or more",Less than 50k,Less than 50 thousand,"Under $50,000","$30,000-$49,999","Under $50,000 and white",Yes,No,Illegal,No,Worried,Very worried,Disapprove,Strongly disapprove,45+,18-64,Independent/Something else,Non-black non-Democrat,White Independent,Independent,Independent Women,White Independent,Moderate,65.0,Moderate/Liberal Republicans,Moderate Independents,White,White,State questionnaire,White,White,East,Yes,Female,White women,Non married women,Rural,Small Cities/Rural,Maine,Election day exit poll,Seriously off on the wrong track,Version 1,0.806459188461304,Yes,No,Non-working women,All others,Non-working women
94059.0,Paul LePage,Susan Collins,Paul LePage,45-65,30-59,45-49,45+,45-59,40-49,Non-Black 45-59,White 45-59,White 45-64,Complete,Call 3,1.0,College graduate,College graduate,More than High school graduate,White college degree,No,Unfavorable,Favorable,1.0,Government is doing too many things better left to businesses and individuals,Did not go far enough,100k or more,"$30,000 or more",50k or more,100 thousand or more,"$100,000-$199,999","$100,000-$199,999","Over $50,000 and white",Yes,No,Illegal,Yes,Worried,Very worried,Disapprove,Somewhat disapprove,45+,18-64,Republican,Non-black non-Democrat,All Republicans,Republican,Republican Men,White Republican,Conservative,9.0,Independent/Something else,Conservative Republicans,White,White,State questionnaire,White,White,East,No,Male,White men,Married men,Suburbs,Suburbs,Maine,Election day exit poll,Seriously off on the wrong track,Version 1,1.27904653549194,No,Yes,Working men,All others,Working men
79110.0,Paul LePage,Susan Collins,Paul LePage,45-65,30-59,45-49,45+,45-59,40-49,Non-Black 45-59,White 45-59,White 45-64,Complete,Call 2,2.0,College graduate,College graduate,More than High school graduate,White college degree,No,Favorable,Favorable,2.0,Government should do more to solve problems,Omit,Less than 100k,"$30,000 or more",50k or more,50 to 100 thousand,"$50,000-$99,999","$50,000-$99,999","Over $50,000 and white",No,No,Illegal,Yes,Worried,Somewhat worried,Approve,Somewhat approve,45+,18-64,Independent/Something else,Non-black non-Democrat,White Independent,Independent,Independent Women,White Independent,Conservative,22.0,Moderate/Liberal Republicans,Conservative Independents,White,White,State questionnaire,White,White,East,Yes,Female,White women,Married women,Rural,Small Cities/Rural,Maine,Election day exit poll,Generally going in the right direction,Version 1,1.07527887821198,No,Yes,Working women,Working women,Working women
94760.0,Paul LePage,Susan Collins,,30-44,30-59,30-39,18-44,30-44,30-39,Non-Black 30-44,White 30-44,White 30-44,Complete,Call 3,2.0,High school graduate,No college degree,High school graduate or less,White no college degree,,,,2.0,,,Less than 100k,"$30,000 or more",50k or more,50 to 100 thousand,"$50,000-$99,999","$50,000-$99,999","Over $50,000 and white",,No,,,,,,,18-44,18-64,Republican,Non-black non-Democrat,All Republicans,Republican,Republican Women,White Republican,Moderate,46.0,Conservative Republicans,Mod./Liberal Republicans,White,White,National questionnaire,White,White,East,,Female,White women,,Suburbs,Suburbs,Maine,Election day exit poll,,Version 5,0.86325204372406,No,,,,
81021.0,Paul LePage,Susan Collins,Paul LePage,45-65,30-59,50-59,45+,45-59,50-64,Non-Black 45-59,White 45-59,White 45-64,Complete,Call 2,2.0,Postgraduate study,College graduate,More than High school graduate,White college degree,No,Unfavorable,Favorable,2.0,Government is doing too many things better left to businesses and individuals,Went too far,Less than 100k,"$30,000 or more",50k or more,50 to 100 thousand,"$50,000-$99,999","$50,000-$99,999","Over $50,000 and white",No,No,Legal,Yes,Worried,Somewhat worried,Disapprove,Strongly disapprove,45+,18-64,Republican,Non-black non-Democrat,All Republicans,Republican,Republican Men,White Republican,Conservative,76.0,Independent/Something else,Conservative Republicans,White,White,State questionnaire,White,White,East,Yes,Male,White men,Married men,Rural,Small Cities/Rural,Maine,Election day exit poll,Seriously off on the wrong track,Version 1,0.884980142116547,No,Yes,Working men,All others,Working men
65571.0,Paul LePage,Susan Collins,Paul LePage,45-65,30-59,50-59,45+,45-59,50-64,Non-Black 45-59,White 45-59,White 45-64,Complete,Call 1,2.0,High school graduate,No college degree,High school graduate or less,White no college degree,No,Unfavorable,Favorable,2.0,Government is doing too many things better left to businesses and individuals,Went too far,Less than 100k,"$30,000 or more",50k or more,50 to 100 thousand,"$50,000-$99,999","$50,000-$99,999","Over $50,000 and white",No,No,Illegal,No,Worried,Very worried,Disapprove,Strongly disapprove,45+,18-64,Republican,Non-black non-Democrat,All Republicans,Republican,Republican Men,White Republican,Conservative,65.0,Independent/Something else,Conservative Republicans,White,White,State questionnaire,White,White,East,No,Male,White men,Non married men,Rural,Small Cities/Rural,Maine,Election day exit poll,Seriously off on the wrong track,Version 1,0.908269107341766,No,Yes,Working men,All others,Working men
65567.0,Paul LePage,Susan Collins,Paul LePage,65+,60+,65 or over,45+,60+,65+,Non-Black 60+,White 60+,White 65+,Complete,Call 1,2.0,Postgraduate study,College graduate,More than High school graduate,White college degree,No,Unfavorable,Omit,2.0,Government is doing too many things better left to businesses and individuals,Went too far,Less than 100k,"Under $30,000",Less than 50k,Less than 50 thousand,"Under $50,000","Under $30,000","Under $50,000 and white",No,No,Legal,No,Worried,Very worried,Disapprove,Strongly disapprove,45+,65+,Republican,Non-black non-Democrat,All Republicans,Republican,Republican Women,White Republican,Conservative,22.0,Independent/Something else,Conservative Republicans,White,White,State questionnaire,White,White,East,Omit,Female,White women,Non married women,Rural,Small Cities/Rural,Maine,Election day exit poll,Seriously off on the wrong track,Version 1,1.27330183982849,No,No,Non-working women,All others,Non-working women
73288.0,Paul LePage,Susan Collins,Paul LePage,65+,60+,65 or over,45+,60+,65+,Non-Black 60+,White 60+,White 65+,Complete,Call 2,1.0,College graduate,College graduate,More than High school graduate,White college degree,No,Favorable,Unfavorable,1.0,Government is doing too many things better left to businesses and individuals,Did not go far enough,100k or more,"$30,000 or more",50k or more,100 thousand or more,"$100,000-$199,999","$100,000-$199,999","Over $50,000 and white",No,No,Legal,Yes,Not worried,Not too worried,Approve,Strongly approve,45+,65+,Independent/Something else,Non-black non-Democrat,White Independent,Independent,Independent Men,White Independent,Liberal,82.0,Moderate/Liberal Republicans,Liberal Independents,White,White,State questionnaire,White,White,East,Yes,Male,White men,Married men,Suburbs,Suburbs,Maine,Election day exit poll,Generally going in the right direction,Version 1,1.51459527015686,No,Yes,Working men,All others,Working men
92586.0,Paul LePage,Susan Collins,Paul LePage,30-44,30-59,30-39,18-44,30-44,30-39,Non-Black 30-44,White 30-44,White 30-44,Complete,Call 3,2.0,College graduate,College graduate,More than High school graduate,White college degree,No,Unfavorable,Favorable,2.0,Government should do more to solve problems,Went too far,Less than 100k,"$30,000 or more",50k or more,50 to 100 thousand,"$50,000-$99,999","$50,000-$99,999","Over $50,000 and white",Yes,No,Legal,No,Worried,Very worried,Disapprove,Strongly disapprove,18-44,18-64,Republican,Non-black non-Democrat,All Republicans,Republican,Republican Women,White Republican,Moderate,76.0,Conservative Republicans,Mod./Liberal Republicans,White,White,State questionnaire,White,White,East,Yes,Female,White women,Non married women,Rural,Small Cities/Rural,Maine,Election day exit poll,Seriously off on the wrong track,Version 1,0.785780727863312,No,Yes,Working women,Working women,Working women
65551.0,Paul LePage,Susan Collins,Paul LePage,30-44,30-59,30-39,18-44,30-44,30-39,Black 30-44,Black 30-44,Black 30-44,Complete,Call 1,2.0,High school graduate,No college degree,High school graduate or less,Non white no college degree,No,Unfavorable,Favorable,2.0,Government should do more to solve problems,Went too far,Less than 100k,"Under $30,000",Less than 50k,Less than 50 thousand,"Under $50,000","Under $30,000","Under $50,000 and non white",No,No,Illegal,No,Worried,Very worried,Disapprove,Strongly disapprove,18-44,18-64,Republican,Black non-Democrat,All Republicans,Republican,Republican Women,All others,Conservative,65.0,Independent/Something else,Conservative Republicans,Black,Black,State questionnaire,Black,Black,East,No,Female,Black women,Non married women,Rural,Small Cities/Rural,Maine,Election day exit poll,Seriously off on the wrong track,Version 1,0.673604667186737,No,No,Non-working women,All others,Non-working women
65537.0,Paul LePage,Susan Collins,Paul LePage,45-65,30-59,50-59,45+,45-59,50-64,Non-Black 45-59,White 45-59,White 45-64,Complete,Call 1,2.0,High school graduate,No college degree,High school graduate or less,White no college degree,No,Unfavorable,Favorable,2.0,Government is doing too many things better left to businesses and individuals,Went too far,,,,,,,,Yes,No,Illegal,Yes,Worried,Very worried,Approve,Strongly approve,45+,18-64,Republican,Non-black non-Democrat,All Republicans,Republican,Republican Women,White Republican,Conservative,22.0,Independent/Something else,Conservative Republicans,White,White,State questionnaire,White,White,East,No,Female,White women,Married women,Rural,Small Cities/Rural,Maine,Election day exit poll,Seriously off on the wrong track,Version 1,1.07527887821198,,Yes,Working women,Working women,Working women
75187.0,Paul LePage,Susan Collins,Paul LePage,65+,60+,65 or over,45+,60+,65+,Non-Black 60+,White 60+,White 65+,Complete,Call 2,1.0,College graduate,College graduate,More than High school graduate,White college degree,No,Unfavorable,Favorable,1.0,Government is doing too many things better left to businesses and individuals,Went too far,Less than 100k,"$30,000 or more",Less than 50k,Less than 50 thousand,"Under $50,000","$30,000-$49,999","Under $50,000 and white",Yes,No,Illegal,Yes,Worried,Very worried,Disapprove,Strongly disapprove,45+,65+,Republican,Non-black non-Democrat,All Republicans,Republican,Republican Men,White Republican,Conservative,9.0,Independent/Something else,Conservative Republicans,White,White,State questionnaire,White,White,East,No,Male,White men,Married men,Suburbs,Suburbs,Maine,Election day exit poll,Seriously off on the wrong track,Version 1,1.51459527015686,No,No,Non-working men,All others,Non-working men
92563.0,Paul LePage,Susan Collins,Paul LePage,45-65,60+,60-64,45+,60+,50-64,Non-Black 60+,White 60+,White 45-64,Complete,Call 3,1.0,High school graduate,No college degree,High school graduate or less,White no college degree,No,Favorable,Favorable,1.0,Government should do more to solve problems,Was about right,Less than 100k,"Under $30,000",Less than 50k,Less than 50 thousand,"Under $50,000","Under $30,000","Under $50,000 and white",Yes,No,Legal,No,Worried,Somewhat worried,Approve,Somewhat approve,45+,18-64,Democrat,Non-black Democrat,White Democrat,Democrat,Democratic Women,White Democrat,Moderate,9.0,Moderate/Conservative Democrats,Mod/Conserv. Democrats,White,White,State questionnaire,White,White,East,Yes,Female,White women,Non married women,Suburbs,Suburbs,Maine,Election day exit poll,Seriously off on the wrong track,Version 1,1.34482097625732,Yes,Yes,Working women,Working women,Working women
65524.0,Paul LePage,Susan Collins,Paul LePage,45-65,60+,60-64,45+,60+,50-64,Non-Black 60+,White 60+,White 45-64,Complete,Call 1,1.0,College graduate,College graduate,More than High school graduate,White college degree,No,Unfavorable,Favorable,1.0,Government is doing too many things better left to businesses and individuals,Did not go far enough,100k or more,"$30,000 or more",50k or more,100 thousand or more,"$100,000-$199,999","$100,000-$199,999","Over $50,000 and white",No,No,Legal,Yes,Worried,Somewhat worried,Disapprove,Somewhat disapprove,45+,18-64,Republican,Non-black non-Democrat,All Republicans,Republican,Republican Women,White Republican,Conservative,112.0,Independent/Something else,Conservative Republicans,White,White,State questionnaire,White,White,East,Yes,Female,White women,Married women,Rural,Small Cities/Rural,Maine,Election day exit poll,Seriously off on the wrong track,Version 1,2.525639295578,No,Yes,Working women,Working women,Working women
65520.0,Paul LePage,Susan Collins,Paul LePage,45-65,30-59,50-59,45+,45-59,50-64,Non-Black 45-59,White 45-59,White 45-64,Complete,Call 1,2.0,College graduate,College graduate,More than High school graduate,White college degree,No,Unfavorable,Favorable,2.0,Government is doing too many things better left to businesses and individuals,Went too far,Less than 100k,"$30,000 or more",50k or more,50 to 100 thousand,"$50,000-$99,999","$50,000-$99,999","Over $50,000 and white",No,No,Illegal,No,Worried,Very worried,Disapprove,Somewhat disapprove,45+,18-64,Republican,Non-black non-Democrat,All Republicans,Republican,Republican Women,White Republican,Conservative,65.0,Independent/Something else,Conservative Republicans,White,White,State questionnaire,White,White,East,No,Female,White women,Non married women,Rural,Small Cities/Rural,Maine,Election day exit poll,Seriously off on the wrong track,Version 1,0.806459188461304,No,Yes,Working women,Working women,Working women
75170.0,Paul LePage,Susan Collins,Paul LePage,65+,60+,65 or over,45+,60+,65+,Non-Black 60+,White 60+,White 65+,Complete,Call 2,1.0,College graduate,College graduate,More than High school graduate,White college degree,No,Unfavorable,Unfavorable,1.0,Government is doing too many things better left to businesses and individuals,Went too far,,,,,,,,Yes,No,Legal,Yes,Worried,Somewhat worried,Disapprove,Strongly disapprove,45+,65+,Republican,Non-black non-Democrat,All Republicans,Republican,Republican Men,White Republican,Conservative,114.0,Independent/Something else,Conservative Republicans,White,White,State questionnaire,White,White,East,No,Male,White men,Married men,Suburbs,Suburbs,Maine,Election day exit poll,Seriously off on the wrong track,Version 1,1.54937100410461,No,No,Non-working men,All others,Non-working men
65510.0,Paul LePage,Susan Collins,Paul LePage,45-65,30-59,45-49,45+,45-59,40-49,Non-Black 45-59,White 45-59,White 45-64,Complete,Call 1,2.0,High school graduate,No college degree,High school graduate or less,White no college degree,No,Unfavorable,Favorable,2.0,Government is doing too many things better left to businesses and individuals,Was about right,Less than 100k,"Under $30,000",Less than 50k,Less than 50 thousand,"Under $50,000","Under $30,000","Under $50,000 and white",Yes,No,Legal,No,Worried,Somewhat worried,Disapprove,Strongly disapprove,45+,18-64,Republican,Non-black non-Democrat,All Republicans,Republican,Republican Men,White Republican,Moderate,22.0,Conservative Republicans,Mod./Liberal Republicans,White,White,State questionnaire,White,White,East,No,Male,White men,Non married men,Rural,Small Cities/Rural,Maine,Election day exit poll,Seriously off on the wrong track,Version 1,1.21102547645569,Yes,No,Non-working men,All others,Non-working men
79023.0,Paul LePage,Susan Collins,Paul LePage,18-29,18-29,18-24,18-44,18-29,18-24,Non-Black 18-29,White 18-29,White 18-29,Complete,Call 2,1.0,High school graduate,No college degree,High school graduate or less,White no college degree,No,Favorable,Unfavorable,1.0,Government should do more to solve problems,Went too far,Less than 100k,"Under $30,000",Less than 50k,Less than 50 thousand,"Under $50,000","Under $30,000","Under $50,000 and white",No,No,Illegal,No,Worried,Somewhat worried,Disapprove,Strongly disapprove,18-44,18-64,Democrat,Non-black Democrat,White Democrat,Democrat,Democratic Men,White Democrat,Moderate,112.0,Moderate/Conservative Democrats,Mod/Conserv. Democrats,White,White,State questionnaire,White,White,East,No,Male,White men,Non married men,Rural,Small Cities/Rural,Maine,Election day exit poll,Seriously off on the wrong track,Version 1,2.99982380867004,Yes,Yes,Working men,All others,Working men
65502.0,Paul LePage,Susan Collins,Paul LePage,65+,60+,65 or over,45+,60+,65+,Non-Black 60+,White 60+,White 65+,Complete,Call 1,2.0,Some college/assoc. degree,No college degree,More than High school graduate,White no college degree,No,Unfavorable,Favorable,2.0,Government is doing too many things better left to businesses and individuals,Went too far,Less than 100k,"Under $30,000",Less than 50k,Less than 50 thousand,"Under $50,000","Under $30,000","Under $50,000 and white",No,No,Illegal,No,Worried,Very worried,Disapprove,Strongly disapprove,45+,65+,Independent/Something else,Non-black non-Democrat,White Independent,Independent,Independent Men,White Independent,Moderate,65.0,Moderate/Liberal Republicans,Moderate Independents,White,White,State questionnaire,White,White,East,No,Male,White men,Non married men,Rural,Small Cities/Rural,Maine,Election day exit poll,Seriously off on the wrong track,Version 1,1.07553553581238,Yes,No,Non-working men,All others,Non-working men
77142.0,Paul LePage,Susan Collins,,45-65,60+,60-64,45+,60+,50-64,Non-Black 60+,White 60+,White 45-64,Complete,Call 2,2.0,Postgraduate study,College graduate,More than High school graduate,White college degree,,,,2.0,,,Less than 100k,"$30,000 or more",50k or more,50 to 100 thousand,"$50,000-$99,999","$50,000-$99,999","Over $50,000 and white",,No,,,,,,,45+,18-64,Republican,Non-black non-Democrat,All Republicans,Republican,Republican Men,White Republican,Conservative,46.0,Independent/Something else,Conservative Republicans,White,White,National questionnaire,White,White,East,,Male,White men,,Suburbs,Suburbs,Maine,Election day exit poll,,Version 5,1.15127754211426,No,,,,
79003.0,Paul LePage,Susan Collins,Paul LePage,30-44,30-59,40-44,18-44,30-44,40-49,Non-Black 30-44,White 30-44,White 30-44,Complete,Call 2,2.0,College graduate,College graduate,More than High school graduate,White college degree,No,Unfavorable,Favorable,2.0,Government is doing too many things better left to businesses and individuals,Went too far,Less than 100k,"$30,000 or more",50k or more,50 to 100 thousand,"$50,000-$99,999","$50,000-$99,999","Over $50,000 and white",No,No,Illegal,Yes,Worried,Somewhat worried,Disapprove,Strongly disapprove,18-44,18-64,Republican,Non-black non-Democrat,All Republicans,Republican,Republican Women,White Republican,Conservative,22.0,Independent/Something else,Conservative Republicans,White,White,State questionnaire,White,White,East,No,Female,White women,Married women,Rural,Small Cities/Rural,Maine,Election day exit poll,Seriously off on the wrong track,Version 1,1.07527887821198,No,Yes,Working women,Working women,Working women
94446.0,Paul LePage,Susan Collins,Paul LePage,30-44,30-59,30-39,18-44,30-44,30-39,Non-Black 30-44,White 30-44,White 30-44,Complete,Call 3,2.0,Some college/assoc. degree,No college degree,More than High school graduate,White no college degree,No,Unfavorable,Favorable,2.0,Government is doing too many things better left to businesses and individuals,Went too far,Less than 100k,"$30,000 or more",Less than 50k,Less than 50 thousand,"Under $50,000","$30,000-$49,999","Under $50,000 and white",No,No,Legal,Yes,Worried,Very worried,Disapprove,Strongly disapprove,18-44,18-64,Republican,Non-black non-Democrat,All Republicans,Republican,Republican Women,White Republican,Moderate,24.0,Conservative Republicans,Mod./Liberal Republicans,White,White,State questionnaire,White,White,East,Yes,Female,White women,Married women,Suburbs,Suburbs,Maine,Election day exit poll,Seriously off on the wrong track,Version 1,0.766136229038239,Yes,Yes,Working women,Working women,Working women
91106.0,Paul LePage,Susan Collins,Paul LePage,30-44,30-59,30-39,18-44,30-44,30-39,Non-Black 30-44,White 30-44,White 30-44,Complete,Call 3,2.0,Some college/assoc. degree,No college degree,More than High school graduate,White no college degree,No,Unfavorable,Favorable,2.0,Government is doing too many things better left to businesses and individuals,Did not go far enough,Less than 100k,"$30,000 or more",Less than 50k,Less than 50 thousand,"Under $50,000","$30,000-$49,999","Under $50,000 and white",Yes,No,Illegal,No,Worried,Very worried,Disapprove,Strongly disapprove,18-44,18-64,Republican,Non-black non-Democrat,All Republicans,Republican,Republican Men,White Republican,Moderate,22.0,Conservative Republicans,Mod./Liberal Republicans,White,White,State questionnaire,White,White,East,Yes,Male,White men,Non married men,Rural,Small Cities/Rural,Maine,Election day exit poll,Seriously off on the wrong track,Version 1,1.21102547645569,Yes,Yes,Working men,All others,Working men
59674.0,Paul LePage,Susan Collins,Paul LePage,45-65,30-59,45-49,45+,45-59,40-49,Non-Black 45-59,White 45-59,White 45-64,Complete,Call 1,1.0,Postgraduate study,College graduate,More than High school graduate,White college degree,No,Unfavorable,Favorable,1.0,Government is doing too many things better left to businesses and individuals,Went too far,100k or more,"$30,000 or more",50k or more,100 thousand or more,"$100,000-$199,999","$100,000-$199,999","Over $50,000 and white",Yes,No,Legal,No,Worried,Somewhat worried,Disapprove,Somewhat disapprove,45+,18-64,Independent/Something else,Non-black non-Democrat,White Independent,Independent,Independent Women,White Independent,Moderate,82.0,Moderate/Liberal Republicans,Moderate Independents,White,White,State questionnaire,White,White,East,Yes,Female,White women,Non married women,Suburbs,Suburbs,Maine,Election day exit poll,Generally going in the right direction,Version 1,1.13567543029785,No,Yes,Working women,Working women,Working women
78981.0,Paul LePage,Susan Collins,Mike Michaud,45-65,30-59,45-49,45+,45-59,40-49,Non-Black 45-59,White 45-59,White 45-64,Complete,Call 2,2.0,Some college/assoc. degree,No college degree,More than High school graduate,White no college degree,Yes,Favorable,Unfavorable,2.0,Government is doing too many things better left to businesses and individuals,Was about right,Less than 100k,"$30,000 or more",50k or more,50 to 100 thousand,"$50,000-$99,999","$50,000-$99,999","Over $50,000 and white",Yes,,Legal,Yes,Worried,Very worried,Disapprove,Somewhat disapprove,45+,18-64,Democrat,Non-black Democrat,White Democrat,Democrat,Democratic Women,White Democrat,Moderate,65.0,Moderate/Conservative Democrats,Mod/Conserv. Democrats,White,White,State questionnaire,White,White,East,Yes,Female,White women,Married women,Rural,Small Cities/Rural,Maine,Election day exit poll,Seriously off on the wrong track,Version 1,0.806459188461304,No,Yes,Working women,Working women,Working women
80905.0,Paul LePage,Susan Collins,Mike Michaud,30-44,30-59,30-39,18-44,30-44,30-39,Non-Black 30-44,White 30-44,White 30-44,Complete,Call 2,2.0,Some college/assoc. degree,No college degree,More than High school graduate,White no college degree,No,Unfavorable,Unfavorable,2.0,Government is doing too many things better left to businesses and individuals,Went too far,Less than 100k,"$30,000 or more",Less than 50k,Less than 50 thousand,"Under $50,000","$30,000-$49,999","Under $50,000 and white",Yes,No,Legal,Yes,Worried,Somewhat worried,Disapprove,Somewhat disapprove,18-44,18-64,Independent/Something else,Non-black non-Democrat,White Independent,Independent,Independent Women,White Independent,Moderate,24.0,Moderate/Liberal Republicans,Moderate Independents,White,White,State questionnaire,White,White,East,No,Female,White women,Married women,Suburbs,Suburbs,Maine,Election day exit poll,Generally going in the right direction,Version 1,0.766136229038239,Yes,Yes,Working women,Working women,Working women
91717.0,Paul LePage,Susan Collins,,18-29,18-29,18-24,18-44,18-29,18-24,Non-Black 18-29,White 18-29,White 18-29,Complete,Call 3,2.0,Some college/assoc. degree,No college degree,More than High school graduate,White no college degree,,,,2.0,,,100k or more,"$30,000 or more",50k or more,100 thousand or more,"$100,000-$199,999","$100,000-$199,999","Over $50,000 and white",,No,,,,,,,18-44,18-64,Independent/Something else,Non-black non-Democrat,White Independent,Independent,Independent Men,White Independent,Conservative,63.0,Moderate/Liberal Republicans,Conservative Independents,White,White,National questionnaire,White,White,East,,Male,White men,,Suburbs,Suburbs,Maine,Election day exit poll,,Version 5,1.11954081058502,No,,,,
80891.0,Paul LePage,Susan Collins,Paul LePage,65+,60+,65 or over,45+,60+,65+,Non-Black 60+,White 60+,White 65+,Complete,Call 2,2.0,Some college/assoc. degree,No college degree,More than High school graduate,White no college degree,No,Unfavorable,Favorable,2.0,Government is doing too many things better left to businesses and individuals,Went too far,Less than 100k,"Under $30,000",Less than 50k,Less than 50 thousand,"Under $50,000","Under $30,000","Under $50,000 and white",No,No,Illegal,Yes,Not worried,Not too worried,Disapprove,Somewhat disapprove,45+,65+,Republican,Non-black non-Democrat,All Republicans,Republican,Republican Men,White Republican,Conservative,76.0,Independent/Something else,Conservative Republicans,White,White,State questionnaire,White,White,East,No,Male,White men,Married men,Rural,Small Cities/Rural,Maine,Election day exit poll,Generally going in the right direction,Version 1,1.04795777797699,Yes,No,Non-working men,All others,Non-working men
77274.0,Paul LePage,Susan Collins,,45-65,30-59,50-59,45+,45-59,50-64,Non-Black 45-59,White 45-59,White 45-64,Complete,Call 2,2.0,Postgraduate study,College graduate,More than High school graduate,White college degree,,,,2.0,,Went too far,,,,,,,,,No,,Yes,,,,,45+,18-64,,,,,,,,46.0,,,White,White,National questionnaire,White,White,East,,Male,White men,Married men,Suburbs,Suburbs,Maine,Election day exit poll,,Version 2,0.972231686115265,No,Yes,Working men,All others,Working men
77024.0,Paul LePage,Susan Collins,,18-29,18-29,18-24,18-44,18-29,18-24,Non-Black 18-29,White 18-29,White 18-29,Complete,Call 2,2.0,College graduate,College graduate,More than High school graduate,White college degree,,Unfavorable,Favorable,2.0,Government is doing too many things better left to businesses and individuals,,Less than 100k,"$30,000 or more",50k or more,50 to 100 thousand,"$50,000-$99,999","$50,000-$99,999","Over $50,000 and white",,No,Legal,,,,,,18-44,18-64,Republican,Non-black non-Democrat,All Republicans,Republican,Republican Men,White Republican,Conservative,46.0,Independent/Something else,Conservative Republicans,White,White,National questionnaire,White,White,East,No,Male,White men,,Suburbs,Suburbs,Maine,Election day exit poll,Seriously off on the wrong track,Version 4,1.21414983272552,No,,,,
65437.0,Paul LePage,Susan Collins,Paul LePage,30-44,30-59,40-44,18-44,30-44,40-49,Non-Black 30-44,White 30-44,White 30-44,Complete,Call 1,2.0,College graduate,College graduate,More than High school graduate,White college degree,No,Unfavorable,Favorable,2.0,Government is doing too many things better left to businesses and individuals,Went too far,100k or more,"$30,000 or more",50k or more,100 thousand or more,"$100,000-$199,999","$100,000-$199,999","Over $50,000 and white",No,No,Illegal,Yes,Worried,Very worried,Disapprove,Strongly disapprove,18-44,18-64,Republican,Non-black non-Democrat,All Republicans,Republican,Republican Women,White Republican,Conservative,22.0,Independent/Something else,Conservative Republicans,White,White,State questionnaire,White,White,East,No,Female,White women,Married women,Rural,Small Cities/Rural,Maine,Election day exit poll,Seriously off on the wrong track,Version 1,1.07527887821198,No,Yes,Working women,Working women,Working women
95008.0,Paul LePage,Susan Collins,Paul LePage,45-65,60+,60-64,45+,60+,50-64,Non-Black 60+,White 60+,White 45-64,Complete,Call 3,2.0,High school graduate,No college degree,High school graduate or less,White no college degree,No,Unfavorable,Favorable,2.0,Government is doing too many things better left to businesses and individuals,Went too far,Less than 100k,"Under $30,000",Less than 50k,Less than 50 thousand,"Under $50,000","Under $30,000","Under $50,000 and white",Yes,No,Illegal,No,Worried,Very worried,Disapprove,Strongly disapprove,45+,18-64,Republican,Non-black non-Democrat,All Republicans,Republican,Republican Men,White Republican,Moderate,24.0,Conservative Republicans,Mod./Liberal Republicans,White,White,State questionnaire,White,White,East,Yes,Male,White men,Non married men,Suburbs,Suburbs,Maine,Election day exit poll,Seriously off on the wrong track,Version 1,1.02175879478455,Yes,Yes,Working men,All others,Working men
94398.0,Paul LePage,Susan Collins,Paul LePage,45-65,60+,60-64,45+,60+,50-64,Non-Black 60+,White 60+,White 45-64,Complete,Call 3,1.0,High school graduate,No college degree,High school graduate or less,White no college degree,No,Unfavorable,Unfavorable,1.0,Government should do more to solve problems,Omit,100k or more,"$30,000 or more",50k or more,100 thousand or more,"$100,000-$199,999","$100,000-$199,999","Over $50,000 and white",Yes,No,Illegal,Yes,Worried,Very worried,Disapprove,Strongly disapprove,45+,18-64,Independent/Something else,Non-black non-Democrat,White Independent,Independent,Independent Women,White Independent,Conservative,114.0,Moderate/Liberal Republicans,Conservative Independents,White,White,State questionnaire,White,White,East,Yes,Female,White women,Married women,Suburbs,Suburbs,Maine,Election day exit poll,Seriously off on the wrong track,Version 1,1.37569856643677,No,Yes,Working women,Working women,Working women
94389.0,Paul LePage,Susan Collins,,45-65,30-59,50-59,45+,45-59,50-64,Non-Black 45-59,White 45-59,White 45-64,Not complete,Call 3,2.0,,,,,,,,2.0,,,,,,,,,,,No,,,,,,,45+,18-64,,,,,,,,46.0,,,White,White,National questionnaire,White,White,East,,Male,White men,,Suburbs,Suburbs,Maine,Election day exit poll,,Version 2,0.972231686115265,,Yes,Working men,All others,Working men
65423.0,Paul LePage,Susan Collins,Paul LePage,65+,60+,65 or over,45+,60+,65+,Non-Black 60+,White 60+,White 65+,Complete,Call 1,2.0,Postgraduate study,College graduate,More than High school graduate,White college degree,No,Favorable,Favorable,2.0,Government is doing too many things better left to businesses and individuals,Was about right,Less than 100k,"$30,000 or more",Less than 50k,Less than 50 thousand,"Under $50,000","$30,000-$49,999","Under $50,000 and white",No,No,Illegal,No,Not worried,Not at all worried,Approve,Strongly approve,45+,65+,Republican,Non-black non-Democrat,All Republicans,Republican,Republican Men,White Republican,Moderate,24.0,Conservative Republicans,Mod./Liberal Republicans,White,White,State questionnaire,White,White,East,No,Male,White men,Non married men,Suburbs,Suburbs,Maine,Election day exit poll,Generally going in the right direction,Version 1,1.02175879478455,No,Yes,Working men,All others,Working men
65420.0,Paul LePage,Susan Collins,Paul LePage,45-65,30-59,50-59,45+,45-59,50-64,Non-Black 45-59,White 45-59,White 45-64,Complete,Call 1,2.0,College graduate,College graduate,More than High school graduate,White college degree,No,Omit,Favorable,2.0,Government is doing too many things better left to businesses and individuals,Went too far,Less than 100k,"$30,000 or more",50k or more,50 to 100 thousand,"$50,000-$99,999","$50,000-$99,999","Over $50,000 and white",Yes,No,Legal,Yes,Worried,Somewhat worried,Disapprove,Strongly disapprove,45+,18-64,Republican,Non-black non-Democrat,All Republicans,Republican,Republican Men,White Republican,Conservative,92.0,Independent/Something else,Conservative Republicans,White,White,State questionnaire,White,White,East,No,Male,White men,Married men,Rural,Small Cities/Rural,Maine,Election day exit poll,Seriously off on the wrong track,Version 1,0.908269107341766,No,Yes,Working men,All others,Working men
61554.0,Paul LePage,Susan Collins,Paul LePage,30-44,30-59,40-44,18-44,30-44,40-49,Non-Black 30-44,White 30-44,White 30-44,Complete,Call 1,1.0,College graduate,College graduate,More than High school graduate,White college degree,No,Unfavorable,Unfavorable,1.0,Government is doing too many things better left to businesses and individuals,Went too far,Less than 100k,"$30,000 or more",50k or more,50 to 100 thousand,"$50,000-$99,999","$50,000-$99,999","Over $50,000 and white",Yes,No,Illegal,Yes,Worried,Very worried,Disapprove,Strongly disapprove,18-44,18-64,Independent/Something else,Non-black non-Democrat,White Independent,Something else,Independent Men,White Independent,Conservative,9.0,Moderate/Liberal Republicans,Conservative Independents,White,White,State questionnaire,White,White,East,No,Male,White men,Married men,Suburbs,Suburbs,Maine,Election day exit poll,Seriously off on the wrong track,Version 1,1.27904653549194,No,Yes,Working men,All others,Working men
94379.0,Paul LePage,Susan Collins,Paul LePage,45-65,30-59,50-59,45+,45-59,50-64,Non-Black 45-59,White 45-59,White 45-64,Complete,Call 3,2.0,College graduate,College graduate,More than High school graduate,White college degree,No,Unfavorable,Favorable,2.0,Government is doing too many things better left to businesses and individuals,Went too far,Less than 100k,"$30,000 or more",50k or more,50 to 100 thousand,"$50,000-$99,999","$50,000-$99,999","Over $50,000 and white",No,No,Illegal,Yes,Worried,Very worried,Disapprove,Strongly disapprove,45+,18-64,Republican,Non-black non-Democrat,All Republicans,Republican,Republican Men,White Republican,Conservative,92.0,Independent/Something else,Conservative Republicans,White,White,State questionnaire,White,White,East,No,Male,White men,Married men,Rural,Small Cities/Rural,Maine,Election day exit poll,Seriously off on the wrong track,Version 1,0.908269107341766,No,Yes,Working men,All others,Working men
65413.0,Paul LePage,Susan Collins,Paul LePage,45-65,30-59,50-59,45+,45-59,50-64,Non-Black 45-59,White 45-59,White 45-64,Complete,Call 1,1.0,Some college/assoc. degree,No college degree,More than High school graduate,White no college degree,No,Unfavorable,Favorable,1.0,Government should do more to solve problems,Went too far,Less than 100k,"Under $30,000",Less than 50k,Less than 50 thousand,"Under $50,000","Under $30,000","Under $50,000 and white",Yes,No,Illegal,No,Worried,Somewhat worried,Disapprove,Somewhat disapprove,45+,18-64,Republican,Non-black non-Democrat,All Republicans,Republican,Republican Women,White Republican,Moderate,112.0,Conservative Republicans,Mod./Liberal Republicans,White,White,State questionnaire,White,White,East,Yes,Female,White women,Non married women,Rural,Small Cities/Rural,Maine,Election day exit poll,Seriously off on the wrong track,Version 1,2.13285374641418,Yes,Yes,Working women,Working women,Working women
94372.0,Paul LePage,Susan Collins,Paul LePage,45-65,30-59,45-49,45+,45-59,40-49,Non-Black 45-59,White 45-59,White 45-64,Complete,Call 3,1.0,College graduate,College graduate,More than High school graduate,White college degree,No,Unfavorable,Favorable,1.0,Government is doing too many things better left to businesses and individuals,Omit,Less than 100k,"$30,000 or more",50k or more,50 to 100 thousand,"$50,000-$99,999","$50,000-$99,999","Over $50,000 and white",Yes,No,Illegal,No,Worried,Very worried,Disapprove,Strongly disapprove,45+,18-64,Republican,Non-black non-Democrat,All Republicans,Republican,Republican Women,White Republican,Moderate,9.0,Conservative Republicans,Mod./Liberal Republicans,White,White,State questionnaire,White,White,East,Yes,Female,White women,Non married women,Suburbs,Suburbs,Maine,Election day exit poll,Seriously off on the wrong track,Version 1,1.13567543029785,No,Yes,Working women,Working women,Working women
92435.0,Paul LePage,Susan Collins,Paul LePage,45-65,30-59,50-59,45+,45-59,50-64,Non-Black 45-59,White 45-59,White 45-64,Complete,Call 3,1.0,College graduate,College graduate,More than High school graduate,White college degree,No,Unfavorable,Unfavorable,1.0,Government is doing too many things better left to businesses and individuals,Went too far,100k or more,"$30,000 or more",50k or more,100 thousand or more,"$100,000-$199,999","$100,000-$199,999","Over $50,000 and white",Yes,No,Legal,Yes,Worried,Very worried,Disapprove,Strongly disapprove,45+,18-64,Republican,Non-black non-Democrat,All Republicans,Republican,Republican Women,White Republican,Conservative,72.0,Independent/Something else,Conservative Republicans,White,White,State questionnaire,White,White,East,No,Female,White women,Married women,"Cities 50,000-500,000","Cities over 50,000",Maine,Election day exit poll,Seriously off on the wrong track,Version 1,0.477377086877823,No,Yes,Working women,Working women,Working women
92146.0,Paul LePage,Susan Collins,Paul LePage,45-65,30-59,45-49,45+,45-59,40-49,Non-Black 45-59,White 45-59,White 45-64,Complete,Call 3,2.0,College graduate,College graduate,More than High school graduate,White college degree,No,Unfavorable,Unfavorable,2.0,Government should do more to solve problems,Omit,100k or more,"$30,000 or more",50k or more,100 thousand or more,"$100,000-$199,999","$100,000-$199,999","Over $50,000 and white",Yes,No,Legal,No,Worried,Very worried,Disapprove,Strongly disapprove,45+,18-64,Republican,Non-black non-Democrat,All Republicans,Republican,Republican Men,White Republican,Liberal,92.0,Conservative Republicans,Mod./Liberal Republicans,White,White,State questionnaire,White,White,East,Yes,Male,White men,Non married men,Rural,Small Cities/Rural,Maine,Election day exit poll,Seriously off on the wrong track,Version 1,0.908269107341766,No,Yes,Working men,All others,Working men
65398.0,Paul LePage,Susan Collins,Paul LePage,45-65,30-59,50-59,45+,45-59,50-64,Non-Black 45-59,White 45-59,White 45-64,Complete,Call 1,2.0,Some college/assoc. degree,No college degree,More than High school graduate,White no college degree,No,Unfavorable,Favorable,2.0,Government is doing too many things better left to businesses and individuals,Did not go far enough,Less than 100k,"Under $30,000",Less than 50k,Less than 50 thousand,"Under $50,000","Under $30,000","Under $50,000 and white",No,No,Illegal,No,Worried,Very worried,Disapprove,Strongly disapprove,45+,18-64,Republican,Non-black non-Democrat,All Republicans,Republican,Republican Men,White Republican,Conservative,22.0,Independent/Something else,Conservative Republicans,White,White,State questionnaire,White,White,East,No,Male,White men,Non married men,Rural,Small Cities/Rural,Maine,Election day exit poll,Seriously off on the wrong track,Version 1,1.21102547645569,Yes,No,Non-working men,All others,Non-working men
80840.0,Paul LePage,Susan Collins,Paul LePage,65+,60+,65 or over,45+,60+,65+,Non-Black 60+,White 60+,White 65+,Complete,Call 2,2.0,College graduate,College graduate,More than High school graduate,White college degree,No,Unfavorable,Favorable,2.0,Government is doing too many things better left to businesses and individuals,Went too far,Less than 100k,"Under $30,000",Less than 50k,Less than 50 thousand,"Under $50,000","Under $30,000","Under $50,000 and white",No,No,Legal,Yes,Not worried,Not too worried,Disapprove,Somewhat disapprove,45+,65+,Republican,Non-black non-Democrat,All Republicans,Republican,Republican Men,White Republican,Conservative,24.0,Independent/Something else,Conservative Republicans,White,White,State questionnaire,White,White,East,Yes,Male,White men,Married men,Suburbs,Suburbs,Maine,Election day exit poll,Seriously off on the wrong track,Version 1,1.02175879478455,No,No,Non-working men,All others,Non-working men
75040.0,Paul LePage,Susan Collins,Paul LePage,30-44,30-59,40-44,18-44,30-44,40-49,Non-Black 30-44,White 30-44,White 30-44,Complete,Call 2,1.0,College graduate,College graduate,More than High school graduate,White college degree,No,Unfavorable,Favorable,1.0,Government is doing too many things better left to businesses and individuals,Went too far,100k or more,"$30,000 or more",50k or more,100 thousand or more,"$200,000 or more","$200,000 or more","Over $50,000 and white",No,No,Illegal,Yes,Worried,Very worried,Disapprove,Strongly disapprove,18-44,18-64,Republican,Non-black non-Democrat,All Republicans,Republican,Republican Men,White Republican,Conservative,88.0,Independent/Something else,Conservative Republicans,White,White,State questionnaire,White,White,East,No,Male,White men,Married men,Suburbs,Suburbs,Maine,Election day exit poll,Seriously off on the wrong track,Version 1,1.49222099781036,No,Yes,Working men,All others,Working men
92173.0,Paul LePage,Susan Collins,Paul LePage,18-29,18-29,25-29,18-44,18-29,25-29,Non-Black 18-29,White 18-29,White 18-29,Complete,Call 3,2.0,Some college/assoc. degree,No college degree,More than High school graduate,White no college degree,No,Unfavorable,Favorable,2.0,Government is doing too many things better left to businesses and individuals,Went too far,Less than 100k,"$30,000 or more",Less than 50k,Less than 50 thousand,"Under $50,000","$30,000-$49,999","Under $50,000 and white",No,No,Legal,Yes,Worried,Very worried,Disapprove,Strongly disapprove,18-44,18-64,Republican,Non-black non-Democrat,All Republicans,Republican,Republican Women,White Republican,Moderate,65.0,Conservative Republicans,Mod./Liberal Republicans,White,White,State questionnaire,White,White,East,Yes,Female,White women,Married women,Rural,Small Cities/Rural,Maine,Election day exit poll,Seriously off on the wrong track,Version 1,1.00712847709656,Yes,No,Non-working women,All others,Non-working women
80815.0,Paul LePage,Susan Collins,Paul LePage,45-65,30-59,50-59,45+,45-59,50-64,Non-Black 45-59,White 45-59,White 45-64,Complete,Call 2,2.0,College graduate,College graduate,More than High school graduate,White college degree,No,Unfavorable,Favorable,2.0,Government should do more to solve problems,Did not go far enough,Less than 100k,"Under $30,000",Less than 50k,Less than 50 thousand,"Under $50,000","Under $30,000","Under $50,000 and white",No,No,Illegal,No,Worried,Very worried,Disapprove,Strongly disapprove,45+,18-64,Republican,Non-black non-Democrat,All Republicans,Republican,Republican Women,White Republican,Conservative,76.0,Independent/Something else,Conservative Republicans,White,White,State questionnaire,White,White,East,No,Female,White women,Non married women,Rural,Small Cities/Rural,Maine,Election day exit poll,Seriously off on the wrong track,Version 1,0.785780727863312,No,No,Non-working women,All others,Non-working women
67297.0,Paul LePage,Susan Collins,Paul LePage,18-29,18-29,25-29,18-44,18-29,25-29,Non-Black 18-29,White 18-29,White 18-29,Complete,Call 1,1.0,College graduate,College graduate,More than High school graduate,White college degree,No,Unfavorable,Unfavorable,1.0,Government is doing too many things better left to businesses and individuals,Went too far,Less than 100k,"$30,000 or more",Less than 50k,Less than 50 thousand,"Under $50,000","$30,000-$49,999","Under $50,000 and white",No,No,Illegal,No,Worried,Very worried,Disapprove,Strongly disapprove,18-44,18-64,Independent/Something else,Non-black non-Democrat,White Independent,Independent,Independent Men,White Independent,Moderate,103.0,Moderate/Liberal Republicans,Moderate Independents,White,White,State questionnaire,White,White,East,No,Male,White men,Non married men,Rural,Small Cities/Rural,Maine,Election day exit poll,Seriously off on the wrong track,Version 1,3.23665189743042,No,Yes,Working men,All others,Working men
94312.0,Paul LePage,Susan Collins,,30-44,30-59,30-39,18-44,30-44,30-39,Non-Black 30-44,White 30-44,White 30-44,Complete,Call 3,2.0,High school graduate,No college degree,High school graduate or less,White no college degree,,,,2.0,,,Less than 100k,"$30,000 or more",50k or more,50 to 100 thousand,"$50,000-$99,999","$50,000-$99,999","Over $50,000 and white",,No,,,Worried,Somewhat worried,Disapprove,Strongly disapprove,18-44,18-64,Republican,Non-black non-Democrat,All Republicans,Republican,Republican Women,White Republican,Moderate,46.0,Conservative Republicans,Mod./Liberal Republicans,White,White,National questionnaire,White,White,East,,Female,White women,,Suburbs,Suburbs,Maine,Election day exit poll,,Version 1,0.86325204372406,No,,,,
79922.0,Paul LePage,Susan Collins,Paul LePage,45-65,30-59,45-49,45+,45-59,40-49,Non-Black 45-59,White 45-59,White 45-64,Complete,Call 2,2.0,Some college/assoc. degree,No college degree,More than High school graduate,White no college degree,No,Unfavorable,Favorable,2.0,Government is doing too many things better left to businesses and individuals,Went too far,,,,,,,,No,No,Illegal,Yes,Worried,Very worried,Disapprove,Strongly disapprove,45+,18-64,Republican,Non-black non-Democrat,All Republicans,Republican,Republican Women,White Republican,Conservative,76.0,Independent/Something else,Conservative Republicans,White,White,State questionnaire,White,White,East,No,Female,White women,Married women,Rural,Small Cities/Rural,Maine,Election day exit poll,Seriously off on the wrong track,Version 1,0.785780727863312,,No,Non-working women,All others,Non-working women
65335.0,Paul LePage,Susan Collins,Paul LePage,30-44,30-59,30-39,18-44,30-44,30-39,Non-Black 30-44,White 30-44,White 30-44,Complete,Call 1,2.0,Some college/assoc. degree,No college degree,More than High school graduate,White no college degree,No,Unfavorable,Favorable,2.0,Government is doing too many things better left to businesses and individuals,Did not go far enough,Less than 100k,"$30,000 or more",50k or more,50 to 100 thousand,"$50,000-$99,999","$50,000-$99,999","Over $50,000 and white",No,No,Illegal,No,Worried,Very worried,Disapprove,Strongly disapprove,18-44,18-64,Independent/Something else,Non-black non-Democrat,White Independent,Independent,Independent Women,White Independent,Conservative,22.0,Moderate/Liberal Republicans,Conservative Independents,White,White,State questionnaire,White,White,East,Yes,Female,White women,Non married women,Rural,Small Cities/Rural,Maine,Election day exit poll,Seriously off on the wrong track,Version 1,1.07527887821198,No,No,Non-working women,All others,Non-working women
74987.0,Paul LePage,Susan Collins,,18-29,18-29,18-24,18-44,18-29,18-24,Non-Black 18-29,White 18-29,White 18-29,Complete,Call 2,2.0,High school graduate,No college degree,High school graduate or less,White no college degree,,Favorable,Favorable,2.0,Government should do more to solve problems,,Less than 100k,"Under $30,000",Less than 50k,Less than 50 thousand,"Under $50,000","Under $30,000","Under $50,000 and white",,No,Legal,,,,,,18-44,18-64,Independent/Something else,Non-black non-Democrat,White Independent,Something else,Independent Men,White Independent,Moderate,63.0,Moderate/Liberal Republicans,Moderate Independents,White,White,National questionnaire,White,White,East,Yes,Male,White men,,Suburbs,Suburbs,Maine,Election day exit poll,Generally going in the right direction,Version 4,1.11954081058502,Yes,,,,
61467.0,Paul LePage,Susan Collins,Paul LePage,65+,60+,65 or over,45+,60+,65+,Non-Black 60+,White 60+,White 65+,Complete,Call 1,1.0,Some college/assoc. degree,No college degree,More than High school graduate,White no college degree,No,Unfavorable,Favorable,1.0,Government is doing too many things better left to businesses and individuals,Went too far,Less than 100k,"$30,000 or more",50k or more,50 to 100 thousand,"$50,000-$99,999","$50,000-$99,999","Over $50,000 and white",No,No,Legal,Yes,Worried,Very worried,Disapprove,Strongly disapprove,45+,65+,Republican,Non-black non-Democrat,All Republicans,Republican,Republican Men,White Republican,Conservative,82.0,Independent/Something else,Conservative Republicans,White,White,State questionnaire,White,White,East,No,Male,White men,Married men,Suburbs,Suburbs,Maine,Election day exit poll,Seriously off on the wrong track,Version 1,1.51459527015686,No,Yes,Working men,All others,Working men
78842.0,Paul LePage,Susan Collins,Paul LePage,45-65,30-59,50-59,45+,45-59,50-64,Non-Black 45-59,White 45-59,White 45-64,Complete,Call 2,2.0,High school graduate,No college degree,High school graduate or less,White no college degree,No,Unfavorable,Favorable,2.0,Government should do more to solve problems,Was about right,100k or more,"$30,000 or more",50k or more,100 thousand or more,"$100,000-$199,999","$100,000-$199,999","Over $50,000 and white",No,No,Legal,Yes,Worried,Somewhat worried,Approve,Somewhat approve,45+,18-64,Independent/Something else,Non-black non-Democrat,White Independent,Independent,Independent Women,White Independent,Moderate,65.0,Moderate/Liberal Republicans,Moderate Independents,White,White,State questionnaire,White,White,East,Yes,Female,White women,Married women,Rural,Small Cities/Rural,Maine,Election day exit poll,Generally going in the right direction,Version 1,0.806459188461304,No,Yes,Working women,Working women,Working women
78673.0,Paul LePage,Susan Collins,Paul LePage,45-65,30-59,45-49,45+,45-59,40-49,Non-Black 45-59,White 45-59,White 45-64,Complete,Call 2,2.0,Some college/assoc. degree,No college degree,More than High school graduate,White no college degree,No,Unfavorable,Favorable,2.0,Omit,Went too far,Less than 100k,"$30,000 or more",Less than 50k,Less than 50 thousand,"Under $50,000","$30,000-$49,999","Under $50,000 and white",Yes,No,Legal,Yes,Worried,Somewhat worried,Disapprove,Somewhat disapprove,45+,18-64,Independent/Something else,Non-black non-Democrat,White Independent,Independent,Independent Women,White Independent,Moderate,92.0,Moderate/Liberal Republicans,Moderate Independents,White,White,State questionnaire,White,White,East,Yes,Female,White women,Married women,Rural,Small Cities/Rural,Maine,Election day exit poll,Generally going in the right direction,Version 1,0.806459188461304,Yes,Yes,Working women,Working women,Working women
92353.0,Paul LePage,Susan Collins,Paul LePage,45-65,60+,60-64,45+,60+,50-64,Non-Black 60+,White 60+,White 45-64,Complete,Call 3,2.0,Some college/assoc. degree,No college degree,More than High school graduate,White no college degree,No,Unfavorable,Favorable,2.0,Government is doing too many things better left to businesses and individuals,Did not go far enough,Less than 100k,"$30,000 or more",50k or more,50 to 100 thousand,"$50,000-$99,999","$50,000-$99,999","Over $50,000 and white",Yes,No,Illegal,Yes,Worried,Very worried,Disapprove,Strongly disapprove,45+,18-64,Independent/Something else,Non-black non-Democrat,White Independent,Independent,Independent Women,White Independent,Moderate,24.0,Moderate/Liberal Republicans,Moderate Independents,White,White,State questionnaire,White,White,East,No,Female,White women,Married women,Suburbs,Suburbs,Maine,Election day exit poll,Seriously off on the wrong track,Version 1,0.907227575778961,No,Yes,Working women,Working women,Working women
92921.0,Paul LePage,Susan Collins,Paul LePage,45-65,30-59,50-59,45+,45-59,50-64,Non-Black 45-59,White 45-59,White 45-64,Complete,Call 3,1.0,College graduate,College graduate,More than High school graduate,White college degree,No,Unfavorable,Unfavorable,1.0,Government should do more to solve problems,Went too far,100k or more,"$30,000 or more",50k or more,100 thousand or more,"$100,000-$199,999","$100,000-$199,999","Over $50,000 and white",Yes,No,Illegal,Yes,Worried,Very worried,Disapprove,Strongly disapprove,45+,18-64,Independent/Something else,Non-black non-Democrat,White Independent,Independent,Independent Men,White Independent,Conservative,82.0,Moderate/Liberal Republicans,Conservative Independents,White,White,State questionnaire,White,White,East,No,Male,White men,Married men,Suburbs,Suburbs,Maine,Election day exit poll,Seriously off on the wrong track,Version 1,1.27904653549194,No,Yes,Working men,All others,Working men
80765.0,Paul LePage,Susan Collins,Paul LePage,65+,60+,65 or over,45+,60+,65+,Non-Black 60+,White 60+,White 65+,Complete,Call 2,2.0,High school graduate,No college degree,High school graduate or less,White no college degree,No,Unfavorable,Omit,2.0,Government is doing too many things better left to businesses and individuals,Went too far,,,,,,,,No,No,Legal,Yes,Worried,Somewhat worried,Disapprove,Strongly disapprove,45+,65+,Independent/Something else,Non-black non-Democrat,White Independent,Independent,Independent Women,White Independent,Conservative,24.0,Moderate/Liberal Republicans,Conservative Independents,White,White,State questionnaire,White,White,East,No,Female,White women,Married women,Suburbs,Suburbs,Maine,Election day exit poll,Seriously off on the wrong track,Version 1,0.907227575778961,,No,Non-working women,All others,Non-working women
73031.0,Paul LePage,Susan Collins,Paul LePage,65+,60+,65 or over,45+,60+,65+,Non-Black 60+,White 60+,White 65+,Complete,Call 2,1.0,Postgraduate study,College graduate,More than High school graduate,White college degree,No,Favorable,Favorable,1.0,Government is doing too many things better left to businesses and individuals,Was about right,Less than 100k,"$30,000 or more",50k or more,50 to 100 thousand,"$50,000-$99,999","$50,000-$99,999","Over $50,000 and white",No,No,Illegal,Yes,Not worried,Not too worried,Approve,Somewhat approve,45+,65+,Democrat,Non-black Democrat,White Democrat,Democrat,Democratic Men,White Democrat,Moderate,72.0,Moderate/Conservative Democrats,Mod/Conserv. Democrats,White,White,State questionnaire,White,White,East,Yes,Male,White men,Married men,"Cities 50,000-500,000","Cities over 50,000",Maine,Election day exit poll,Generally going in the right direction,Version 1,0.636654734611511,No,No,Non-working men,All others,Non-working men
67235.0,Paul LePage,Susan Collins,,45-65,30-59,50-59,45+,45-59,50-64,Non-Black 45-59,White 45-59,White 45-64,Complete,Call 1,2.0,High school graduate,No college degree,High school graduate or less,White no college degree,,,,2.0,,,Less than 100k,"$30,000 or more",Less than 50k,Less than 50 thousand,"Under $50,000","$30,000-$49,999","Under $50,000 and white",,No,,,Worried,Very worried,Disapprove,Strongly disapprove,45+,18-64,Republican,Non-black non-Democrat,All Republicans,Republican,Republican Women,White Republican,,46.0,,,White,White,National questionnaire,White,White,East,,Female,White women,,Suburbs,Suburbs,Maine,Election day exit poll,,Version 1,0.86325204372406,Yes,,,,
80751.0,Paul LePage,Susan Collins,Paul LePage,18-29,18-29,18-24,18-44,18-29,18-24,Non-Black 18-29,White 18-29,White 18-29,Complete,Call 2,2.0,College graduate,College graduate,More than High school graduate,White college degree,No,Unfavorable,Favorable,2.0,Government is doing too many things better left to businesses and individuals,Went too far,Less than 100k,"$30,000 or more",Less than 50k,Less than 50 thousand,"Under $50,000","$30,000-$49,999","Under $50,000 and white",No,No,Illegal,No,Not worried,Not too worried,Disapprove,Somewhat disapprove,18-44,18-64,Republican,Non-black non-Democrat,All Republicans,Republican,Republican Women,White Republican,Conservative,76.0,Independent/Something else,Conservative Republicans,White,White,State questionnaire,White,White,East,Yes,Female,White women,Non married women,Rural,Small Cities/Rural,Maine,Election day exit poll,Generally going in the right direction,Version 1,0.981304705142975,No,Yes,Working women,Working women,Working women
65301.0,Paul LePage,Susan Collins,Paul LePage,65+,60+,65 or over,45+,60+,65+,Non-Black 60+,All others,All others,Complete,Call 1,2.0,Postgraduate study,College graduate,More than High school graduate,Non white college degree,No,Unfavorable,Favorable,2.0,Government is doing too many things better left to businesses and individuals,Went too far,Less than 100k,"$30,000 or more",Less than 50k,Less than 50 thousand,"Under $50,000","$30,000-$49,999","Under $50,000 and non white",Yes,No,Illegal,Yes,Worried,Very worried,Approve,Somewhat approve,45+,65+,Independent/Something else,Non-black non-Democrat,All Other,Independent,Independent Men,All others,Conservative,22.0,Moderate/Liberal Republicans,Conservative Independents,Other,American Indian,State questionnaire,Other,American Indian,East,Yes,Male,All other races,Married men,Rural,Small Cities/Rural,Maine,Election day exit poll,Seriously off on the wrong track,Version 1,1.43404746055603,No,No,Non-working men,All others,Non-working men
63369.0,Paul LePage,Susan Collins,Paul LePage,30-44,30-59,40-44,18-44,30-44,40-49,Non-Black 30-44,White 30-44,White 30-44,Complete,Call 1,1.0,High school graduate,No college degree,High school graduate or less,White no college degree,No,Unfavorable,Unfavorable,1.0,Government is doing too many things better left to businesses and individuals,Went too far,Less than 100k,"$30,000 or more",50k or more,50 to 100 thousand,"$50,000-$99,999","$50,000-$99,999","Over $50,000 and white",Yes,No,Illegal,Yes,Worried,Very worried,Disapprove,Strongly disapprove,18-44,18-64,Republican,Non-black non-Democrat,All Republicans,Republican,Republican Men,White Republican,Conservative,88.0,Independent/Something else,Conservative Republicans,White,White,State questionnaire,White,White,East,No,Male,White men,Married men,Suburbs,Suburbs,Maine,Election day exit poll,Seriously off on the wrong track,Version 1,1.49222099781036,No,Yes,Working men,All others,Working men
92618.0,Paul LePage,Susan Collins,Omit,45-65,60+,60-64,45+,60+,50-64,Non-Black 60+,All others,All others,Complete,Call 3,2.0,Some college/assoc. degree,No college degree,More than High school graduate,Non white no college degree,No,Unfavorable,Favorable,2.0,Government is doing too many things better left to businesses and individuals,Went too far,Less than 100k,"Under $30,000",Less than 50k,Less than 50 thousand,"Under $50,000","Under $30,000","Under $50,000 and non white",No,,Illegal,Yes,Worried,Somewhat worried,Disapprove,Strongly disapprove,45+,18-64,Independent/Something else,Non-black non-Democrat,All Other,Something else,Independent Men,All others,Conservative,24.0,Moderate/Liberal Republicans,Conservative Independents,Other,Other,State questionnaire,Other,Other,East,No,Male,All other races,Married men,Suburbs,Suburbs,Maine,Election day exit poll,Seriously off on the wrong track,Version 1,1.02175879478455,No,Yes,Working men,All others,Working men
78808.0,Paul LePage,Susan Collins,Paul LePage,65+,60+,65 or over,45+,60+,65+,Non-Black 60+,White 60+,White 65+,Complete,Call 2,2.0,Postgraduate study,College graduate,More than High school graduate,White college degree,No,Unfavorable,Favorable,2.0,Government is doing too many things better left to businesses and individuals,Went too far,,,,,,,,No,No,Illegal,No,Not worried,Not at all worried,Disapprove,Strongly disapprove,45+,65+,Republican,Non-black non-Democrat,All Republicans,Republican,Republican Men,White Republican,Conservative,65.0,Independent/Something else,Conservative Republicans,White,White,State questionnaire,White,White,East,No,Male,White men,Non married men,Rural,Small Cities/Rural,Maine,Election day exit poll,Seriously off on the wrong track,Version 1,1.07553553581238,No,,,All others,
93791.0,Paul LePage,Susan Collins,Paul LePage,30-44,30-59,30-39,18-44,30-44,30-39,Non-Black 30-44,White 30-44,White 30-44,Complete,Call 3,2.0,Some college/assoc. degree,No college degree,More than High school graduate,White no college degree,No,Unfavorable,Favorable,2.0,Government is doing too many things better left to businesses and individuals,Went too far,Less than 100k,"$30,000 or more",50k or more,50 to 100 thousand,"$50,000-$99,999","$50,000-$99,999","Over $50,000 and white",No,No,Illegal,Yes,Worried,Very worried,Disapprove,Strongly disapprove,18-44,18-64,Independent/Something else,Non-black non-Democrat,White Independent,Independent,Independent Women,White Independent,Conservative,96.0,Moderate/Liberal Republicans,Conservative Independents,White,White,State questionnaire,White,White,East,No,Female,White women,Married women,Rural,Small Cities/Rural,Maine,Election day exit poll,Seriously off on the wrong track,Version 1,0.875584244728088,No,Yes,Working women,Working women,Working women
94236.0,Paul LePage,Susan Collins,,18-29,18-29,25-29,18-44,18-29,25-29,Non-Black 18-29,White 18-29,White 18-29,Complete,Call 3,2.0,College graduate,College graduate,More than High school graduate,White college degree,,,,2.0,,,Less than 100k,"$30,000 or more",50k or more,50 to 100 thousand,"$50,000-$99,999","$50,000-$99,999","Over $50,000 and white",,No,,Yes,,,,,18-44,18-64,Republican,Non-black non-Democrat,All Republicans,Republican,Republican Men,White Republican,Conservative,46.0,Independent/Something else,Conservative Republicans,White,White,National questionnaire,White,White,East,,Male,White men,Married men,Suburbs,Suburbs,Maine,Election day exit poll,,Version 3,1.21414983272552,No,,,,
93772.0,Paul LePage,Susan Collins,Paul LePage,45-65,30-59,50-59,45+,45-59,50-64,Non-Black 45-59,White 45-59,White 45-64,Complete,Call 3,1.0,Postgraduate study,College graduate,More than High school graduate,White college degree,No,Unfavorable,Favorable,1.0,Government is doing too many things better left to businesses and individuals,Went too far,Less than 100k,"$30,000 or more",50k or more,50 to 100 thousand,"$50,000-$99,999","$50,000-$99,999","Over $50,000 and white",Yes,No,Illegal,Yes,Worried,Very worried,Disapprove,Strongly disapprove,45+,18-64,Republican,Non-black non-Democrat,All Republicans,Republican,Republican Men,White Republican,Conservative,9.0,Independent/Something else,Conservative Republicans,White,White,State questionnaire,White,White,East,No,Male,White men,Married men,Suburbs,Suburbs,Maine,Election day exit poll,Seriously off on the wrong track,Version 1,1.27904653549194,No,Yes,Working men,All others,Working men
67198.0,Paul LePage,Susan Collins,Mike Michaud,30-44,30-59,40-44,18-44,30-44,40-49,Non-Black 30-44,White 30-44,White 30-44,Not complete,Call 1,1.0,,,,,,,,1.0,Government is doing too many things better left to businesses and individuals,,,,,,,,,,No,,,,,,,18-44,18-64,,,,,,,,103.0,,,White,White,State questionnaire,White,White,East,Yes,Male,White men,,Rural,Small Cities/Rural,Maine,Election day exit poll,Seriously off on the wrong track,Version 1,2.59175229072571,,Yes,Working men,All others,Working men
65258.0,Paul LePage,Susan Collins,Paul LePage,45-65,30-59,50-59,45+,45-59,50-64,Non-Black 45-59,White 45-59,White 45-64,Complete,Call 1,2.0,College graduate,College graduate,More than High school graduate,White college degree,No,Unfavorable,Favorable,2.0,Government is doing too many things better left to businesses and individuals,Went too far,Less than 100k,"$30,000 or more",50k or more,50 to 100 thousand,"$50,000-$99,999","$50,000-$99,999","Over $50,000 and white",No,No,Legal,Yes,Worried,Very worried,Disapprove,Strongly disapprove,45+,18-64,Republican,Non-black non-Democrat,All Republicans,Republican,Republican Women,White Republican,Conservative,22.0,Independent/Something else,Conservative Republicans,White,White,State questionnaire,White,White,East,No,Female,White women,Married women,Rural,Small Cities/Rural,Maine,Election day exit poll,Seriously off on the wrong track,Version 1,1.07527887821198,No,No,Non-working women,All others,Non-working women
67188.0,Paul LePage,Susan Collins,,30-44,30-59,30-39,18-44,30-44,30-39,Non-Black 30-44,White 30-44,White 30-44,Complete,Call 1,2.0,Some college/assoc. degree,No college degree,More than High school graduate,White no college degree,,,,2.0,,,Less than 100k,"$30,000 or more",Less than 50k,Less than 50 thousand,"Under $50,000","$30,000-$49,999","Under $50,000 and white",,No,,Yes,,,,,18-44,18-64,Republican,Non-black non-Democrat,All Republicans,Republican,Republican Women,White Republican,Moderate,46.0,Conservative Republicans,Mod./Liberal Republicans,White,White,National questionnaire,White,White,East,,Female,White women,Married women,Suburbs,Suburbs,Maine,Election day exit poll,,Version 3,0.86325204372406,Yes,,,,
92290.0,Paul LePage,Susan Collins,Paul LePage,45-65,30-59,45-49,45+,45-59,40-49,Non-Black 45-59,White 45-59,White 45-64,Complete,Call 3,1.0,College graduate,College graduate,More than High school graduate,White college degree,No,Unfavorable,Favorable,1.0,Government is doing too many things better left to businesses and individuals,Went too far,Less than 100k,"$30,000 or more",50k or more,50 to 100 thousand,"$50,000-$99,999","$50,000-$99,999","Over $50,000 and white",Yes,No,Legal,Yes,Worried,Very worried,Disapprove,Strongly disapprove,45+,18-64,Independent/Something else,Non-black non-Democrat,White Independent,Something else,Independent Women,White Independent,Conservative,72.0,Moderate/Liberal Republicans,Conservative Independents,White,White,State questionnaire,White,White,East,Yes,Female,White women,Married women,"Cities 50,000-500,000","Cities over 50,000",Maine,Election day exit poll,Seriously off on the wrong track,Version 1,0.477377086877823,No,No,Non-working women,All others,Non-working women
94945.0,Paul LePage,Susan Collins,,18-29,18-29,25-29,18-44,18-29,25-29,Non-Black 18-29,White 18-29,White 18-29,Complete,Call 3,2.0,Some college/assoc. degree,No college degree,More than High school graduate,White no college degree,,Unfavorable,Unfavorable,2.0,Government is doing too many things better left to businesses and individuals,,Less than 100k,"Under $30,000",Less than 50k,Less than 50 thousand,"Under $50,000","Under $30,000","Under $50,000 and white",,No,Legal,,,,,,18-44,18-64,Independent/Something else,Non-black non-Democrat,White Independent,Independent,Independent Women,White Independent,Moderate,46.0,Moderate/Liberal Republicans,Moderate Independents,White,White,National questionnaire,White,White,East,Yes,Female,White women,,Suburbs,Suburbs,Maine,Election day exit poll,Seriously off on the wrong track,Version 4,1.0780531167984,Yes,,,,
92281.0,Paul LePage,Susan Collins,Mike Michaud,65+,60+,65 or over,45+,60+,65+,Non-Black 60+,White 60+,White 65+,Complete,Call 3,1.0,Some college/assoc. degree,No college degree,More than High school graduate,White no college degree,No,Unfavorable,Favorable,1.0,Government is doing too many things better left to businesses and individuals,Went too far,Less than 100k,"$30,000 or more",50k or more,50 to 100 thousand,"$50,000-$99,999","$50,000-$99,999","Over $50,000 and white",Yes,No,Legal,No,Worried,Very worried,Disapprove,Strongly disapprove,45+,65+,Independent/Something else,Non-black non-Democrat,White Independent,Independent,Independent Women,White Independent,Moderate,82.0,Moderate/Liberal Republicans,Moderate Independents,White,White,State questionnaire,White,White,East,No,Female,White women,Non married women,Suburbs,Suburbs,Maine,Election day exit poll,Seriously off on the wrong track,Version 1,1.34482097625732,No,No,Non-working women,All others,Non-working women
65234.0,Paul LePage,Susan Collins,Paul LePage,30-44,30-59,40-44,18-44,30-44,40-49,Non-Black 30-44,White 30-44,White 30-44,Complete,Call 1,2.0,Postgraduate study,College graduate,More than High school graduate,White college degree,No,Favorable,Favorable,2.0,Government should do more to solve problems,Went too far,100k or more,"$30,000 or more",50k or more,100 thousand or more,"$200,000 or more","$200,000 or more","Over $50,000 and white",Yes,No,Illegal,Yes,Worried,Very worried,Disapprove,Strongly disapprove,18-44,18-64,Democrat,Non-black Democrat,White Democrat,Democrat,Democratic Women,White Democrat,Moderate,24.0,Moderate/Conservative Democrats,Mod/Conserv. Democrats,White,White,State questionnaire,White,White,East,Yes,Female,White women,Married women,Suburbs,Suburbs,Maine,Election day exit poll,Seriously off on the wrong track,Version 1,0.766136229038239,No,No,Non-working women,All others,Non-working women
92958.0,Paul LePage,Susan Collins,Paul LePage,45-65,30-59,50-59,45+,45-59,50-64,Non-Black 45-59,White 45-59,White 45-64,Complete,Call 3,1.0,College graduate,College graduate,More than High school graduate,White college degree,No,Unfavorable,Favorable,1.0,Government is doing too many things better left to businesses and individuals,Went too far,Less than 100k,"$30,000 or more",50k or more,50 to 100 thousand,"$50,000-$99,999","$50,000-$99,999","Over $50,000 and white",Yes,No,Legal,No,Worried,Somewhat worried,Disapprove,Somewhat disapprove,45+,18-64,Republican,Non-black non-Democrat,All Republicans,Republican,Republican Women,White Republican,Moderate,72.0,Conservative Republicans,Mod./Liberal Republicans,White,White,State questionnaire,White,White,East,Yes,Female,White women,Non married women,"Cities 50,000-500,000","Cities over 50,000",Maine,Election day exit poll,Seriously off on the wrong track,Version 1,0.477377086877823,No,Yes,Working women,Working women,Working women
73147.0,Paul LePage,Susan Collins,Would not have voted,30-44,30-59,40-44,18-44,30-44,40-49,Non-Black 30-44,White 30-44,White 30-44,Complete,Call 2,1.0,College graduate,College graduate,More than High school graduate,White college degree,No,Unfavorable,Unfavorable,1.0,Government is doing too many things better left to businesses and individuals,Went too far,Less than 100k,"$30,000 or more",50k or more,50 to 100 thousand,"$50,000-$99,999","$50,000-$99,999","Over $50,000 and white",Yes,No,Illegal,Yes,Worried,Very worried,Approve,Somewhat approve,18-44,18-64,Independent/Something else,Non-black non-Democrat,White Independent,Independent,Independent Women,White Independent,Moderate,82.0,Moderate/Liberal Republicans,Moderate Independents,White,White,State questionnaire,White,White,East,Yes,Female,White women,Married women,Suburbs,Suburbs,Maine,Election day exit poll,Seriously off on the wrong track,Version 1,1.13567543029785,No,Yes,Working women,Working women,Working women
82607.0,Paul LePage,Susan Collins,Paul LePage,30-44,30-59,40-44,18-44,30-44,40-49,Non-Black 30-44,White 30-44,White 30-44,Complete,Call 2,1.0,High school graduate,No college degree,High school graduate or less,White no college degree,No,Unfavorable,Favorable,1.0,Government should do more to solve problems,Went too far,Less than 100k,"Under $30,000",Less than 50k,Less than 50 thousand,"Under $50,000","Under $30,000","Under $50,000 and white",Yes,No,Illegal,No,Worried,Very worried,Disapprove,Strongly disapprove,18-44,18-64,Republican,Non-black non-Democrat,All Republicans,Republican,Republican Women,White Republican,Conservative,103.0,Independent/Something else,Conservative Republicans,White,White,State questionnaire,White,White,East,No,Female,White women,Non married women,Rural,Small Cities/Rural,Maine,Election day exit poll,Seriously off on the wrong track,Version 1,2.30123686790466,Yes,Yes,Working women,Working women,Working women
81832.0,Paul LePage,Susan Collins,Paul LePage,45-65,30-59,45-49,45+,45-59,40-49,,,,Complete,Call 2,1.0,High school graduate,No college degree,High school graduate or less,,No,Unfavorable,Unfavorable,1.0,Government should do more to solve problems,Did not go far enough,Less than 100k,"$30,000 or more",Less than 50k,Less than 50 thousand,"Under $50,000","$30,000-$49,999",,Yes,No,Legal,Yes,Worried,Very worried,Disapprove,Strongly disapprove,45+,18-64,Independent/Something else,,,Something else,Independent Men,,Moderate,103.0,Moderate/Liberal Republicans,Moderate Independents,,,State questionnaire,,,East,No,Male,,Married men,Rural,Small Cities/Rural,Maine,Election day exit poll,Seriously off on the wrong track,Version 1,2.39000988006592,,Yes,Working men,All others,Working men
92259.0,Paul LePage,Susan Collins,Paul LePage,45-65,60+,60-64,45+,60+,50-64,Non-Black 60+,White 60+,White 45-64,Complete,Call 3,2.0,Some college/assoc. degree,No college degree,More than High school graduate,White no college degree,No,Unfavorable,Unfavorable,2.0,Government is doing too many things better left to businesses and individuals,Went too far,Less than 100k,"$30,000 or more",50k or more,50 to 100 thousand,"$50,000-$99,999","$50,000-$99,999","Over $50,000 and white",Yes,No,Legal,Yes,Worried,Very worried,Disapprove,Strongly disapprove,45+,18-64,Republican,Non-black non-Democrat,All Republicans,Republican,Republican Women,White Republican,Conservative,96.0,Independent/Something else,Conservative Republicans,White,White,State questionnaire,White,White,East,No,Female,White women,Married women,Rural,Small Cities/Rural,Maine,Election day exit poll,Seriously off on the wrong track,Version 1,1.03683149814606,No,Yes,Working women,Working women,Working women
78732.0,Paul LePage,Susan Collins,Paul LePage,45-65,30-59,50-59,45+,45-59,50-64,Non-Black 45-59,White 45-59,White 45-64,Complete,Call 2,2.0,High school graduate,No college degree,High school graduate or less,White no college degree,No,Unfavorable,Unfavorable,2.0,Government is doing too many things better left to businesses and individuals,Went too far,Less than 100k,"Under $30,000",Less than 50k,Less than 50 thousand,"Under $50,000","Under $30,000","Under $50,000 and white",No,No,Illegal,Yes,Worried,Somewhat worried,Disapprove,Somewhat disapprove,45+,18-64,Democrat,Non-black Democrat,White Democrat,Democrat,Democratic Men,White Democrat,Moderate,65.0,Moderate/Conservative Democrats,Mod/Conserv. Democrats,White,White,State questionnaire,White,White,East,Yes,Male,White men,Married men,Rural,Small Cities/Rural,Maine,Election day exit poll,Seriously off on the wrong track,Version 1,0.908269107341766,Yes,Yes,Working men,All others,Working men
79145.0,Paul LePage,Susan Collins,Paul LePage,65+,60+,65 or over,45+,60+,65+,Non-Black 60+,White 60+,White 65+,Complete,Call 2,2.0,Some college/assoc. degree,No college degree,More than High school graduate,White no college degree,Yes,Favorable,Unfavorable,2.0,Omit,Went too far,,,,,,,,No,No,Illegal,No,Not worried,Not too worried,Disapprove,Strongly disapprove,45+,65+,Democrat,Non-black Democrat,White Democrat,Democrat,Democratic Women,White Democrat,Liberal,92.0,Liberal Democrats,Liberal Democrats,White,White,State questionnaire,White,White,East,Yes,Female,White women,Non married women,Rural,Small Cities/Rural,Maine,Election day exit poll,Generally going in the right direction,Version 1,0.954976379871368,,No,Non-working women,All others,Non-working women
67140.0,Paul LePage,Susan Collins,,45-65,30-59,50-59,45+,45-59,50-64,Non-Black 45-59,White 45-59,White 45-64,Complete,Call 1,2.0,High school graduate,No college degree,High school graduate or less,White no college degree,,,,2.0,,Did not go far enough,Less than 100k,"Under $30,000",Less than 50k,Less than 50 thousand,"Under $50,000","Under $30,000","Under $50,000 and white",,No,,No,,,,,45+,18-64,Republican,Non-black non-Democrat,All Republicans,Republican,Republican Women,White Republican,Moderate,46.0,Conservative Republicans,Mod./Liberal Republicans,White,White,National questionnaire,White,White,East,,Female,White women,Non married women,Suburbs,Suburbs,Maine,Election day exit poll,,Version 2,0.86325204372406,Yes,Yes,Working women,Working women,Working women
92080.0,Paul LePage,Susan Collins,Paul LePage,65+,60+,65 or over,45+,60+,65+,Non-Black 60+,White 60+,White 65+,Complete,Call 3,2.0,Postgraduate study,College graduate,More than High school graduate,White college degree,No,Unfavorable,Favorable,2.0,Government is doing too many things better left to businesses and individuals,Went too far,100k or more,"$30,000 or more",50k or more,100 thousand or more,"$100,000-$199,999","$100,000-$199,999","Over $50,000 and white",Yes,No,Illegal,Yes,Worried,Somewhat worried,Disapprove,Strongly disapprove,45+,65+,Republican,Non-black non-Democrat,All Republicans,Republican,Republican Men,White Republican,Conservative,24.0,Independent/Something else,Conservative Republicans,White,White,State questionnaire,White,White,East,No,Male,White men,Married men,Suburbs,Suburbs,Maine,Election day exit poll,Seriously off on the wrong track,Version 1,1.02175879478455,No,Yes,Working men,All others,Working men
67137.0,Paul LePage,Susan Collins,Paul LePage,65+,60+,65 or over,45+,60+,65+,Non-Black 60+,White 60+,White 65+,Complete,Call 1,1.0,Postgraduate study,College graduate,More than High school graduate,White college degree,No,Unfavorable,Favorable,1.0,Government is doing too many things better left to businesses and individuals,Went too far,Less than 100k,"Under $30,000",Less than 50k,Less than 50 thousand,"Under $50,000","Under $30,000","Under $50,000 and white",Yes,No,Illegal,No,Worried,Very worried,Disapprove,Strongly disapprove,45+,65+,Republican,Non-black non-Democrat,All Republicans,Republican,Republican Women,White Republican,Conservative,103.0,Independent/Something else,Conservative Republicans,White,White,State questionnaire,White,White,East,No,Female,White women,Non married women,Rural,Small Cities/Rural,Maine,Election day exit poll,Seriously off on the wrong track,Version 1,2.72503185272217,No,No,Non-working women,All others,Non-working women
92238.0,Paul LePage,Susan Collins,,18-29,18-29,18-24,18-44,18-29,18-24,Non-Black 18-29,White 18-29,White 18-29,Complete,Call 3,2.0,High school graduate,No college degree,High school graduate or less,White no college degree,,,,2.0,,Was about right,Less than 100k,"$30,000 or more",Less than 50k,Less than 50 thousand,"Under $50,000","$30,000-$49,999","Under $50,000 and white",,No,,No,,,,,18-44,18-64,Democrat,Non-black Democrat,White Democrat,Democrat,Democratic Women,White Democrat,Liberal,63.0,Liberal Democrats,Liberal Democrats,White,White,National questionnaire,White,White,East,,Female,White women,Non married women,Suburbs,Suburbs,Maine,Election day exit poll,,Version 2,0.994048953056335,Yes,No,Non-working women,All others,Non-working women
96099.0,Paul LePage,Susan Collins,Paul LePage,65+,60+,65 or over,45+,60+,65+,Non-Black 60+,White 60+,White 65+,Complete,Call 3,1.0,Some college/assoc. degree,No college degree,More than High school graduate,White no college degree,No,Unfavorable,Unfavorable,1.0,Government should do more to solve problems,Went too far,100k or more,"$30,000 or more",50k or more,100 thousand or more,"$200,000 or more","$200,000 or more","Over $50,000 and white",No,No,Legal,Yes,Worried,Somewhat worried,Disapprove,Strongly disapprove,45+,65+,Independent/Something else,Non-black non-Democrat,White Independent,Independent,Independent Men,White Independent,Conservative,114.0,Moderate/Liberal Republicans,Conservative Independents,White,White,State questionnaire,White,White,East,No,Male,White men,Married men,Suburbs,Suburbs,Maine,Election day exit poll,Seriously off on the wrong track,Version 1,1.54937100410461,No,Yes,Working men,All others,Working men
94148.0,Paul LePage,Susan Collins,Paul LePage,30-44,30-59,30-39,18-44,30-44,30-39,Non-Black 30-44,White 30-44,White 30-44,Complete,Call 3,2.0,College graduate,College graduate,More than High school graduate,White college degree,No,Favorable,Favorable,2.0,Government is doing too many things better left to businesses and individuals,Went too far,Less than 100k,"$30,000 or more",50k or more,50 to 100 thousand,"$50,000-$99,999","$50,000-$99,999","Over $50,000 and white",Yes,No,Illegal,Yes,Worried,Somewhat worried,Disapprove,Somewhat disapprove,18-44,18-64,Independent/Something else,Non-black non-Democrat,White Independent,Independent,Independent Men,White Independent,Conservative,92.0,Moderate/Liberal Republicans,Conservative Independents,White,White,State questionnaire,White,White,East,Yes,Male,White men,Married men,Rural,Small Cities/Rural,Maine,Election day exit poll,Seriously off on the wrong track,Version 1,0.908269107341766,No,Yes,Working men,All others,Working men
94147.0,Paul LePage,Susan Collins,Paul LePage,30-44,30-59,30-39,18-44,30-44,30-39,Non-Black 30-44,White 30-44,White 30-44,Complete,Call 3,1.0,High school graduate,No college degree,High school graduate or less,White no college degree,No,Unfavorable,Favorable,1.0,Government should do more to solve problems,Was about right,100k or more,"$30,000 or more",50k or more,100 thousand or more,"$100,000-$199,999","$100,000-$199,999","Over $50,000 and white",Yes,No,Illegal,Yes,Worried,Somewhat worried,Approve,Somewhat approve,18-44,18-64,Independent/Something else,Non-black non-Democrat,White Independent,Independent,Independent Women,White Independent,Moderate,9.0,Moderate/Liberal Republicans,Moderate Independents,White,White,State questionnaire,White,White,East,Yes,Female,White women,Married women,Suburbs,Suburbs,Maine,Election day exit poll,Generally going in the right direction,Version 1,1.13567543029785,No,Yes,Working women,Working women,Working women
96074.0,Paul LePage,Susan Collins,Paul LePage,30-44,30-59,40-44,18-44,30-44,40-49,Non-Black 30-44,White 30-44,White 30-44,Complete,Call 3,1.0,High school graduate,No college degree,High school graduate or less,White no college degree,No,Unfavorable,Unfavorable,1.0,Government is doing too many things better left to businesses and individuals,Went too far,Less than 100k,"$30,000 or more",50k or more,50 to 100 thousand,"$50,000-$99,999","$50,000-$99,999","Over $50,000 and white",Yes,No,Illegal,Yes,Worried,Very worried,Disapprove,Strongly disapprove,18-44,18-64,Independent/Something else,Non-black non-Democrat,White Independent,Independent,Independent Men,White Independent,Conservative,88.0,Moderate/Liberal Republicans,Conservative Independents,White,White,State questionnaire,White,White,East,Yes,Male,White men,Married men,Suburbs,Suburbs,Maine,Election day exit poll,Seriously off on the wrong track,Version 1,1.49222099781036,No,Yes,Working men,All others,Working men
79296.0,Paul LePage,Susan Collins,Paul LePage,18-29,18-29,25-29,18-44,18-29,25-29,Non-Black 18-29,White 18-29,White 18-29,Complete,Call 2,2.0,Some college/assoc. degree,No college degree,More than High school graduate,White no college degree,No,Unfavorable,Favorable,2.0,Government should do more to solve problems,Went too far,Less than 100k,"$30,000 or more",50k or more,50 to 100 thousand,"$50,000-$99,999","$50,000-$99,999","Over $50,000 and white",Yes,No,Legal,Yes,Worried,Somewhat worried,Disapprove,Strongly disapprove,18-44,18-64,Republican,Non-black non-Democrat,All Republicans,Republican,Republican Women,White Republican,Conservative,22.0,Independent/Something else,Conservative Republicans,White,White,State questionnaire,White,White,East,Yes,Female,White women,Married women,Rural,Small Cities/Rural,Maine,Election day exit poll,Seriously off on the wrong track,Version 1,1.34283804893494,No,Yes,Working women,Working women,Working women
67087.0,Paul LePage,Susan Collins,Paul LePage,30-44,30-59,40-44,18-44,30-44,40-49,Non-Black 30-44,White 30-44,White 30-44,Complete,Call 1,2.0,College graduate,College graduate,More than High school graduate,White college degree,No,Unfavorable,Favorable,2.0,Government is doing too many things better left to businesses and individuals,Went too far,Less than 100k,"Under $30,000",Less than 50k,Less than 50 thousand,"Under $50,000","Under $30,000","Under $50,000 and white",No,No,Illegal,Yes,Worried,Very worried,Disapprove,Strongly disapprove,18-44,18-64,Republican,Non-black non-Democrat,All Republicans,Republican,Republican Women,White Republican,Conservative,76.0,Independent/Something else,Conservative Republicans,White,White,State questionnaire,White,White,East,No,Female,White women,Married women,Rural,Small Cities/Rural,Maine,Election day exit poll,Seriously off on the wrong track,Version 1,0.785780727863312,No,Yes,Working women,Working women,Working women
67086.0,Paul LePage,Susan Collins,Paul LePage,30-44,30-59,40-44,18-44,30-44,40-49,Non-Black 30-44,White 30-44,White 30-44,Complete,Call 1,2.0,College graduate,College graduate,More than High school graduate,White college degree,No,Unfavorable,Favorable,2.0,Government is doing too many things better left to businesses and individuals,Went too far,Less than 100k,"Under $30,000",Less than 50k,Less than 50 thousand,"Under $50,000","Under $30,000","Under $50,000 and white",No,No,Illegal,Yes,Worried,Very worried,Disapprove,Strongly disapprove,18-44,18-64,Republican,Non-black non-Democrat,All Republicans,Republican,Republican Women,White Republican,Conservative,76.0,Independent/Something else,Conservative Republicans,White,White,State questionnaire,White,White,East,No,Female,White women,Married women,Rural,Small Cities/Rural,Maine,Election day exit poll,Seriously off on the wrong track,Version 1,0.785780727863312,No,Yes,Working women,Working women,Working women
92030.0,Paul LePage,Susan Collins,Paul LePage,30-44,30-59,40-44,18-44,30-44,40-49,Non-Black 30-44,White 30-44,White 30-44,Not complete,Call 3,2.0,,,,,,,,2.0,Government should do more to solve problems,,,,,,,,,,No,,,,,,,18-44,18-64,,,,,,,,92.0,,,White,White,State questionnaire,White,White,East,Omit,Male,White men,,Rural,Small Cities/Rural,Maine,Election day exit poll,Generally going in the right direction,Version 1,0.908269107341766,,Yes,Working men,All others,Working men
80904.0,Paul LePage,Susan Collins,Mike Michaud,30-44,30-59,30-39,18-44,30-44,30-39,Non-Black 30-44,White 30-44,White 30-44,Complete,Call 2,2.0,Some college/assoc. degree,No college degree,More than High school graduate,White no college degree,No,Unfavorable,Unfavorable,2.0,Government is doing too many things better left to businesses and individuals,Went too far,Less than 100k,"$30,000 or more",Less than 50k,Less than 50 thousand,"Under $50,000","$30,000-$49,999","Under $50,000 and white",Yes,No,Legal,Yes,Worried,Somewhat worried,Disapprove,Somewhat disapprove,18-44,18-64,Independent/Something else,Non-black non-Democrat,White Independent,Independent,Independent Women,White Independent,Moderate,24.0,Moderate/Liberal Republicans,Moderate Independents,White,White,State questionnaire,White,White,East,No,Female,White women,Married women,Suburbs,Suburbs,Maine,Election day exit poll,Generally going in the right direction,Version 1,0.766136229038239,Yes,Yes,Working women,Working women,Working women
61277.0,Paul LePage,Susan Collins,,18-29,18-29,18-24,18-44,18-29,18-24,Non-Black 18-29,White 18-29,White 18-29,Complete,Call 1,2.0,High school graduate,No college degree,High school graduate or less,White no college degree,,,,2.0,,,Less than 100k,"$30,000 or more",50k or more,50 to 100 thousand,"$50,000-$99,999","$50,000-$99,999","Over $50,000 and white",,No,,,,,,,18-44,18-64,Republican,Non-black non-Democrat,All Republicans,Republican,Republican Women,White Republican,Conservative,63.0,Independent/Something else,Conservative Republicans,White,White,National questionnaire,White,White,East,,Female,White women,,Suburbs,Suburbs,Maine,Election day exit poll,,Version 5,0.994048953056335,No,,,,
65135.0,Paul LePage,Susan Collins,Paul LePage,30-44,30-59,30-39,18-44,30-44,30-39,Non-Black 30-44,White 30-44,White 30-44,Complete,Call 1,2.0,College graduate,College graduate,More than High school graduate,White college degree,No,Unfavorable,Favorable,2.0,Government is doing too many things better left to businesses and individuals,Went too far,Less than 100k,"$30,000 or more",Less than 50k,Less than 50 thousand,"Under $50,000","$30,000-$49,999","Under $50,000 and white",No,No,Illegal,Yes,Not worried,Not too worried,Disapprove,Strongly disapprove,18-44,18-64,Independent/Something else,Non-black non-Democrat,White Independent,Independent,Independent Women,White Independent,Conservative,24.0,Moderate/Liberal Republicans,Conservative Independents,White,White,State questionnaire,White,White,East,Yes,Female,White women,Married women,Suburbs,Suburbs,Maine,Election day exit poll,Seriously off on the wrong track,Version 1,0.766136229038239,No,No,Non-working women,All others,Non-working women
78651.0,Paul LePage,Susan Collins,Paul LePage,45-65,30-59,45-49,45+,45-59,40-49,Non-Black 45-59,White 45-59,White 45-64,Complete,Call 2,2.0,Postgraduate study,College graduate,More than High school graduate,White college degree,No,Favorable,Favorable,2.0,Government is doing too many things better left to businesses and individuals,Omit,100k or more,"$30,000 or more",50k or more,100 thousand or more,"$100,000-$199,999","$100,000-$199,999","Over $50,000 and white",Yes,No,Legal,No,Worried,Very worried,Approve,Somewhat approve,45+,18-64,Independent/Something else,Non-black non-Democrat,White Independent,Independent,Independent Women,White Independent,Moderate,65.0,Moderate/Liberal Republicans,Moderate Independents,White,White,State questionnaire,White,White,East,Yes,Female,White women,Non married women,Rural,Small Cities/Rural,Maine,Election day exit poll,Generally going in the right direction,Version 1,0.806459188461304,No,Yes,Working women,Working women,Working women
74783.0,Paul LePage,Susan Collins,Paul LePage,65+,60+,65 or over,45+,60+,65+,Non-Black 60+,White 60+,White 65+,Not complete,Call 2,1.0,,,,,,,,1.0,Government is doing too many things better left to businesses and individuals,,,,,,,,,,No,,,,,,,45+,65+,,,,,,,,9.0,,,White,White,State questionnaire,White,White,East,No,Male,White men,,Suburbs,Suburbs,Maine,Election day exit poll,Seriously off on the wrong track,Version 1,1.51459527015686,,Yes,Working men,All others,Working men
95635.0,Paul LePage,Susan Collins,Paul LePage,18-29,18-29,25-29,18-44,18-29,25-29,Non-Black 18-29,White 18-29,White 18-29,Complete,Call 3,1.0,College graduate,College graduate,More than High school graduate,White college degree,No,Unfavorable,Favorable,1.0,Government should do more to solve problems,Did not go far enough,Less than 100k,"$30,000 or more",50k or more,50 to 100 thousand,"$50,000-$99,999","$50,000-$99,999","Over $50,000 and white",Yes,No,Legal,No,Worried,Somewhat worried,Disapprove,Strongly disapprove,18-44,18-64,Republican,Non-black non-Democrat,All Republicans,Republican,Republican Women,White Republican,Liberal,103.0,Conservative Republicans,Mod./Liberal Republicans,White,White,State questionnaire,White,White,East,Yes,Female,White women,Non married women,Rural,Small Cities/Rural,Maine,Election day exit poll,Generally going in the right direction,Version 1,2.87384843826294,No,Yes,Working women,Working women,Working women
78690.0,Paul LePage,Susan Collins,Paul LePage,45-65,30-59,45-49,45+,45-59,40-49,Non-Black 45-59,All others,All others,Complete,Call 2,2.0,Some college/assoc. degree,No college degree,More than High school graduate,Non white no college degree,No,Unfavorable,Favorable,2.0,Government should do more to solve problems,Did not go far enough,Less than 100k,"$30,000 or more",50k or more,50 to 100 thousand,"$50,000-$99,999","$50,000-$99,999","Over $50,000 and non white",No,No,Legal,Yes,Not worried,Not too worried,Approve,Somewhat approve,45+,18-64,Republican,Non-black non-Democrat,All Republicans,Republican,Republican Men,All others,Moderate,65.0,Conservative Republicans,Mod./Liberal Republicans,Other,American Indian,State questionnaire,Other,American Indian,East,No,Male,All other races,Married men,Rural,Small Cities/Rural,Maine,Election day exit poll,Generally going in the right direction,Version 1,0.908269107341766,No,Yes,Working men,All others,Working men
90516.0,Paul LePage,Susan Collins,Paul LePage,30-44,30-59,40-44,18-44,30-44,40-49,Non-Black 30-44,White 30-44,White 30-44,Complete,Call 3,1.0,College graduate,College graduate,More than High school graduate,White college degree,No,Unfavorable,Favorable,1.0,Government is doing too many things better left to businesses and individuals,Went too far,100k or more,"$30,000 or more",50k or more,100 thousand or more,"$100,000-$199,999","$100,000-$199,999","Over $50,000 and white",Yes,No,Illegal,Yes,Worried,Somewhat worried,Disapprove,Strongly disapprove,18-44,18-64,Republican,Non-black non-Democrat,All Republicans,Republican,Republican Men,White Republican,Conservative,112.0,Independent/Something else,Conservative Republicans,White,White,State questionnaire,White,White,East,No,Male,White men,Married men,Rural,Small Cities/Rural,Maine,Election day exit poll,Seriously off on the wrong track,Version 1,2.40211176872253,No,Yes,Working men,All others,Working men
63178.0,Paul LePage,Susan Collins,Paul LePage,30-44,30-59,30-39,18-44,30-44,30-39,Non-Black 30-44,White 30-44,White 30-44,Complete,Call 1,1.0,College graduate,College graduate,More than High school graduate,White college degree,No,Unfavorable,Unfavorable,1.0,Government is doing too many things better left to businesses and individuals,Went too far,Less than 100k,"$30,000 or more",50k or more,50 to 100 thousand,"$50,000-$99,999","$50,000-$99,999","Over $50,000 and white",Yes,No,Illegal,Yes,Worried,Somewhat worried,Disapprove,Strongly disapprove,18-44,18-64,Republican,Non-black non-Democrat,All Republicans,Republican,Republican Women,White Republican,Conservative,88.0,Independent/Something else,Conservative Republicans,White,White,State questionnaire,White,White,East,No,Female,White women,Married women,Suburbs,Suburbs,Maine,Election day exit poll,Seriously off on the wrong track,Version 1,1.3249546289444,No,Yes,Working women,Working women,Working women
81301.0,Paul LePage,Susan Collins,Paul LePage,45-65,30-59,50-59,45+,45-59,50-64,Non-Black 45-59,White 45-59,White 45-64,Complete,Call 2,2.0,Some college/assoc. degree,No college degree,More than High school graduate,White no college degree,No,Unfavorable,Favorable,2.0,Government is doing too many things better left to businesses and individuals,Went too far,Less than 100k,"$30,000 or more",Less than 50k,Less than 50 thousand,"Under $50,000","$30,000-$49,999","Under $50,000 and white",Yes,No,Illegal,Yes,Worried,Very worried,Disapprove,Somewhat disapprove,45+,18-64,Independent/Something else,Non-black non-Democrat,White Independent,Independent,Independent Women,White Independent,Moderate,76.0,Moderate/Liberal Republicans,Moderate Independents,White,White,State questionnaire,White,White,East,No,Female,White women,Married women,Rural,Small Cities/Rural,Maine,Election day exit poll,Omit,Version 1,0.785780727863312,Yes,No,Non-working women,All others,Non-working women
94066.0,Paul LePage,Susan Collins,Paul LePage,45-65,30-59,50-59,45+,45-59,50-64,Non-Black 45-59,White 45-59,White 45-64,Complete,Call 3,1.0,College graduate,College graduate,More than High school graduate,White college degree,No,Unfavorable,Unfavorable,1.0,Government should do more to solve problems,Omit,100k or more,"$30,000 or more",50k or more,100 thousand or more,"$100,000-$199,999","$100,000-$199,999","Over $50,000 and white",Yes,No,Legal,Yes,Worried,Somewhat worried,Disapprove,Somewhat disapprove,45+,18-64,Independent/Something else,Non-black non-Democrat,White Independent,Independent,Independent Women,White Independent,Moderate,72.0,Moderate/Liberal Republicans,Moderate Independents,White,White,State questionnaire,White,White,East,Yes,Female,White women,Married women,"Cities 50,000-500,000","Cities over 50,000",Maine,Election day exit poll,Seriously off on the wrong track,Version 1,0.477377086877823,No,Yes,Working women,Working women,Working women
65097.0,Paul LePage,Susan Collins,Paul LePage,65+,60+,65 or over,45+,60+,65+,Non-Black 60+,White 60+,White 65+,Complete,Call 1,2.0,Postgraduate study,College graduate,More than High school graduate,White college degree,No,Unfavorable,Favorable,2.0,Omit,Was about right,Less than 100k,"$30,000 or more",50k or more,50 to 100 thousand,"$50,000-$99,999","$50,000-$99,999","Over $50,000 and white",No,No,Legal,No,Not worried,Not too worried,Disapprove,Somewhat disapprove,45+,65+,Independent/Something else,Non-black non-Democrat,White Independent,Independent,Independent Women,White Independent,Moderate,92.0,Moderate/Liberal Republicans,Moderate Independents,White,White,State questionnaire,White,White,East,No,Female,White women,Non married women,Rural,Small Cities/Rural,Maine,Election day exit poll,Generally going in the right direction,Version 1,0.954976379871368,No,No,Non-working women,All others,Non-working women
94565.0,Paul LePage,Susan Collins,,30-44,30-59,30-39,18-44,30-44,30-39,Non-Black 30-44,White 30-44,White 30-44,Complete,Call 3,2.0,College graduate,College graduate,More than High school graduate,White college degree,,,,2.0,,,,,,,,,,,No,,Yes,,,,,18-44,18-64,,,,,,,Conservative,46.0,,,White,White,National questionnaire,White,White,East,,Female,White women,Married women,Suburbs,Suburbs,Maine,Election day exit poll,,Version 3,0.86325204372406,No,,,,
63154.0,Paul LePage,Susan Collins,Paul LePage,65+,60+,65 or over,45+,60+,65+,Non-Black 60+,White 60+,White 65+,Complete,Call 1,1.0,Postgraduate study,College graduate,More than High school graduate,White college degree,No,Unfavorable,Favorable,1.0,Government is doing too many things better left to businesses and individuals,Went too far,100k or more,"$30,000 or more",50k or more,100 thousand or more,"$100,000-$199,999","$100,000-$199,999","Over $50,000 and white",Yes,No,Legal,No,Worried,Very worried,Disapprove,Strongly disapprove,45+,65+,Republican,Non-black non-Democrat,All Republicans,Republican,Republican Men,White Republican,Moderate,114.0,Conservative Republicans,Mod./Liberal Republicans,White,White,State questionnaire,White,White,East,Yes,Male,White men,Non married men,Suburbs,Suburbs,Maine,Election day exit poll,Seriously off on the wrong track,Version 1,1.54937100410461,No,Yes,Working men,All others,Working men
78601.0,Paul LePage,Susan Collins,Paul LePage,45-65,30-59,50-59,45+,45-59,50-64,Non-Black 45-59,White 45-59,White 45-64,Complete,Call 2,2.0,High school graduate,No college degree,High school graduate or less,White no college degree,Yes,Unfavorable,Favorable,2.0,Omit,Went too far,Less than 100k,"$30,000 or more",Less than 50k,Less than 50 thousand,"Under $50,000","$30,000-$49,999","Under $50,000 and white",No,No,Illegal,Yes,Worried,Somewhat worried,Disapprove,Strongly disapprove,45+,18-64,Republican,Non-black non-Democrat,All Republicans,Republican,Republican Women,White Republican,Conservative,65.0,Independent/Something else,Conservative Republicans,White,White,State questionnaire,White,White,East,Yes,Female,White women,Married women,Rural,Small Cities/Rural,Maine,Election day exit poll,Generally going in the right direction,Version 1,0.806459188461304,Yes,No,Non-working women,All others,Non-working women
80529.0,Paul LePage,Susan Collins,Paul LePage,45-65,60+,60-64,45+,60+,50-64,Non-Black 60+,White 60+,White 45-64,Complete,Call 2,2.0,Some college/assoc. degree,No college degree,More than High school graduate,White no college degree,No,Unfavorable,Unfavorable,2.0,Government is doing too many things better left to businesses and individuals,Was about right,Less than 100k,"$30,000 or more",Less than 50k,Less than 50 thousand,"Under $50,000","$30,000-$49,999","Under $50,000 and white",Yes,No,Legal,Yes,Worried,Somewhat worried,Approve,Strongly approve,45+,18-64,Independent/Something else,Non-black non-Democrat,White Independent,Independent,Independent Women,White Independent,Moderate,24.0,Moderate/Liberal Republicans,Moderate Independents,White,White,State questionnaire,White,White,East,Yes,Female,White women,Married women,Suburbs,Suburbs,Maine,Election day exit poll,Seriously off on the wrong track,Version 1,0.907227575778961,Yes,No,Non-working women,All others,Non-working women
78595.0,Paul LePage,Susan Collins,Paul LePage,30-44,30-59,40-44,18-44,30-44,40-49,Non-Black 30-44,White 30-44,White 30-44,Complete,Call 2,2.0,College graduate,College graduate,More than High school graduate,White college degree,No,Unfavorable,Favorable,2.0,Government is doing too many things better left to businesses and individuals,Went too far,Less than 100k,"$30,000 or more",50k or more,50 to 100 thousand,"$50,000-$99,999","$50,000-$99,999","Over $50,000 and white",No,No,Legal,Yes,Worried,Very worried,Disapprove,Strongly disapprove,18-44,18-64,Republican,Non-black non-Democrat,All Republicans,Republican,Republican Men,White Republican,Conservative,24.0,Independent/Something else,Conservative Republicans,White,White,State questionnaire,White,White,East,No,Male,White men,Married men,Suburbs,Suburbs,Maine,Election day exit poll,Seriously off on the wrong track,Version 1,0.862855613231659,No,Yes,Working men,All others,Working men
92110.0,Paul LePage,Susan Collins,Paul LePage,45-65,60+,60-64,45+,60+,50-64,Non-Black 60+,White 60+,White 45-64,Complete,Call 3,2.0,High school graduate,No college degree,High school graduate or less,White no college degree,No,Unfavorable,Favorable,2.0,Government is doing too many things better left to businesses and individuals,Went too far,Less than 100k,"$30,000 or more",50k or more,50 to 100 thousand,"$50,000-$99,999","$50,000-$99,999","Over $50,000 and white",No,No,Legal,Yes,Worried,Very worried,Disapprove,Strongly disapprove,45+,18-64,Independent/Something else,Non-black non-Democrat,White Independent,Independent,Independent Men,White Independent,Conservative,96.0,Moderate/Liberal Republicans,Conservative Independents,White,White,State questionnaire,White,White,East,No,Male,White men,Married men,Rural,Small Cities/Rural,Maine,Election day exit poll,Seriously off on the wrong track,Version 1,1.16772437095642,No,Yes,Working men,All others,Working men
67003.0,Paul LePage,Susan Collins,Paul LePage,30-44,30-59,40-44,18-44,30-44,40-49,Non-Black 30-44,White 30-44,White 30-44,Complete,Call 1,1.0,Some college/assoc. degree,No college degree,More than High school graduate,White no college degree,No,Unfavorable,Unfavorable,1.0,Government is doing too many things better left to businesses and individuals,Went too far,Less than 100k,"$30,000 or more",50k or more,50 to 100 thousand,"$50,000-$99,999","$50,000-$99,999","Over $50,000 and white",Yes,No,Legal,Yes,Worried,Very worried,Disapprove,Strongly disapprove,18-44,18-64,Independent/Something else,Non-black non-Democrat,White Independent,Independent,Independent Women,White Independent,Conservative,103.0,Moderate/Liberal Republicans,Conservative Independents,White,White,State questionnaire,White,White,East,No,Female,White women,Married women,Rural,Small Cities/Rural,Maine,Election day exit poll,Seriously off on the wrong track,Version 1,2.30123686790466,No,Yes,Working women,Working women,Working women
95964.0,Paul LePage,Susan Collins,Omit,45-65,30-59,50-59,45+,45-59,50-64,Non-Black 45-59,White 45-59,White 45-64,Complete,Call 3,1.0,College graduate,College graduate,More than High school graduate,White college degree,No,Unfavorable,Favorable,1.0,Government is doing too many things better left to businesses and individuals,Went too far,100k or more,"$30,000 or more",50k or more,100 thousand or more,"$100,000-$199,999","$100,000-$199,999","Over $50,000 and white",No,No,Illegal,Yes,Worried,Somewhat worried,Disapprove,Strongly disapprove,45+,18-64,Republican,Non-black non-Democrat,All Republicans,Republican,Republican Men,White Republican,Moderate,88.0,Conservative Republicans,Mod./Liberal Republicans,White,White,State questionnaire,White,White,East,No,Male,White men,Married men,Suburbs,Suburbs,Maine,Election day exit poll,Seriously off on the wrong track,Version 1,1.49222099781036,No,Yes,Working men,All others,Working men
95962.0,Paul LePage,Susan Collins,,45-65,60+,60-64,45+,60+,50-64,Non-Black 60+,White 60+,White 45-64,Complete,Call 3,2.0,High school graduate,No college degree,High school graduate or less,White no college degree,,,,2.0,,Went too far,Less than 100k,"$30,000 or more",50k or more,50 to 100 thousand,"$50,000-$99,999","$50,000-$99,999","Over $50,000 and white",,No,,No,,,,,45+,18-64,Republican,Non-black non-Democrat,All Republicans,Republican,Republican Women,White Republican,Moderate,46.0,Conservative Republicans,Mod./Liberal Republicans,White,White,National questionnaire,White,White,East,,Female,White women,Non married women,Suburbs,Suburbs,Maine,Election day exit poll,,Version 2,1.0222282409668,No,Yes,Working women,Working women,Working women
66985.0,Paul LePage,Susan Collins,,65+,60+,65 or over,45+,60+,65+,Non-Black 60+,White 60+,White 65+,Complete,Call 1,2.0,High school graduate,No college degree,High school graduate or less,White no college degree,,,,2.0,,,Less than 100k,"$30,000 or more",50k or more,50 to 100 thousand,"$50,000-$99,999","$50,000-$99,999","Over $50,000 and white",,,,,,,,,45+,65+,Republican,Non-black non-Democrat,All Republicans,Republican,Republican Women,White Republican,Conservative,46.0,Independent/Something else,Conservative Republicans,White,White,National questionnaire,White,White,East,,Female,White women,,Suburbs,Suburbs,Maine,Election day exit poll,,Version 5,1.0222282409668,No,,,,
66984.0,Paul LePage,Susan Collins,Paul LePage,18-29,18-29,25-29,18-44,18-29,25-29,Non-Black 18-29,White 18-29,White 18-29,Complete,Call 1,2.0,College graduate,College graduate,More than High school graduate,White college degree,No,Favorable,Favorable,2.0,Government should do more to solve problems,Went too far,Less than 100k,"$30,000 or more",50k or more,50 to 100 thousand,"$50,000-$99,999","$50,000-$99,999","Over $50,000 and white",No,No,Illegal,Yes,Worried,Very worried,Disapprove,Strongly disapprove,18-44,18-64,Democrat,Non-black Democrat,White Democrat,Democrat,Democratic Men,White Democrat,Liberal,76.0,Liberal Democrats,Liberal Democrats,White,White,State questionnaire,White,White,East,Yes,Male,White men,Married men,Rural,Small Cities/Rural,Maine,Election day exit poll,Seriously off on the wrong track,Version 1,1.10518765449524,No,Yes,Working men,All others,Working men
92086.0,Paul LePage,Susan Collins,Paul LePage,45-65,30-59,45-49,45+,45-59,40-49,Non-Black 45-59,Latino 45-59,Latino 45-64,Complete,Call 3,2.0,Some college/assoc. degree,No college degree,More than High school graduate,Non white no college degree,No,Unfavorable,Favorable,2.0,Government is doing too many things better left to businesses and individuals,Did not go far enough,Less than 100k,"$30,000 or more",50k or more,50 to 100 thousand,"$50,000-$99,999","$50,000-$99,999","Over $50,000 and non white",Yes,Yes,Legal,No,Worried,Somewhat worried,Disapprove,Strongly disapprove,45+,18-64,Republican,Non-black non-Democrat,All Republicans,Republican,Republican Women,All others,Moderate,65.0,Conservative Republicans,Mod./Liberal Republicans,Other,White,State questionnaire,Hispanic/Latino,Hispanic/Latino,East,Yes,Female,Latino women,Non married women,Rural,Small Cities/Rural,Maine,Election day exit poll,Generally going in the right direction,Version 1,0.806459188461304,No,Yes,Working women,Working women,Working women
61182.0,Paul LePage,Susan Collins,,18-29,18-29,18-24,18-44,18-29,18-24,Non-Black 18-29,White 18-29,White 18-29,Complete,Call 1,2.0,High school graduate,No college degree,High school graduate or less,White no college degree,,Unfavorable,Favorable,2.0,Government should do more to solve problems,,,,,,,,,,No,Illegal,,,,,,18-44,18-64,Republican,Non-black non-Democrat,All Republicans,Republican,Republican Men,White Republican,Moderate,63.0,Conservative Republicans,Mod./Liberal Republicans,White,White,National questionnaire,White,White,East,No,Male,White men,,Suburbs,Suburbs,Maine,Election day exit poll,Seriously off on the wrong track,Version 4,1.11954081058502,,,,,
65652.0,Paul LePage,Susan Collins,Paul LePage,65+,60+,65 or over,45+,60+,65+,Non-Black 60+,White 60+,White 65+,Complete,Call 1,2.0,College graduate,College graduate,More than High school graduate,White college degree,No,Unfavorable,Favorable,2.0,Government is doing too many things better left to businesses and individuals,Went too far,100k or more,"$30,000 or more",50k or more,100 thousand or more,"$200,000 or more","$200,000 or more","Over $50,000 and white",Yes,No,Illegal,Yes,Worried,Somewhat worried,Disapprove,Strongly disapprove,45+,65+,Republican,Non-black non-Democrat,All Republicans,Republican,Republican Women,White Republican,Conservative,92.0,Independent/Something else,Conservative Republicans,White,White,State questionnaire,White,White,East,No,Female,White women,Married women,Rural,Small Cities/Rural,Maine,Election day exit poll,Seriously off on the wrong track,Version 1,0.954976379871368,No,No,Non-working women,All others,Non-working women
93984.0,Paul LePage,Susan Collins,Paul LePage,45-65,30-59,45-49,45+,45-59,40-49,Non-Black 45-59,White 45-59,White 45-64,Complete,Call 3,1.0,High school graduate,No college degree,High school graduate or less,White no college degree,No,Favorable,Unfavorable,1.0,Government is doing too many things better left to businesses and individuals,Did not go far enough,Less than 100k,"$30,000 or more",Less than 50k,Less than 50 thousand,"Under $50,000","$30,000-$49,999","Under $50,000 and white",Yes,No,Illegal,No,Not worried,Not too worried,Approve,Strongly approve,45+,18-64,Democrat,Non-black Democrat,White Democrat,Democrat,Democratic Women,White Democrat,Liberal,82.0,Liberal Democrats,Liberal Democrats,White,White,State questionnaire,White,White,East,Yes,Female,White women,Non married women,Suburbs,Suburbs,Maine,Election day exit poll,Generally going in the right direction,Version 1,1.13567543029785,Yes,Yes,Working women,Working women,Working women
65633.0,Paul LePage,Susan Collins,Paul LePage,45-65,30-59,45-49,45+,45-59,40-49,Non-Black 45-59,White 45-59,White 45-64,Complete,Call 1,2.0,Some college/assoc. degree,No college degree,More than High school graduate,White no college degree,No,Unfavorable,Favorable,2.0,Government is doing too many things better left to businesses and individuals,Went too far,Less than 100k,"$30,000 or more",Less than 50k,Less than 50 thousand,"Under $50,000","$30,000-$49,999","Under $50,000 and white",No,No,Illegal,No,Worried,Very worried,Disapprove,Somewhat disapprove,45+,18-64,Republican,Non-black non-Democrat,All Republicans,Republican,Republican Men,White Republican,Conservative,65.0,Independent/Something else,Conservative Republicans,White,White,State questionnaire,White,White,East,No,Male,White men,Non married men,Rural,Small Cities/Rural,Maine,Election day exit poll,Seriously off on the wrong track,Version 1,0.908269107341766,Yes,Yes,Working men,All others,Working men
63083.0,Paul LePage,Susan Collins,Paul LePage,30-44,30-59,40-44,18-44,30-44,40-49,Non-Black 30-44,White 30-44,White 30-44,Complete,Call 1,1.0,College graduate,College graduate,More than High school graduate,White college degree,No,Unfavorable,Unfavorable,1.0,Government is doing too many things better left to businesses and individuals,Went too far,Less than 100k,"$30,000 or more",50k or more,50 to 100 thousand,"$50,000-$99,999","$50,000-$99,999","Over $50,000 and white",Yes,No,Legal,Yes,Worried,Very worried,Disapprove,Strongly disapprove,18-44,18-64,Independent/Something else,Non-black non-Democrat,White Independent,Independent,Independent Men,White Independent,Conservative,114.0,Moderate/Liberal Republicans,Conservative Independents,White,White,State questionnaire,White,White,East,Yes,Male,White men,Married men,Suburbs,Suburbs,Maine,Election day exit poll,Seriously off on the wrong track,Version 1,1.30841398239136,No,Yes,Working men,All others,Working men
66942.0,Paul LePage,Susan Collins,Paul LePage,45-65,60+,60-64,45+,60+,50-64,Non-Black 60+,White 60+,White 45-64,Complete,Call 1,2.0,High school graduate,No college degree,High school graduate or less,White no college degree,No,Favorable,Favorable,2.0,Government should do more to solve problems,Did not go far enough,Less than 100k,"$30,000 or more",Less than 50k,Less than 50 thousand,"Under $50,000","$30,000-$49,999","Under $50,000 and white",Yes,No,Legal,No,Worried,Very worried,Disapprove,Strongly disapprove,45+,18-64,Republican,Non-black non-Democrat,All Republicans,Republican,Republican Women,White Republican,Conservative,76.0,Independent/Something else,Conservative Republicans,White,White,State questionnaire,White,White,East,Yes,Female,White women,Non married women,Rural,Small Cities/Rural,Maine,Election day exit poll,Seriously off on the wrong track,Version 1,0.930489838123322,Yes,No,Non-working women,All others,Non-working women
65004.0,Paul LePage,Susan Collins,Paul LePage,45-65,30-59,50-59,45+,45-59,50-64,,,,Complete,Call 1,2.0,College graduate,College graduate,More than High school graduate,,No,Unfavorable,Favorable,2.0,Government is doing too many things better left to businesses and individuals,Went too far,Less than 100k,"$30,000 or more",50k or more,50 to 100 thousand,"$50,000-$99,999","$50,000-$99,999",,Yes,No,Illegal,Yes,Worried,Very worried,Disapprove,Strongly disapprove,45+,18-64,Republican,,,Republican,Republican Men,,Conservative,24.0,Independent/Something else,Conservative Republicans,,,State questionnaire,,,East,No,Male,,Married men,Suburbs,Suburbs,Maine,Election day exit poll,Seriously off on the wrong track,Version 1,0.795690834522247,No,Yes,Working men,All others,Working men
78511.0,Paul LePage,Susan Collins,Paul LePage,45-65,30-59,45-49,45+,45-59,40-49,Non-Black 45-59,White 45-59,White 45-64,Complete,Call 2,2.0,High school graduate,No college degree,High school graduate or less,White no college degree,No,Unfavorable,Favorable,2.0,Government should do more to solve problems,Was about right,Less than 100k,"$30,000 or more",50k or more,50 to 100 thousand,"$50,000-$99,999","$50,000-$99,999","Over $50,000 and white",Yes,No,Illegal,Yes,Worried,Somewhat worried,Approve,Somewhat approve,45+,18-64,Republican,Non-black non-Democrat,All Republicans,Republican,Republican Women,White Republican,Moderate,65.0,Conservative Republicans,Mod./Liberal Republicans,White,White,State questionnaire,White,White,East,Yes,Female,White women,Married women,Rural,Small Cities/Rural,Maine,Election day exit poll,Seriously off on the wrong track,Version 1,0.806459188461304,No,Yes,Working women,Working women,Working women
93958.0,Paul LePage,Susan Collins,Paul LePage,30-44,30-59,30-39,18-44,30-44,30-39,Non-Black 30-44,White 30-44,White 30-44,Complete,Call 3,2.0,Some college/assoc. degree,No college degree,More than High school graduate,White no college degree,No,Unfavorable,Unfavorable,2.0,Government is doing too many things better left to businesses and individuals,Went too far,Less than 100k,"Under $30,000",Less than 50k,Less than 50 thousand,"Under $50,000","Under $30,000","Under $50,000 and white",No,No,Illegal,No,Worried,Very worried,Disapprove,Strongly disapprove,18-44,18-64,Republican,Non-black non-Democrat,All Republicans,Republican,Republican Women,White Republican,Conservative,92.0,Independent/Something else,Conservative Republicans,White,White,State questionnaire,White,White,East,No,Female,White women,Non married women,Rural,Small Cities/Rural,Maine,Election day exit poll,Seriously off on the wrong track,Version 1,0.806459188461304,Yes,Yes,Working women,Working women,Working women
66922.0,Paul LePage,Susan Collins,,65+,60+,65 or over,45+,60+,65+,Non-Black 60+,White 60+,White 65+,Complete,Call 1,2.0,College graduate,College graduate,More than High school graduate,White college degree,,,,2.0,,,Less than 100k,"$30,000 or more",50k or more,50 to 100 thousand,"$50,000-$99,999","$50,000-$99,999","Over $50,000 and white",,No,,No,,,,,45+,65+,Republican,Non-black non-Democrat,All Republicans,Republican,Republican Women,White Republican,Conservative,46.0,Independent/Something else,Conservative Republicans,White,White,National questionnaire,White,White,East,,Female,White women,Non married women,Suburbs,Suburbs,Maine,Election day exit poll,,Version 3,1.0222282409668,No,,,,
64119.0,Paul LePage,Susan Collins,Paul LePage,65+,60+,65 or over,45+,60+,65+,Non-Black 60+,White 60+,White 65+,Complete,Call 1,1.0,College graduate,College graduate,More than High school graduate,White college degree,No,Unfavorable,Unfavorable,1.0,Government is doing too many things better left to businesses and individuals,Went too far,Less than 100k,"$30,000 or more",50k or more,50 to 100 thousand,"$50,000-$99,999","$50,000-$99,999","Over $50,000 and white",No,No,Legal,No,Worried,Somewhat worried,Disapprove,Strongly disapprove,45+,65+,Independent/Something else,Non-black non-Democrat,White Independent,Independent,Independent Men,White Independent,Moderate,72.0,Moderate/Liberal Republicans,Moderate Independents,White,White,State questionnaire,White,White,East,Yes,Male,White men,Non married men,"Cities 50,000-500,000","Cities over 50,000",Maine,Election day exit poll,Seriously off on the wrong track,Version 1,0.636654734611511,No,Yes,Working men,All others,Working men
76574.0,Paul LePage,Susan Collins,Paul LePage,65+,60+,65 or over,45+,60+,65+,Non-Black 60+,White 60+,White 65+,Complete,Call 2,1.0,Postgraduate study,College graduate,More than High school graduate,White college degree,No,Unfavorable,Favorable,1.0,Government is doing too many things better left to businesses and individuals,Went too far,Less than 100k,"$30,000 or more",50k or more,50 to 100 thousand,"$50,000-$99,999","$50,000-$99,999","Over $50,000 and white",No,No,Illegal,No,Worried,Very worried,Disapprove,Strongly disapprove,45+,65+,Republican,Non-black non-Democrat,All Republicans,Republican,Republican Women,White Republican,Moderate,114.0,Conservative Republicans,Mod./Liberal Republicans,White,White,State questionnaire,White,White,East,No,Female,White women,Non married women,Suburbs,Suburbs,Maine,Election day exit poll,Seriously off on the wrong track,Version 1,1.37569856643677,No,No,Non-working women,All others,Non-working women
66917.0,Paul LePage,Susan Collins,Paul LePage,18-29,18-29,25-29,18-44,18-29,25-29,Non-Black 18-29,White 18-29,White 18-29,Complete,Call 1,2.0,High school graduate,No college degree,High school graduate or less,White no college degree,No,Favorable,Favorable,2.0,Government is doing too many things better left to businesses and individuals,Was about right,Less than 100k,"$30,000 or more",50k or more,50 to 100 thousand,"$50,000-$99,999","$50,000-$99,999","Over $50,000 and white",Yes,No,Legal,Yes,Worried,Somewhat worried,Approve,Somewhat approve,18-44,18-64,Independent/Something else,Non-black non-Democrat,White Independent,Independent,Independent Men,White Independent,Conservative,96.0,Moderate/Liberal Republicans,Conservative Independents,White,White,State questionnaire,White,White,East,Yes,Male,White men,Married men,Rural,Small Cities/Rural,Maine,Election day exit poll,Generally going in the right direction,Version 1,1.23149490356445,No,Yes,Working men,All others,Working men
92012.0,Paul LePage,Susan Collins,Paul LePage,18-29,18-29,18-24,18-44,18-29,18-24,Non-Black 18-29,White 18-29,White 18-29,Complete,Call 3,2.0,College graduate,College graduate,More than High school graduate,White college degree,No,Unfavorable,Favorable,2.0,Government is doing too many things better left to businesses and individuals,Went too far,100k or more,"$30,000 or more",50k or more,100 thousand or more,"$100,000-$199,999","$100,000-$199,999","Over $50,000 and white",No,No,Legal,No,Worried,Very worried,Disapprove,Strongly disapprove,18-44,18-64,Independent/Something else,Non-black non-Democrat,White Independent,Independent,Independent Men,White Independent,Moderate,65.0,Moderate/Liberal Republicans,Moderate Independents,White,White,State questionnaire,White,White,East,No,Male,White men,Non married men,Rural,Small Cities/Rural,Maine,Election day exit poll,Seriously off on the wrong track,Version 1,1.1342716217041,No,No,Non-working men,All others,Non-working men
95866.0,Paul LePage,Susan Collins,Would not have voted,18-29,18-29,25-29,18-44,18-29,25-29,Non-Black 18-29,Latino 18-29,Latino 18-29,Complete,Call 3,1.0,Postgraduate study,College graduate,More than High school graduate,Non white college degree,Omit,Unfavorable,Unfavorable,1.0,Government is doing too many things better left to businesses and individuals,Went too far,100k or more,"$30,000 or more",50k or more,100 thousand or more,"$100,000-$199,999","$100,000-$199,999","Over $50,000 and non white",No,Yes,Legal,Yes,Worried,Somewhat worried,Disapprove,Strongly disapprove,18-44,18-64,Independent/Something else,Non-black non-Democrat,Latino Independent,Something else,Independent Women,All others,Liberal,88.0,Moderate/Liberal Republicans,Liberal Independents,Other,,State questionnaire,Hispanic/Latino,Hispanic/Latino,East,Yes,Female,Latino women,Married women,Suburbs,Suburbs,Maine,Election day exit poll,Seriously off on the wrong track,Version 1,1.52584254741669,No,Yes,Working women,Working women,Working women
95226.0,Paul LePage,Susan Collins,Paul LePage,45-65,30-59,50-59,45+,45-59,50-64,Non-Black 45-59,White 45-59,White 45-64,Complete,Call 3,2.0,Some college/assoc. degree,No college degree,More than High school graduate,White no college degree,No,Unfavorable,Favorable,2.0,Government is doing too many things better left to businesses and individuals,Went too far,Less than 100k,"$30,000 or more",Less than 50k,Less than 50 thousand,"Under $50,000","$30,000-$49,999","Under $50,000 and white",No,No,Illegal,No,Worried,Somewhat worried,Disapprove,Strongly disapprove,45+,18-64,Republican,Non-black non-Democrat,All Republicans,Republican,Republican Men,White Republican,Conservative,92.0,Independent/Something else,Conservative Republicans,White,White,State questionnaire,White,White,East,No,Male,White men,Non married men,Rural,Small Cities/Rural,Maine,Election day exit poll,Generally going in the right direction,Version 1,0.908269107341766,Yes,Yes,Working men,All others,Working men
59464.0,Paul LePage,Susan Collins,Paul LePage,45-65,60+,60-64,45+,60+,50-64,Non-Black 60+,White 60+,White 45-64,Complete,Call 1,1.0,Postgraduate study,College graduate,More than High school graduate,White college degree,No,Unfavorable,Unfavorable,1.0,Omit,Was about right,100k or more,"$30,000 or more",50k or more,100 thousand or more,"$200,000 or more","$200,000 or more","Over $50,000 and white",Yes,No,Legal,Yes,Worried,Somewhat worried,Disapprove,Strongly disapprove,45+,18-64,Democrat,Non-black Democrat,White Democrat,Democrat,Democratic Men,White Democrat,Conservative,82.0,Moderate/Conservative Democrats,Mod/Conserv. Democrats,White,White,State questionnaire,White,White,East,Yes,Male,White men,Married men,Suburbs,Suburbs,Maine,Election day exit poll,Seriously off on the wrong track,Version 1,1.51459527015686,No,No,Non-working men,All others,Non-working men
80399.0,Paul LePage,Susan Collins,Paul LePage,45-65,30-59,45-49,45+,45-59,40-49,Non-Black 45-59,White 45-59,White 45-64,Complete,Call 2,2.0,Some college/assoc. degree,No college degree,More than High school graduate,White no college degree,No,Favorable,Favorable,2.0,Government should do more to solve problems,Went too far,Less than 100k,"$30,000 or more",Less than 50k,Less than 50 thousand,"Under $50,000","$30,000-$49,999","Under $50,000 and white",No,No,Legal,No,Worried,Somewhat worried,Disapprove,Somewhat disapprove,45+,18-64,Independent/Something else,Non-black non-Democrat,White Independent,Independent,Independent Men,White Independent,Moderate,96.0,Moderate/Liberal Republicans,Moderate Independents,White,White,State questionnaire,White,White,East,No,Male,White men,Non married men,Rural,Small Cities/Rural,Maine,Election day exit poll,Generally going in the right direction,Version 1,0.986120700836182,Yes,Yes,Working men,All others,Working men
93915.0,Paul LePage,Susan Collins,Paul LePage,30-44,30-59,30-39,18-44,30-44,30-39,Non-Black 30-44,White 30-44,White 30-44,Complete,Call 3,2.0,Some college/assoc. degree,No college degree,More than High school graduate,White no college degree,No,Unfavorable,Favorable,2.0,Government is doing too many things better left to businesses and individuals,Went too far,Less than 100k,"$30,000 or more",Less than 50k,Less than 50 thousand,"Under $50,000","$30,000-$49,999","Under $50,000 and white",No,No,Legal,Yes,Worried,Very worried,Disapprove,Strongly disapprove,18-44,18-64,Republican,Non-black non-Democrat,All Republicans,Republican,Republican Women,White Republican,Moderate,24.0,Conservative Republicans,Mod./Liberal Republicans,White,White,State questionnaire,White,White,East,Yes,Female,White women,Married women,Suburbs,Suburbs,Maine,Election day exit poll,Seriously off on the wrong track,Version 1,0.766136229038239,Yes,Yes,Working women,Working women,Working women
78972.0,Paul LePage,Susan Collins,Paul LePage,65+,60+,65 or over,45+,60+,65+,Non-Black 60+,White 60+,White 65+,Complete,Call 2,2.0,High school graduate,No college degree,High school graduate or less,White no college degree,No,Unfavorable,Favorable,2.0,Government is doing too many things better left to businesses and individuals,Went too far,,,,,,,,No,No,Legal,Yes,Worried,Very worried,Disapprove,Strongly disapprove,45+,65+,Republican,Non-black non-Democrat,All Republicans,Republican,Republican Men,White Republican,Conservative,92.0,Independent/Something else,Conservative Republicans,White,White,State questionnaire,White,White,East,No,Male,White men,Married men,Rural,Small Cities/Rural,Maine,Election day exit poll,Generally going in the right direction,Version 1,1.07553553581238,,Yes,Working men,All others,Working men
61074.0,Paul LePage,Susan Collins,Paul LePage,30-44,30-59,40-44,18-44,30-44,40-49,Non-Black 30-44,White 30-44,White 30-44,Complete,Call 1,1.0,High school graduate,No college degree,High school graduate or less,White no college degree,No,Unfavorable,Favorable,1.0,Government should do more to solve problems,Went too far,Less than 100k,"Under $30,000",Less than 50k,Less than 50 thousand,"Under $50,000","Under $30,000","Under $50,000 and white",No,No,Illegal,No,Worried,Very worried,Disapprove,Strongly disapprove,18-44,18-64,Democrat,Non-black Democrat,White Democrat,Democrat,Democratic Men,White Democrat,Liberal,9.0,Liberal Democrats,Liberal Democrats,White,White,State questionnaire,White,White,East,Yes,Male,White men,Non married men,Suburbs,Suburbs,Maine,Election day exit poll,Seriously off on the wrong track,Version 1,1.27904653549194,Yes,No,Non-working men,All others,Non-working men
64925.0,Paul LePage,Susan Collins,Paul LePage,45-65,30-59,50-59,45+,45-59,50-64,Non-Black 45-59,White 45-59,White 45-64,Complete,Call 1,2.0,High school graduate,No college degree,High school graduate or less,White no college degree,No,Unfavorable,Unfavorable,2.0,Government should do more to solve problems,Was about right,Less than 100k,"$30,000 or more",50k or more,50 to 100 thousand,"$50,000-$99,999","$50,000-$99,999","Over $50,000 and white",Yes,No,Legal,No,Not worried,Not too worried,Approve,Strongly approve,45+,18-64,Independent/Something else,Non-black non-Democrat,White Independent,Independent,Independent Men,White Independent,Conservative,24.0,Moderate/Liberal Republicans,Conservative Independents,White,White,State questionnaire,White,White,East,Yes,Male,White men,Non married men,Suburbs,Suburbs,Maine,Election day exit poll,Generally going in the right direction,Version 1,0.862855613231659,No,Yes,Working men,All others,Working men
78441.0,Paul LePage,Susan Collins,Paul LePage,65+,60+,65 or over,45+,60+,65+,Non-Black 60+,White 60+,White 65+,Complete,Call 2,2.0,Some college/assoc. degree,No college degree,More than High school graduate,White no college degree,No,Unfavorable,Favorable,2.0,Government is doing too many things better left to businesses and individuals,Went too far,Less than 100k,"Under $30,000",Less than 50k,Less than 50 thousand,"Under $50,000","Under $30,000","Under $50,000 and white",Yes,No,Illegal,Yes,Worried,Very worried,Disapprove,Strongly disapprove,45+,65+,Republican,Non-black non-Democrat,All Republicans,Republican,Republican Men,White Republican,Conservative,65.0,Independent/Something else,Conservative Republicans,White,White,State questionnaire,White,White,East,No,Male,White men,Married men,Rural,Small Cities/Rural,Maine,Election day exit poll,Seriously off on the wrong track,Version 1,1.07553553581238,Yes,No,Non-working men,All others,Non-working men
66847.0,Paul LePage,Susan Collins,Paul LePage,65+,60+,65 or over,45+,60+,65+,Non-Black 60+,White 60+,White 65+,Complete,Call 1,2.0,High school graduate,No college degree,High school graduate or less,White no college degree,No,Unfavorable,Favorable,2.0,Government is doing too many things better left to businesses and individuals,Went too far,Less than 100k,"Under $30,000",Less than 50k,Less than 50 thousand,"Under $50,000","Under $30,000","Under $50,000 and white",No,No,Illegal,No,Worried,Very worried,Disapprove,Strongly disapprove,45+,65+,Independent/Something else,Non-black non-Democrat,White Independent,Independent,Independent Women,White Independent,Moderate,96.0,Moderate/Liberal Republicans,Moderate Independents,White,White,State questionnaire,White,White,East,No,Female,White women,Non married women,Rural,Small Cities/Rural,Maine,Election day exit poll,Seriously off on the wrong track,Version 1,1.03683149814606,Yes,No,Non-working women,All others,Non-working women
66845.0,Paul LePage,Susan Collins,Paul LePage,45-65,60+,60-64,45+,60+,50-64,Non-Black 60+,White 60+,White 45-64,Not complete,Call 1,2.0,,,,,,,,2.0,Government should do more to solve problems,,,,,,,,,,No,,,,,,,45+,18-64,,,,,,,,76.0,,,White,White,State questionnaire,White,White,East,No,Female,White women,,Rural,Small Cities/Rural,Maine,Election day exit poll,Seriously off on the wrong track,Version 1,0.930489838123322,,Yes,Working women,Working women,Working women
66844.0,Paul LePage,Susan Collins,,65+,60+,65 or over,45+,60+,65+,Non-Black 60+,White 60+,White 65+,Complete,Call 1,2.0,Some college/assoc. degree,No college degree,More than High school graduate,White no college degree,,Favorable,Favorable,2.0,Omit,,Less than 100k,"$30,000 or more",Less than 50k,Less than 50 thousand,"Under $50,000","$30,000-$49,999","Under $50,000 and white",,No,Illegal,,,,,,45+,65+,Republican,Non-black non-Democrat,All Republicans,Republican,Republican Women,White Republican,Conservative,46.0,Independent/Something else,Conservative Republicans,White,White,National questionnaire,White,White,East,No,Female,White women,,Suburbs,Suburbs,Maine,Election day exit poll,Seriously off on the wrong track,Version 4,1.0222282409668,Yes,,,,
93874.0,Paul LePage,Susan Collins,Paul LePage,30-44,30-59,30-39,18-44,30-44,30-39,Non-Black 30-44,White 30-44,White 30-44,Complete,Call 3,1.0,College graduate,College graduate,More than High school graduate,White college degree,No,Unfavorable,Unfavorable,1.0,Government is doing too many things better left to businesses and individuals,Went too far,Less than 100k,"$30,000 or more",Less than 50k,Less than 50 thousand,"Under $50,000","$30,000-$49,999","Under $50,000 and white",Yes,No,Legal,No,Not worried,Not too worried,Approve,Somewhat approve,18-44,18-64,Independent/Something else,Non-black non-Democrat,White Independent,Independent,Independent Men,White Independent,Liberal,9.0,Moderate/Liberal Republicans,Liberal Independents,White,White,State questionnaire,White,White,East,Yes,Male,White men,Non married men,Suburbs,Suburbs,Maine,Election day exit poll,Omit,Version 1,1.27904653549194,No,Yes,Working men,All others,Working men
76488.0,Paul LePage,Susan Collins,Paul LePage,65+,60+,65 or over,45+,60+,65+,Non-Black 60+,White 60+,White 65+,Complete,Call 2,1.0,College graduate,College graduate,More than High school graduate,White college degree,No,Unfavorable,Favorable,1.0,Government is doing too many things better left to businesses and individuals,Went too far,Less than 100k,"Under $30,000",Less than 50k,Less than 50 thousand,"Under $50,000","Under $30,000","Under $50,000 and white",Yes,No,Illegal,No,Worried,Very worried,Disapprove,Strongly disapprove,45+,65+,Republican,Non-black non-Democrat,All Republicans,Republican,Republican Men,White Republican,Conservative,114.0,Independent/Something else,Conservative Republicans,White,White,State questionnaire,White,White,East,No,Male,White men,Non married men,Suburbs,Suburbs,Maine,Election day exit poll,Omit,Version 1,1.54937100410461,No,No,Non-working men,All others,Non-working men
93861.0,Paul LePage,Susan Collins,Paul LePage,30-44,30-59,40-44,18-44,30-44,40-49,Non-Black 30-44,White 30-44,White 30-44,Complete,Call 3,1.0,Some college/assoc. degree,No college degree,More than High school graduate,White no college degree,No,Favorable,Unfavorable,1.0,Government is doing too many things better left to businesses and individuals,Was about right,Less than 100k,"$30,000 or more",50k or more,50 to 100 thousand,"$50,000-$99,999","$50,000-$99,999","Over $50,000 and white",Yes,No,Illegal,Yes,Not worried,Not at all worried,Disapprove,Somewhat disapprove,18-44,18-64,Republican,Non-black non-Democrat,All Republicans,Republican,Republican Men,White Republican,Moderate,82.0,Conservative Republicans,Mod./Liberal Republicans,White,White,State questionnaire,White,White,East,Yes,Male,White men,Married men,Suburbs,Suburbs,Maine,Election day exit poll,Seriously off on the wrong track,Version 1,1.27904653549194,No,Yes,Working men,All others,Working men
64895.0,Paul LePage,Susan Collins,Paul LePage,65+,60+,65 or over,45+,60+,65+,Non-Black 60+,White 60+,White 65+,Not complete,Call 1,1.0,,,,,,,,1.0,Government should do more to solve problems,,,,,,,,,,No,,,,,,,45+,65+,,,,,,,,88.0,,,White,White,State questionnaire,White,White,East,No,Female,White women,,Suburbs,Suburbs,Maine,Election day exit poll,Seriously off on the wrong track,Version 1,1.56895780563354,,No,Non-working women,All others,Non-working women
64893.0,Paul LePage,Susan Collins,Paul LePage,65+,60+,65 or over,45+,60+,65+,Non-Black 60+,White 60+,White 65+,Not complete,Call 1,1.0,,,,,,,,1.0,Government should do more to solve problems,,,,,,,,,,No,,,,,,,45+,65+,,,,,,,,88.0,,,White,White,State questionnaire,White,White,East,No,Female,White women,,Suburbs,Suburbs,Maine,Election day exit poll,Seriously off on the wrong track,Version 1,1.56895780563354,,No,Non-working women,All others,Non-working women
66823.0,Paul LePage,Susan Collins,Paul LePage,45-65,30-59,50-59,45+,45-59,50-64,Non-Black 45-59,White 45-59,White 45-64,Complete,Call 1,1.0,Some college/assoc. degree,No college degree,More than High school graduate,White no college degree,No,Favorable,Favorable,1.0,Government is doing too many things better left to businesses and individuals,Went too far,Less than 100k,"Under $30,000",Less than 50k,Less than 50 thousand,"Under $50,000","Under $30,000","Under $50,000 and white",Yes,No,Illegal,No,Worried,Somewhat worried,Approve,Somewhat approve,45+,18-64,Independent/Something else,Non-black non-Democrat,White Independent,Independent,Independent Women,White Independent,Moderate,103.0,Moderate/Liberal Republicans,Moderate Independents,White,White,State questionnaire,White,White,East,No,Female,White women,Non married women,Rural,Small Cities/Rural,Maine,Election day exit poll,Seriously off on the wrong track,Version 1,2.30123686790466,Yes,Yes,Working women,Working women,Working women
91921.0,Paul LePage,Susan Collins,Paul LePage,45-65,30-59,50-59,45+,45-59,50-64,Non-Black 45-59,White 45-59,White 45-64,Complete,Call 3,2.0,High school graduate,No college degree,High school graduate or less,White no college degree,No,Omit,Omit,2.0,Omit,Went too far,Less than 100k,"Under $30,000",Less than 50k,Less than 50 thousand,"Under $50,000","Under $30,000","Under $50,000 and white",Yes,No,Illegal,No,Worried,Somewhat worried,Disapprove,Strongly disapprove,45+,18-64,Republican,Non-black non-Democrat,All Republicans,Republican,Republican Men,White Republican,Moderate,65.0,Conservative Republicans,Mod./Liberal Republicans,White,White,State questionnaire,White,White,East,Yes,Male,White men,Non married men,Rural,Small Cities/Rural,Maine,Election day exit poll,Seriously off on the wrong track,Version 1,0.908269107341766,Yes,Yes,Working men,All others,Working men
95755.0,Paul LePage,Susan Collins,Paul LePage,30-44,30-59,40-44,18-44,30-44,40-49,Non-Black 30-44,White 30-44,White 30-44,Complete,Call 3,1.0,,,,,Yes,Unfavorable,Favorable,1.0,Government should do more to solve problems,Went too far,100k or more,"$30,000 or more",50k or more,100 thousand or more,"$100,000-$199,999","$100,000-$199,999","Over $50,000 and white",No,No,Illegal,Yes,Worried,Somewhat worried,Disapprove,Somewhat disapprove,18-44,18-64,Republican,Non-black non-Democrat,All Republicans,Republican,Republican Men,White Republican,Conservative,114.0,Independent/Something else,Conservative Republicans,White,White,State questionnaire,White,White,East,No,Male,White men,Married men,Suburbs,Suburbs,Maine,Election day exit poll,Generally going in the right direction,Version 1,1.30841398239136,No,Yes,Working men,All others,Working men
74533.0,Paul LePage,Susan Collins,,18-29,18-29,18-24,18-44,18-29,18-24,Non-Black 18-29,White 18-29,White 18-29,Complete,Call 2,2.0,High school graduate,No college degree,High school graduate or less,White no college degree,,,,2.0,,,100k or more,"$30,000 or more",50k or more,100 thousand or more,"$100,000-$199,999","$100,000-$199,999","Over $50,000 and white",,No,,,,,,,18-44,18-64,Republican,Non-black non-Democrat,All Republicans,Republican,Republican Women,White Republican,Moderate,63.0,Conservative Republicans,Mod./Liberal Republicans,White,White,National questionnaire,White,White,East,,Female,White women,,Suburbs,Suburbs,Maine,Election day exit poll,,Version 5,0.994048953056335,No,,,,
80324.0,Paul LePage,Susan Collins,Paul LePage,65+,60+,65 or over,45+,60+,65+,Non-Black 60+,White 60+,White 65+,Complete,Call 2,2.0,College graduate,College graduate,More than High school graduate,White college degree,No,Unfavorable,Favorable,2.0,Government is doing too many things better left to businesses and individuals,Was about right,Less than 100k,"Under $30,000",Less than 50k,Less than 50 thousand,"Under $50,000","Under $30,000","Under $50,000 and white",No,No,Illegal,,Worried,Very worried,Disapprove,Strongly disapprove,45+,65+,Republican,Non-black non-Democrat,All Republicans,Republican,Republican Women,White Republican,Moderate,24.0,Conservative Republicans,Mod./Liberal Republicans,White,White,State questionnaire,White,White,East,Yes,Female,White women,,Suburbs,Suburbs,Maine,Election day exit poll,Seriously off on the wrong track,Version 1,0.907227575778961,No,No,Non-working women,All others,Non-working women
78392.0,Paul LePage,Susan Collins,Paul LePage,45-65,30-59,50-59,45+,45-59,50-64,Non-Black 45-59,White 45-59,White 45-64,Complete,Call 2,2.0,Some college/assoc. degree,No college degree,More than High school graduate,White no college degree,No,Omit,Omit,2.0,Omit,Did not go far enough,Less than 100k,"$30,000 or more",50k or more,50 to 100 thousand,"$50,000-$99,999","$50,000-$99,999","Over $50,000 and white",Yes,No,Legal,Yes,Worried,Very worried,Omit,Omit,45+,18-64,Independent/Something else,Non-black non-Democrat,White Independent,Independent,Independent Women,White Independent,Moderate,65.0,Moderate/Liberal Republicans,Moderate Independents,White,White,State questionnaire,White,White,East,Yes,Female,White women,Married women,Rural,Small Cities/Rural,Maine,Election day exit poll,Seriously off on the wrong track,Version 1,0.806459188461304,No,Yes,Working women,Working women,Working women
92779.0,Paul LePage,Susan Collins,Paul LePage,30-44,30-59,30-39,18-44,30-44,30-39,Non-Black 30-44,White 30-44,White 30-44,Complete,Call 3,2.0,High school graduate,No college degree,High school graduate or less,White no college degree,No,Unfavorable,Unfavorable,2.0,Government should do more to solve problems,Went too far,Less than 100k,"$30,000 or more",50k or more,50 to 100 thousand,"$50,000-$99,999","$50,000-$99,999","Over $50,000 and white",Yes,No,Legal,No,Worried,Very worried,Disapprove,Somewhat disapprove,18-44,18-64,Independent/Something else,Non-black non-Democrat,White Independent,Independent,Independent Men,White Independent,Liberal,76.0,Moderate/Liberal Republicans,Liberal Independents,White,White,State questionnaire,White,White,East,No,Male,White men,Non married men,Rural,Small Cities/Rural,Maine,Election day exit poll,Seriously off on the wrong track,Version 1,0.884980142116547,No,Yes,Working men,All others,Working men
76759.0,Paul LePage,Susan Collins,Paul LePage,45-65,30-59,50-59,45+,45-59,50-64,Non-Black 45-59,White 45-59,White 45-64,Complete,Call 2,1.0,Some college/assoc. degree,No college degree,More than High school graduate,White no college degree,No,Unfavorable,Favorable,1.0,Government should do more to solve problems,Did not go far enough,Less than 100k,"$30,000 or more",50k or more,50 to 100 thousand,"$50,000-$99,999","$50,000-$99,999","Over $50,000 and white",No,No,Illegal,No,Worried,Somewhat worried,Disapprove,Somewhat disapprove,45+,18-64,Republican,Non-black non-Democrat,All Republicans,Republican,Republican Women,White Republican,Moderate,114.0,Conservative Republicans,Mod./Liberal Republicans,White,White,State questionnaire,White,White,East,Yes,Female,White women,Non married women,Suburbs,Suburbs,Maine,Election day exit poll,Seriously off on the wrong track,Version 1,1.16175091266632,No,No,Non-working women,All others,Non-working women
66800.0,Paul LePage,Susan Collins,Paul LePage,65+,60+,65 or over,45+,60+,65+,Non-Black 60+,White 60+,White 65+,Complete,Call 1,2.0,College graduate,College graduate,More than High school graduate,White college degree,No,Unfavorable,Unfavorable,2.0,Government is doing too many things better left to businesses and individuals,Went too far,Less than 100k,"$30,000 or more",50k or more,50 to 100 thousand,"$50,000-$99,999","$50,000-$99,999","Over $50,000 and white",No,No,Illegal,Yes,Not worried,Not too worried,Disapprove,Strongly disapprove,45+,65+,Republican,Non-black non-Democrat,All Republicans,Republican,Republican Men,White Republican,Conservative,76.0,Independent/Something else,Conservative Republicans,White,White,State questionnaire,White,White,East,No,Male,White men,Married men,Rural,Small Cities/Rural,Maine,Election day exit poll,Seriously off on the wrong track,Version 1,1.04795777797699,No,No,Non-working men,All others,Non-working men
64860.0,Paul LePage,Susan Collins,Paul LePage,65+,60+,65 or over,45+,60+,65+,Non-Black 60+,White 60+,White 65+,Complete,Call 1,1.0,Some college/assoc. degree,No college degree,More than High school graduate,White no college degree,No,Unfavorable,Unfavorable,1.0,Government is doing too many things better left to businesses and individuals,Went too far,Less than 100k,"$30,000 or more",50k or more,50 to 100 thousand,"$50,000-$99,999","$50,000-$99,999","Over $50,000 and white",No,No,Legal,Yes,Worried,Somewhat worried,Disapprove,Strongly disapprove,45+,65+,Republican,Non-black non-Democrat,All Republicans,Republican,Republican Women,White Republican,Conservative,72.0,Independent/Something else,Conservative Republicans,White,White,State questionnaire,White,White,East,Yes,Female,White women,Married women,"Cities 50,000-500,000","Cities over 50,000",Maine,Election day exit poll,Seriously off on the wrong track,Version 1,0.565290689468384,No,No,Non-working women,All others,Non-working women
91890.0,Paul LePage,Susan Collins,Paul LePage,45-65,30-59,45-49,45+,45-59,40-49,Non-Black 45-59,White 45-59,White 45-64,Complete,Call 3,2.0,Some college/assoc. degree,No college degree,More than High school graduate,White no college degree,No,Favorable,Favorable,2.0,Government should do more to solve problems,Did not go far enough,,,,,,,,No,No,Illegal,Yes,Worried,Somewhat worried,Approve,Somewhat approve,45+,18-64,Democrat,Non-black Democrat,White Democrat,Democrat,Democratic Women,White Democrat,Liberal,24.0,Liberal Democrats,Liberal Democrats,White,White,State questionnaire,White,White,East,Yes,Female,White women,Married women,Suburbs,Suburbs,Maine,Election day exit poll,Generally going in the right direction,Version 1,0.766136229038239,,Yes,Working women,Working women,Working women
91880.0,Paul LePage,Susan Collins,Paul LePage,45-65,30-59,50-59,45+,45-59,50-64,Non-Black 45-59,White 45-59,White 45-64,Complete,Call 3,2.0,College graduate,College graduate,More than High school graduate,White college degree,No,Unfavorable,Favorable,2.0,Government is doing too many things better left to businesses and individuals,Went too far,Less than 100k,"$30,000 or more",50k or more,50 to 100 thousand,"$50,000-$99,999","$50,000-$99,999","Over $50,000 and white",No,No,Illegal,Yes,Worried,Very worried,Disapprove,Strongly disapprove,45+,18-64,Republican,Non-black non-Democrat,All Republicans,Republican,Republican Women,White Republican,Conservative,96.0,Independent/Something else,Conservative Republicans,White,White,State questionnaire,White,White,East,No,Female,White women,Married women,Rural,Small Cities/Rural,Maine,Election day exit poll,Seriously off on the wrong track,Version 1,0.875584244728088,No,Yes,Working women,Working women,Working women
93796.0,Paul LePage,Susan Collins,Paul LePage,30-44,30-59,30-39,18-44,30-44,30-39,Non-Black 30-44,White 30-44,White 30-44,Complete,Call 3,2.0,Some college/assoc. degree,No college degree,More than High school graduate,White no college degree,No,Unfavorable,Favorable,2.0,Government is doing too many things better left to businesses and individuals,Went too far,Less than 100k,"Under $30,000",Less than 50k,Less than 50 thousand,"Under $50,000","Under $30,000","Under $50,000 and white",Yes,No,Legal,Yes,Worried,Very worried,Disapprove,Strongly disapprove,18-44,18-64,Independent/Something else,Non-black non-Democrat,White Independent,Independent,Independent Women,White Independent,Moderate,24.0,Moderate/Liberal Republicans,Moderate Independents,White,White,State questionnaire,White,White,East,No,Female,White women,Married women,Suburbs,Suburbs,Maine,Election day exit poll,Seriously off on the wrong track,Version 1,0.766136229038239,Yes,No,Non-working women,All others,Non-working women
95526.0,Paul LePage,Susan Collins,,45-65,30-59,50-59,45+,45-59,50-64,Non-Black 45-59,White 45-59,White 45-64,Complete,Call 3,2.0,Some college/assoc. degree,No college degree,More than High school graduate,White no college degree,,,,2.0,,,Less than 100k,"$30,000 or more",Less than 50k,Less than 50 thousand,"Under $50,000","$30,000-$49,999","Under $50,000 and white",,No,,No,,,,,45+,18-64,Republican,Non-black non-Democrat,All Republicans,Republican,Republican Men,White Republican,Moderate,46.0,Conservative Republicans,Mod./Liberal Republicans,White,White,National questionnaire,White,White,East,,Male,White men,Non married men,Suburbs,Suburbs,Maine,Election day exit poll,,Version 3,0.972231686115265,Yes,,,,
96178.0,Paul LePage,Susan Collins,Paul LePage,65+,60+,65 or over,45+,60+,65+,Non-Black 60+,White 60+,White 65+,Complete,Call 3,1.0,College graduate,College graduate,More than High school graduate,White college degree,No,Unfavorable,Unfavorable,1.0,Government is doing too many things better left to businesses and individuals,Went too far,Less than 100k,"$30,000 or more",Less than 50k,Less than 50 thousand,"Under $50,000","$30,000-$49,999","Under $50,000 and white",Yes,No,Illegal,Yes,Worried,Very worried,Disapprove,Strongly disapprove,45+,65+,Republican,Non-black non-Democrat,All Republicans,Republican,Republican Women,White Republican,Conservative,88.0,Independent/Something else,Conservative Republicans,White,White,State questionnaire,White,White,East,No,Female,White women,Married women,Suburbs,Suburbs,Maine,Election day exit poll,Seriously off on the wrong track,Version 1,1.56895780563354,No,Yes,Working women,Working women,Working women
95677.0,Paul LePage,Susan Collins,,45-65,60+,60-64,45+,60+,50-64,Non-Black 60+,White 60+,White 45-64,Complete,Call 3,2.0,Some college/assoc. degree,No college degree,More than High school graduate,White no college degree,,Unfavorable,Favorable,2.0,Omit,,Less than 100k,"$30,000 or more",50k or more,50 to 100 thousand,"$50,000-$99,999","$50,000-$99,999","Over $50,000 and white",,No,Illegal,,,,,,45+,18-64,Democrat,Non-black Democrat,White Democrat,Democrat,Democratic Men,White Democrat,Moderate,46.0,Moderate/Conservative Democrats,Mod/Conserv. Democrats,White,White,National questionnaire,White,White,East,No,Male,White men,,Suburbs,Suburbs,Maine,Election day exit poll,Seriously off on the wrong track,Version 4,1.15127754211426,No,,,,
94524.0,Paul LePage,Susan Collins,Paul LePage,45-65,30-59,50-59,45+,45-59,50-64,Non-Black 45-59,White 45-59,White 45-64,Complete,Call 3,2.0,Postgraduate study,College graduate,More than High school graduate,White college degree,No,Unfavorable,Favorable,2.0,Government is doing too many things better left to businesses and individuals,Went too far,Less than 100k,"$30,000 or more",50k or more,50 to 100 thousand,"$50,000-$99,999","$50,000-$99,999","Over $50,000 and white",Yes,No,Illegal,Yes,Worried,Very worried,Disapprove,Strongly disapprove,45+,18-64,Independent/Something else,Non-black non-Democrat,White Independent,Independent,Independent Women,White Independent,Conservative,92.0,Moderate/Liberal Republicans,Conservative Independents,White,White,State questionnaire,White,White,East,Yes,Female,White women,Married women,Rural,Small Cities/Rural,Maine,Election day exit poll,Seriously off on the wrong track,Version 1,0.806459188461304,No,Yes,Working women,Working women,Working women
80220.0,Paul LePage,Susan Collins,Paul LePage,45-65,30-59,50-59,45+,45-59,50-64,Non-Black 45-59,White 45-59,White 45-64,Complete,Call 2,2.0,Some college/assoc. degree,No college degree,More than High school graduate,White no college degree,No,Unfavorable,Favorable,2.0,Government is doing too many things better left to businesses and individuals,Went too far,100k or more,"$30,000 or more",50k or more,100 thousand or more,"$100,000-$199,999","$100,000-$199,999","Over $50,000 and white",No,No,Illegal,Yes,Worried,Somewhat worried,Disapprove,Strongly disapprove,45+,18-64,Republican,Non-black non-Democrat,All Republicans,Republican,Republican Men,White Republican,Moderate,96.0,Conservative Republicans,Mod./Liberal Republicans,White,White,State questionnaire,White,White,East,No,Male,White men,Married men,Rural,Small Cities/Rural,Maine,Election day exit poll,Seriously off on the wrong track,Version 1,0.986120700836182,No,Yes,Working men,All others,Working men
93067.0,Paul LePage,Susan Collins,Paul LePage,45-65,30-59,50-59,45+,45-59,50-64,Non-Black 45-59,White 45-59,White 45-64,Complete,Call 3,1.0,Postgraduate study,College graduate,More than High school graduate,White college degree,No,Unfavorable,Favorable,1.0,Government is doing too many things better left to businesses and individuals,Went too far,100k or more,"$30,000 or more",50k or more,100 thousand or more,"$100,000-$199,999","$100,000-$199,999","Over $50,000 and white",Yes,No,Illegal,Yes,Worried,Very worried,Disapprove,Strongly disapprove,45+,18-64,Republican,Non-black non-Democrat,All Republicans,Republican,Republican Men,White Republican,Conservative,72.0,Independent/Something else,Conservative Republicans,White,White,State questionnaire,White,White,East,No,Male,White men,Married men,"Cities 50,000-500,000","Cities over 50,000",Maine,Election day exit poll,Seriously off on the wrong track,Version 1,0.537642657756805,No,Yes,Working men,All others,Working men
74413.0,Paul LePage,Susan Collins,,18-29,18-29,18-24,18-44,18-29,18-24,Non-Black 18-29,White 18-29,White 18-29,Complete,Call 2,2.0,High school graduate,No college degree,High school graduate or less,White no college degree,,,,2.0,,,Less than 100k,"$30,000 or more",50k or more,50 to 100 thousand,"$50,000-$99,999","$50,000-$99,999","Over $50,000 and white",,No,,,,,,,18-44,18-64,Independent/Something else,Non-black non-Democrat,White Independent,Independent,Independent Men,White Independent,Moderate,63.0,Moderate/Liberal Republicans,Moderate Independents,White,White,National questionnaire,White,White,East,,Male,White men,,Suburbs,Suburbs,Maine,Election day exit poll,,Version 5,1.11954081058502,No,,,,
91786.0,Paul LePage,Susan Collins,Mike Michaud,30-44,30-59,30-39,18-44,30-44,30-39,Non-Black 30-44,White 30-44,White 30-44,Complete,Call 3,2.0,High school graduate,No college degree,High school graduate or less,White no college degree,No,Favorable,Favorable,2.0,Government should do more to solve problems,Was about right,Less than 100k,"$30,000 or more",50k or more,50 to 100 thousand,"$50,000-$99,999","$50,000-$99,999","Over $50,000 and white",No,No,Illegal,Yes,Omit,Omit,Approve,Somewhat approve,18-44,18-64,Republican,Non-black non-Democrat,All Republicans,Republican,Republican Men,White Republican,Moderate,65.0,Conservative Republicans,Mod./Liberal Republicans,White,White,State questionnaire,White,White,East,No,Male,White men,Married men,Rural,Small Cities/Rural,Maine,Election day exit poll,Seriously off on the wrong track,Version 1,0.908269107341766,No,Yes,Working men,All others,Working men
95636.0,Paul LePage,Susan Collins,Paul LePage,18-29,18-29,25-29,18-44,18-29,25-29,Non-Black 18-29,White 18-29,White 18-29,Complete,Call 3,1.0,College graduate,College graduate,More than High school graduate,White college degree,No,Unfavorable,Favorable,1.0,Government should do more to solve problems,Did not go far enough,Less than 100k,"$30,000 or more",50k or more,50 to 100 thousand,"$50,000-$99,999","$50,000-$99,999","Over $50,000 and white",Yes,No,Legal,No,Worried,Somewhat worried,Disapprove,Strongly disapprove,18-44,18-64,Republican,Non-black non-Democrat,All Republicans,Republican,Republican Women,White Republican,Liberal,103.0,Conservative Republicans,Mod./Liberal Republicans,White,White,State questionnaire,White,White,East,Yes,Female,White women,Non married women,Rural,Small Cities/Rural,Maine,Election day exit poll,Generally going in the right direction,Version 1,2.87384843826294,No,Yes,Working women,Working women,Working women
76325.0,Paul LePage,Susan Collins,,30-44,30-59,30-39,18-44,30-44,30-39,Non-Black 30-44,White 30-44,White 30-44,Complete,Call 2,2.0,Postgraduate study,College graduate,More than High school graduate,White college degree,,,,2.0,,,Less than 100k,"$30,000 or more",50k or more,50 to 100 thousand,"$50,000-$99,999","$50,000-$99,999","Over $50,000 and white",,No,,,Worried,Somewhat worried,Disapprove,Somewhat disapprove,18-44,18-64,Independent/Something else,Non-black non-Democrat,White Independent,Something else,Independent Women,White Independent,Moderate,46.0,Moderate/Liberal Republicans,Moderate Independents,White,White,National questionnaire,White,White,East,,Female,White women,,Suburbs,Suburbs,Maine,Election day exit poll,,Version 1,0.86325204372406,No,,,,
82115.0,Paul LePage,Susan Collins,Paul LePage,30-44,30-59,30-39,18-44,30-44,30-39,Non-Black 30-44,White 30-44,White 30-44,Complete,Call 2,1.0,Some college/assoc. degree,No college degree,More than High school graduate,White no college degree,No,Unfavorable,Favorable,1.0,Government is doing too many things better left to businesses and individuals,Went too far,Less than 100k,"Under $30,000",Less than 50k,Less than 50 thousand,"Under $50,000","Under $30,000","Under $50,000 and white",Yes,No,Legal,Yes,Worried,Somewhat worried,Disapprove,Strongly disapprove,18-44,18-64,Independent/Something else,Non-black non-Democrat,White Independent,Independent,Independent Women,White Independent,Moderate,103.0,Moderate/Liberal Republicans,Moderate Independents,White,White,State questionnaire,White,White,East,No,Female,White women,Married women,Rural,Small Cities/Rural,Maine,Election day exit poll,Seriously off on the wrong track,Version 1,2.30123686790466,Yes,Yes,Working women,Working women,Working women
76318.0,Paul LePage,Susan Collins,Paul LePage,30-44,30-59,30-39,18-44,30-44,30-39,Non-Black 30-44,White 30-44,White 30-44,Complete,Call 2,1.0,Some college/assoc. degree,No college degree,More than High school graduate,White no college degree,No,Unfavorable,Favorable,1.0,Government is doing too many things better left to businesses and individuals,Went too far,100k or more,"$30,000 or more",50k or more,100 thousand or more,"$100,000-$199,999","$100,000-$199,999","Over $50,000 and white",Yes,No,Legal,Yes,Worried,Somewhat worried,Disapprove,Strongly disapprove,18-44,18-64,Republican,Non-black non-Democrat,All Republicans,Republican,Republican Women,White Republican,Conservative,114.0,Independent/Something else,Conservative Republicans,White,White,State questionnaire,White,White,East,Yes,Female,White women,Married women,Suburbs,Suburbs,Maine,Election day exit poll,Seriously off on the wrong track,Version 1,1.16175091266632,No,Yes,Working women,Working women,Working women
93692.0,Paul LePage,Susan Collins,Paul LePage,45-65,30-59,50-59,45+,45-59,50-64,Non-Black 45-59,White 45-59,White 45-64,Complete,Call 3,2.0,College graduate,College graduate,More than High school graduate,White college degree,No,Unfavorable,Favorable,2.0,Government is doing too many things better left to businesses and individuals,Went too far,Less than 100k,"$30,000 or more",50k or more,50 to 100 thousand,"$50,000-$99,999","$50,000-$99,999","Over $50,000 and white",No,No,Legal,No,Worried,Very worried,Disapprove,Strongly disapprove,45+,18-64,Independent/Something else,Non-black non-Democrat,White Independent,Independent,Independent Women,White Independent,Liberal,24.0,Moderate/Liberal Republicans,Liberal Independents,White,White,State questionnaire,White,White,East,No,Female,White women,Non married women,Suburbs,Suburbs,Maine,Election day exit poll,Seriously off on the wrong track,Version 1,0.766136229038239,No,Yes,Working women,Working women,Working women
66654.0,Paul LePage,Susan Collins,Paul LePage,65+,60+,65 or over,45+,60+,65+,Non-Black 60+,White 60+,White 65+,Complete,Call 1,2.0,Some college/assoc. degree,No college degree,More than High school graduate,White no college degree,No,Unfavorable,Favorable,2.0,Government is doing too many things better left to businesses and individuals,Went too far,Less than 100k,"Under $30,000",Less than 50k,Less than 50 thousand,"Under $50,000","Under $30,000","Under $50,000 and white",Yes,No,Illegal,No,Not worried,Not at all worried,Disapprove,Strongly disapprove,45+,65+,Republican,Non-black non-Democrat,All Republicans,Republican,Republican Men,White Republican,Conservative,96.0,Independent/Something else,Conservative Republicans,White,White,State questionnaire,White,White,East,Yes,Male,White men,Non married men,Rural,Small Cities/Rural,Maine,Election day exit poll,Generally going in the right direction,Version 1,1.16772437095642,Yes,No,Non-working men,All others,Non-working men
93684.0,Paul LePage,Susan Collins,Paul LePage,30-44,30-59,30-39,18-44,30-44,30-39,Non-Black 30-44,White 30-44,White 30-44,Complete,Call 3,1.0,College graduate,College graduate,More than High school graduate,White college degree,No,Omit,Omit,1.0,Government is doing too many things better left to businesses and individuals,Did not go far enough,Less than 100k,"$30,000 or more",Less than 50k,Less than 50 thousand,"Under $50,000","$30,000-$49,999","Under $50,000 and white",Yes,No,Legal,No,Worried,Somewhat worried,Approve,Somewhat approve,18-44,18-64,Independent/Something else,Non-black non-Democrat,White Independent,Independent,Independent Women,White Independent,Moderate,82.0,Moderate/Liberal Republicans,Moderate Independents,White,White,State questionnaire,White,White,East,Yes,Female,White women,Non married women,Suburbs,Suburbs,Maine,Election day exit poll,Seriously off on the wrong track,Version 1,1.13567543029785,No,Yes,Working women,Working women,Working women
80166.0,Paul LePage,Susan Collins,Paul LePage,30-44,30-59,30-39,18-44,30-44,30-39,Non-Black 30-44,White 30-44,White 30-44,Complete,Call 2,2.0,Some college/assoc. degree,No college degree,More than High school graduate,White no college degree,No,Unfavorable,Favorable,2.0,Government is doing too many things better left to businesses and individuals,Went too far,Less than 100k,"$30,000 or more",50k or more,50 to 100 thousand,"$50,000-$99,999","$50,000-$99,999","Over $50,000 and white",Yes,No,Legal,No,Worried,Very worried,Disapprove,Strongly disapprove,18-44,18-64,Republican,Non-black non-Democrat,All Republicans,Republican,Republican Men,White Republican,Conservative,24.0,Independent/Something else,Conservative Republicans,White,White,State questionnaire,White,White,East,No,Male,White men,Non married men,Suburbs,Suburbs,Maine,Election day exit poll,Seriously off on the wrong track,Version 1,0.862855613231659,No,Yes,Working men,All others,Working men
66648.0,Paul LePage,Susan Collins,Paul LePage,30-44,30-59,30-39,18-44,30-44,30-39,Non-Black 30-44,White 30-44,White 30-44,Complete,Call 1,2.0,College graduate,College graduate,More than High school graduate,White college degree,No,Unfavorable,Favorable,2.0,Government is doing too many things better left to businesses and individuals,Went too far,Less than 100k,"$30,000 or more",50k or more,50 to 100 thousand,"$50,000-$99,999","$50,000-$99,999","Over $50,000 and white",Yes,No,Illegal,Yes,Worried,Somewhat worried,Disapprove,Strongly disapprove,18-44,18-64,Republican,Non-black non-Democrat,All Republicans,Republican,Republican Women,White Republican,Conservative,76.0,Independent/Something else,Conservative Republicans,White,White,State questionnaire,White,White,East,Yes,Female,White women,Married women,Rural,Small Cities/Rural,Maine,Election day exit poll,Seriously off on the wrong track,Version 1,0.785780727863312,No,Yes,Working women,Working women,Working women
60843.0,Paul LePage,Susan Collins,Paul LePage,18-29,18-29,25-29,18-44,18-29,25-29,Non-Black 18-29,White 18-29,White 18-29,Complete,Call 1,1.0,Some college/assoc. degree,No college degree,More than High school graduate,White no college degree,No,Unfavorable,Favorable,1.0,Government should do more to solve problems,Went too far,,,,,,,,Yes,No,Legal,Yes,Worried,Very worried,Disapprove,Strongly disapprove,18-44,18-64,Republican,Non-black non-Democrat,All Republicans,Republican,Republican Women,White Republican,Conservative,9.0,Independent/Something else,Conservative Republicans,White,White,State questionnaire,White,White,East,Yes,Female,White women,Married women,Suburbs,Suburbs,Maine,Election day exit poll,Seriously off on the wrong track,Version 1,1.41826283931732,,Yes,Working women,Working women,Working women
95596.0,Paul LePage,Susan Collins,,45-65,30-59,50-59,45+,45-59,50-64,Non-Black 45-59,White 45-59,White 45-64,Complete,Call 3,2.0,College graduate,College graduate,More than High school graduate,White college degree,,,,2.0,,,Less than 100k,"$30,000 or more",50k or more,50 to 100 thousand,"$50,000-$99,999","$50,000-$99,999","Over $50,000 and white",,No,,,Worried,Very worried,Approve,Somewhat approve,45+,18-64,Democrat,Non-black Democrat,White Democrat,Democrat,Democratic Women,White Democrat,Liberal,46.0,Liberal Democrats,Liberal Democrats,White,White,National questionnaire,White,White,East,,Female,White women,,Suburbs,Suburbs,Maine,Election day exit poll,,Version 1,0.86325204372406,No,,,,
93664.0,Paul LePage,Susan Collins,Paul LePage,30-44,30-59,30-39,18-44,30-44,30-39,Non-Black 30-44,White 30-44,White 30-44,Complete,Call 3,2.0,High school graduate,No college degree,High school graduate or less,White no college degree,No,Favorable,Favorable,2.0,Government is doing too many things better left to businesses and individuals,Went too far,Less than 100k,"$30,000 or more",Less than 50k,Less than 50 thousand,"Under $50,000","$30,000-$49,999","Under $50,000 and white",Yes,No,Legal,Yes,Not worried,Not too worried,Approve,Somewhat approve,18-44,18-64,Independent/Something else,Non-black non-Democrat,White Independent,Independent,Independent Men,White Independent,Moderate,96.0,Moderate/Liberal Republicans,Moderate Independents,White,White,State questionnaire,White,White,East,Yes,Male,White men,Married men,Rural,Small Cities/Rural,Maine,Election day exit poll,Generally going in the right direction,Version 1,0.986120700836182,Yes,Yes,Working men,All others,Working men
60834.0,Paul LePage,Susan Collins,Paul LePage,65+,60+,65 or over,45+,60+,65+,Non-Black 60+,White 60+,White 65+,Complete,Call 1,1.0,Postgraduate study,College graduate,More than High school graduate,White college degree,No,Unfavorable,Favorable,1.0,Government is doing too many things better left to businesses and individuals,Went too far,Less than 100k,"$30,000 or more",50k or more,50 to 100 thousand,"$50,000-$99,999","$50,000-$99,999","Over $50,000 and white",Yes,No,Illegal,Yes,Worried,Somewhat worried,Disapprove,Strongly disapprove,45+,65+,Republican,Non-black non-Democrat,All Republicans,Republican,Republican Women,White Republican,Moderate,82.0,Conservative Republicans,Mod./Liberal Republicans,White,White,State questionnaire,White,White,East,Yes,Female,White women,Married women,Suburbs,Suburbs,Maine,Election day exit poll,Seriously off on the wrong track,Version 1,1.34482097625732,No,Yes,Working women,Working women,Working women
72839.0,Paul LePage,Susan Collins,Paul LePage,18-29,18-29,25-29,18-44,18-29,25-29,Non-Black 18-29,White 18-29,White 18-29,Complete,Call 2,1.0,College graduate,College graduate,More than High school graduate,White college degree,No,Unfavorable,Favorable,1.0,Government should do more to solve problems,Was about right,Less than 100k,"Under $30,000",Less than 50k,Less than 50 thousand,"Under $50,000","Under $30,000","Under $50,000 and white",Yes,No,Legal,No,Worried,Somewhat worried,Disapprove,Somewhat disapprove,18-44,18-64,Republican,Non-black non-Democrat,All Republicans,Republican,Republican Women,White Republican,Liberal,72.0,Conservative Republicans,Mod./Liberal Republicans,White,White,State questionnaire,White,White,East,Yes,Female,White women,Non married women,"Cities 50,000-500,000","Cities over 50,000",Maine,Election day exit poll,Seriously off on the wrong track,Version 1,0.596161723136902,No,Yes,Working women,Working women,Working women
62756.0,Paul LePage,Susan Collins,Paul LePage,65+,60+,65 or over,45+,60+,65+,Non-Black 60+,White 60+,White 65+,Complete,Call 1,1.0,College graduate,College graduate,More than High school graduate,White college degree,No,Unfavorable,Unfavorable,1.0,Government is doing too many things better left to businesses and individuals,Was about right,,,,,,,,No,No,Illegal,Yes,Worried,Somewhat worried,Approve,Somewhat approve,45+,65+,Independent/Something else,Non-black non-Democrat,White Independent,Independent,Independent Men,White Independent,Moderate,72.0,Moderate/Liberal Republicans,Moderate Independents,White,White,State questionnaire,White,White,East,Yes,Male,White men,Married men,"Cities 50,000-500,000","Cities over 50,000",Maine,Election day exit poll,Seriously off on the wrong track,Version 1,0.636654734611511,No,Yes,Working men,All others,Working men
93320.0,Paul LePage,Susan Collins,Omit,30-44,30-59,40-44,18-44,30-44,40-49,Non-Black 30-44,White 30-44,White 30-44,Complete,Call 3,1.0,College graduate,College graduate,More than High school graduate,White college degree,No,Unfavorable,Unfavorable,1.0,Government is doing too many things better left to businesses and individuals,Was about right,100k or more,"$30,000 or more",50k or more,100 thousand or more,"$200,000 or more","$200,000 or more","Over $50,000 and white",Yes,No,Legal,Yes,Worried,Somewhat worried,Disapprove,Somewhat disapprove,18-44,18-64,Independent/Something else,Non-black non-Democrat,White Independent,Independent,Independent Men,White Independent,Conservative,82.0,Moderate/Liberal Republicans,Conservative Independents,White,White,State questionnaire,White,White,East,Yes,Male,White men,Married men,Suburbs,Suburbs,Maine,Election day exit poll,Generally going in the right direction,Version 1,1.27904653549194,No,Yes,Working men,All others,Working men
94651.0,Paul LePage,Susan Collins,Paul LePage,65+,60+,65 or over,45+,60+,65+,Non-Black 60+,White 60+,White 65+,Complete,Call 3,2.0,Some college/assoc. degree,No college degree,More than High school graduate,White no college degree,No,Unfavorable,Unfavorable,2.0,Government is doing too many things better left to businesses and individuals,Went too far,Less than 100k,"$30,000 or more",50k or more,50 to 100 thousand,"$50,000-$99,999","$50,000-$99,999","Over $50,000 and white",Yes,No,Legal,Yes,Worried,Somewhat worried,Disapprove,Somewhat disapprove,45+,65+,Independent/Something else,Non-black non-Democrat,White Independent,Independent,Independent Men,White Independent,Moderate,92.0,Moderate/Liberal Republicans,Moderate Independents,White,White,State questionnaire,White,White,East,Yes,Male,White men,Married men,Rural,Small Cities/Rural,Maine,Election day exit poll,Seriously off on the wrong track,Version 1,1.07553553581238,No,Yes,Working men,All others,Working men
95961.0,Paul LePage,Susan Collins,,45-65,60+,60-64,45+,60+,50-64,Non-Black 60+,White 60+,White 45-64,Complete,Call 3,2.0,High school graduate,No college degree,High school graduate or less,White no college degree,,,,2.0,,Went too far,Less than 100k,"$30,000 or more",50k or more,50 to 100 thousand,"$50,000-$99,999","$50,000-$99,999","Over $50,000 and white",,No,,No,,,,,45+,18-64,Republican,Non-black non-Democrat,All Republicans,Republican,Republican Women,White Republican,Moderate,46.0,Conservative Republicans,Mod./Liberal Republicans,White,White,National questionnaire,White,White,East,,Female,White women,Non married women,Suburbs,Suburbs,Maine,Election day exit poll,,Version 2,1.0222282409668,No,Yes,Working women,Working women,Working women
94478.0,Paul LePage,Susan Collins,,30-44,30-59,40-44,18-44,30-44,40-49,Non-Black 30-44,White 30-44,White 30-44,Complete,Call 3,2.0,College graduate,College graduate,More than High school graduate,White college degree,,,,2.0,,,Less than 100k,"Under $30,000",Less than 50k,Less than 50 thousand,"Under $50,000","Under $30,000","Under $50,000 and white",,No,,,Worried,Very worried,Disapprove,Strongly disapprove,18-44,18-64,Independent/Something else,Non-black non-Democrat,White Independent,Independent,Independent Men,White Independent,Conservative,46.0,Moderate/Liberal Republicans,Conservative Independents,White,White,National questionnaire,White,White,East,,Male,White men,,Suburbs,Suburbs,Maine,Election day exit poll,,Version 1,0.972231686115265,No,,,,
91692.0,Paul LePage,Susan Collins,Paul LePage,30-44,30-59,30-39,18-44,30-44,30-39,Non-Black 30-44,White 30-44,White 30-44,Complete,Call 3,2.0,College graduate,College graduate,More than High school graduate,White college degree,No,Unfavorable,Unfavorable,2.0,Government is doing too many things better left to businesses and individuals,Was about right,Less than 100k,"$30,000 or more",50k or more,50 to 100 thousand,"$50,000-$99,999","$50,000-$99,999","Over $50,000 and white",Yes,No,Legal,Yes,Worried,Somewhat worried,Disapprove,Somewhat disapprove,18-44,18-64,Independent/Something else,Non-black non-Democrat,White Independent,Something else,Independent Women,White Independent,Moderate,22.0,Moderate/Liberal Republicans,Moderate Independents,White,White,State questionnaire,White,White,East,Yes,Female,White women,Married women,Rural,Small Cities/Rural,Maine,Election day exit poll,Seriously off on the wrong track,Version 1,1.07527887821198,No,Yes,Working women,Working women,Working women
91687.0,Paul LePage,Susan Collins,Paul LePage,30-44,30-59,40-44,18-44,30-44,40-49,Non-Black 30-44,White 30-44,White 30-44,Complete,Call 3,2.0,College graduate,College graduate,More than High school graduate,White college degree,No,Unfavorable,Unfavorable,2.0,Government is doing too many things better left to businesses and individuals,Went too far,Less than 100k,"$30,000 or more",Less than 50k,Less than 50 thousand,"Under $50,000","$30,000-$49,999","Under $50,000 and white",Yes,No,Legal,No,Worried,Somewhat worried,Approve,Somewhat approve,18-44,18-64,Independent/Something else,Non-black non-Democrat,White Independent,Independent,Independent Women,White Independent,Conservative,65.0,Moderate/Liberal Republicans,Conservative Independents,White,White,State questionnaire,White,White,East,Yes,Female,White women,Non married women,Rural,Small Cities/Rural,Maine,Election day exit poll,Generally going in the right direction,Version 1,0.806459188461304,No,Yes,Working women,Working women,Working women
66579.0,Paul LePage,Susan Collins,Paul LePage,45-65,30-59,50-59,45+,45-59,50-64,Non-Black 45-59,White 45-59,White 45-64,Complete,Call 1,2.0,College graduate,College graduate,More than High school graduate,White college degree,No,Unfavorable,Favorable,2.0,Government should do more to solve problems,Went too far,Less than 100k,"$30,000 or more",50k or more,50 to 100 thousand,"$50,000-$99,999","$50,000-$99,999","Over $50,000 and white",No,No,Illegal,Yes,Worried,Very worried,Disapprove,Strongly disapprove,45+,18-64,Republican,Non-black non-Democrat,All Republicans,Republican,Republican Women,White Republican,Conservative,76.0,Independent/Something else,Conservative Republicans,White,White,State questionnaire,White,White,East,No,Female,White women,Married women,Rural,Small Cities/Rural,Maine,Election day exit poll,Seriously off on the wrong track,Version 1,0.785780727863312,No,Yes,Working women,Working women,Working women
62715.0,Paul LePage,Susan Collins,Paul LePage,45-65,30-59,45-49,45+,45-59,40-49,Non-Black 45-59,White 45-59,White 45-64,Complete,Call 1,1.0,College graduate,College graduate,More than High school graduate,White college degree,No,Unfavorable,Favorable,1.0,Government is doing too many things better left to businesses and individuals,Went too far,100k or more,"$30,000 or more",50k or more,100 thousand or more,"$200,000 or more","$200,000 or more","Over $50,000 and white",No,No,Illegal,Yes,Worried,Very worried,Disapprove,Strongly disapprove,45+,18-64,Republican,Non-black non-Democrat,All Republicans,Republican,Republican Men,White Republican,Conservative,114.0,Independent/Something else,Conservative Republicans,White,White,State questionnaire,White,White,East,No,Male,White men,Married men,Suburbs,Suburbs,Maine,Election day exit poll,Seriously off on the wrong track,Version 1,1.30841398239136,No,Yes,Working men,All others,Working men
64630.0,Paul LePage,Susan Collins,Paul LePage,45-65,30-59,50-59,45+,45-59,50-64,Non-Black 45-59,White 45-59,White 45-64,Complete,Call 1,1.0,College graduate,College graduate,More than High school graduate,White college degree,No,Unfavorable,Favorable,1.0,Government is doing too many things better left to businesses and individuals,Went too far,100k or more,"$30,000 or more",50k or more,100 thousand or more,"$100,000-$199,999","$100,000-$199,999","Over $50,000 and white",No,No,Illegal,Yes,Not worried,Not at all worried,Disapprove,Strongly disapprove,45+,18-64,Republican,Non-black non-Democrat,All Republicans,Republican,Republican Men,White Republican,Conservative,88.0,Independent/Something else,Conservative Republicans,White,White,State questionnaire,White,White,East,Yes,Male,White men,Married men,Suburbs,Suburbs,Maine,Election day exit poll,Seriously off on the wrong track,Version 1,1.49222099781036,No,No,Non-working men,All others,Non-working men
94655.0,Paul LePage,Susan Collins,Paul LePage,45-65,30-59,50-59,45+,45-59,50-64,Non-Black 45-59,White 45-59,White 45-64,Complete,Call 3,1.0,Postgraduate study,College graduate,More than High school graduate,White college degree,No,Unfavorable,Favorable,1.0,Government is doing too many things better left to businesses and individuals,Went too far,Less than 100k,"$30,000 or more",Less than 50k,Less than 50 thousand,"Under $50,000","$30,000-$49,999","Under $50,000 and white",Yes,No,Illegal,Yes,Worried,Very worried,Disapprove,Strongly disapprove,45+,18-64,Republican,Non-black non-Democrat,All Republicans,Republican,Republican Women,White Republican,Moderate,114.0,Conservative Republicans,Mod./Liberal Republicans,White,White,State questionnaire,White,White,East,Yes,Female,White women,Married women,Suburbs,Suburbs,Maine,Election day exit poll,Seriously off on the wrong track,Version 1,1.16175091266632,No,Yes,Working women,Working women,Working women
93584.0,Paul LePage,Susan Collins,Paul LePage,45-65,30-59,50-59,45+,45-59,50-64,Non-Black 45-59,White 45-59,White 45-64,Complete,Call 3,2.0,Postgraduate study,College graduate,More than High school graduate,White college degree,No,Unfavorable,Favorable,2.0,Government is doing too many things better left to businesses and individuals,Went too far,100k or more,"$30,000 or more",50k or more,100 thousand or more,"$100,000-$199,999","$100,000-$199,999","Over $50,000 and white",No,No,Illegal,Yes,Worried,Very worried,Disapprove,Strongly disapprove,45+,18-64,Republican,Non-black non-Democrat,All Republicans,Republican,Republican Women,White Republican,Conservative,76.0,Independent/Something else,Conservative Republicans,White,White,State questionnaire,White,White,East,No,Female,White women,Married women,Rural,Small Cities/Rural,Maine,Election day exit poll,Seriously off on the wrong track,Version 1,0.785780727863312,No,Yes,Working women,Working women,Working women
93580.0,Paul LePage,Susan Collins,Paul LePage,45-65,60+,60-64,45+,60+,50-64,Non-Black 60+,White 60+,White 45-64,Complete,Call 3,2.0,Some college/assoc. degree,No college degree,More than High school graduate,White no college degree,Omit,Omit,Omit,2.0,Omit,Omit,Less than 100k,"$30,000 or more",50k or more,50 to 100 thousand,"$50,000-$99,999","$50,000-$99,999","Over $50,000 and white",Yes,No,Illegal,No,Worried,Very worried,Disapprove,Strongly disapprove,45+,18-64,Republican,Non-black non-Democrat,All Republicans,Republican,Republican Women,White Republican,Conservative,24.0,Independent/Something else,Conservative Republicans,White,White,State questionnaire,White,White,East,Yes,Female,White women,Non married women,Suburbs,Suburbs,Maine,Election day exit poll,Seriously off on the wrong track,Version 1,0.907227575778961,No,Yes,Working women,Working women,Working women
80048.0,Paul LePage,Susan Collins,Paul LePage,45-65,30-59,50-59,45+,45-59,50-64,Non-Black 45-59,White 45-59,White 45-64,Complete,Call 2,2.0,College graduate,College graduate,More than High school graduate,White college degree,No,Unfavorable,Favorable,2.0,Government is doing too many things better left to businesses and individuals,Went too far,100k or more,"$30,000 or more",50k or more,100 thousand or more,"$100,000-$199,999","$100,000-$199,999","Over $50,000 and white",Yes,No,Legal,Yes,Worried,Somewhat worried,Disapprove,Strongly disapprove,45+,18-64,Republican,Non-black non-Democrat,All Republicans,Republican,Republican Men,White Republican,Moderate,76.0,Conservative Republicans,Mod./Liberal Republicans,White,White,State questionnaire,White,White,East,Yes,Male,White men,Married men,Rural,Small Cities/Rural,Maine,Election day exit poll,Seriously off on the wrong track,Version 1,0.884980142116547,No,Yes,Working men,All others,Working men
66523.0,Paul LePage,Susan Collins,,30-44,30-59,30-39,18-44,30-44,30-39,Non-Black 30-44,White 30-44,White 30-44,Complete,Call 1,2.0,Some college/assoc. degree,No college degree,More than High school graduate,White no college degree,,,,2.0,,Went too far,Less than 100k,"$30,000 or more",50k or more,50 to 100 thousand,"$50,000-$99,999","$50,000-$99,999","Over $50,000 and white",,No,,Yes,,,,,18-44,18-64,Republican,Non-black non-Democrat,All Republicans,Republican,Republican Men,White Republican,Moderate,46.0,Conservative Republicans,Mod./Liberal Republicans,White,White,National questionnaire,White,White,East,,Male,White men,Married men,Suburbs,Suburbs,Maine,Election day exit poll,,Version 2,0.972231686115265,No,Yes,Working men,All others,Working men
91624.0,Paul LePage,Susan Collins,Paul LePage,65+,60+,65 or over,45+,60+,65+,Non-Black 60+,White 60+,White 65+,Complete,Call 3,2.0,College graduate,College graduate,More than High school graduate,White college degree,No,Unfavorable,Favorable,2.0,Government is doing too many things better left to businesses and individuals,Went too far,,,,,,,,Yes,No,Legal,No,Worried,Very worried,Disapprove,Strongly disapprove,45+,65+,Republican,Non-black non-Democrat,All Republicans,Republican,Republican Men,White Republican,Liberal,22.0,Conservative Republicans,Mod./Liberal Republicans,White,White,State questionnaire,White,White,East,Yes,Male,White men,Non married men,Rural,Small Cities/Rural,Maine,Election day exit poll,Seriously off on the wrong track,Version 1,1.43404746055603,No,Yes,Working men,All others,Working men
91618.0,Paul LePage,Susan Collins,Paul LePage,18-29,18-29,18-24,18-44,18-29,18-24,Non-Black 18-29,White 18-29,White 18-29,Complete,Call 3,2.0,Some college/assoc. degree,No college degree,More than High school graduate,White no college degree,No,Favorable,Favorable,2.0,Government is doing too many things better left to businesses and individuals,Went too far,Less than 100k,"Under $30,000",Less than 50k,Less than 50 thousand,"Under $50,000","Under $30,000","Under $50,000 and white",Yes,No,Legal,No,Worried,Somewhat worried,Disapprove,Somewhat disapprove,18-44,18-64,Democrat,Non-black Democrat,White Democrat,Democrat,Democratic Women,White Democrat,Moderate,65.0,Moderate/Conservative Democrats,Mod/Conserv. Democrats,White,White,State questionnaire,White,White,East,Yes,Female,White women,Non married women,Rural,Small Cities/Rural,Maine,Election day exit poll,Generally going in the right direction,Version 1,1.00712847709656,Yes,Yes,Working women,Working women,Working women
66512.0,Paul LePage,Susan Collins,Paul LePage,65+,60+,65 or over,45+,60+,65+,Non-Black 60+,White 60+,White 65+,Complete,Call 1,2.0,Some college/assoc. degree,No college degree,More than High school graduate,White no college degree,No,Unfavorable,Favorable,2.0,Government should do more to solve problems,Did not go far enough,Less than 100k,"Under $30,000",Less than 50k,Less than 50 thousand,"Under $50,000","Under $30,000","Under $50,000 and white",No,No,Illegal,No,Worried,Very worried,Disapprove,Somewhat disapprove,45+,65+,Republican,Non-black non-Democrat,All Republicans,Republican,Republican Men,White Republican,Liberal,76.0,Conservative Republicans,Mod./Liberal Republicans,White,White,State questionnaire,White,White,East,No,Male,White men,Non married men,Rural,Small Cities/Rural,Maine,Election day exit poll,Seriously off on the wrong track,Version 1,1.04795777797699,Yes,No,Non-working men,All others,Non-working men
76906.0,Paul LePage,Susan Collins,,45-65,60+,60-64,45+,60+,50-64,Non-Black 60+,White 60+,White 45-64,Complete,Call 2,2.0,High school graduate,No college degree,High school graduate or less,White no college degree,,,,2.0,,,Less than 100k,"Under $30,000",Less than 50k,Less than 50 thousand,"Under $50,000","Under $30,000","Under $50,000 and white",,No,,,,,,,45+,18-64,Democrat,Non-black Democrat,White Democrat,Democrat,Democratic Women,White Democrat,Liberal,46.0,Liberal Democrats,Liberal Democrats,White,White,National questionnaire,White,White,East,,Female,White women,,Suburbs,Suburbs,Maine,Election day exit poll,,Version 5,1.0222282409668,Yes,,,,
94080.0,Paul LePage,Susan Collins,Paul LePage,45-65,30-59,45-49,45+,45-59,40-49,Non-Black 45-59,White 45-59,White 45-64,Complete,Call 3,1.0,High school graduate,No college degree,High school graduate or less,White no college degree,No,Unfavorable,Favorable,1.0,Government is doing too many things better left to businesses and individuals,Went too far,Less than 100k,"$30,000 or more",Less than 50k,Less than 50 thousand,"Under $50,000","$30,000-$49,999","Under $50,000 and white",Yes,No,Legal,No,Worried,Very worried,Disapprove,Strongly disapprove,45+,18-64,Republican,Non-black non-Democrat,All Republicans,Republican,Republican Men,White Republican,Moderate,82.0,Conservative Republicans,Mod./Liberal Republicans,White,White,State questionnaire,White,White,East,No,Male,White men,Non married men,Suburbs,Suburbs,Maine,Election day exit poll,Seriously off on the wrong track,Version 1,1.27904653549194,Yes,Yes,Working men,All others,Working men
95460.0,Paul LePage,Susan Collins,,18-29,18-29,25-29,18-44,18-29,25-29,Non-Black 18-29,Latino 18-29,Latino 18-29,Complete,Call 3,2.0,High school graduate,No college degree,High school graduate or less,Non white no college degree,,,,2.0,,Went too far,,,,,,,,,Yes,,Yes,,,,,18-44,18-64,Republican,Non-black non-Democrat,All Republicans,Republican,Republican Men,All others,Moderate,46.0,Conservative Republicans,Mod./Liberal Republicans,Other,White,National questionnaire,Hispanic/Latino,Hispanic/Latino,East,,Male,Latino men,Married men,Suburbs,Suburbs,Maine,Election day exit poll,,Version 2,1.21414983272552,No,Yes,Working men,All others,Working men
64557.0,Paul LePage,Susan Collins,Paul LePage,45-65,30-59,50-59,45+,45-59,50-64,Non-Black 45-59,White 45-59,White 45-64,Complete,Call 1,1.0,High school graduate,No college degree,High school graduate or less,White no college degree,No,Unfavorable,Favorable,1.0,Government is doing too many things better left to businesses and individuals,Did not go far enough,Less than 100k,"Under $30,000",Less than 50k,Less than 50 thousand,"Under $50,000","Under $30,000","Under $50,000 and white",No,No,Illegal,Yes,Worried,Somewhat worried,Approve,Somewhat approve,45+,18-64,Republican,Non-black non-Democrat,All Republicans,Republican,Republican Women,White Republican,Moderate,88.0,Conservative Republicans,Mod./Liberal Republicans,White,White,State questionnaire,White,White,East,No,Female,White women,Married women,Suburbs,Suburbs,Maine,Election day exit poll,Generally going in the right direction,Version 1,1.3249546289444,Yes,No,Non-working women,All others,Non-working women
79391.0,Paul LePage,Susan Collins,Would not have voted,18-29,18-29,25-29,18-44,18-29,25-29,Non-Black 18-29,White 18-29,White 18-29,Complete,Call 2,2.0,College graduate,College graduate,More than High school graduate,White college degree,Omit,Unfavorable,Omit,2.0,Government should do more to solve problems,Did not go far enough,Less than 100k,"$30,000 or more",50k or more,50 to 100 thousand,"$50,000-$99,999","$50,000-$99,999","Over $50,000 and white",Omit,No,Legal,,Worried,Very worried,Disapprove,Somewhat disapprove,18-44,18-64,Republican,Non-black non-Democrat,All Republicans,Republican,Republican Men,White Republican,Conservative,96.0,Independent/Something else,Conservative Republicans,White,White,State questionnaire,White,White,East,No,Male,White men,,Rural,Small Cities/Rural,Maine,Election day exit poll,Seriously off on the wrong track,Version 1,1.23149490356445,No,Yes,Working men,All others,Working men
93517.0,Paul LePage,Susan Collins,Paul LePage,45-65,60+,60-64,45+,60+,50-64,Non-Black 60+,White 60+,White 45-64,Complete,Call 3,2.0,High school graduate,No college degree,High school graduate or less,White no college degree,No,Unfavorable,Unfavorable,2.0,Government is doing too many things better left to businesses and individuals,Went too far,Less than 100k,"$30,000 or more",Less than 50k,Less than 50 thousand,"Under $50,000","$30,000-$49,999","Under $50,000 and white",No,No,Illegal,Yes,Worried,Somewhat worried,Disapprove,Somewhat disapprove,45+,18-64,Democrat,Non-black Democrat,White Democrat,Democrat,Democratic Men,White Democrat,Conservative,96.0,Moderate/Conservative Democrats,Mod/Conserv. Democrats,White,White,State questionnaire,White,White,East,No,Male,White men,Married men,Rural,Small Cities/Rural,Maine,Election day exit poll,Seriously off on the wrong track,Version 1,1.16772437095642,Yes,Yes,Working men,All others,Working men
76137.0,Paul LePage,Susan Collins,,18-29,18-29,18-24,18-44,18-29,18-24,Non-Black 18-29,White 18-29,White 18-29,Complete,Call 2,2.0,High school graduate,No college degree,High school graduate or less,White no college degree,,,,2.0,,,100k or more,"$30,000 or more",50k or more,100 thousand or more,"$200,000 or more","$200,000 or more","Over $50,000 and white",,No,,No,,,,,18-44,18-64,Republican,Non-black non-Democrat,All Republicans,Republican,Republican Men,White Republican,Conservative,46.0,Independent/Something else,Conservative Republicans,White,White,National questionnaire,White,White,East,,Male,White men,Non married men,Suburbs,Suburbs,Maine,Election day exit poll,,Version 3,1.21414983272552,No,,,,
92781.0,Paul LePage,Susan Collins,Paul LePage,18-29,18-29,25-29,18-44,18-29,25-29,Non-Black 18-29,White 18-29,White 18-29,Complete,Call 3,1.0,Some college/assoc. degree,No college degree,More than High school graduate,White no college degree,No,Favorable,Favorable,1.0,Government is doing too many things better left to businesses and individuals,Was about right,Less than 100k,"$30,000 or more",Less than 50k,Less than 50 thousand,"Under $50,000","$30,000-$49,999","Under $50,000 and white",Yes,No,Legal,No,Worried,Very worried,Disapprove,Somewhat disapprove,18-44,18-64,Independent/Something else,Non-black non-Democrat,White Independent,Independent,Independent Women,White Independent,Moderate,72.0,Moderate/Liberal Republicans,Moderate Independents,White,White,State questionnaire,White,White,East,Yes,Female,White women,Non married women,"Cities 50,000-500,000","Cities over 50,000",Maine,Election day exit poll,Generally going in the right direction,Version 1,0.596161723136902,Yes,Yes,Working women,Working women,Working women
95442.0,Paul LePage,Susan Collins,Paul LePage,45-65,30-59,50-59,45+,45-59,50-64,Non-Black 45-59,White 45-59,White 45-64,Complete,Call 3,1.0,College graduate,College graduate,More than High school graduate,White college degree,No,Unfavorable,Favorable,1.0,Government is doing too many things better left to businesses and individuals,Did not go far enough,Less than 100k,"$30,000 or more",50k or more,50 to 100 thousand,"$50,000-$99,999","$50,000-$99,999","Over $50,000 and white",No,No,Illegal,No,Worried,Very worried,Disapprove,Somewhat disapprove,45+,18-64,Republican,Non-black non-Democrat,All Republicans,Republican,Republican Women,White Republican,Moderate,88.0,Conservative Republicans,Mod./Liberal Republicans,White,White,State questionnaire,White,White,East,Yes,Female,White women,Non married women,Suburbs,Suburbs,Maine,Election day exit poll,Seriously off on the wrong track,Version 1,1.3249546289444,No,Yes,Working women,Working women,Working women
95225.0,Paul LePage,Susan Collins,Paul LePage,45-65,30-59,50-59,45+,45-59,50-64,Non-Black 45-59,White 45-59,White 45-64,Complete,Call 3,2.0,Some college/assoc. degree,No college degree,More than High school graduate,White no college degree,No,Unfavorable,Favorable,2.0,Government is doing too many things better left to businesses and individuals,Went too far,Less than 100k,"$30,000 or more",Less than 50k,Less than 50 thousand,"Under $50,000","$30,000-$49,999","Under $50,000 and white",No,No,Illegal,No,Worried,Somewhat worried,Disapprove,Strongly disapprove,45+,18-64,Republican,Non-black non-Democrat,All Republicans,Republican,Republican Men,White Republican,Conservative,92.0,Independent/Something else,Conservative Republicans,White,White,State questionnaire,White,White,East,No,Male,White men,Non married men,Rural,Small Cities/Rural,Maine,Election day exit poll,Generally going in the right direction,Version 1,0.908269107341766,Yes,Yes,Working men,All others,Working men
66467.0,Paul LePage,Susan Collins,Paul LePage,30-44,30-59,30-39,18-44,30-44,30-39,Non-Black 30-44,White 30-44,White 30-44,Complete,Call 1,2.0,High school graduate,No college degree,High school graduate or less,White no college degree,No,Unfavorable,Favorable,2.0,Government is doing too many things better left to businesses and individuals,Went too far,Less than 100k,"$30,000 or more",Less than 50k,Less than 50 thousand,"Under $50,000","$30,000-$49,999","Under $50,000 and white",Yes,No,Legal,No,Worried,Very worried,Disapprove,Strongly disapprove,18-44,18-64,Republican,Non-black non-Democrat,All Republicans,Republican,Republican Men,White Republican,Moderate,96.0,Conservative Republicans,Mod./Liberal Republicans,White,White,State questionnaire,White,White,East,Yes,Male,White men,Non married men,Rural,Small Cities/Rural,Maine,Election day exit poll,Seriously off on the wrong track,Version 1,0.986120700836182,Yes,Yes,Working men,All others,Working men
60975.0,Paul LePage,Susan Collins,,18-29,18-29,18-24,18-44,18-29,18-24,Non-Black 18-29,White 18-29,White 18-29,Complete,Call 1,2.0,High school graduate,No college degree,High school graduate or less,White no college degree,,Unfavorable,Favorable,2.0,Government is doing too many things better left to businesses and individuals,,Less than 100k,"Under $30,000",Less than 50k,Less than 50 thousand,"Under $50,000","Under $30,000","Under $50,000 and white",,No,Legal,,,,,,18-44,18-64,Independent/Something else,Non-black non-Democrat,White Independent,Something else,Independent Men,White Independent,Conservative,63.0,Moderate/Liberal Republicans,Conservative Independents,White,White,National questionnaire,White,White,East,Yes,Male,White men,,Suburbs,Suburbs,Maine,Election day exit poll,Seriously off on the wrong track,Version 4,1.11954081058502,Yes,,,,
72246.0,Paul LePage,Susan Collins,Paul LePage,45-65,30-59,50-59,45+,45-59,50-64,Non-Black 45-59,All others,All others,Complete,Call 2,1.0,Postgraduate study,College graduate,More than High school graduate,Non white college degree,No,Unfavorable,Unfavorable,1.0,Government is doing too many things better left to businesses and individuals,Went too far,Less than 100k,"Under $30,000",Less than 50k,Less than 50 thousand,"Under $50,000","Under $30,000","Under $50,000 and non white",No,No,Illegal,No,Worried,Somewhat worried,Disapprove,Somewhat disapprove,45+,18-64,Republican,Non-black non-Democrat,All Republicans,Republican,Republican Men,All others,Moderate,82.0,Conservative Republicans,Mod./Liberal Republicans,Other,Asian,State questionnaire,Asian,Asian,East,Yes,Male,All other races,Non married men,Suburbs,Suburbs,Maine,Election day exit poll,Seriously off on the wrong track,Version 1,1.27904653549194,No,Yes,Working men,All others,Working men
66452.0,Paul LePage,Susan Collins,,18-29,18-29,18-24,18-44,18-29,18-24,Non-Black 18-29,White 18-29,White 18-29,Complete,Call 1,2.0,College graduate,College graduate,More than High school graduate,White college degree,,,,2.0,,,Less than 100k,"$30,000 or more",50k or more,50 to 100 thousand,"$50,000-$99,999","$50,000-$99,999","Over $50,000 and white",,No,,,Worried,Somewhat worried,Disapprove,Strongly disapprove,18-44,18-64,Republican,Non-black non-Democrat,All Republicans,Republican,Republican Women,White Republican,Moderate,46.0,Conservative Republicans,Mod./Liberal Republicans,White,White,National questionnaire,White,White,East,,Female,White women,,Suburbs,Suburbs,Maine,Election day exit poll,,Version 1,1.0780531167984,No,,,,
74169.0,Paul LePage,Susan Collins,Paul LePage,18-29,18-29,18-24,18-44,18-29,18-24,Non-Black 18-29,White 18-29,White 18-29,Complete,Call 2,1.0,Some college/assoc. degree,No college degree,More than High school graduate,White no college degree,No,Unfavorable,Favorable,1.0,Government should do more to solve problems,Went too far,100k or more,"$30,000 or more",50k or more,100 thousand or more,"$100,000-$199,999","$100,000-$199,999","Over $50,000 and white",Yes,No,Legal,No,Worried,Somewhat worried,Disapprove,Strongly disapprove,18-44,18-64,Republican,Non-black non-Democrat,All Republicans,Republican,Republican Women,White Republican,Conservative,9.0,Independent/Something else,Conservative Republicans,White,White,State questionnaire,White,White,East,Yes,Female,White women,Non married women,Suburbs,Suburbs,Maine,Election day exit poll,Generally going in the right direction,Version 1,1.41826283931732,No,No,Non-working women,All others,Non-working women
79961.0,Paul LePage,Susan Collins,Paul LePage,65+,60+,65 or over,45+,60+,65+,Non-Black 60+,White 60+,White 65+,Complete,Call 2,2.0,Some college/assoc. degree,No college degree,More than High school graduate,White no college degree,No,Unfavorable,Favorable,2.0,Government is doing too many things better left to businesses and individuals,Went too far,,,,,,,,Yes,No,Illegal,Yes,Worried,Very worried,Approve,Strongly approve,45+,65+,Independent/Something else,Non-black non-Democrat,White Independent,Independent,Independent Women,White Independent,Moderate,24.0,Moderate/Liberal Republicans,Moderate Independents,White,White,State questionnaire,White,White,East,No,Female,White women,Married women,Suburbs,Suburbs,Maine,Election day exit poll,Seriously off on the wrong track,Version 1,0.907227575778961,,No,Non-working women,All others,Non-working women
66443.0,Paul LePage,Susan Collins,Paul LePage,65+,60+,65 or over,45+,60+,65+,Non-Black 60+,White 60+,White 65+,Complete,Call 1,2.0,Some college/assoc. degree,No college degree,More than High school graduate,White no college degree,No,Favorable,Unfavorable,2.0,Government is doing too many things better left to businesses and individuals,Was about right,Less than 100k,"Under $30,000",Less than 50k,Less than 50 thousand,"Under $50,000","Under $30,000","Under $50,000 and white",No,No,Legal,Yes,Not worried,Not too worried,Approve,Somewhat approve,45+,65+,Democrat,Non-black Democrat,White Democrat,Democrat,Democratic Men,White Democrat,Liberal,76.0,Liberal Democrats,Liberal Democrats,White,White,State questionnaire,White,White,East,Yes,Male,White men,Married men,Rural,Small Cities/Rural,Maine,Election day exit poll,Generally going in the right direction,Version 1,1.04795777797699,Yes,No,Non-working men,All others,Non-working men
95404.0,Paul LePage,Susan Collins,Paul LePage,45-65,30-59,45-49,45+,45-59,40-49,Non-Black 45-59,White 45-59,White 45-64,Complete,Call 3,1.0,Postgraduate study,College graduate,More than High school graduate,White college degree,No,Unfavorable,Favorable,1.0,Government should do more to solve problems,Went too far,100k or more,"$30,000 or more",50k or more,100 thousand or more,"$200,000 or more","$200,000 or more","Over $50,000 and white",Yes,No,Legal,Yes,Not worried,Not too worried,Disapprove,Strongly disapprove,45+,18-64,Republican,Non-black non-Democrat,All Republicans,Republican,Republican Men,White Republican,Moderate,114.0,Conservative Republicans,Mod./Liberal Republicans,White,White,State questionnaire,White,White,East,No,Male,White men,Married men,Suburbs,Suburbs,Maine,Election day exit poll,Seriously off on the wrong track,Version 1,1.30841398239136,No,Yes,Working men,All others,Working men
93467.0,Paul LePage,Susan Collins,Paul LePage,30-44,30-59,30-39,18-44,30-44,30-39,Non-Black 30-44,White 30-44,White 30-44,Complete,Call 3,2.0,Some college/assoc. degree,No college degree,More than High school graduate,White no college degree,No,Unfavorable,Favorable,2.0,Government is doing too many things better left to businesses and individuals,Went too far,Less than 100k,"$30,000 or more",Less than 50k,Less than 50 thousand,"Under $50,000","$30,000-$49,999","Under $50,000 and white",No,No,Illegal,No,Worried,Somewhat worried,Disapprove,Strongly disapprove,18-44,18-64,Republican,Non-black non-Democrat,All Republicans,Republican,Republican Men,White Republican,Conservative,76.0,Independent/Something else,Conservative Republicans,White,White,State questionnaire,White,White,East,No,Male,White men,Non married men,Rural,Small Cities/Rural,Maine,Election day exit poll,Seriously off on the wrong track,Version 1,0.884980142116547,Yes,Yes,Working men,All others,Working men
93458.0,Paul LePage,Susan Collins,Paul LePage,65+,60+,65 or over,45+,60+,65+,Non-Black 60+,White 60+,White 65+,Complete,Call 3,2.0,High school graduate,No college degree,High school graduate or less,White no college degree,No,Unfavorable,Favorable,2.0,Government is doing too many things better left to businesses and individuals,Went too far,Less than 100k,"$30,000 or more",Less than 50k,Less than 50 thousand,"Under $50,000","$30,000-$49,999","Under $50,000 and white",No,No,Legal,Yes,Worried,Very worried,Disapprove,Strongly disapprove,45+,65+,Republican,Non-black non-Democrat,All Republicans,Republican,Republican Men,White Republican,Conservative,24.0,Independent/Something else,Conservative Republicans,White,White,State questionnaire,White,White,East,No,Male,White men,Married men,Suburbs,Suburbs,Maine,Election day exit poll,Seriously off on the wrong track,Version 1,1.02175879478455,Yes,No,Non-working men,All others,Non-working men
76224.0,Paul LePage,Susan Collins,,45-65,30-59,45-49,45+,45-59,40-49,Non-Black 45-59,White 45-59,White 45-64,Complete,Call 2,2.0,High school graduate,No college degree,High school graduate or less,White no college degree,,,,2.0,,,Less than 100k,"$30,000 or more",50k or more,50 to 100 thousand,"$50,000-$99,999","$50,000-$99,999","Over $50,000 and white",,No,,Yes,,,,,45+,18-64,Republican,Non-black non-Democrat,All Republicans,Republican,Republican Women,White Republican,Moderate,46.0,Conservative Republicans,Mod./Liberal Republicans,White,White,National questionnaire,White,White,East,,Female,White women,Married women,Suburbs,Suburbs,Maine,Election day exit poll,,Version 3,0.86325204372406,No,,,,
64482.0,Paul LePage,Susan Collins,Paul LePage,18-29,18-29,25-29,18-44,18-29,25-29,Non-Black 18-29,White 18-29,White 18-29,Complete,Call 1,1.0,Postgraduate study,College graduate,More than High school graduate,White college degree,No,Unfavorable,Favorable,1.0,Government is doing too many things better left to businesses and individuals,Went too far,Less than 100k,"$30,000 or more",50k or more,50 to 100 thousand,"$50,000-$99,999","$50,000-$99,999","Over $50,000 and white",Yes,No,Legal,Yes,Worried,Somewhat worried,Disapprove,Strongly disapprove,18-44,18-64,Independent/Something else,Non-black non-Democrat,White Independent,Something else,Independent Men,White Independent,Moderate,88.0,Moderate/Liberal Republicans,Moderate Independents,White,White,State questionnaire,White,White,East,Yes,Male,White men,Married men,Suburbs,Suburbs,Maine,Election day exit poll,Seriously off on the wrong track,Version 1,1.86352694034576,No,Yes,Working men,All others,Working men
79926.0,Paul LePage,Susan Collins,Paul LePage,30-44,30-59,30-39,18-44,30-44,30-39,Non-Black 30-44,White 30-44,White 30-44,Complete,Call 2,2.0,College graduate,College graduate,More than High school graduate,White college degree,No,Favorable,Favorable,2.0,Omit,Did not go far enough,Less than 100k,"Under $30,000",Less than 50k,Less than 50 thousand,"Under $50,000","Under $30,000","Under $50,000 and white",Yes,No,Legal,Yes,Worried,Somewhat worried,Disapprove,Somewhat disapprove,18-44,18-64,Independent/Something else,Non-black non-Democrat,White Independent,Independent,Independent Women,White Independent,Moderate,96.0,Moderate/Liberal Republicans,Moderate Independents,White,White,State questionnaire,White,White,East,Yes,Female,White women,Married women,Rural,Small Cities/Rural,Maine,Election day exit poll,Generally going in the right direction,Version 1,0.875584244728088,No,Yes,Working women,Working women,Working women
62538.0,Paul LePage,Susan Collins,Paul LePage,30-44,30-59,30-39,18-44,30-44,30-39,Non-Black 30-44,White 30-44,White 30-44,Complete,Call 1,1.0,College graduate,College graduate,More than High school graduate,White college degree,No,Unfavorable,Favorable,1.0,Government is doing too many things better left to businesses and individuals,Went too far,100k or more,"$30,000 or more",50k or more,100 thousand or more,"$100,000-$199,999","$100,000-$199,999","Over $50,000 and white",Yes,No,Legal,No,Not worried,Not too worried,Disapprove,Strongly disapprove,18-44,18-64,Republican,Non-black non-Democrat,All Republicans,Republican,Republican Men,White Republican,Conservative,114.0,Independent/Something else,Conservative Republicans,White,White,State questionnaire,White,White,East,Yes,Male,White men,Non married men,Suburbs,Suburbs,Maine,Election day exit poll,Seriously off on the wrong track,Version 1,1.30841398239136,No,Yes,Working men,All others,Working men
72935.0,Paul LePage,Susan Collins,Paul LePage,65+,60+,65 or over,45+,60+,65+,Non-Black 60+,White 60+,White 65+,Complete,Call 2,1.0,Postgraduate study,College graduate,More than High school graduate,White college degree,Yes,Unfavorable,Favorable,1.0,Government should do more to solve problems,Went too far,Less than 100k,"$30,000 or more",Less than 50k,Less than 50 thousand,"Under $50,000","$30,000-$49,999","Under $50,000 and white",No,No,Illegal,Yes,Worried,Very worried,Disapprove,Strongly disapprove,45+,65+,Republican,Non-black non-Democrat,All Republicans,Republican,Republican Men,White Republican,Conservative,72.0,Independent/Something else,Conservative Republicans,White,White,State questionnaire,White,White,East,Yes,Male,White men,Married men,"Cities 50,000-500,000","Cities over 50,000",Maine,Election day exit poll,Seriously off on the wrong track,Version 1,0.636654734611511,No,No,Non-working men,All others,Non-working men
93416.0,Paul LePage,Susan Collins,Paul LePage,45-65,30-59,45-49,45+,45-59,40-49,Non-Black 45-59,White 45-59,White 45-64,Complete,Call 3,1.0,College graduate,College graduate,More than High school graduate,White college degree,No,Unfavorable,Unfavorable,1.0,Government is doing too many things better left to businesses and individuals,Was about right,100k or more,"$30,000 or more",50k or more,100 thousand or more,"$100,000-$199,999","$100,000-$199,999","Over $50,000 and white",Yes,No,Illegal,Yes,Worried,Very worried,Disapprove,Somewhat disapprove,45+,18-64,Independent/Something else,Non-black non-Democrat,White Independent,Independent,Independent Women,White Independent,Moderate,82.0,Moderate/Liberal Republicans,Moderate Independents,White,White,State questionnaire,White,White,East,No,Female,White women,Married women,Suburbs,Suburbs,Maine,Election day exit poll,Seriously off on the wrong track,Version 1,1.13567543029785,No,Yes,Working women,Working women,Working women
95336.0,Paul LePage,Susan Collins,,30-44,30-59,40-44,18-44,30-44,40-49,Non-Black 30-44,White 30-44,White 30-44,Complete,Call 3,2.0,Some college/assoc. degree,No college degree,More than High school graduate,White no college degree,,Unfavorable,Unfavorable,2.0,Government is doing too many things better left to businesses and individuals,,Less than 100k,"$30,000 or more",50k or more,50 to 100 thousand,"$50,000-$99,999","$50,000-$99,999","Over $50,000 and white",,No,Illegal,,,,,,18-44,18-64,Independent/Something else,Non-black non-Democrat,White Independent,Independent,Independent Men,White Independent,Conservative,46.0,Moderate/Liberal Republicans,Conservative Independents,White,White,National questionnaire,White,White,East,No,Male,White men,,Suburbs,Suburbs,Maine,Election day exit poll,Seriously off on the wrong track,Version 4,0.972231686115265,No,,,,
90831.0,Paul LePage,Susan Collins,Paul LePage,65+,60+,65 or over,45+,60+,65+,Non-Black 60+,White 60+,White 65+,Complete,Call 3,2.0,Some college/assoc. degree,No college degree,More than High school graduate,White no college degree,No,Favorable,Unfavorable,2.0,Government should do more to solve problems,Went too far,100k or more,"$30,000 or more",50k or more,100 thousand or more,"$100,000-$199,999","$100,000-$199,999","Over $50,000 and white",Yes,No,Illegal,Yes,Worried,Somewhat worried,Approve,Somewhat approve,45+,65+,Independent/Something else,Non-black non-Democrat,White Independent,Independent,Independent Women,White Independent,Liberal,22.0,Moderate/Liberal Republicans,Liberal Independents,White,White,State questionnaire,White,White,East,Yes,Female,White women,Married women,Rural,Small Cities/Rural,Maine,Election day exit poll,Seriously off on the wrong track,Version 1,1.27330183982849,No,No,Non-working women,All others,Non-working women
93393.0,Paul LePage,Susan Collins,Omit,45-65,30-59,45-49,45+,45-59,40-49,Non-Black 45-59,White 45-59,White 45-64,Complete,Call 3,2.0,College graduate,College graduate,More than High school graduate,White college degree,Yes,Unfavorable,Favorable,2.0,Government is doing too many things better left to businesses and individuals,Omit,Less than 100k,"$30,000 or more",50k or more,50 to 100 thousand,"$50,000-$99,999","$50,000-$99,999","Over $50,000 and white",Yes,No,Legal,Yes,Worried,Very worried,Disapprove,Strongly disapprove,45+,18-64,Independent/Something else,Non-black non-Democrat,White Independent,Independent,Independent Men,White Independent,Moderate,96.0,Moderate/Liberal Republicans,Moderate Independents,White,White,State questionnaire,White,White,East,Yes,Male,White men,Married men,Rural,Small Cities/Rural,Maine,Election day exit poll,Seriously off on the wrong track,Version 1,0.986120700836182,No,Yes,Working men,All others,Working men
91458.0,Paul LePage,Susan Collins,Paul LePage,30-44,30-59,30-39,18-44,30-44,30-39,Non-Black 30-44,White 30-44,White 30-44,Complete,Call 3,2.0,Some college/assoc. degree,No college degree,More than High school graduate,White no college degree,No,Unfavorable,Unfavorable,2.0,Government is doing too many things better left to businesses and individuals,Went too far,Less than 100k,"$30,000 or more",50k or more,50 to 100 thousand,"$50,000-$99,999","$50,000-$99,999","Over $50,000 and white",Yes,No,Legal,Yes,Worried,Very worried,Disapprove,Strongly disapprove,18-44,18-64,Independent/Something else,Non-black non-Democrat,White Independent,Independent,Independent Women,White Independent,Moderate,22.0,Moderate/Liberal Republicans,Moderate Independents,White,White,State questionnaire,White,White,East,Yes,Female,White women,Married women,Rural,Small Cities/Rural,Maine,Election day exit poll,Seriously off on the wrong track,Version 1,1.07527887821198,No,Yes,Working women,Working women,Working women
93387.0,Paul LePage,Susan Collins,,18-29,18-29,18-24,18-44,18-29,18-24,Non-Black 18-29,White 18-29,White 18-29,Complete,Call 3,2.0,High school graduate,No college degree,High school graduate or less,White no college degree,,,,2.0,,,100k or more,"$30,000 or more",50k or more,100 thousand or more,"$100,000-$199,999","$100,000-$199,999","Over $50,000 and white",,No,,,Worried,Somewhat worried,Disapprove,Strongly disapprove,18-44,18-64,Republican,Non-black non-Democrat,All Republicans,Republican,Republican Women,White Republican,Moderate,63.0,Conservative Republicans,Mod./Liberal Republicans,White,White,National questionnaire,White,White,East,,Female,White women,,Suburbs,Suburbs,Maine,Election day exit poll,,Version 1,0.994048953056335,No,,,,
93386.0,Paul LePage,Susan Collins,,18-29,18-29,18-24,18-44,18-29,18-24,Non-Black 18-29,White 18-29,White 18-29,Complete,Call 3,2.0,High school graduate,No college degree,High school graduate or less,White no college degree,,,,2.0,,,100k or more,"$30,000 or more",50k or more,100 thousand or more,"$100,000-$199,999","$100,000-$199,999","Over $50,000 and white",,No,,,Worried,Somewhat worried,Disapprove,Strongly disapprove,18-44,18-64,Republican,Non-black non-Democrat,All Republicans,Republican,Republican Women,White Republican,Moderate,63.0,Conservative Republicans,Mod./Liberal Republicans,White,White,National questionnaire,White,White,East,,Female,White women,,Suburbs,Suburbs,Maine,Election day exit poll,,Version 1,0.994048953056335,No,,,,
64408.0,Paul LePage,Susan Collins,Paul LePage,65+,60+,65 or over,45+,60+,65+,Non-Black 60+,White 60+,White 65+,Complete,Call 1,1.0,High school graduate,No college degree,High school graduate or less,White no college degree,No,Favorable,Unfavorable,1.0,Government should do more to solve problems,Was about right,Less than 100k,"$30,000 or more",50k or more,50 to 100 thousand,"$50,000-$99,999","$50,000-$99,999","Over $50,000 and white",No,No,Illegal,Yes,Worried,Somewhat worried,Approve,Somewhat approve,45+,65+,Republican,Non-black non-Democrat,All Republicans,Republican,Republican Men,White Republican,Moderate,88.0,Conservative Republicans,Mod./Liberal Republicans,White,White,State questionnaire,White,White,East,Yes,Male,White men,Married men,Suburbs,Suburbs,Maine,Election day exit poll,Generally going in the right direction,Version 1,1.76702785491943,No,No,Non-working men,All others,Non-working men
79402.0,Paul LePage,Susan Collins,Paul LePage,45-65,30-59,50-59,45+,45-59,50-64,Non-Black 45-59,White 45-59,White 45-64,Complete,Call 2,2.0,College graduate,College graduate,More than High school graduate,White college degree,No,Unfavorable,Favorable,2.0,Government should do more to solve problems,Went too far,Less than 100k,"$30,000 or more",Less than 50k,Less than 50 thousand,"Under $50,000","$30,000-$49,999","Under $50,000 and white",Yes,No,Legal,Yes,Worried,Somewhat worried,Approve,Somewhat approve,45+,18-64,Republican,Non-black non-Democrat,All Republicans,Republican,Republican Men,White Republican,Moderate,24.0,Conservative Republicans,Mod./Liberal Republicans,White,White,State questionnaire,White,White,East,Yes,Male,White men,Married men,Suburbs,Suburbs,Maine,Election day exit poll,Generally going in the right direction,Version 1,0.862855613231659,No,Yes,Working men,All others,Working men
66336.0,Paul LePage,Susan Collins,Paul LePage,18-29,18-29,18-24,18-44,18-29,18-24,Non-Black 18-29,White 18-29,White 18-29,Complete,Call 1,2.0,High school graduate,No college degree,High school graduate or less,White no college degree,No,Unfavorable,Unfavorable,2.0,Government is doing too many things better left to businesses and individuals,Went too far,Less than 100k,"$30,000 or more",Less than 50k,Less than 50 thousand,"Under $50,000","$30,000-$49,999","Under $50,000 and white",No,No,Illegal,No,Worried,Somewhat worried,Disapprove,Strongly disapprove,18-44,18-64,Independent/Something else,Non-black non-Democrat,White Independent,Independent,Independent Men,White Independent,Conservative,96.0,Moderate/Liberal Republicans,Conservative Independents,White,White,State questionnaire,White,White,East,No,Male,White men,Non married men,Rural,Small Cities/Rural,Maine,Election day exit poll,Seriously off on the wrong track,Version 1,1.23149490356445,Yes,Yes,Working men,All others,Working men
94486.0,Paul LePage,Susan Collins,Paul LePage,45-65,30-59,45-49,45+,45-59,40-49,Non-Black 45-59,White 45-59,White 45-64,Complete,Call 3,1.0,College graduate,College graduate,More than High school graduate,White college degree,No,Unfavorable,Favorable,1.0,Government is doing too many things better left to businesses and individuals,Went too far,Less than 100k,"$30,000 or more",50k or more,50 to 100 thousand,"$50,000-$99,999","$50,000-$99,999","Over $50,000 and white",Yes,No,Illegal,Yes,Worried,Very worried,Disapprove,Strongly disapprove,45+,18-64,Independent/Something else,Non-black non-Democrat,White Independent,Independent,Independent Men,White Independent,Moderate,114.0,Moderate/Liberal Republicans,Moderate Independents,White,White,State questionnaire,White,White,East,Yes,Male,White men,Married men,Suburbs,Suburbs,Maine,Election day exit poll,Seriously off on the wrong track,Version 1,1.30841398239136,No,Yes,Working men,All others,Working men
64151.0,Paul LePage,Susan Collins,Paul LePage,65+,60+,65 or over,45+,60+,65+,Non-Black 60+,White 60+,White 65+,Complete,Call 1,1.0,College graduate,College graduate,More than High school graduate,White college degree,No,Favorable,Favorable,1.0,Government should do more to solve problems,Was about right,Less than 100k,"$30,000 or more",Less than 50k,Less than 50 thousand,"Under $50,000","$30,000-$49,999","Under $50,000 and white",Yes,No,Illegal,Yes,Worried,Somewhat worried,Approve,Somewhat approve,45+,65+,Independent/Something else,Non-black non-Democrat,White Independent,Independent,Independent Men,White Independent,Moderate,88.0,Moderate/Liberal Republicans,Moderate Independents,White,White,State questionnaire,White,White,East,No,Male,White men,Married men,Suburbs,Suburbs,Maine,Election day exit poll,Generally going in the right direction,Version 1,1.76702785491943,No,No,Non-working men,All others,Non-working men
79835.0,Paul LePage,Susan Collins,Paul LePage,30-44,30-59,30-39,18-44,30-44,30-39,Non-Black 30-44,White 30-44,White 30-44,Complete,Call 2,2.0,College graduate,College graduate,More than High school graduate,White college degree,No,Favorable,Favorable,2.0,Government should do more to solve problems,Was about right,100k or more,"$30,000 or more",50k or more,100 thousand or more,"$200,000 or more","$200,000 or more","Over $50,000 and white",No,No,Illegal,Yes,Worried,Somewhat worried,Approve,Strongly approve,18-44,18-64,Republican,Non-black non-Democrat,All Republicans,Republican,Republican Men,White Republican,Moderate,24.0,Conservative Republicans,Mod./Liberal Republicans,White,White,State questionnaire,White,White,East,Yes,Male,White men,Married men,Suburbs,Suburbs,Maine,Election day exit poll,Seriously off on the wrong track,Version 1,0.862855613231659,No,Yes,Working men,All others,Working men
95220.0,Paul LePage,Susan Collins,Paul LePage,30-44,30-59,40-44,18-44,30-44,40-49,Non-Black 30-44,White 30-44,White 30-44,Complete,Call 3,1.0,College graduate,College graduate,More than High school graduate,White college degree,Yes,Favorable,Unfavorable,1.0,Government is doing too many things better left to businesses and individuals,Did not go far enough,Less than 100k,"$30,000 or more",50k or more,50 to 100 thousand,"$50,000-$99,999","$50,000-$99,999","Over $50,000 and white",No,No,Legal,Yes,Worried,Somewhat worried,Approve,Somewhat approve,18-44,18-64,Democrat,Non-black Democrat,White Democrat,Democrat,Democratic Women,White Democrat,Moderate,88.0,Moderate/Conservative Democrats,Mod/Conserv. Democrats,White,White,State questionnaire,White,White,East,Yes,Female,White women,Married women,Suburbs,Suburbs,Maine,Election day exit poll,Seriously off on the wrong track,Version 1,1.3249546289444,No,No,Non-working women,All others,Non-working women
79825.0,Paul LePage,Susan Collins,Paul LePage,65+,60+,65 or over,45+,60+,65+,Non-Black 60+,White 60+,White 65+,Complete,Call 2,2.0,High school graduate,No college degree,High school graduate or less,White no college degree,No,Unfavorable,Favorable,2.0,Government is doing too many things better left to businesses and individuals,Went too far,Less than 100k,"Under $30,000",Less than 50k,Less than 50 thousand,"Under $50,000","Under $30,000","Under $50,000 and white",No,No,Illegal,No,Worried,Very worried,Disapprove,Strongly disapprove,45+,65+,Republican,Non-black non-Democrat,All Republicans,Republican,Republican Women,White Republican,Conservative,76.0,Independent/Something else,Conservative Republicans,White,White,State questionnaire,White,White,East,No,Female,White women,Non married women,Rural,Small Cities/Rural,Maine,Election day exit poll,Seriously off on the wrong track,Version 1,0.930489838123322,Yes,No,Non-working women,All others,Non-working women
93333.0,Paul LePage,Susan Collins,Paul LePage,18-29,18-29,25-29,18-44,18-29,25-29,Non-Black 18-29,White 18-29,White 18-29,Complete,Call 3,2.0,Some college/assoc. degree,No college degree,More than High school graduate,White no college degree,No,Unfavorable,Favorable,2.0,Government should do more to solve problems,Went too far,Less than 100k,"$30,000 or more",Less than 50k,Less than 50 thousand,"Under $50,000","$30,000-$49,999","Under $50,000 and white",Yes,No,Illegal,No,Worried,Very worried,Disapprove,Strongly disapprove,18-44,18-64,Republican,Non-black non-Democrat,All Republicans,Republican,Republican Women,White Republican,Liberal,76.0,Conservative Republicans,Mod./Liberal Republicans,White,White,State questionnaire,White,White,East,Yes,Female,White women,Non married women,Rural,Small Cities/Rural,Maine,Election day exit poll,Seriously off on the wrong track,Version 1,0.981304705142975,Yes,Yes,Working women,Working women,Working women
65778.0,Paul LePage,Susan Collins,Paul LePage,45-65,60+,60-64,45+,60+,50-64,Non-Black 60+,White 60+,White 45-64,Not complete,Call 1,1.0,,,,,,,,1.0,Government is doing too many things better left to businesses and individuals,,,,,,,,,,No,,,,,,,45+,18-64,,,,,,,,112.0,,,White,White,State questionnaire,White,White,East,Omit,Male,White men,,Rural,Small Cities/Rural,Maine,Election day exit poll,Seriously off on the wrong track,Version 1,2.84448385238647,,Yes,Working men,All others,Working men
60500.0,Paul LePage,Susan Collins,Paul LePage,45-65,30-59,50-59,45+,45-59,50-64,Non-Black 45-59,White 45-59,White 45-64,Not complete,Call 1,1.0,,,,,,,,1.0,Government is doing too many things better left to businesses and individuals,,,,,,,,,,No,,,,,,,45+,18-64,,,,,,,,82.0,,,White,White,State questionnaire,White,White,East,No,Female,White women,,Suburbs,Suburbs,Maine,Election day exit poll,Seriously off on the wrong track,Version 1,1.13567543029785,,Yes,Working women,Working women,Working women
75944.0,Paul LePage,Susan Collins,Paul LePage,65+,60+,65 or over,45+,60+,65+,Non-Black 60+,White 60+,White 65+,Complete,Call 2,1.0,Some college/assoc. degree,No college degree,More than High school graduate,White no college degree,No,Unfavorable,Unfavorable,1.0,Government is doing too many things better left to businesses and individuals,Was about right,Less than 100k,"$30,000 or more",Less than 50k,Less than 50 thousand,"Under $50,000","$30,000-$49,999","Under $50,000 and white",No,No,Illegal,Yes,Not worried,Not too worried,Approve,Somewhat approve,45+,65+,Independent/Something else,Non-black non-Democrat,White Independent,Independent,Independent Women,White Independent,Moderate,114.0,Moderate/Liberal Republicans,Moderate Independents,White,White,State questionnaire,White,White,East,Yes,Female,White women,Married women,Suburbs,Suburbs,Maine,Election day exit poll,Generally going in the right direction,Version 1,1.37569856643677,Yes,No,Non-working women,All others,Non-working women
93317.0,Paul LePage,Susan Collins,Paul LePage,45-65,30-59,50-59,45+,45-59,50-64,Non-Black 45-59,White 45-59,White 45-64,Complete,Call 3,1.0,Postgraduate study,College graduate,More than High school graduate,White college degree,No,Unfavorable,Favorable,1.0,Government is doing too many things better left to businesses and individuals,Went too far,Less than 100k,"$30,000 or more",Less than 50k,Less than 50 thousand,"Under $50,000","$30,000-$49,999","Under $50,000 and white",Yes,No,Illegal,Yes,Worried,Very worried,Disapprove,Strongly disapprove,45+,18-64,Republican,Non-black non-Democrat,All Republicans,Republican,Republican Women,White Republican,Conservative,72.0,Independent/Something else,Conservative Republicans,White,White,State questionnaire,White,White,East,No,Female,White women,Married women,"Cities 50,000-500,000","Cities over 50,000",Maine,Election day exit poll,Seriously off on the wrong track,Version 1,0.477377086877823,No,Yes,Working women,Working women,Working women
66278.0,Paul LePage,Susan Collins,Paul LePage,30-44,30-59,40-44,18-44,30-44,40-49,Non-Black 30-44,White 30-44,White 30-44,Complete,Call 1,2.0,High school graduate,No college degree,High school graduate or less,White no college degree,No,Favorable,Unfavorable,2.0,Government is doing too many things better left to businesses and individuals,Was about right,100k or more,"$30,000 or more",50k or more,100 thousand or more,"$100,000-$199,999","$100,000-$199,999","Over $50,000 and white",No,No,Illegal,Yes,Worried,Somewhat worried,Approve,Strongly approve,18-44,18-64,Democrat,Non-black Democrat,White Democrat,Democrat,Democratic Women,White Democrat,Conservative,96.0,Moderate/Conservative Democrats,Mod/Conserv. Democrats,White,White,State questionnaire,White,White,East,Yes,Female,White women,Married women,Rural,Small Cities/Rural,Maine,Election day exit poll,Generally going in the right direction,Version 1,0.875584244728088,No,No,Non-working women,All others,Non-working women
91367.0,Paul LePage,Susan Collins,Paul LePage,30-44,30-59,30-39,18-44,30-44,30-39,Non-Black 30-44,White 30-44,White 30-44,Complete,Call 3,2.0,Postgraduate study,College graduate,More than High school graduate,White college degree,No,Unfavorable,Unfavorable,2.0,Government is doing too many things better left to businesses and individuals,Went too far,Less than 100k,"$30,000 or more",Less than 50k,Less than 50 thousand,"Under $50,000","$30,000-$49,999","Under $50,000 and white",No,No,Illegal,No,Worried,Very worried,Disapprove,Strongly disapprove,18-44,18-64,Independent/Something else,Non-black non-Democrat,White Independent,Independent,Independent Men,White Independent,Conservative,22.0,Moderate/Liberal Republicans,Conservative Independents,White,White,State questionnaire,White,White,East,No,Male,White men,Non married men,Rural,Small Cities/Rural,Maine,Election day exit poll,Seriously off on the wrong track,Version 1,1.21102547645569,No,Yes,Working men,All others,Working men
64245.0,Paul LePage,Susan Collins,Paul LePage,30-44,30-59,30-39,18-44,30-44,30-39,Non-Black 30-44,White 30-44,White 30-44,Complete,Call 1,1.0,College graduate,College graduate,More than High school graduate,White college degree,No,Unfavorable,Favorable,1.0,Government is doing too many things better left to businesses and individuals,Went too far,100k or more,"$30,000 or more",50k or more,100 thousand or more,"$100,000-$199,999","$100,000-$199,999","Over $50,000 and white",No,No,Illegal,Yes,Worried,Very worried,Disapprove,Strongly disapprove,18-44,18-64,Republican,Non-black non-Democrat,All Republicans,Republican,Republican Women,White Republican,Conservative,88.0,Independent/Something else,Conservative Republicans,White,White,State questionnaire,White,White,East,No,Female,White women,Married women,Suburbs,Suburbs,Maine,Election day exit poll,Seriously off on the wrong track,Version 1,1.3249546289444,No,Yes,Working women,Working women,Working women
66241.0,Paul LePage,Susan Collins,,65+,60+,65 or over,45+,60+,65+,Non-Black 60+,White 60+,White 65+,Complete,Call 1,2.0,Some college/assoc. degree,No college degree,More than High school graduate,White no college degree,,,,2.0,,,Less than 100k,"Under $30,000",Less than 50k,Less than 50 thousand,"Under $50,000","Under $30,000","Under $50,000 and white",,No,,,Worried,Somewhat worried,Approve,Strongly approve,45+,65+,Republican,Non-black non-Democrat,All Republicans,Republican,Republican Women,White Republican,Conservative,46.0,Independent/Something else,Conservative Republicans,White,White,National questionnaire,White,White,East,,Female,White women,,Suburbs,Suburbs,Maine,Election day exit poll,,Version 1,1.0222282409668,Yes,,,,
94459.0,Paul LePage,Susan Collins,Paul LePage,45-65,30-59,45-49,45+,45-59,40-49,Non-Black 45-59,White 45-59,White 45-64,Complete,Call 3,1.0,Some college/assoc. degree,No college degree,More than High school graduate,White no college degree,No,Unfavorable,Unfavorable,1.0,Government should do more to solve problems,Was about right,Less than 100k,"$30,000 or more",50k or more,50 to 100 thousand,"$50,000-$99,999","$50,000-$99,999","Over $50,000 and white",Yes,No,Legal,Yes,Worried,Very worried,Approve,Somewhat approve,45+,18-64,Democrat,Non-black Democrat,White Democrat,Democrat,Democratic Men,White Democrat,Conservative,9.0,Moderate/Conservative Democrats,Mod/Conserv. Democrats,White,White,State questionnaire,White,White,East,Yes,Male,White men,Married men,Suburbs,Suburbs,Maine,Election day exit poll,Seriously off on the wrong track,Version 1,1.27904653549194,No,Yes,Working men,All others,Working men
75878.0,Paul LePage,Susan Collins,Paul LePage,65+,60+,65 or over,45+,60+,65+,Non-Black 60+,White 60+,White 65+,Complete,Call 2,1.0,Some college/assoc. degree,No college degree,More than High school graduate,White no college degree,No,Unfavorable,Favorable,1.0,Government is doing too many things better left to businesses and individuals,Went too far,100k or more,"$30,000 or more",50k or more,100 thousand or more,"$100,000-$199,999","$100,000-$199,999","Over $50,000 and white",No,No,Illegal,Yes,Worried,Very worried,Disapprove,Strongly disapprove,45+,65+,Republican,Non-black non-Democrat,All Republicans,Republican,Republican Women,White Republican,Conservative,114.0,Independent/Something else,Conservative Republicans,White,White,State questionnaire,White,White,East,No,Female,White women,Married women,Suburbs,Suburbs,Maine,Election day exit poll,Seriously off on the wrong track,Version 1,1.37569856643677,No,Yes,Working women,Working women,Working women
65699.0,Paul LePage,Susan Collins,Paul LePage,30-44,30-59,40-44,18-44,30-44,40-49,Non-Black 30-44,White 30-44,White 30-44,Complete,Call 1,2.0,High school graduate,No college degree,High school graduate or less,White no college degree,No,Unfavorable,Favorable,2.0,Government should do more to solve problems,Went too far,Less than 100k,"$30,000 or more",50k or more,50 to 100 thousand,"$50,000-$99,999","$50,000-$99,999","Over $50,000 and white",Yes,No,Illegal,Yes,Worried,Very worried,Disapprove,Strongly disapprove,18-44,18-64,Republican,Non-black non-Democrat,All Republicans,Republican,Republican Men,White Republican,Conservative,65.0,Independent/Something else,Conservative Republicans,White,White,State questionnaire,White,White,East,Yes,Male,White men,Married men,Rural,Small Cities/Rural,Maine,Election day exit poll,Seriously off on the wrong track,Version 1,0.908269107341766,No,Yes,Working men,All others,Working men
90789.0,Paul LePage,Susan Collins,Paul LePage,30-44,30-59,30-39,18-44,30-44,30-39,Non-Black 30-44,All others,All others,Complete,Call 3,1.0,Some college/assoc. degree,No college degree,More than High school graduate,Non white no college degree,No,Favorable,Unfavorable,1.0,Government should do more to solve problems,Was about right,Less than 100k,"$30,000 or more",Less than 50k,Less than 50 thousand,"Under $50,000","$30,000-$49,999","Under $50,000 and non white",No,No,Illegal,Yes,Worried,Somewhat worried,Approve,Somewhat approve,18-44,18-64,Independent/Something else,Non-black non-Democrat,All Other,Independent,Independent Women,All others,Liberal,112.0,Moderate/Liberal Republicans,Liberal Independents,Other,Other,State questionnaire,Other,Other,East,No,Female,All other races,Married women,Rural,Small Cities/Rural,Maine,Election day exit poll,Seriously off on the wrong track,Version 1,2.13285374641418,No,Yes,Working women,Working women,Working women
93238.0,Paul LePage,Susan Collins,Paul LePage,45-65,30-59,45-49,45+,45-59,40-49,Non-Black 45-59,White 45-59,White 45-64,Complete,Call 3,2.0,College graduate,College graduate,More than High school graduate,White college degree,No,Unfavorable,Favorable,2.0,Government is doing too many things better left to businesses and individuals,Went too far,Less than 100k,"$30,000 or more",Less than 50k,Less than 50 thousand,"Under $50,000","$30,000-$49,999","Under $50,000 and white",Yes,No,Legal,No,Worried,Somewhat worried,Disapprove,Strongly disapprove,45+,18-64,Independent/Something else,Non-black non-Democrat,White Independent,Independent,Independent Men,White Independent,Conservative,96.0,Moderate/Liberal Republicans,Conservative Independents,White,White,State questionnaire,White,White,East,Yes,Male,White men,Non married men,Rural,Small Cities/Rural,Maine,Election day exit poll,Seriously off on the wrong track,Version 1,0.986120700836182,No,Yes,Working men,All others,Working men
77788.0,Paul LePage,Susan Collins,,30-44,30-59,30-39,18-44,30-44,30-39,Non-Black 30-44,White 30-44,White 30-44,Complete,Call 2,2.0,Postgraduate study,College graduate,More than High school graduate,White college degree,,Unfavorable,Favorable,2.0,Government is doing too many things better left to businesses and individuals,,Less than 100k,"$30,000 or more",50k or more,50 to 100 thousand,"$50,000-$99,999","$50,000-$99,999","Over $50,000 and white",,No,Illegal,,,,,,18-44,18-64,Republican,Non-black non-Democrat,All Republicans,Republican,Republican Women,White Republican,Conservative,46.0,Independent/Something else,Conservative Republicans,White,White,National questionnaire,White,White,East,No,Female,White women,,Suburbs,Suburbs,Maine,Election day exit poll,Seriously off on the wrong track,Version 4,0.86325204372406,No,,,,
95160.0,Paul LePage,Susan Collins,Paul LePage,30-44,30-59,30-39,18-44,30-44,30-39,Non-Black 30-44,White 30-44,White 30-44,Complete,Call 3,1.0,High school graduate,No college degree,High school graduate or less,White no college degree,No,Unfavorable,Favorable,1.0,Government is doing too many things better left to businesses and individuals,Went too far,Less than 100k,"Under $30,000",Less than 50k,Less than 50 thousand,"Under $50,000","Under $30,000","Under $50,000 and white",Yes,No,Legal,Yes,Worried,Somewhat worried,Disapprove,Somewhat disapprove,18-44,18-64,Independent/Something else,Non-black non-Democrat,White Independent,Independent,Independent Men,White Independent,Moderate,103.0,Moderate/Liberal Republicans,Moderate Independents,White,White,State questionnaire,White,White,East,Yes,Male,White men,Married men,Rural,Small Cities/Rural,Maine,Election day exit poll,Seriously off on the wrong track,Version 1,2.59175229072571,Yes,Yes,Working men,All others,Working men
73913.0,Paul LePage,Susan Collins,,18-29,18-29,18-24,18-44,18-29,18-24,Non-Black 18-29,White 18-29,White 18-29,Complete,Call 2,2.0,Some college/assoc. degree,No college degree,More than High school graduate,White no college degree,,,,2.0,,,Less than 100k,"$30,000 or more",50k or more,50 to 100 thousand,"$50,000-$99,999","$50,000-$99,999","Over $50,000 and white",,No,,,Worried,Very worried,Disapprove,Strongly disapprove,18-44,18-64,Republican,Non-black non-Democrat,All Republicans,Republican,Republican Men,White Republican,Moderate,63.0,Conservative Republicans,Mod./Liberal Republicans,White,White,National questionnaire,White,White,East,,Male,White men,,Suburbs,Suburbs,Maine,Election day exit poll,,Version 1,1.11954081058502,No,,,,
91291.0,Paul LePage,Susan Collins,Paul LePage,45-65,30-59,50-59,45+,45-59,50-64,Non-Black 45-59,White 45-59,White 45-64,Complete,Call 3,2.0,High school graduate,No college degree,High school graduate or less,White no college degree,Yes,Unfavorable,Unfavorable,2.0,Government should do more to solve problems,Was about right,100k or more,"$30,000 or more",50k or more,100 thousand or more,"$100,000-$199,999","$100,000-$199,999","Over $50,000 and white",Yes,No,Illegal,Yes,Worried,Somewhat worried,Approve,Somewhat approve,45+,18-64,Independent/Something else,Non-black non-Democrat,White Independent,Independent,Independent Women,White Independent,Liberal,22.0,Moderate/Liberal Republicans,Liberal Independents,White,White,State questionnaire,White,White,East,Yes,Female,White women,Married women,Rural,Small Cities/Rural,Maine,Election day exit poll,Generally going in the right direction,Version 1,1.07527887821198,No,Yes,Working women,Working women,Working women
75841.0,Paul LePage,Susan Collins,Paul LePage,45-65,30-59,45-49,45+,45-59,40-49,Non-Black 45-59,White 45-59,White 45-64,Complete,Call 2,1.0,College graduate,College graduate,More than High school graduate,White college degree,No,Unfavorable,Favorable,1.0,Government is doing too many things better left to businesses and individuals,Went too far,100k or more,"$30,000 or more",50k or more,100 thousand or more,"$100,000-$199,999","$100,000-$199,999","Over $50,000 and white",Yes,No,Illegal,Yes,Worried,Very worried,Disapprove,Strongly disapprove,45+,18-64,Republican,Non-black non-Democrat,All Republicans,Republican,Republican Women,White Republican,Conservative,88.0,Independent/Something else,Conservative Republicans,White,White,State questionnaire,White,White,East,No,Female,White women,Married women,Suburbs,Suburbs,Maine,Election day exit poll,Seriously off on the wrong track,Version 1,1.3249546289444,No,Yes,Working women,Working women,Working women
75840.0,Paul LePage,Susan Collins,Paul LePage,45-65,30-59,45-49,45+,45-59,40-49,Non-Black 45-59,White 45-59,White 45-64,Complete,Call 2,1.0,College graduate,College graduate,More than High school graduate,White college degree,No,Unfavorable,Favorable,1.0,Government is doing too many things better left to businesses and individuals,Went too far,100k or more,"$30,000 or more",50k or more,100 thousand or more,"$100,000-$199,999","$100,000-$199,999","Over $50,000 and white",Yes,No,Illegal,Yes,Worried,Very worried,Disapprove,Strongly disapprove,45+,18-64,Republican,Non-black non-Democrat,All Republicans,Republican,Republican Women,White Republican,Conservative,88.0,Independent/Something else,Conservative Republicans,White,White,State questionnaire,White,White,East,No,Female,White women,Married women,Suburbs,Suburbs,Maine,Election day exit poll,Seriously off on the wrong track,Version 1,1.3249546289444,No,Yes,Working women,Working women,Working women
93213.0,Paul LePage,Susan Collins,Paul LePage,45-65,30-59,45-49,45+,45-59,40-49,Non-Black 45-59,White 45-59,White 45-64,Complete,Call 3,2.0,Some college/assoc. degree,No college degree,More than High school graduate,White no college degree,No,Omit,Omit,2.0,Government should do more to solve problems,Omit,Less than 100k,"$30,000 or more",50k or more,50 to 100 thousand,"$50,000-$99,999","$50,000-$99,999","Over $50,000 and white",Yes,No,Legal,Yes,Worried,Very worried,Disapprove,Somewhat disapprove,45+,18-64,Independent/Something else,Non-black non-Democrat,White Independent,Independent,Independent Men,White Independent,Liberal,92.0,Moderate/Liberal Republicans,Liberal Independents,White,White,State questionnaire,White,White,East,Yes,Male,White men,Married men,Rural,Small Cities/Rural,Maine,Election day exit poll,Omit,Version 1,0.908269107341766,No,Yes,Working men,All others,Working men
61614.0,Paul LePage,Susan Collins,Paul LePage,65+,60+,65 or over,45+,60+,65+,Non-Black 60+,White 60+,White 65+,Complete,Call 1,1.0,Some college/assoc. degree,No college degree,More than High school graduate,White no college degree,No,Unfavorable,Favorable,1.0,Government is doing too many things better left to businesses and individuals,Went too far,Less than 100k,"$30,000 or more",50k or more,50 to 100 thousand,"$50,000-$99,999","$50,000-$99,999","Over $50,000 and white",Yes,No,Legal,Yes,Worried,Very worried,Disapprove,Strongly disapprove,45+,65+,Independent/Something else,Non-black non-Democrat,White Independent,Independent,Independent Women,White Independent,Moderate,72.0,Moderate/Liberal Republicans,Moderate Independents,White,White,State questionnaire,White,White,East,Yes,Female,White women,Married women,"Cities 50,000-500,000","Cities over 50,000",Maine,Election day exit poll,Seriously off on the wrong track,Version 1,0.565290689468384,No,No,Non-working women,All others,Non-working women
66170.0,Paul LePage,Susan Collins,,30-44,30-59,30-39,18-44,30-44,30-39,Non-Black 30-44,White 30-44,White 30-44,Complete,Call 1,2.0,Some college/assoc. degree,No college degree,More than High school graduate,White no college degree,,Unfavorable,Favorable,2.0,Government is doing too many things better left to businesses and individuals,,Less than 100k,"$30,000 or more",50k or more,50 to 100 thousand,"$50,000-$99,999","$50,000-$99,999","Over $50,000 and white",,No,Illegal,,,,,,18-44,18-64,Republican,Non-black non-Democrat,All Republicans,Republican,Republican Women,White Republican,Conservative,46.0,Independent/Something else,Conservative Republicans,White,White,National questionnaire,White,White,East,No,Female,White women,,Suburbs,Suburbs,Maine,Election day exit poll,Seriously off on the wrong track,Version 4,0.86325204372406,No,,,,
73891.0,Paul LePage,Susan Collins,Paul LePage,45-65,30-59,45-49,45+,45-59,40-49,Non-Black 45-59,White 45-59,White 45-64,Complete,Call 2,1.0,Some college/assoc. degree,No college degree,More than High school graduate,White no college degree,No,Unfavorable,Favorable,1.0,Government is doing too many things better left to businesses and individuals,Went too far,Less than 100k,"$30,000 or more",50k or more,50 to 100 thousand,"$50,000-$99,999","$50,000-$99,999","Over $50,000 and white",No,No,Illegal,No,Worried,Very worried,Disapprove,Strongly disapprove,45+,18-64,Republican,Non-black non-Democrat,All Republicans,Republican,Republican Men,White Republican,Conservative,9.0,Independent/Something else,Conservative Republicans,White,White,State questionnaire,White,White,East,No,Male,White men,Non married men,Suburbs,Suburbs,Maine,Election day exit poll,Seriously off on the wrong track,Version 1,1.27904653549194,No,Yes,Working men,All others,Working men
93603.0,Paul LePage,Susan Collins,Paul LePage,45-65,30-59,50-59,45+,45-59,50-64,Non-Black 45-59,White 45-59,White 45-64,Complete,Call 3,1.0,College graduate,College graduate,More than High school graduate,White college degree,No,Unfavorable,Unfavorable,1.0,Government is doing too many things better left to businesses and individuals,Omit,Less than 100k,"$30,000 or more",50k or more,50 to 100 thousand,"$50,000-$99,999","$50,000-$99,999","Over $50,000 and white",Yes,No,Legal,No,Worried,Somewhat worried,Disapprove,Somewhat disapprove,45+,18-64,Republican,Non-black non-Democrat,All Republicans,Republican,Republican Men,White Republican,Moderate,82.0,Conservative Republicans,Mod./Liberal Republicans,White,White,State questionnaire,White,White,East,Yes,Male,White men,Non married men,Suburbs,Suburbs,Maine,Election day exit poll,Seriously off on the wrong track,Version 1,1.27904653549194,No,Yes,Working men,All others,Working men
73886.0,Paul LePage,Susan Collins,Paul LePage,45-65,30-59,50-59,45+,45-59,50-64,Non-Black 45-59,White 45-59,White 45-64,Complete,Call 2,1.0,Some college/assoc. degree,No college degree,More than High school graduate,White no college degree,No,Unfavorable,Unfavorable,1.0,Government is doing too many things better left to businesses and individuals,Went too far,Less than 100k,"$30,000 or more",50k or more,50 to 100 thousand,"$50,000-$99,999","$50,000-$99,999","Over $50,000 and white",No,No,Illegal,Yes,Worried,Very worried,Disapprove,Strongly disapprove,45+,18-64,Independent/Something else,Non-black non-Democrat,White Independent,Independent,Independent Women,White Independent,Moderate,82.0,Moderate/Liberal Republicans,Moderate Independents,White,White,State questionnaire,White,White,East,Yes,Female,White women,Married women,Suburbs,Suburbs,Maine,Election day exit poll,Seriously off on the wrong track,Version 1,1.13567543029785,No,Yes,Working women,Working women,Working women
81601.0,Paul LePage,Susan Collins,Paul LePage,45-65,30-59,45-49,45+,45-59,40-49,Non-Black 45-59,White 45-59,White 45-64,Complete,Call 2,2.0,Some college/assoc. degree,No college degree,More than High school graduate,White no college degree,No,Unfavorable,Unfavorable,2.0,Government is doing too many things better left to businesses and individuals,Went too far,Less than 100k,"$30,000 or more",50k or more,50 to 100 thousand,"$50,000-$99,999","$50,000-$99,999","Over $50,000 and white",No,No,Illegal,Yes,Worried,Somewhat worried,Disapprove,Strongly disapprove,45+,18-64,Republican,Non-black non-Democrat,All Republicans,Republican,Republican Men,White Republican,Conservative,76.0,Independent/Something else,Conservative Republicans,White,White,State questionnaire,White,White,East,No,Male,White men,Married men,Rural,Small Cities/Rural,Maine,Election day exit poll,Seriously off on the wrong track,Version 1,0.884980142116547,No,Yes,Working men,All others,Working men
66151.0,Paul LePage,Susan Collins,Paul LePage,45-65,30-59,50-59,45+,45-59,50-64,Non-Black 45-59,White 45-59,White 45-64,Complete,Call 1,2.0,High school graduate,No college degree,High school graduate or less,White no college degree,No,Unfavorable,Unfavorable,2.0,Government is doing too many things better left to businesses and individuals,Went too far,Less than 100k,"$30,000 or more",Less than 50k,Less than 50 thousand,"Under $50,000","$30,000-$49,999","Under $50,000 and white",No,No,Omit,Yes,Worried,Very worried,Disapprove,Strongly disapprove,45+,18-64,Independent/Something else,Non-black non-Democrat,White Independent,Independent,Independent Men,White Independent,Moderate,96.0,Moderate/Liberal Republicans,Moderate Independents,White,White,State questionnaire,White,White,East,No,Male,White men,Married men,Rural,Small Cities/Rural,Maine,Election day exit poll,Seriously off on the wrong track,Version 1,0.986120700836182,Yes,Yes,Working men,All others,Working men
93182.0,Paul LePage,Susan Collins,Paul LePage,45-65,30-59,45-49,45+,45-59,40-49,Non-Black 45-59,White 45-59,White 45-64,Complete,Call 3,1.0,Postgraduate study,College graduate,More than High school graduate,White college degree,No,Unfavorable,Favorable,1.0,Government is doing too many things better left to businesses and individuals,Went too far,Less than 100k,"$30,000 or more",50k or more,50 to 100 thousand,"$50,000-$99,999","$50,000-$99,999","Over $50,000 and white",Yes,No,Illegal,Yes,Worried,Very worried,Disapprove,Strongly disapprove,45+,18-64,Republican,Non-black non-Democrat,All Republicans,Republican,Republican Women,White Republican,Moderate,9.0,Conservative Republicans,Mod./Liberal Republicans,White,White,State questionnaire,White,White,East,No,Female,White women,Married women,Suburbs,Suburbs,Maine,Election day exit poll,Seriously off on the wrong track,Version 1,1.13567543029785,No,Yes,Working women,Working women,Working women
75798.0,Paul LePage,Susan Collins,Paul LePage,45-65,30-59,50-59,45+,45-59,50-64,Non-Black 45-59,White 45-59,White 45-64,Complete,Call 2,1.0,Postgraduate study,College graduate,More than High school graduate,White college degree,No,Unfavorable,Favorable,1.0,Government is doing too many things better left to businesses and individuals,Went too far,100k or more,"$30,000 or more",50k or more,100 thousand or more,"$100,000-$199,999","$100,000-$199,999","Over $50,000 and white",Yes,No,Illegal,Yes,Worried,Very worried,Disapprove,Strongly disapprove,45+,18-64,Republican,Non-black non-Democrat,All Republicans,Republican,Republican Women,White Republican,Conservative,114.0,Independent/Something else,Conservative Republicans,White,White,State questionnaire,White,White,East,No,Female,White women,Married women,Suburbs,Suburbs,Maine,Election day exit poll,Seriously off on the wrong track,Version 1,1.16175091266632,No,Yes,Working women,Working women,Working women
95106.0,Paul LePage,Susan Collins,Paul LePage,45-65,30-59,50-59,45+,45-59,50-64,Non-Black 45-59,White 45-59,White 45-64,Complete,Call 3,1.0,Some college/assoc. degree,No college degree,More than High school graduate,White no college degree,No,Unfavorable,Favorable,1.0,Government is doing too many things better left to businesses and individuals,Went too far,100k or more,"$30,000 or more",50k or more,100 thousand or more,"$100,000-$199,999","$100,000-$199,999","Over $50,000 and white",Yes,No,Illegal,Yes,Worried,Somewhat worried,Disapprove,Somewhat disapprove,45+,18-64,Independent/Something else,Non-black non-Democrat,White Independent,Something else,Independent Men,White Independent,,114.0,,,White,White,State questionnaire,White,White,East,No,Male,White men,Married men,Suburbs,Suburbs,Maine,Election day exit poll,Seriously off on the wrong track,Version 1,1.30841398239136,No,Yes,Working men,All others,Working men
80302.0,Paul LePage,Susan Collins,Paul LePage,45-65,30-59,50-59,45+,45-59,50-64,Non-Black 45-59,White 45-59,White 45-64,Complete,Call 2,2.0,High school graduate,No college degree,High school graduate or less,White no college degree,No,Unfavorable,Favorable,2.0,Government should do more to solve problems,Went too far,Less than 100k,"$30,000 or more",50k or more,50 to 100 thousand,"$50,000-$99,999","$50,000-$99,999","Over $50,000 and white",Yes,No,Legal,Yes,Worried,Somewhat worried,Disapprove,Somewhat disapprove,45+,18-64,Republican,Non-black non-Democrat,All Republicans,Republican,Republican Men,White Republican,Moderate,76.0,Conservative Republicans,Mod./Liberal Republicans,White,White,State questionnaire,White,White,East,No,Male,White men,Married men,Rural,Small Cities/Rural,Maine,Election day exit poll,Seriously off on the wrong track,Version 1,0.884980142116547,No,Yes,Working men,All others,Working men
62274.0,Paul LePage,Susan Collins,,18-29,18-29,18-24,18-44,18-29,18-24,Non-Black 18-29,White 18-29,White 18-29,Complete,Call 1,2.0,,,,,,,,2.0,,,Less than 100k,"$30,000 or more",50k or more,50 to 100 thousand,"$50,000-$99,999","$50,000-$99,999","Over $50,000 and white",,No,,,Not worried,Not too worried,Disapprove,Strongly disapprove,18-44,18-64,Republican,Non-black non-Democrat,All Republicans,Republican,Republican Men,White Republican,Conservative,63.0,Independent/Something else,Conservative Republicans,White,White,National questionnaire,White,White,East,,Male,White men,,Suburbs,Suburbs,Maine,Election day exit poll,,Version 1,1.11954081058502,No,,,,
95099.0,Paul LePage,Susan Collins,,30-44,30-59,30-39,18-44,30-44,30-39,Non-Black 30-44,White 30-44,White 30-44,Complete,Call 3,2.0,College graduate,College graduate,More than High school graduate,White college degree,,,,2.0,,,Less than 100k,"$30,000 or more",50k or more,50 to 100 thousand,"$50,000-$99,999","$50,000-$99,999","Over $50,000 and white",,No,,,Worried,Very worried,Disapprove,Strongly disapprove,18-44,18-64,Republican,Non-black non-Democrat,All Republicans,Republican,Republican Men,White Republican,Conservative,46.0,Independent/Something else,Conservative Republicans,White,White,National questionnaire,White,White,East,,Male,White men,,Suburbs,Suburbs,Maine,Election day exit poll,,Version 1,0.972231686115265,No,,,,
93167.0,Paul LePage,Susan Collins,Paul LePage,30-44,30-59,30-39,18-44,30-44,30-39,Non-Black 30-44,White 30-44,White 30-44,Complete,Call 3,2.0,College graduate,College graduate,More than High school graduate,White college degree,No,Unfavorable,Favorable,2.0,Government is doing too many things better left to businesses and individuals,Was about right,Less than 100k,"$30,000 or more",50k or more,50 to 100 thousand,"$50,000-$99,999","$50,000-$99,999","Over $50,000 and white",Yes,No,Illegal,Yes,Worried,Somewhat worried,Disapprove,Strongly disapprove,18-44,18-64,Republican,Non-black non-Democrat,All Republicans,Republican,Republican Men,White Republican,Conservative,24.0,Independent/Something else,Conservative Republicans,White,White,State questionnaire,White,White,East,Yes,Male,White men,Married men,Suburbs,Suburbs,Maine,Election day exit poll,Seriously off on the wrong track,Version 1,0.862855613231659,No,Yes,Working men,All others,Working men
95332.0,Paul LePage,Susan Collins,Paul LePage,45-65,30-59,50-59,45+,45-59,50-64,Non-Black 45-59,White 45-59,White 45-64,Complete,Call 3,1.0,Postgraduate study,College graduate,More than High school graduate,White college degree,No,Unfavorable,Favorable,1.0,Government is doing too many things better left to businesses and individuals,Went too far,100k or more,"$30,000 or more",50k or more,100 thousand or more,"$200,000 or more","$200,000 or more","Over $50,000 and white",No,No,Illegal,Yes,Worried,Very worried,Disapprove,Strongly disapprove,45+,18-64,Republican,Non-black non-Democrat,All Republicans,Republican,Republican Men,White Republican,Conservative,88.0,Independent/Something else,Conservative Republicans,White,White,State questionnaire,White,White,East,No,Male,White men,Married men,Suburbs,Suburbs,Maine,Election day exit poll,Seriously off on the wrong track,Version 1,1.49222099781036,No,Yes,Working men,All others,Working men
79381.0,Paul LePage,Susan Collins,Paul LePage,18-29,18-29,25-29,18-44,18-29,25-29,Non-Black 18-29,White 18-29,White 18-29,Complete,Call 2,1.0,College graduate,College graduate,More than High school graduate,White college degree,No,Unfavorable,Favorable,1.0,Government should do more to solve problems,Went too far,Less than 100k,"$30,000 or more",50k or more,50 to 100 thousand,"$50,000-$99,999","$50,000-$99,999","Over $50,000 and white",Yes,No,Legal,Yes,Worried,Very worried,Disapprove,Strongly disapprove,18-44,18-64,Republican,Non-black non-Democrat,All Republicans,Republican,Republican Women,White Republican,Conservative,112.0,Independent/Something else,Conservative Republicans,White,White,State questionnaire,White,White,East,No,Female,White women,Married women,Rural,Small Cities/Rural,Maine,Election day exit poll,Seriously off on the wrong track,Version 1,2.66356682777405,No,Yes,Working women,Working women,Working women
60332.0,Paul LePage,Susan Collins,Paul LePage,18-29,18-29,18-24,18-44,18-29,18-24,Non-Black 18-29,White 18-29,White 18-29,Complete,Call 1,1.0,Some college/assoc. degree,No college degree,More than High school graduate,White no college degree,No,Unfavorable,Favorable,1.0,Government is doing too many things better left to businesses and individuals,Went too far,Less than 100k,"$30,000 or more",50k or more,50 to 100 thousand,"$50,000-$99,999","$50,000-$99,999","Over $50,000 and white",Yes,No,Legal,No,Worried,Somewhat worried,Disapprove,Strongly disapprove,18-44,18-64,Republican,Non-black non-Democrat,All Republicans,Republican,Republican Women,White Republican,Conservative,82.0,Independent/Something else,Conservative Republicans,White,White,State questionnaire,White,White,East,No,Female,White women,Non married women,Suburbs,Suburbs,Maine,Election day exit poll,Generally going in the right direction,Version 1,1.41826283931732,No,No,Non-working women,All others,Non-working women
77704.0,Paul LePage,Susan Collins,,30-44,30-59,40-44,18-44,30-44,40-49,Non-Black 30-44,White 30-44,White 30-44,Complete,Call 2,2.0,Some college/assoc. degree,No college degree,More than High school graduate,White no college degree,,,,2.0,,,Less than 100k,"$30,000 or more",50k or more,50 to 100 thousand,"$50,000-$99,999","$50,000-$99,999","Over $50,000 and white",,No,,No,,,,,18-44,18-64,Republican,Non-black non-Democrat,All Republicans,Republican,Republican Women,White Republican,Liberal,46.0,Conservative Republicans,Mod./Liberal Republicans,White,White,National questionnaire,White,White,East,,Female,White women,Non married women,Suburbs,Suburbs,Maine,Election day exit poll,,Version 3,0.86325204372406,No,,,,
97010.0,Paul LePage,Susan Collins,Paul LePage,45-65,30-59,45-49,45+,45-59,40-49,Non-Black 45-59,White 45-59,White 45-64,Complete,Call 3,1.0,Postgraduate study,College graduate,More than High school graduate,White college degree,No,Unfavorable,Favorable,1.0,Government is doing too many things better left to businesses and individuals,Went too far,100k or more,"$30,000 or more",50k or more,100 thousand or more,"$100,000-$199,999","$100,000-$199,999","Over $50,000 and white",Yes,No,Illegal,Yes,Worried,Very worried,Disapprove,Strongly disapprove,45+,18-64,Independent/Something else,Non-black non-Democrat,White Independent,Independent,Independent Men,White Independent,Conservative,88.0,Moderate/Liberal Republicans,Conservative Independents,White,White,State questionnaire,White,White,East,No,Male,White men,Married men,Suburbs,Suburbs,Maine,Election day exit poll,Seriously off on the wrong track,Version 1,1.49222099781036,No,Yes,Working men,All others,Working men
79621.0,Paul LePage,Susan Collins,Paul LePage,30-44,30-59,30-39,18-44,30-44,30-39,Non-Black 30-44,White 30-44,White 30-44,Complete,Call 2,2.0,College graduate,College graduate,More than High school graduate,White college degree,No,Unfavorable,Favorable,2.0,Government is doing too many things better left to businesses and individuals,Omit,,,,,,,,Yes,No,Illegal,Yes,Worried,Somewhat worried,Disapprove,Strongly disapprove,18-44,18-64,Republican,Non-black non-Democrat,All Republicans,Republican,Republican Women,White Republican,Moderate,24.0,Conservative Republicans,Mod./Liberal Republicans,White,White,State questionnaire,White,White,East,No,Female,White women,Married women,Suburbs,Suburbs,Maine,Election day exit poll,Generally going in the right direction,Version 1,0.766136229038239,No,Yes,Working women,Working women,Working women
66100.0,Paul LePage,Susan Collins,Paul LePage,65+,60+,65 or over,45+,60+,65+,Non-Black 60+,White 60+,White 65+,Complete,Call 1,1.0,Some college/assoc. degree,No college degree,More than High school graduate,White no college degree,No,Unfavorable,Favorable,1.0,Government is doing too many things better left to businesses and individuals,Went too far,,,,,,,,Yes,No,Legal,No,Worried,Somewhat worried,Disapprove,Strongly disapprove,45+,65+,Republican,Non-black non-Democrat,All Republicans,Republican,Republican Women,White Republican,Conservative,112.0,Independent/Something else,Conservative Republicans,White,White,State questionnaire,White,White,East,Yes,Female,White women,Non married women,Rural,Small Cities/Rural,Maine,Election day exit poll,Seriously off on the wrong track,Version 1,2.525639295578,,No,Non-working women,All others,Non-working women
75754.0,Paul LePage,Susan Collins,Paul LePage,18-29,18-29,25-29,18-44,18-29,25-29,Non-Black 18-29,White 18-29,White 18-29,Complete,Call 2,1.0,College graduate,College graduate,More than High school graduate,White college degree,No,Unfavorable,Favorable,1.0,Government is doing too many things better left to businesses and individuals,Went too far,Less than 100k,"Under $30,000",Less than 50k,Less than 50 thousand,"Under $50,000","Under $30,000","Under $50,000 and white",Yes,No,Legal,No,Worried,Very worried,Disapprove,Strongly disapprove,18-44,18-64,Republican,Non-black non-Democrat,All Republicans,Republican,Republican Men,White Republican,Conservative,114.0,Independent/Something else,Conservative Republicans,White,White,State questionnaire,White,White,East,Yes,Male,White men,Non married men,Suburbs,Suburbs,Maine,Election day exit poll,Seriously off on the wrong track,Version 1,1.63398361206055,No,No,Non-working men,All others,Non-working men
66091.0,Paul LePage,Susan Collins,,45-65,60+,60-64,45+,60+,50-64,Non-Black 60+,White 60+,White 45-64,Complete,Call 1,2.0,College graduate,College graduate,More than High school graduate,White college degree,,,,2.0,,,Less than 100k,"Under $30,000",Less than 50k,Less than 50 thousand,"Under $50,000","Under $30,000","Under $50,000 and white",,No,,,Worried,Very worried,Disapprove,Strongly disapprove,45+,18-64,Republican,Non-black non-Democrat,All Republicans,Republican,Republican Women,White Republican,Conservative,46.0,Independent/Something else,Conservative Republicans,White,White,National questionnaire,White,White,East,,Female,White women,,Suburbs,Suburbs,Maine,Election day exit poll,,Version 1,1.0222282409668,No,,,,
62226.0,Paul LePage,Susan Collins,,18-29,18-29,18-24,18-44,18-29,18-24,Non-Black 18-29,White 18-29,White 18-29,Complete,Call 1,2.0,High school graduate,No college degree,High school graduate or less,White no college degree,,,,2.0,,,Less than 100k,"$30,000 or more",50k or more,50 to 100 thousand,"$50,000-$99,999","$50,000-$99,999","Over $50,000 and white",,No,,,,,,,18-44,18-64,Republican,Non-black non-Democrat,All Republicans,Republican,Republican Men,White Republican,Moderate,63.0,Conservative Republicans,Mod./Liberal Republicans,White,White,National questionnaire,White,White,East,,Male,White men,,Suburbs,Suburbs,Maine,Election day exit poll,,Version 5,1.11954081058502,No,,,,
67441.0,Paul LePage,Susan Collins,,30-44,30-59,30-39,18-44,30-44,30-39,Non-Black 30-44,White 30-44,White 30-44,Complete,Call 1,2.0,College graduate,College graduate,More than High school graduate,White college degree,,,,2.0,,Went too far,Less than 100k,"$30,000 or more",50k or more,50 to 100 thousand,"$50,000-$99,999","$50,000-$99,999","Over $50,000 and white",,,,Yes,,,,,18-44,18-64,Republican,Non-black non-Democrat,All Republicans,Republican,Republican Men,White Republican,Conservative,46.0,Independent/Something else,Conservative Republicans,White,White,National questionnaire,White,White,East,,Male,White men,Married men,Suburbs,Suburbs,Maine,Election day exit poll,,Version 2,0.972231686115265,No,No,Non-working men,All others,Non-working men
91179.0,Paul LePage,Susan Collins,Paul LePage,45-65,30-59,45-49,45+,45-59,40-49,Non-Black 45-59,White 45-59,White 45-64,Complete,Call 3,2.0,Some college/assoc. degree,No college degree,More than High school graduate,White no college degree,No,Unfavorable,Unfavorable,2.0,Government is doing too many things better left to businesses and individuals,Went too far,Less than 100k,"$30,000 or more",50k or more,50 to 100 thousand,"$50,000-$99,999","$50,000-$99,999","Over $50,000 and white",Yes,No,Legal,Yes,Worried,Very worried,Disapprove,Strongly disapprove,45+,18-64,Independent/Something else,Non-black non-Democrat,White Independent,Independent,Independent Men,White Independent,Conservative,22.0,Moderate/Liberal Republicans,Conservative Independents,White,White,State questionnaire,White,White,East,Yes,Male,White men,Married men,Rural,Small Cities/Rural,Maine,Election day exit poll,Seriously off on the wrong track,Version 1,1.21102547645569,No,Yes,Working men,All others,Working men
94461.0,Paul LePage,Susan Collins,Paul LePage,45-65,30-59,45-49,45+,45-59,40-49,Non-Black 45-59,White 45-59,White 45-64,Complete,Call 3,1.0,Some college/assoc. degree,No college degree,More than High school graduate,White no college degree,No,Unfavorable,Unfavorable,1.0,Government should do more to solve problems,Was about right,Less than 100k,"$30,000 or more",50k or more,50 to 100 thousand,"$50,000-$99,999","$50,000-$99,999","Over $50,000 and white",Yes,No,Legal,Yes,Worried,Very worried,Approve,Somewhat approve,45+,18-64,Democrat,Non-black Democrat,White Democrat,Democrat,Democratic Men,White Democrat,Conservative,9.0,Moderate/Conservative Democrats,Mod/Conserv. Democrats,White,White,State questionnaire,White,White,East,Yes,Male,White men,Married men,Suburbs,Suburbs,Maine,Election day exit poll,Seriously off on the wrong track,Version 1,1.27904653549194,No,Yes,Working men,All others,Working men
95028.0,Paul LePage,Susan Collins,,45-65,30-59,50-59,45+,45-59,50-64,Non-Black 45-59,White 45-59,White 45-64,Complete,Call 3,2.0,Some college/assoc. degree,No college degree,More than High school graduate,White no college degree,,,,2.0,,,Less than 100k,"$30,000 or more",50k or more,50 to 100 thousand,"$50,000-$99,999","$50,000-$99,999","Over $50,000 and white",,No,,Yes,,,,,45+,18-64,Republican,Non-black non-Democrat,All Republicans,Republican,Republican Women,White Republican,Conservative,46.0,Independent/Something else,Conservative Republicans,White,White,National questionnaire,White,White,East,,Female,White women,Married women,Suburbs,Suburbs,Maine,Election day exit poll,,Version 3,0.86325204372406,No,,,,
95025.0,Paul LePage,Susan Collins,Paul LePage,45-65,60+,60-64,45+,60+,50-64,Non-Black 60+,White 60+,White 45-64,Not complete,Call 3,1.0,,,,,,,,1.0,Government is doing too many things better left to businesses and individuals,,,,,,,,,,No,,,,,,,45+,18-64,,,,,,,,114.0,,,White,White,State questionnaire,White,White,East,Yes,Male,White men,,Suburbs,Suburbs,Maine,Election day exit poll,Seriously off on the wrong track,Version 1,1.54937100410461,,Yes,Working men,All others,Working men
93093.0,Paul LePage,Susan Collins,Paul LePage,18-29,18-29,18-24,18-44,18-29,18-24,Non-Black 18-29,White 18-29,White 18-29,Complete,Call 3,2.0,Some college/assoc. degree,No college degree,More than High school graduate,White no college degree,No,Unfavorable,Favorable,2.0,Government is doing too many things better left to businesses and individuals,Went too far,Less than 100k,"Under $30,000",Less than 50k,Less than 50 thousand,"Under $50,000","Under $30,000","Under $50,000 and white",No,No,Illegal,Yes,Worried,Somewhat worried,Disapprove,Somewhat disapprove,18-44,18-64,Republican,Non-black non-Democrat,All Republicans,Republican,Republican Men,White Republican,Conservative,76.0,Independent/Something else,Conservative Republicans,White,White,State questionnaire,White,White,East,No,Male,White men,Married men,Rural,Small Cities/Rural,Maine,Election day exit poll,Seriously off on the wrong track,Version 1,1.10518765449524,Yes,Yes,Working men,All others,Working men
66055.0,Paul LePage,Susan Collins,Paul LePage,45-65,60+,60-64,45+,60+,50-64,Non-Black 60+,White 60+,White 45-64,Complete,Call 1,2.0,High school graduate,No college degree,High school graduate or less,White no college degree,No,Unfavorable,Unfavorable,2.0,Government is doing too many things better left to businesses and individuals,Went too far,Less than 100k,"Under $30,000",Less than 50k,Less than 50 thousand,"Under $50,000","Under $30,000","Under $50,000 and white",No,No,Legal,No,Worried,Somewhat worried,Disapprove,Strongly disapprove,45+,18-64,Independent/Something else,Non-black non-Democrat,White Independent,Independent,Independent Men,White Independent,Conservative,96.0,Moderate/Liberal Republicans,Conservative Independents,White,White,State questionnaire,White,White,East,Omit,Male,White men,Non married men,Rural,Small Cities/Rural,Maine,Election day exit poll,Seriously off on the wrong track,Version 1,1.16772437095642,Yes,,,All others,
95016.0,Paul LePage,Susan Collins,Paul LePage,45-65,30-59,50-59,45+,45-59,50-64,Non-Black 45-59,White 45-59,White 45-64,Not complete,Call 3,1.0,,,,,,,,1.0,Government is doing too many things better left to businesses and individuals,,,,,,,,,,No,,,,,,,45+,18-64,,,,,,,,88.0,,,White,White,State questionnaire,White,White,East,No,Male,White men,,Suburbs,Suburbs,Maine,Election day exit poll,Seriously off on the wrong track,Version 1,1.49222099781036,,Yes,Working men,All others,Working men
93083.0,Paul LePage,Susan Collins,Paul LePage,45-65,30-59,50-59,45+,45-59,50-64,Non-Black 45-59,White 45-59,White 45-64,Complete,Call 3,1.0,Some college/assoc. degree,No college degree,More than High school graduate,White no college degree,No,Omit,Omit,1.0,Government is doing too many things better left to businesses and individuals,Was about right,Less than 100k,"$30,000 or more",50k or more,50 to 100 thousand,"$50,000-$99,999","$50,000-$99,999","Over $50,000 and white",Yes,No,Legal,No,Worried,Very worried,Omit,Omit,45+,18-64,,,,,,,,82.0,,,White,White,State questionnaire,White,White,East,Yes,Female,White women,Non married women,Suburbs,Suburbs,Maine,Election day exit poll,Omit,Version 1,1.13567543029785,No,Yes,Working women,Working women,Working women
79559.0,Paul LePage,Susan Collins,Paul LePage,45-65,30-59,50-59,45+,45-59,50-64,Non-Black 45-59,White 45-59,White 45-64,Complete,Call 2,1.0,High school graduate,No college degree,High school graduate or less,White no college degree,Yes,Favorable,Favorable,1.0,Government should do more to solve problems,Went too far,Less than 100k,"$30,000 or more",Less than 50k,Less than 50 thousand,"Under $50,000","$30,000-$49,999","Under $50,000 and white",Yes,No,Illegal,Yes,Not worried,Not too worried,Disapprove,Strongly disapprove,45+,18-64,Democrat,Non-black Democrat,White Democrat,Democrat,Democratic Men,White Democrat,Moderate,112.0,Moderate/Conservative Democrats,Mod/Conserv. Democrats,White,White,State questionnaire,White,White,East,Yes,Male,White men,Married men,Rural,Small Cities/Rural,Maine,Election day exit poll,Generally going in the right direction,Version 1,2.40211176872253,Yes,Yes,Working men,All others,Working men
93068.0,Paul LePage,Susan Collins,Paul LePage,45-65,60+,60-64,45+,60+,50-64,Non-Black 60+,White 60+,White 45-64,Complete,Call 3,2.0,College graduate,College graduate,More than High school graduate,White college degree,No,Unfavorable,Favorable,2.0,Government is doing too many things better left to businesses and individuals,Went too far,Less than 100k,"$30,000 or more",50k or more,50 to 100 thousand,"$50,000-$99,999","$50,000-$99,999","Over $50,000 and white",Yes,No,Omit,Yes,Worried,Very worried,Disapprove,Strongly disapprove,45+,18-64,Republican,Non-black non-Democrat,All Republicans,Republican,Republican Women,White Republican,Conservative,92.0,Independent/Something else,Conservative Republicans,White,White,State questionnaire,White,White,East,Omit,Female,White women,Married women,Rural,Small Cities/Rural,Maine,Election day exit poll,Seriously off on the wrong track,Version 1,0.954976379871368,No,Yes,Working women,Working women,Working women
60240.0,Paul LePage,Susan Collins,Paul LePage,30-44,30-59,30-39,18-44,30-44,30-39,Non-Black 30-44,White 30-44,White 30-44,Complete,Call 1,1.0,College graduate,College graduate,More than High school graduate,White college degree,No,Unfavorable,Favorable,1.0,Government is doing too many things better left to businesses and individuals,Went too far,100k or more,"$30,000 or more",50k or more,100 thousand or more,"$200,000 or more","$200,000 or more","Over $50,000 and white",Yes,No,Illegal,Yes,Worried,Somewhat worried,Disapprove,Strongly disapprove,18-44,18-64,Republican,Non-black non-Democrat,All Republicans,Republican,Republican Women,White Republican,Moderate,82.0,Conservative Republicans,Mod./Liberal Republicans,White,White,State questionnaire,White,White,East,Yes,Female,White women,Married women,Suburbs,Suburbs,Maine,Election day exit poll,Generally going in the right direction,Version 1,1.13567543029785,No,Yes,Working women,Working women,Working women
94992.0,Paul LePage,Susan Collins,Paul LePage,30-44,30-59,40-44,18-44,30-44,40-49,Non-Black 30-44,White 30-44,White 30-44,Not complete,Call 3,1.0,,,,,,,,1.0,Government is doing too many things better left to businesses and individuals,,,,,,,,,,No,,,,,,,18-44,18-64,,,,,,,,103.0,,,White,White,State questionnaire,White,White,East,No,Male,White men,,Rural,Small Cities/Rural,Maine,Election day exit poll,Seriously off on the wrong track,Version 1,2.59175229072571,,Yes,Working men,All others,Working men
93600.0,Paul LePage,Susan Collins,Paul LePage,45-65,30-59,45-49,45+,45-59,40-49,Non-Black 45-59,White 45-59,White 45-64,Complete,Call 3,2.0,Some college/assoc. degree,No college degree,More than High school graduate,White no college degree,No,Unfavorable,Unfavorable,2.0,Government is doing too many things better left to businesses and individuals,Went too far,Less than 100k,"$30,000 or more",50k or more,50 to 100 thousand,"$50,000-$99,999","$50,000-$99,999","Over $50,000 and white",No,No,Legal,Yes,Worried,Very worried,Disapprove,Strongly disapprove,45+,18-64,Independent/Something else,Non-black non-Democrat,White Independent,Independent,Independent Men,White Independent,Conservative,92.0,Moderate/Liberal Republicans,Conservative Independents,White,White,State questionnaire,White,White,East,No,Male,White men,Married men,Rural,Small Cities/Rural,Maine,Election day exit poll,Seriously off on the wrong track,Version 1,0.908269107341766,No,Yes,Working men,All others,Working men
90714.0,Paul LePage,Susan Collins,Paul LePage,45-65,30-59,50-59,45+,45-59,50-64,Non-Black 45-59,White 45-59,White 45-64,Complete,Call 3,1.0,Some college/assoc. degree,No college degree,More than High school graduate,White no college degree,No,Unfavorable,Unfavorable,1.0,Government is doing too many things better left to businesses and individuals,Was about right,Less than 100k,"$30,000 or more",Less than 50k,Less than 50 thousand,"Under $50,000","$30,000-$49,999","Under $50,000 and white",Yes,No,Illegal,No,Not worried,Not too worried,Disapprove,Somewhat disapprove,45+,18-64,Independent/Something else,Non-black non-Democrat,White Independent,Independent,Independent Women,White Independent,Moderate,112.0,Moderate/Liberal Republicans,Moderate Independents,White,White,State questionnaire,White,White,East,Yes,Female,White women,Non married women,Rural,Small Cities/Rural,Maine,Election day exit poll,Generally going in the right direction,Version 1,2.13285374641418,Yes,Yes,Working women,Working women,Working women
94971.0,Paul LePage,Susan Collins,Paul LePage,30-44,30-59,30-39,18-44,30-44,30-39,Non-Black 30-44,White 30-44,White 30-44,Complete,Call 3,1.0,Some college/assoc. degree,No college degree,More than High school graduate,White no college degree,No,Unfavorable,Favorable,1.0,Government is doing too many things better left to businesses and individuals,Went too far,Less than 100k,"$30,000 or more",50k or more,50 to 100 thousand,"$50,000-$99,999","$50,000-$99,999","Over $50,000 and white",Yes,No,Legal,No,Worried,Somewhat worried,Disapprove,Strongly disapprove,18-44,18-64,Republican,Non-black non-Democrat,All Republicans,Republican,Republican Men,White Republican,Moderate,114.0,Conservative Republicans,Mod./Liberal Republicans,White,White,State questionnaire,White,White,East,Yes,Male,White men,Non married men,Suburbs,Suburbs,Maine,Election day exit poll,Seriously off on the wrong track,Version 1,1.30841398239136,No,Yes,Working men,All others,Working men
75658.0,Paul LePage,Susan Collins,Paul LePage,30-44,30-59,30-39,18-44,30-44,30-39,Non-Black 30-44,White 30-44,White 30-44,Complete,Call 2,1.0,College graduate,College graduate,More than High school graduate,White college degree,No,Unfavorable,Favorable,1.0,Government is doing too many things better left to businesses and individuals,Went too far,Less than 100k,"$30,000 or more",50k or more,50 to 100 thousand,"$50,000-$99,999","$50,000-$99,999","Over $50,000 and white",Yes,No,Legal,Yes,Worried,Very worried,Disapprove,Strongly disapprove,18-44,18-64,Republican,Non-black non-Democrat,All Republicans,Republican,Republican Women,White Republican,Conservative,88.0,Independent/Something else,Conservative Republicans,White,White,State questionnaire,White,White,East,Yes,Female,White women,Married women,Suburbs,Suburbs,Maine,Election day exit poll,Generally going in the right direction,Version 1,1.3249546289444,No,Yes,Working women,Working women,Working women
62139.0,Paul LePage,Susan Collins,Paul LePage,65+,60+,65 or over,45+,60+,65+,Non-Black 60+,White 60+,White 65+,Complete,Call 1,1.0,Some college/assoc. degree,No college degree,More than High school graduate,White no college degree,No,Unfavorable,Favorable,1.0,Government is doing too many things better left to businesses and individuals,Went too far,Less than 100k,"$30,000 or more",Less than 50k,Less than 50 thousand,"Under $50,000","$30,000-$49,999","Under $50,000 and white",Yes,No,Legal,Yes,Worried,Somewhat worried,Disapprove,Strongly disapprove,45+,65+,Independent/Something else,Non-black non-Democrat,White Independent,Independent,Independent Women,White Independent,Conservative,9.0,Moderate/Liberal Republicans,Conservative Independents,White,White,State questionnaire,White,White,East,No,Female,White women,Married women,Suburbs,Suburbs,Maine,Election day exit poll,Seriously off on the wrong track,Version 1,1.34482097625732,Yes,No,Non-working women,All others,Non-working women
62138.0,Paul LePage,Susan Collins,Paul LePage,65+,60+,65 or over,45+,60+,65+,Non-Black 60+,White 60+,White 65+,Complete,Call 1,1.0,Some college/assoc. degree,No college degree,More than High school graduate,White no college degree,No,Unfavorable,Favorable,1.0,Government is doing too many things better left to businesses and individuals,Went too far,Less than 100k,"$30,000 or more",Less than 50k,Less than 50 thousand,"Under $50,000","$30,000-$49,999","Under $50,000 and white",Yes,No,Legal,Yes,Worried,Somewhat worried,Disapprove,Strongly disapprove,45+,65+,Independent/Something else,Non-black non-Democrat,White Independent,Independent,Independent Women,White Independent,Conservative,9.0,Moderate/Liberal Republicans,Conservative Independents,White,White,State questionnaire,White,White,East,No,Female,White women,Married women,Suburbs,Suburbs,Maine,Election day exit poll,Seriously off on the wrong track,Version 1,1.34482097625732,Yes,No,Non-working women,All others,Non-working women
79512.0,Paul LePage,Susan Collins,Paul LePage,45-65,30-59,50-59,45+,45-59,50-64,Non-Black 45-59,White 45-59,White 45-64,Complete,Call 2,2.0,College graduate,College graduate,More than High school graduate,White college degree,No,Unfavorable,Favorable,2.0,Government is doing too many things better left to businesses and individuals,Went too far,100k or more,"$30,000 or more",50k or more,100 thousand or more,"$100,000-$199,999","$100,000-$199,999","Over $50,000 and white",Yes,No,Illegal,Yes,Worried,Very worried,Disapprove,Strongly disapprove,45+,18-64,Republican,Non-black non-Democrat,All Republicans,Republican,Republican Women,White Republican,Conservative,24.0,Independent/Something else,Conservative Republicans,White,White,State questionnaire,White,White,East,No,Female,White women,Married women,Suburbs,Suburbs,Maine,Election day exit poll,Seriously off on the wrong track,Version 1,0.766136229038239,No,Yes,Working women,Working women,Working women
60191.0,Paul LePage,Susan Collins,Paul LePage,45-65,30-59,50-59,45+,45-59,50-64,Non-Black 45-59,White 45-59,White 45-64,Complete,Call 1,1.0,College graduate,College graduate,More than High school graduate,White college degree,No,Unfavorable,Favorable,1.0,Government should do more to solve problems,Went too far,,,,,,,,No,No,Illegal,No,Worried,Very worried,Disapprove,Strongly disapprove,45+,18-64,Republican,Non-black non-Democrat,All Republicans,Republican,Republican Women,White Republican,Moderate,9.0,Conservative Republicans,Mod./Liberal Republicans,White,White,State questionnaire,White,White,East,Yes,Female,White women,Non married women,Suburbs,Suburbs,Maine,Election day exit poll,Seriously off on the wrong track,Version 1,1.13567543029785,No,Yes,Working women,Working women,Working women
79497.0,Paul LePage,Susan Collins,Paul LePage,30-44,30-59,40-44,18-44,30-44,40-49,Non-Black 30-44,White 30-44,White 30-44,Complete,Call 2,2.0,High school graduate,No college degree,High school graduate or less,White no college degree,No,Favorable,Favorable,2.0,Government is doing too many things better left to businesses and individuals,Went too far,Less than 100k,"$30,000 or more",Less than 50k,Less than 50 thousand,"Under $50,000","$30,000-$49,999","Under $50,000 and white",Yes,No,Legal,Yes,Worried,Very worried,Disapprove,Strongly disapprove,18-44,18-64,Independent/Something else,Non-black non-Democrat,White Independent,Independent,Independent Women,White Independent,Moderate,22.0,Moderate/Liberal Republicans,Moderate Independents,White,White,State questionnaire,White,White,East,Yes,Female,White women,Married women,Rural,Small Cities/Rural,Maine,Election day exit poll,Seriously off on the wrong track,Version 1,1.07527887821198,Yes,Yes,Working women,Working women,Working women
62116.0,Paul LePage,Susan Collins,,18-29,18-29,18-24,18-44,18-29,18-24,Non-Black 18-29,White 18-29,White 18-29,Complete,Call 1,2.0,Some college/assoc. degree,No college degree,More than High school graduate,White no college degree,,,,2.0,,,Less than 100k,"$30,000 or more",50k or more,50 to 100 thousand,"$50,000-$99,999","$50,000-$99,999","Over $50,000 and white",,No,,No,,,,,18-44,18-64,Republican,Non-black non-Democrat,All Republicans,Republican,Republican Men,White Republican,Conservative,63.0,Independent/Something else,Conservative Republicans,White,White,National questionnaire,White,White,East,,Male,White men,Non married men,Suburbs,Suburbs,Maine,Election day exit poll,,Version 3,1.11954081058502,No,,,,
94932.0,Paul LePage,Susan Collins,Paul LePage,45-65,30-59,45-49,45+,45-59,40-49,Non-Black 45-59,White 45-59,White 45-64,Complete,Call 3,2.0,College graduate,College graduate,More than High school graduate,White college degree,No,Unfavorable,Favorable,2.0,Government is doing too many things better left to businesses and individuals,Went too far,Less than 100k,"$30,000 or more",50k or more,50 to 100 thousand,"$50,000-$99,999","$50,000-$99,999","Over $50,000 and white",No,No,Illegal,Yes,Worried,Very worried,Disapprove,Strongly disapprove,45+,18-64,Republican,Non-black non-Democrat,All Republicans,Republican,Republican Men,White Republican,Conservative,24.0,Independent/Something else,Conservative Republicans,White,White,State questionnaire,White,White,East,No,Male,White men,Married men,Suburbs,Suburbs,Maine,Election day exit poll,Seriously off on the wrong track,Version 1,0.862855613231659,No,Yes,Working men,All others,Working men
94930.0,Paul LePage,Susan Collins,Mike Michaud,45-65,30-59,50-59,45+,45-59,50-64,Non-Black 45-59,White 45-59,White 45-64,Complete,Call 3,1.0,High school graduate,No college degree,High school graduate or less,White no college degree,No,Unfavorable,Favorable,1.0,Government is doing too many things better left to businesses and individuals,Was about right,Less than 100k,"Under $30,000",Less than 50k,Less than 50 thousand,"Under $50,000","Under $30,000","Under $50,000 and white",Yes,No,Legal,Yes,Not worried,Not too worried,Approve,Somewhat approve,45+,18-64,Republican,Non-black non-Democrat,All Republicans,Republican,Republican Men,White Republican,Moderate,103.0,Conservative Republicans,Mod./Liberal Republicans,White,White,State questionnaire,White,White,East,No,Male,White men,Married men,Rural,Small Cities/Rural,Maine,Election day exit poll,Generally going in the right direction,Version 1,2.59175229072571,Yes,No,Non-working men,All others,Non-working men
92991.0,Paul LePage,Susan Collins,Paul LePage,45-65,30-59,50-59,45+,45-59,50-64,Non-Black 45-59,White 45-59,White 45-64,Complete,Call 3,1.0,Some college/assoc. degree,No college degree,More than High school graduate,White no college degree,No,Unfavorable,Favorable,1.0,Government is doing too many things better left to businesses and individuals,Went too far,Less than 100k,"$30,000 or more",50k or more,50 to 100 thousand,"$50,000-$99,999","$50,000-$99,999","Over $50,000 and white",No,No,Illegal,Yes,Worried,Very worried,Disapprove,Strongly disapprove,45+,18-64,Independent/Something else,Non-black non-Democrat,White Independent,Independent,Independent Men,White Independent,Moderate,82.0,Moderate/Liberal Republicans,Moderate Independents,White,White,State questionnaire,White,White,East,No,Male,White men,Married men,Suburbs,Suburbs,Maine,Election day exit poll,Seriously off on the wrong track,Version 1,1.27904653549194,No,Yes,Working men,All others,Working men
92977.0,Paul LePage,Susan Collins,Paul LePage,18-29,18-29,18-24,18-44,18-29,18-24,Non-Black 18-29,White 18-29,White 18-29,Complete,Call 3,2.0,Some college/assoc. degree,No college degree,More than High school graduate,White no college degree,No,Favorable,Favorable,2.0,Government should do more to solve problems,Was about right,Less than 100k,"$30,000 or more",Less than 50k,Less than 50 thousand,"Under $50,000","$30,000-$49,999","Under $50,000 and white",Yes,No,Illegal,No,Not worried,Not too worried,Approve,Somewhat approve,18-44,18-64,Independent/Something else,Non-black non-Democrat,White Independent,Independent,Independent Women,White Independent,,76.0,,,White,White,State questionnaire,White,White,East,Yes,Female,White women,Non married women,Rural,Small Cities/Rural,Maine,Election day exit poll,Generally going in the right direction,Version 1,0.981304705142975,Yes,No,Non-working women,All others,Non-working women
95009.0,Paul LePage,Susan Collins,Paul LePage,45-65,60+,60-64,45+,60+,50-64,Non-Black 60+,White 60+,White 45-64,Complete,Call 3,2.0,High school graduate,No college degree,High school graduate or less,White no college degree,No,Unfavorable,Favorable,2.0,Government is doing too many things better left to businesses and individuals,Went too far,Less than 100k,"Under $30,000",Less than 50k,Less than 50 thousand,"Under $50,000","Under $30,000","Under $50,000 and white",Yes,No,Illegal,No,Worried,Very worried,Disapprove,Strongly disapprove,45+,18-64,Republican,Non-black non-Democrat,All Republicans,Republican,Republican Men,White Republican,Moderate,24.0,Conservative Republicans,Mod./Liberal Republicans,White,White,State questionnaire,White,White,East,Yes,Male,White men,Non married men,Suburbs,Suburbs,Maine,Election day exit poll,Seriously off on the wrong track,Version 1,1.02175879478455,Yes,Yes,Working men,All others,Working men
75590.0,Paul LePage,Susan Collins,Paul LePage,18-29,18-29,18-24,18-44,18-29,18-24,Non-Black 18-29,White 18-29,White 18-29,Complete,Call 2,1.0,Some college/assoc. degree,No college degree,More than High school graduate,White no college degree,No,Unfavorable,Favorable,1.0,Government is doing too many things better left to businesses and individuals,Went too far,Less than 100k,"Under $30,000",Less than 50k,Less than 50 thousand,"Under $50,000","Under $30,000","Under $50,000 and white",No,No,Illegal,Yes,Worried,Very worried,Disapprove,Strongly disapprove,18-44,18-64,Republican,Non-black non-Democrat,All Republicans,Republican,Republican Men,White Republican,Moderate,88.0,Conservative Republicans,Mod./Liberal Republicans,White,White,State questionnaire,White,White,East,No,Male,White men,Married men,Suburbs,Suburbs,Maine,Election day exit poll,Seriously off on the wrong track,Version 1,1.86352694034576,Yes,Yes,Working men,All others,Working men
64001.0,Paul LePage,Susan Collins,Mike Michaud,45-65,60+,60-64,45+,60+,50-64,Non-Black 60+,White 60+,White 45-64,Complete,Call 1,1.0,High school graduate,No college degree,High school graduate or less,White no college degree,No,Unfavorable,Favorable,1.0,Government is doing too many things better left to businesses and individuals,Went too far,Less than 100k,"$30,000 or more",50k or more,50 to 100 thousand,"$50,000-$99,999","$50,000-$99,999","Over $50,000 and white",No,No,Legal,Yes,Not worried,Not too worried,Disapprove,Somewhat disapprove,45+,18-64,Republican,Non-black non-Democrat,All Republicans,Republican,Republican Men,White Republican,Conservative,88.0,Independent/Something else,Conservative Republicans,White,White,State questionnaire,White,White,East,No,Male,White men,Married men,Suburbs,Suburbs,Maine,Election day exit poll,Generally going in the right direction,Version 1,1.76702785491943,No,No,Non-working men,All others,Non-working men
94894.0,Paul LePage,Susan Collins,Paul LePage,45-65,30-59,50-59,45+,45-59,50-64,Non-Black 45-59,White 45-59,White 45-64,Complete,Call 3,1.0,Some college/assoc. degree,No college degree,More than High school graduate,White no college degree,No,Unfavorable,Favorable,1.0,Government is doing too many things better left to businesses and individuals,Went too far,Less than 100k,"$30,000 or more",50k or more,50 to 100 thousand,"$50,000-$99,999","$50,000-$99,999","Over $50,000 and white",Yes,No,Legal,No,Worried,Somewhat worried,Disapprove,Somewhat disapprove,45+,18-64,Republican,Non-black non-Democrat,All Republicans,Republican,Republican Men,White Republican,Moderate,114.0,Conservative Republicans,Mod./Liberal Republicans,White,White,State questionnaire,White,White,East,Yes,Male,White men,Non married men,Suburbs,Suburbs,Maine,Election day exit poll,Seriously off on the wrong track,Version 1,1.30841398239136,No,Yes,Working men,All others,Working men
91023.0,Paul LePage,Susan Collins,Mike Michaud,18-29,18-29,25-29,18-44,18-29,25-29,Non-Black 18-29,White 18-29,White 18-29,Complete,Call 3,2.0,College graduate,College graduate,More than High school graduate,White college degree,No,Omit,Omit,2.0,Government should do more to solve problems,Was about right,Less than 100k,"$30,000 or more",Less than 50k,Less than 50 thousand,"Under $50,000","$30,000-$49,999","Under $50,000 and white",Yes,No,Illegal,Yes,Worried,Somewhat worried,Approve,Somewhat approve,18-44,18-64,Independent/Something else,Non-black non-Democrat,White Independent,Independent,Independent Women,White Independent,Moderate,22.0,Moderate/Liberal Republicans,Moderate Independents,White,White,State questionnaire,White,White,East,Yes,Female,White women,Married women,Rural,Small Cities/Rural,Maine,Election day exit poll,Seriously off on the wrong track,Version 1,1.34283804893494,No,No,Non-working women,All others,Non-working women
62048.0,Paul LePage,Susan Collins,Paul LePage,45-65,30-59,45-49,45+,45-59,40-49,Non-Black 45-59,White 45-59,White 45-64,Complete,Call 1,1.0,College graduate,College graduate,More than High school graduate,White college degree,No,Unfavorable,Favorable,1.0,Government is doing too many things better left to businesses and individuals,Went too far,Less than 100k,"$30,000 or more",Less than 50k,Less than 50 thousand,"Under $50,000","$30,000-$49,999","Under $50,000 and white",Yes,No,Omit,No,Worried,Very worried,Disapprove,Strongly disapprove,45+,18-64,Republican,Non-black non-Democrat,All Republicans,Republican,Republican Men,White Republican,Conservative,9.0,Independent/Something else,Conservative Republicans,White,White,State questionnaire,White,White,East,Omit,Male,White men,Non married men,Suburbs,Suburbs,Maine,Election day exit poll,Seriously off on the wrong track,Version 1,1.27904653549194,No,Yes,Working men,All others,Working men
78561.0,Paul LePage,Susan Collins,Paul LePage,45-65,30-59,50-59,45+,45-59,50-64,Non-Black 45-59,White 45-59,White 45-64,Complete,Call 2,2.0,High school graduate,No college degree,High school graduate or less,White no college degree,No,Unfavorable,Favorable,2.0,Government is doing too many things better left to businesses and individuals,Went too far,Less than 100k,"$30,000 or more",50k or more,50 to 100 thousand,"$50,000-$99,999","$50,000-$99,999","Over $50,000 and white",Yes,No,Illegal,Yes,Worried,Very worried,Disapprove,Strongly disapprove,45+,18-64,Independent/Something else,Non-black non-Democrat,White Independent,Something else,Independent Men,White Independent,Conservative,65.0,Moderate/Liberal Republicans,Conservative Independents,White,White,State questionnaire,White,White,East,No,Male,White men,Married men,Rural,Small Cities/Rural,Maine,Election day exit poll,Seriously off on the wrong track,Version 1,0.908269107341766,No,Yes,Working men,All others,Working men
77478.0,Paul LePage,Susan Collins,,45-65,30-59,45-49,45+,45-59,40-49,Non-Black 45-59,White 45-59,White 45-64,Complete,Call 2,2.0,High school graduate,No college degree,High school graduate or less,White no college degree,,,,2.0,,,Less than 100k,"$30,000 or more",50k or more,50 to 100 thousand,"$50,000-$99,999","$50,000-$99,999","Over $50,000 and white",,No,,,,,,,45+,18-64,Republican,Non-black non-Democrat,All Republicans,Republican,Republican Men,White Republican,Conservative,46.0,Independent/Something else,Conservative Republicans,White,White,National questionnaire,White,White,East,,Male,White men,,Suburbs,Suburbs,Maine,Election day exit poll,,Version 5,0.972231686115265,No,,,,
94077.0,Paul LePage,Susan Collins,Paul LePage,45-65,30-59,45-49,45+,45-59,40-49,Non-Black 45-59,White 45-59,White 45-64,Complete,Call 3,1.0,High school graduate,No college degree,High school graduate or less,White no college degree,No,Unfavorable,Favorable,1.0,Government is doing too many things better left to businesses and individuals,Went too far,Less than 100k,"$30,000 or more",Less than 50k,Less than 50 thousand,"Under $50,000","$30,000-$49,999","Under $50,000 and white",Yes,No,Legal,No,Worried,Very worried,Disapprove,Strongly disapprove,45+,18-64,Republican,Non-black non-Democrat,All Republicans,Republican,Republican Men,White Republican,Moderate,82.0,Conservative Republicans,Mod./Liberal Republicans,White,White,State questionnaire,White,White,East,No,Male,White men,Non married men,Suburbs,Suburbs,Maine,Election day exit poll,Seriously off on the wrong track,Version 1,1.27904653549194,Yes,Yes,Working men,All others,Working men
65884.0,Paul LePage,Susan Collins,Paul LePage,30-44,30-59,30-39,18-44,30-44,30-39,Non-Black 30-44,White 30-44,White 30-44,Complete,Call 1,2.0,Some college/assoc. degree,No college degree,More than High school graduate,White no college degree,No,Unfavorable,Favorable,2.0,Government is doing too many things better left to businesses and individuals,Went too far,,,,,,,,No,No,Illegal,No,Worried,Somewhat worried,Disapprove,Strongly disapprove,18-44,18-64,Republican,Non-black non-Democrat,All Republicans,Republican,Republican Men,White Republican,Conservative,96.0,Independent/Something else,Conservative Republicans,White,White,State questionnaire,White,White,East,No,Male,White men,Non married men,Rural,Small Cities/Rural,Maine,Election day exit poll,Seriously off on the wrong track,Version 1,0.986120700836182,,Yes,Working men,All others,Working men
92491.0,Paul LePage,Susan Collins,,18-29,18-29,18-24,18-44,18-29,18-24,Non-Black 18-29,White 18-29,White 18-29,Complete,Call 3,2.0,High school graduate,No college degree,High school graduate or less,White no college degree,,Unfavorable,Favorable,2.0,Government is doing too many things better left to businesses and individuals,,100k or more,"$30,000 or more",50k or more,100 thousand or more,"$100,000-$199,999","$100,000-$199,999","Over $50,000 and white",,No,Legal,,,,,,18-44,18-64,Republican,Non-black non-Democrat,All Republicans,Republican,Republican Men,White Republican,Conservative,63.0,Independent/Something else,Conservative Republicans,White,White,National questionnaire,White,White,East,No,Male,White men,,Suburbs,Suburbs,Maine,Election day exit poll,Seriously off on the wrong track,Version 4,1.11954081058502,No,,,,
79392.0,Paul LePage,Susan Collins,Paul LePage,45-65,30-59,50-59,45+,45-59,50-64,Non-Black 45-59,White 45-59,White 45-64,Complete,Call 2,2.0,Some college/assoc. degree,No college degree,More than High school graduate,White no college degree,No,Unfavorable,Favorable,2.0,Government is doing too many things better left to businesses and individuals,Went too far,Less than 100k,"Under $30,000",Less than 50k,Less than 50 thousand,"Under $50,000","Under $30,000","Under $50,000 and white",No,No,Illegal,No,Worried,Very worried,Disapprove,Strongly disapprove,45+,18-64,Independent/Something else,Non-black non-Democrat,White Independent,Independent,Independent Men,White Independent,Conservative,22.0,Moderate/Liberal Republicans,Conservative Independents,White,White,State questionnaire,White,White,East,No,Male,White men,Non married men,Rural,Small Cities/Rural,Maine,Election day exit poll,Seriously off on the wrong track,Version 1,1.21102547645569,Yes,Yes,Working men,All others,Working men
94836.0,Paul LePage,Susan Collins,Paul LePage,45-65,30-59,50-59,45+,45-59,50-64,Non-Black 45-59,White 45-59,White 45-64,Complete,Call 3,2.0,College graduate,College graduate,More than High school graduate,White college degree,No,Unfavorable,Favorable,2.0,Government is doing too many things better left to businesses and individuals,Went too far,Less than 100k,"$30,000 or more",Less than 50k,Less than 50 thousand,"Under $50,000","$30,000-$49,999","Under $50,000 and white",No,No,Legal,No,Worried,Very worried,Disapprove,Strongly disapprove,45+,18-64,Republican,Non-black non-Democrat,All Republicans,Republican,Republican Women,White Republican,Moderate,24.0,Conservative Republicans,Mod./Liberal Republicans,White,White,State questionnaire,White,White,East,No,Female,White women,Non married women,Suburbs,Suburbs,Maine,Election day exit poll,Seriously off on the wrong track,Version 1,0.766136229038239,No,Yes,Working women,Working women,Working women
65863.0,Paul LePage,Susan Collins,Paul LePage,65+,60+,65 or over,45+,60+,65+,Non-Black 60+,White 60+,White 65+,Complete,Call 1,2.0,Postgraduate study,College graduate,More than High school graduate,White college degree,No,Unfavorable,Favorable,2.0,Government is doing too many things better left to businesses and individuals,Went too far,,,,,,,,No,No,Legal,Yes,Worried,Very worried,Disapprove,Strongly disapprove,45+,65+,Republican,Non-black non-Democrat,All Republicans,Republican,Republican Women,White Republican,Conservative,92.0,Independent/Something else,Conservative Republicans,White,White,State questionnaire,White,White,East,No,Female,White women,Married women,Rural,Small Cities/Rural,Maine,Election day exit poll,Seriously off on the wrong track,Version 1,0.954976379871368,No,No,Non-working women,All others,Non-working women
94815.0,Paul LePage,Susan Collins,Paul LePage,18-29,18-29,25-29,18-44,18-29,25-29,Non-Black 18-29,White 18-29,White 18-29,Complete,Call 3,1.0,College graduate,College graduate,More than High school graduate,White college degree,No,Unfavorable,Favorable,1.0,Government should do more to solve problems,Went too far,Less than 100k,"$30,000 or more",50k or more,50 to 100 thousand,"$50,000-$99,999","$50,000-$99,999","Over $50,000 and white",No,No,Illegal,Yes,Worried,Very worried,Disapprove,Strongly disapprove,18-44,18-64,Republican,Non-black non-Democrat,All Republicans,Republican,Republican Women,White Republican,Conservative,114.0,Independent/Something else,Conservative Republicans,White,White,State questionnaire,White,White,East,Yes,Female,White women,Married women,Suburbs,Suburbs,Maine,Election day exit poll,Seriously off on the wrong track,Version 1,1.45082676410675,No,Yes,Working women,Working women,Working women
92881.0,Paul LePage,Susan Collins,Paul LePage,45-65,60+,60-64,45+,60+,50-64,Non-Black 60+,White 60+,White 45-64,Complete,Call 3,2.0,College graduate,College graduate,More than High school graduate,White college degree,No,Unfavorable,Favorable,2.0,Government is doing too many things better left to businesses and individuals,Went too far,Less than 100k,"$30,000 or more",50k or more,50 to 100 thousand,"$50,000-$99,999","$50,000-$99,999","Over $50,000 and white",No,No,Illegal,Yes,Worried,Very worried,Disapprove,Strongly disapprove,45+,18-64,Republican,Non-black non-Democrat,All Republicans,Republican,Republican Men,White Republican,Conservative,76.0,Independent/Something else,Conservative Republicans,White,White,State questionnaire,White,White,East,No,Male,White men,Married men,Rural,Small Cities/Rural,Maine,Election day exit poll,Seriously off on the wrong track,Version 1,1.04795777797699,No,Yes,Working men,All others,Working men
75497.0,Paul LePage,Susan Collins,Paul LePage,45-65,30-59,50-59,45+,45-59,50-64,Non-Black 45-59,White 45-59,White 45-64,Complete,Call 2,1.0,Some college/assoc. degree,No college degree,More than High school graduate,White no college degree,No,Unfavorable,Unfavorable,1.0,Government is doing too many things better left to businesses and individuals,Did not go far enough,100k or more,"$30,000 or more",50k or more,100 thousand or more,"$100,000-$199,999","$100,000-$199,999","Over $50,000 and white",No,No,Illegal,Yes,Worried,Very worried,Disapprove,Somewhat disapprove,45+,18-64,Independent/Something else,Non-black non-Democrat,White Independent,Independent,Independent Men,White Independent,Moderate,88.0,Moderate/Liberal Republicans,Moderate Independents,White,White,State questionnaire,White,White,East,No,Male,White men,Married men,Suburbs,Suburbs,Maine,Election day exit poll,Seriously off on the wrong track,Version 1,1.49222099781036,No,Yes,Working men,All others,Working men
74420.0,Paul LePage,Susan Collins,Paul LePage,18-29,18-29,18-24,18-44,18-29,18-24,Non-Black 18-29,White 18-29,White 18-29,Complete,Call 2,1.0,High school graduate,No college degree,High school graduate or less,White no college degree,No,Favorable,Favorable,1.0,Government should do more to solve problems,Went too far,100k or more,"$30,000 or more",50k or more,100 thousand or more,"$100,000-$199,999","$100,000-$199,999","Over $50,000 and white",Yes,No,Legal,No,Worried,Somewhat worried,Disapprove,Somewhat disapprove,18-44,18-64,Independent/Something else,Non-black non-Democrat,White Independent,Independent,Independent Women,White Independent,Moderate,9.0,Moderate/Liberal Republicans,Moderate Independents,White,White,State questionnaire,White,White,East,Yes,Female,White women,Non married women,Suburbs,Suburbs,Maine,Election day exit poll,Seriously off on the wrong track,Version 1,1.41826283931732,No,No,Non-working women,All others,Non-working women
65835.0,Paul LePage,Susan Collins,Paul LePage,65+,60+,65 or over,45+,60+,65+,Non-Black 60+,White 60+,White 65+,Not complete,Call 1,1.0,,,,,,,,1.0,Government is doing too many things better left to businesses and individuals,,,,,,,,,,No,,,,,,,45+,65+,,,,,,,,112.0,,,White,White,State questionnaire,White,White,East,No,Male,White men,,Rural,Small Cities/Rural,Maine,Election day exit poll,Seriously off on the wrong track,Version 1,2.84448385238647,,No,Non-working men,All others,Non-working men
65827.0,Paul LePage,Susan Collins,Paul LePage,45-65,30-59,45-49,45+,45-59,40-49,Non-Black 45-59,White 45-59,White 45-64,Complete,Call 1,2.0,High school graduate,No college degree,High school graduate or less,White no college degree,No,Unfavorable,Favorable,2.0,Government should do more to solve problems,Did not go far enough,Less than 100k,"Under $30,000",Less than 50k,Less than 50 thousand,"Under $50,000","Under $30,000","Under $50,000 and white",No,No,Legal,No,Worried,Somewhat worried,Disapprove,Strongly disapprove,45+,18-64,Republican,Non-black non-Democrat,All Republicans,Republican,Republican Men,White Republican,Moderate,24.0,Conservative Republicans,Mod./Liberal Republicans,White,White,State questionnaire,White,White,East,No,Male,White men,Non married men,Suburbs,Suburbs,Maine,Election day exit poll,Seriously off on the wrong track,Version 1,0.862855613231659,Yes,Yes,Working men,All others,Working men
92859.0,Paul LePage,Susan Collins,Paul LePage,45-65,60+,60-64,45+,60+,50-64,Non-Black 60+,White 60+,White 45-64,Complete,Call 3,1.0,Postgraduate study,College graduate,More than High school graduate,White college degree,No,Omit,Omit,1.0,Government is doing too many things better left to businesses and individuals,Did not go far enough,Less than 100k,"$30,000 or more",Less than 50k,Less than 50 thousand,"Under $50,000","$30,000-$49,999","Under $50,000 and white",No,No,Illegal,No,Worried,Very worried,Approve,Somewhat approve,45+,18-64,Democrat,Non-black Democrat,White Democrat,Democrat,Democratic Women,White Democrat,Moderate,9.0,Moderate/Conservative Democrats,Mod/Conserv. Democrats,White,White,State questionnaire,White,White,East,Yes,Female,White women,Non married women,Suburbs,Suburbs,Maine,Election day exit poll,Seriously off on the wrong track,Version 1,1.34482097625732,No,Yes,Working women,Working women,Working women
65813.0,Paul LePage,Susan Collins,Paul LePage,45-65,30-59,50-59,45+,45-59,50-64,Non-Black 45-59,White 45-59,White 45-64,Complete,Call 1,2.0,High school graduate,No college degree,High school graduate or less,White no college degree,No,Unfavorable,Unfavorable,2.0,Government should do more to solve problems,Did not go far enough,Less than 100k,"$30,000 or more",Less than 50k,Less than 50 thousand,"Under $50,000","$30,000-$49,999","Under $50,000 and white",Yes,No,Legal,Yes,Worried,Somewhat worried,Approve,Somewhat approve,45+,18-64,Independent/Something else,Non-black non-Democrat,White Independent,Independent,Independent Women,White Independent,Moderate,96.0,Moderate/Liberal Republicans,Moderate Independents,White,White,State questionnaire,White,White,East,No,Female,White women,Married women,Rural,Small Cities/Rural,Maine,Election day exit poll,Generally going in the right direction,Version 1,0.875584244728088,Yes,Yes,Working women,Working women,Working women
75457.0,Paul LePage,Susan Collins,Paul LePage,30-44,30-59,40-44,18-44,30-44,40-49,Non-Black 30-44,White 30-44,White 30-44,Complete,Call 2,1.0,Some college/assoc. degree,No college degree,More than High school graduate,White no college degree,Yes,Unfavorable,Unfavorable,1.0,Government is doing too many things better left to businesses and individuals,Went too far,Less than 100k,"$30,000 or more",50k or more,50 to 100 thousand,"$50,000-$99,999","$50,000-$99,999","Over $50,000 and white",Yes,No,Legal,Yes,Worried,Somewhat worried,Disapprove,Strongly disapprove,18-44,18-64,Republican,Non-black non-Democrat,All Republicans,Republican,Republican Men,White Republican,Moderate,114.0,Conservative Republicans,Mod./Liberal Republicans,White,White,State questionnaire,White,White,East,No,Male,White men,Married men,Suburbs,Suburbs,Maine,Election day exit poll,Seriously off on the wrong track,Version 1,1.30841398239136,No,Yes,Working men,All others,Working men
94307.0,Paul LePage,Susan Collins,Paul LePage,45-65,30-59,45-49,45+,45-59,40-49,Non-Black 45-59,White 45-59,White 45-64,Complete,Call 3,2.0,Some college/assoc. degree,No college degree,More than High school graduate,White no college degree,No,Unfavorable,Favorable,2.0,Government is doing too many things better left to businesses and individuals,Went too far,Less than 100k,"$30,000 or more",50k or more,50 to 100 thousand,"$50,000-$99,999","$50,000-$99,999","Over $50,000 and white",Yes,No,Illegal,No,Worried,Very worried,Disapprove,Strongly disapprove,45+,18-64,Independent/Something else,Non-black non-Democrat,White Independent,Independent,Independent Men,White Independent,Conservative,96.0,Moderate/Liberal Republicans,Conservative Independents,White,White,State questionnaire,White,White,East,No,Male,White men,Non married men,Rural,Small Cities/Rural,Maine,Election day exit poll,Seriously off on the wrong track,Version 1,0.986120700836182,No,Yes,Working men,All others,Working men
65798.0,Paul LePage,Susan Collins,Paul LePage,18-29,18-29,18-24,18-44,18-29,18-24,Non-Black 18-29,White 18-29,White 18-29,Complete,Call 1,2.0,College graduate,College graduate,More than High school graduate,White college degree,No,Unfavorable,Favorable,2.0,Government is doing too many things better left to businesses and individuals,Went too far,Less than 100k,"$30,000 or more",50k or more,50 to 100 thousand,"$50,000-$99,999","$50,000-$99,999","Over $50,000 and white",Yes,No,Illegal,Yes,Worried,Very worried,Disapprove,Strongly disapprove,18-44,18-64,Independent/Something else,Non-black non-Democrat,White Independent,Independent,Independent Men,White Independent,Moderate,24.0,Moderate/Liberal Republicans,Moderate Independents,White,White,State questionnaire,White,White,East,No,Male,White men,Married men,Suburbs,Suburbs,Maine,Election day exit poll,Seriously off on the wrong track,Version 1,1.0775580406189,No,Yes,Working men,All others,Working men
65797.0,Paul LePage,Susan Collins,Paul LePage,65+,60+,65 or over,45+,60+,65+,Non-Black 60+,White 60+,White 65+,Not complete,Call 1,1.0,,,,,,,,1.0,Government is doing too many things better left to businesses and individuals,,,,,,,,,,No,,,,,,,45+,65+,,,,,,,,112.0,,,White,White,State questionnaire,White,White,East,Yes,Female,White women,,Rural,Small Cities/Rural,Maine,Election day exit poll,Generally going in the right direction,Version 1,2.525639295578,,No,Non-working women,All others,Non-working women
79306.0,Paul LePage,Susan Collins,Paul LePage,30-44,30-59,40-44,18-44,30-44,40-49,Non-Black 30-44,White 30-44,White 30-44,Complete,Call 2,2.0,Some college/assoc. degree,No college degree,More than High school graduate,White no college degree,No,Unfavorable,Unfavorable,2.0,Government should do more to solve problems,Did not go far enough,100k or more,"$30,000 or more",50k or more,100 thousand or more,"$100,000-$199,999","$100,000-$199,999","Over $50,000 and white",Yes,No,Legal,Yes,Worried,Somewhat worried,Disapprove,Somewhat disapprove,18-44,18-64,Republican,Non-black non-Democrat,All Republicans,Republican,Republican Women,White Republican,Conservative,24.0,Independent/Something else,Conservative Republicans,White,White,State questionnaire,White,White,East,Yes,Female,White women,Married women,Suburbs,Suburbs,Maine,Election day exit poll,Seriously off on the wrong track,Version 1,0.766136229038239,No,No,Non-working women,All others,Non-working women
94752.0,Paul LePage,Susan Collins,Paul LePage,30-44,30-59,30-39,18-44,30-44,30-39,Non-Black 30-44,White 30-44,White 30-44,Complete,Call 3,2.0,Some college/assoc. degree,No college degree,More than High school graduate,White no college degree,No,Favorable,Favorable,2.0,Government should do more to solve problems,Was about right,Less than 100k,"Under $30,000",Less than 50k,Less than 50 thousand,"Under $50,000","Under $30,000","Under $50,000 and white",No,No,Illegal,No,Worried,Somewhat worried,Approve,Somewhat approve,18-44,18-64,Republican,Non-black non-Democrat,All Republicans,Republican,Republican Men,White Republican,Conservative,24.0,Independent/Something else,Conservative Republicans,White,White,State questionnaire,White,White,East,Omit,Male,White men,Non married men,Suburbs,Suburbs,Maine,Election day exit poll,Generally going in the right direction,Version 1,0.862855613231659,Yes,Yes,Working men,All others,Working men
65784.0,Paul LePage,Susan Collins,Paul LePage,30-44,30-59,40-44,18-44,30-44,40-49,Non-Black 30-44,White 30-44,White 30-44,Complete,Call 1,2.0,Some college/assoc. degree,No college degree,More than High school graduate,White no college degree,No,Unfavorable,Favorable,2.0,Government should do more to solve problems,Went too far,Less than 100k,"$30,000 or more",50k or more,50 to 100 thousand,"$50,000-$99,999","$50,000-$99,999","Over $50,000 and white",Yes,No,Illegal,Yes,Worried,Very worried,Disapprove,Strongly disapprove,18-44,18-64,Republican,Non-black non-Democrat,All Republicans,Republican,Republican Men,White Republican,Conservative,92.0,Independent/Something else,Conservative Republicans,White,White,State questionnaire,White,White,East,No,Male,White men,Married men,Rural,Small Cities/Rural,Maine,Election day exit poll,Seriously off on the wrong track,Version 1,0.908269107341766,No,Yes,Working men,All others,Working men
63850.0,Paul LePage,Susan Collins,Paul LePage,45-65,30-59,50-59,45+,45-59,50-64,Non-Black 45-59,White 45-59,White 45-64,Not complete,Call 1,1.0,,,,,,,,1.0,Government is doing too many things better left to businesses and individuals,,,,,,,,,,No,,,,,,,45+,18-64,,,,,,,,114.0,,,White,White,State questionnaire,White,White,East,No,Male,White men,,Suburbs,Suburbs,Maine,Election day exit poll,Seriously off on the wrong track,Version 1,1.30841398239136,,Yes,Working men,All others,Working men
65773.0,Paul LePage,Susan Collins,Paul LePage,45-65,60+,60-64,45+,60+,50-64,Non-Black 60+,White 60+,White 45-64,Complete,Call 1,2.0,High school graduate,No college degree,High school graduate or less,White no college degree,No,Favorable,Favorable,2.0,Government is doing too many things better left to businesses and individuals,Went too far,Less than 100k,"Under $30,000",Less than 50k,Less than 50 thousand,"Under $50,000","Under $30,000","Under $50,000 and white",Yes,No,Illegal,Yes,Worried,Somewhat worried,Disapprove,Strongly disapprove,45+,18-64,Democrat,Non-black Democrat,White Democrat,Democrat,Democratic Men,White Democrat,Liberal,96.0,Liberal Democrats,Liberal Democrats,White,White,State questionnaire,White,White,East,Yes,Male,White men,Married men,Rural,Small Cities/Rural,Maine,Election day exit poll,Generally going in the right direction,Version 1,1.16772437095642,Yes,Yes,Working men,All others,Working men
73485.0,Paul LePage,Susan Collins,Paul LePage,45-65,30-59,50-59,45+,45-59,50-64,Non-Black 45-59,White 45-59,White 45-64,Complete,Call 2,1.0,Postgraduate study,College graduate,More than High school graduate,White college degree,No,Unfavorable,Unfavorable,1.0,Government is doing too many things better left to businesses and individuals,Went too far,100k or more,"$30,000 or more",50k or more,100 thousand or more,"$100,000-$199,999","$100,000-$199,999","Over $50,000 and white",No,No,Legal,Yes,Worried,Very worried,Disapprove,Strongly disapprove,45+,18-64,Independent/Something else,Non-black non-Democrat,White Independent,Independent,Independent Men,White Independent,Conservative,82.0,Moderate/Liberal Republicans,Conservative Independents,White,White,State questionnaire,White,White,East,No,Male,White men,Married men,Suburbs,Suburbs,Maine,Election day exit poll,Seriously off on the wrong track,Version 1,1.27904653549194,No,Yes,Working men,All others,Working men
65759.0,Paul LePage,Susan Collins,Paul LePage,45-65,30-59,50-59,45+,45-59,50-64,Non-Black 45-59,White 45-59,White 45-64,Complete,Call 1,1.0,Some college/assoc. degree,No college degree,More than High school graduate,White no college degree,No,Favorable,Favorable,1.0,Government should do more to solve problems,Went too far,100k or more,"$30,000 or more",50k or more,100 thousand or more,"$100,000-$199,999","$100,000-$199,999","Over $50,000 and white",Yes,No,Legal,Yes,Worried,Somewhat worried,Approve,Somewhat approve,45+,18-64,Republican,Non-black non-Democrat,All Republicans,Republican,Republican Women,White Republican,Conservative,112.0,Independent/Something else,Conservative Republicans,White,White,State questionnaire,White,White,East,Yes,Female,White women,Married women,Rural,Small Cities/Rural,Maine,Election day exit poll,Seriously off on the wrong track,Version 1,2.13285374641418,No,Yes,Working women,Working women,Working women
75410.0,Paul LePage,Susan Collins,Paul LePage,65+,60+,65 or over,45+,60+,65+,Non-Black 60+,White 60+,White 65+,Complete,Call 2,1.0,Postgraduate study,College graduate,More than High school graduate,White college degree,No,Unfavorable,Favorable,1.0,Government should do more to solve problems,Went too far,100k or more,"$30,000 or more",50k or more,100 thousand or more,"$100,000-$199,999","$100,000-$199,999","Over $50,000 and white",No,No,Illegal,Yes,Not worried,Not too worried,Disapprove,Somewhat disapprove,45+,65+,Republican,Non-black non-Democrat,All Republicans,Republican,Republican Men,White Republican,Moderate,88.0,Conservative Republicans,Mod./Liberal Republicans,White,White,State questionnaire,White,White,East,No,Male,White men,Married men,Suburbs,Suburbs,Maine,Election day exit poll,Generally going in the right direction,Version 1,1.76702785491943,No,Yes,Working men,All others,Working men
79269.0,Paul LePage,Susan Collins,Paul LePage,18-29,18-29,18-24,18-44,18-29,18-24,Non-Black 18-29,White 18-29,White 18-29,Complete,Call 2,1.0,No high school diploma,No college degree,High school graduate or less,White no college degree,No,Unfavorable,Favorable,1.0,Government is doing too many things better left to businesses and individuals,Was about right,Less than 100k,"$30,000 or more",50k or more,50 to 100 thousand,"$50,000-$99,999","$50,000-$99,999","Over $50,000 and white",Yes,No,Legal,No,Worried,Somewhat worried,Disapprove,Somewhat disapprove,18-44,18-64,Republican,Non-black non-Democrat,All Republicans,Republican,Republican Men,White Republican,Conservative,112.0,Independent/Something else,Conservative Republicans,White,White,State questionnaire,White,White,East,Yes,Male,White men,Non married men,Rural,Small Cities/Rural,Maine,Election day exit poll,Generally going in the right direction,Version 1,2.99982380867004,No,No,Non-working men,All others,Non-working men
92782.0,Paul LePage,Susan Collins,Paul LePage,18-29,18-29,25-29,18-44,18-29,25-29,Non-Black 18-29,White 18-29,White 18-29,Complete,Call 3,2.0,High school graduate,No college degree,High school graduate or less,White no college degree,No,Unfavorable,Favorable,2.0,Government is doing too many things better left to businesses and individuals,Went too far,Less than 100k,"$30,000 or more",Less than 50k,Less than 50 thousand,"Under $50,000","$30,000-$49,999","Under $50,000 and white",No,No,Illegal,No,Not worried,Not too worried,Disapprove,Strongly disapprove,18-44,18-64,Republican,Non-black non-Democrat,All Republicans,Republican,Republican Men,White Republican,Conservative,96.0,Independent/Something else,Conservative Republicans,White,White,State questionnaire,White,White,East,Yes,Male,White men,Non married men,Rural,Small Cities/Rural,Maine,Election day exit poll,Seriously off on the wrong track,Version 1,1.23149490356445,Yes,Yes,Working men,All others,Working men
63814.0,Paul LePage,Susan Collins,Paul LePage,45-65,30-59,50-59,45+,45-59,50-64,Non-Black 45-59,White 45-59,White 45-64,Complete,Call 1,1.0,High school graduate,No college degree,High school graduate or less,White no college degree,No,Unfavorable,Favorable,1.0,Government should do more to solve problems,Was about right,Less than 100k,"Under $30,000",Less than 50k,Less than 50 thousand,"Under $50,000","Under $30,000","Under $50,000 and white",No,No,Illegal,No,Not worried,Not too worried,Disapprove,Strongly disapprove,45+,18-64,Independent/Something else,Non-black non-Democrat,White Independent,Independent,Independent Men,White Independent,Conservative,88.0,Moderate/Liberal Republicans,Conservative Independents,White,White,State questionnaire,White,White,East,No,Male,White men,Non married men,Suburbs,Suburbs,Maine,Election day exit poll,Seriously off on the wrong track,Version 1,1.49222099781036,Yes,No,Non-working men,All others,Non-working men
65740.0,Paul LePage,Susan Collins,Paul LePage,45-65,30-59,45-49,45+,45-59,40-49,Non-Black 45-59,White 45-59,White 45-64,Complete,Call 1,2.0,High school graduate,No college degree,High school graduate or less,White no college degree,No,Unfavorable,Favorable,2.0,Government is doing too many things better left to businesses and individuals,Went too far,Less than 100k,"$30,000 or more",50k or more,50 to 100 thousand,"$50,000-$99,999","$50,000-$99,999","Over $50,000 and white",Yes,No,Illegal,Yes,Worried,Very worried,Disapprove,Strongly disapprove,45+,18-64,Republican,Non-black non-Democrat,All Republicans,Republican,Republican Men,White Republican,Conservative,96.0,Independent/Something else,Conservative Republicans,White,White,State questionnaire,White,White,East,No,Male,White men,Married men,Rural,Small Cities/Rural,Maine,Election day exit poll,Seriously off on the wrong track,Version 1,0.986120700836182,No,Yes,Working men,All others,Working men
65739.0,Paul LePage,Susan Collins,Paul LePage,65+,60+,65 or over,45+,60+,65+,Non-Black 60+,White 60+,White 65+,Complete,Call 1,2.0,Some college/assoc. degree,No college degree,More than High school graduate,White no college degree,No,Unfavorable,Unfavorable,2.0,Government is doing too many things better left to businesses and individuals,Went too far,100k or more,"$30,000 or more",50k or more,100 thousand or more,"$200,000 or more","$200,000 or more","Over $50,000 and white",Yes,,Illegal,Yes,Worried,Very worried,Disapprove,Strongly disapprove,45+,65+,Independent/Something else,Non-black non-Democrat,White Independent,Independent,Independent Men,White Independent,Conservative,24.0,Moderate/Liberal Republicans,Conservative Independents,White,White,State questionnaire,White,White,East,No,Male,White men,Married men,Suburbs,Suburbs,Maine,Election day exit poll,Seriously off on the wrong track,Version 1,1.02175879478455,No,Yes,Working men,All others,Working men
79253.0,Paul LePage,Susan Collins,Paul LePage,65+,60+,65 or over,45+,60+,65+,Non-Black 60+,White 60+,White 65+,Complete,Call 2,2.0,Some college/assoc. degree,No college degree,More than High school graduate,White no college degree,No,Unfavorable,Favorable,2.0,Government is doing too many things better left to businesses and individuals,Went too far,Less than 100k,"$30,000 or more",Less than 50k,Less than 50 thousand,"Under $50,000","$30,000-$49,999","Under $50,000 and white",Yes,No,Legal,Yes,Worried,Very worried,Disapprove,Strongly disapprove,45+,65+,Independent/Something else,Non-black non-Democrat,White Independent,Independent,Independent Men,White Independent,Conservative,96.0,Moderate/Liberal Republicans,Conservative Independents,White,White,State questionnaire,White,White,East,No,Male,White men,Married men,Rural,Small Cities/Rural,Maine,Election day exit poll,Seriously off on the wrong track,Version 1,1.16772437095642,Yes,No,Non-working men,All others,Non-working men
94699.0,Paul LePage,Susan Collins,Paul LePage,65+,60+,65 or over,45+,60+,65+,Non-Black 60+,Latino 60+,Latino 65+,Complete,Call 3,2.0,Postgraduate study,College graduate,More than High school graduate,Non white college degree,No,Unfavorable,Unfavorable,2.0,Government is doing too many things better left to businesses and individuals,Went too far,100k or more,"$30,000 or more",50k or more,100 thousand or more,"$100,000-$199,999","$100,000-$199,999","Over $50,000 and non white",Yes,Yes,Illegal,Yes,Worried,Somewhat worried,Disapprove,Strongly disapprove,45+,65+,Republican,Non-black non-Democrat,All Republicans,Republican,Republican Men,All others,Conservative,96.0,Independent/Something else,Conservative Republicans,Other,White,State questionnaire,Hispanic/Latino,Hispanic/Latino,East,No,Male,Latino men,Married men,Rural,Small Cities/Rural,Maine,Election day exit poll,Seriously off on the wrong track,Version 1,1.16772437095642,No,Yes,Working men,All others,Working men
65730.0,Paul LePage,Susan Collins,Paul LePage,45-65,30-59,45-49,45+,45-59,40-49,Non-Black 45-59,White 45-59,White 45-64,Complete,Call 1,1.0,High school graduate,No college degree,High school graduate or less,White no college degree,No,Unfavorable,Favorable,1.0,Government is doing too many things better left to businesses and individuals,Went too far,Less than 100k,"$30,000 or more",50k or more,50 to 100 thousand,"$50,000-$99,999","$50,000-$99,999","Over $50,000 and white",Yes,No,Legal,Yes,Worried,Very worried,Disapprove,Strongly disapprove,45+,18-64,Republican,Non-black non-Democrat,All Republicans,Republican,Republican Men,White Republican,Conservative,112.0,Independent/Something else,Conservative Republicans,White,White,State questionnaire,White,White,East,No,Male,White men,Married men,Rural,Small Cities/Rural,Maine,Election day exit poll,Generally going in the right direction,Version 1,2.40211176872253,No,Yes,Working men,All others,Working men
67658.0,Paul LePage,Susan Collins,,65+,60+,65 or over,45+,60+,65+,Non-Black 60+,White 60+,White 65+,Complete,Call 1,2.0,High school graduate,No college degree,High school graduate or less,White no college degree,,Unfavorable,Favorable,2.0,Government should do more to solve problems,,Less than 100k,"$30,000 or more",Less than 50k,Less than 50 thousand,"Under $50,000","$30,000-$49,999","Under $50,000 and white",,No,Illegal,,,,,,45+,65+,Republican,Non-black non-Democrat,All Republicans,Republican,Republican Women,White Republican,Moderate,46.0,Conservative Republicans,Mod./Liberal Republicans,White,White,National questionnaire,White,White,East,No,Female,White women,,Suburbs,Suburbs,Maine,Election day exit poll,Generally going in the right direction,Version 4,1.0222282409668,Yes,,,,
79236.0,Paul LePage,Susan Collins,Paul LePage,65+,60+,65 or over,45+,60+,65+,Non-Black 60+,White 60+,White 65+,Complete,Call 2,2.0,College graduate,College graduate,More than High school graduate,White college degree,No,Unfavorable,Unfavorable,2.0,Government is doing too many things better left to businesses and individuals,Went too far,Less than 100k,"$30,000 or more",50k or more,50 to 100 thousand,"$50,000-$99,999","$50,000-$99,999","Over $50,000 and white",Yes,No,Illegal,Yes,Worried,Very worried,Disapprove,Strongly disapprove,45+,65+,Independent/Something else,Non-black non-Democrat,White Independent,Independent,Independent Men,White Independent,Conservative,92.0,Moderate/Liberal Republicans,Conservative Independents,White,White,State questionnaire,White,White,East,No,Male,White men,Married men,Rural,Small Cities/Rural,Maine,Election day exit poll,Seriously off on the wrong track,Version 1,1.07553553581238,No,Yes,Working men,All others,Working men
67579.0,Paul LePage,Susan Collins,,45-65,30-59,45-49,45+,45-59,40-49,Non-Black 45-59,White 45-59,White 45-64,Complete,Call 1,2.0,College graduate,College graduate,More than High school graduate,White college degree,,Unfavorable,Favorable,2.0,Government is doing too many things better left to businesses and individuals,,Less than 100k,"$30,000 or more",50k or more,50 to 100 thousand,"$50,000-$99,999","$50,000-$99,999","Over $50,000 and white",,No,Illegal,,,,,,45+,18-64,Republican,Non-black non-Democrat,All Republicans,Republican,Republican Men,White Republican,Conservative,46.0,Independent/Something else,Conservative Republicans,White,White,National questionnaire,White,White,East,Yes,Male,White men,,Suburbs,Suburbs,Maine,Election day exit poll,Seriously off on the wrong track,Version 4,0.972231686115265,No,,,,
94677.0,Paul LePage,Susan Collins,Paul LePage,45-65,30-59,50-59,45+,45-59,50-64,Non-Black 45-59,White 45-59,White 45-64,Complete,Call 3,2.0,Some college/assoc. degree,No college degree,More than High school graduate,White no college degree,No,Unfavorable,Favorable,2.0,Government is doing too many things better left to businesses and individuals,Went too far,Less than 100k,"$30,000 or more",Less than 50k,Less than 50 thousand,"Under $50,000","$30,000-$49,999","Under $50,000 and white",Yes,No,Illegal,Yes,Worried,Very worried,Disapprove,Strongly disapprove,45+,18-64,Republican,Non-black non-Democrat,All Republicans,Republican,Republican Women,White Republican,Conservative,24.0,Independent/Something else,Conservative Republicans,White,White,State questionnaire,White,White,East,No,Female,White women,Married women,Suburbs,Suburbs,Maine,Election day exit poll,Seriously off on the wrong track,Version 1,0.766136229038239,Yes,Yes,Working women,Working women,Working women
65710.0,Paul LePage,Susan Collins,Paul LePage,45-65,30-59,45-49,45+,45-59,40-49,Non-Black 45-59,White 45-59,White 45-64,Complete,Call 1,2.0,High school graduate,No college degree,High school graduate or less,White no college degree,No,Unfavorable,Favorable,2.0,Government is doing too many things better left to businesses and individuals,Did not go far enough,Less than 100k,"$30,000 or more",Less than 50k,Less than 50 thousand,"Under $50,000","$30,000-$49,999","Under $50,000 and white",No,No,Legal,Yes,Worried,Very worried,Disapprove,Strongly disapprove,45+,18-64,Republican,Non-black non-Democrat,All Republicans,Republican,Republican Men,White Republican,Moderate,24.0,Conservative Republicans,Mod./Liberal Republicans,White,White,State questionnaire,White,White,East,Yes,Male,White men,Married men,Suburbs,Suburbs,Maine,Election day exit poll,Seriously off on the wrong track,Version 1,0.862855613231659,Yes,No,Non-working men,All others,Non-working men
65564.0,Paul LePage,Susan Collins,Paul LePage,18-29,18-29,25-29,18-44,18-29,25-29,Non-Black 18-29,White 18-29,White 18-29,Complete,Call 1,1.0,College graduate,College graduate,More than High school graduate,White college degree,No,Unfavorable,Favorable,1.0,Government is doing too many things better left to businesses and individuals,Went too far,Less than 100k,"$30,000 or more",50k or more,50 to 100 thousand,"$50,000-$99,999","$50,000-$99,999","Over $50,000 and white",Yes,No,Illegal,Yes,Worried,Very worried,Disapprove,Strongly disapprove,18-44,18-64,Independent/Something else,Non-black non-Democrat,White Independent,Independent,Independent Men,White Independent,Moderate,112.0,Moderate/Liberal Republicans,Moderate Independents,White,White,State questionnaire,White,White,East,Yes,Male,White men,Married men,Rural,Small Cities/Rural,Maine,Election day exit poll,Seriously off on the wrong track,Version 1,2.99982380867004,No,Yes,Working men,All others,Working men
65693.0,Paul LePage,Susan Collins,Paul LePage,45-65,30-59,45-49,45+,45-59,40-49,Non-Black 45-59,White 45-59,White 45-64,Complete,Call 1,1.0,Postgraduate study,College graduate,More than High school graduate,White college degree,No,Unfavorable,Favorable,1.0,Government is doing too many things better left to businesses and individuals,Went too far,Less than 100k,"$30,000 or more",50k or more,50 to 100 thousand,"$50,000-$99,999","$50,000-$99,999","Over $50,000 and white",Yes,No,Legal,Yes,Worried,Very worried,Disapprove,Strongly disapprove,45+,18-64,Republican,Non-black non-Democrat,All Republicans,Republican,Republican Women,White Republican,Moderate,112.0,Conservative Republicans,Mod./Liberal Republicans,White,White,State questionnaire,White,White,East,Yes,Female,White women,Married women,Rural,Small Cities/Rural,Maine,Election day exit poll,Seriously off on the wrong track,Version 1,2.13285374641418,No,Yes,Working women,Working women,Working women
79208.0,Paul LePage,Susan Collins,Paul LePage,30-44,30-59,40-44,18-44,30-44,40-49,Non-Black 30-44,White 30-44,White 30-44,Complete,Call 2,2.0,Some college/assoc. degree,No college degree,More than High school graduate,White no college degree,No,Unfavorable,Favorable,2.0,Government should do more to solve problems,Went too far,Less than 100k,"$30,000 or more",50k or more,50 to 100 thousand,"$50,000-$99,999","$50,000-$99,999","Over $50,000 and white",Yes,No,Legal,Yes,Worried,Somewhat worried,Disapprove,Strongly disapprove,18-44,18-64,Republican,Non-black non-Democrat,All Republicans,Republican,Republican Women,White Republican,Moderate,22.0,Conservative Republicans,Mod./Liberal Republicans,White,White,State questionnaire,White,White,East,Yes,Female,White women,Married women,Rural,Small Cities/Rural,Maine,Election day exit poll,Seriously off on the wrong track,Version 1,1.07527887821198,No,No,Non-working women,All others,Non-working women
65681.0,Paul LePage,Susan Collins,Paul LePage,30-44,30-59,30-39,18-44,30-44,30-39,Non-Black 30-44,White 30-44,White 30-44,Complete,Call 1,2.0,High school graduate,No college degree,High school graduate or less,White no college degree,No,Unfavorable,Favorable,2.0,Government is doing too many things better left to businesses and individuals,Was about right,100k or more,"$30,000 or more",50k or more,100 thousand or more,"$100,000-$199,999","$100,000-$199,999","Over $50,000 and white",Yes,No,Legal,Yes,Worried,Somewhat worried,Approve,Somewhat approve,18-44,18-64,Independent/Something else,Non-black non-Democrat,White Independent,Independent,Independent Women,White Independent,Conservative,65.0,Moderate/Liberal Republicans,Conservative Independents,White,White,State questionnaire,White,White,East,Yes,Female,White women,Married women,Rural,Small Cities/Rural,Maine,Election day exit poll,Seriously off on the wrong track,Version 1,0.806459188461304,No,Yes,Working women,Working women,Working women
93685.0,Paul LePage,Susan Collins,Paul LePage,18-29,18-29,25-29,18-44,18-29,25-29,Non-Black 18-29,White 18-29,White 18-29,Complete,Call 3,2.0,Some college/assoc. degree,No college degree,More than High school graduate,White no college degree,Yes,Unfavorable,Favorable,2.0,Government should do more to solve problems,Went too far,Less than 100k,"Under $30,000",Less than 50k,Less than 50 thousand,"Under $50,000","Under $30,000","Under $50,000 and white",Yes,No,Legal,No,Worried,Somewhat worried,Disapprove,Strongly disapprove,18-44,18-64,Independent/Something else,Non-black non-Democrat,White Independent,Independent,Independent Women,White Independent,Moderate,76.0,Moderate/Liberal Republicans,Moderate Independents,White,White,State questionnaire,White,White,East,No,Female,White women,Non married women,Rural,Small Cities/Rural,Maine,Election day exit poll,Seriously off on the wrong track,Version 1,0.981304705142975,Yes,Yes,Working women,Working women,Working women
65663.0,Paul LePage,Susan Collins,Paul LePage,45-65,30-59,45-49,45+,45-59,40-49,Non-Black 45-59,White 45-59,White 45-64,Complete,Call 1,2.0,Some college/assoc. degree,No college degree,More than High school graduate,White no college degree,Yes,Unfavorable,Favorable,2.0,Government is doing too many things better left to businesses and individuals,Went too far,Less than 100k,"Under $30,000",Less than 50k,Less than 50 thousand,"Under $50,000","Under $30,000","Under $50,000 and white",Yes,No,Legal,Yes,Worried,Somewhat worried,Disapprove,Somewhat disapprove,45+,18-64,Independent/Something else,Non-black non-Democrat,White Independent,Independent,Independent Women,White Independent,Liberal,65.0,Moderate/Liberal Republicans,Liberal Independents,White,White,State questionnaire,White,White,East,Yes,Female,White women,Married women,Rural,Small Cities/Rural,Maine,Election day exit poll,Seriously off on the wrong track,Version 1,0.806459188461304,Yes,No,Non-working women,All others,Non-working women
92683.0,Eliot Cutler,Susan Collins,Paul LePage,45-65,60+,60-64,45+,60+,50-64,Non-Black 60+,White 60+,White 45-64,Complete,Call 3,2.0,Some college/assoc. degree,No college degree,More than High school graduate,White no college degree,No,Favorable,Favorable,2.0,Government should do more to solve problems,Was about right,Less than 100k,"$30,000 or more",50k or more,50 to 100 thousand,"$50,000-$99,999","$50,000-$99,999","Over $50,000 and white",No,No,Illegal,Yes,Worried,Very worried,Disapprove,Strongly disapprove,45+,18-64,Independent/Something else,Non-black non-Democrat,White Independent,Independent,Independent Men,White Independent,Moderate,76.0,Moderate/Liberal Republicans,Moderate Independents,White,White,State questionnaire,White,White,East,No,Male,White men,Married men,Rural,Small Cities/Rural,Maine,Election day exit poll,Seriously off on the wrong track,Version 1,0.691582918167114,No,Yes,Working men,All others,Working men
60334.0,Eliot Cutler,Susan Collins,Mike Michaud,45-65,30-59,50-59,45+,45-59,50-64,Non-Black 45-59,White 45-59,White 45-64,Complete,Call 1,1.0,Some college/assoc. degree,No college degree,More than High school graduate,White no college degree,Yes,Favorable,Unfavorable,1.0,Government should do more to solve problems,Did not go far enough,Less than 100k,"$30,000 or more",50k or more,50 to 100 thousand,"$50,000-$99,999","$50,000-$99,999","Over $50,000 and white",Yes,No,Legal,Yes,Not worried,Not too worried,Approve,Strongly approve,45+,18-64,Democrat,Non-black Democrat,White Democrat,Democrat,Democratic Women,White Democrat,Moderate,9.0,Moderate/Conservative Democrats,Mod/Conserv. Democrats,White,White,State questionnaire,White,White,East,Yes,Female,White women,Married women,Suburbs,Suburbs,Maine,Election day exit poll,Generally going in the right direction,Version 1,1.06635499000549,No,Yes,Working women,Working women,Working women
95554.0,Eliot Cutler,Susan Collins,Would not have voted,45-65,30-59,50-59,45+,45-59,50-64,Non-Black 45-59,White 45-59,White 45-64,Complete,Call 3,1.0,High school graduate,No college degree,High school graduate or less,White no college degree,Yes,Unfavorable,Unfavorable,1.0,Government is doing too many things better left to businesses and individuals,Went too far,100k or more,"$30,000 or more",50k or more,100 thousand or more,"$100,000-$199,999","$100,000-$199,999","Over $50,000 and white",Yes,No,Legal,Yes,Not worried,Not too worried,Disapprove,Strongly disapprove,45+,18-64,Independent/Something else,Non-black non-Democrat,White Independent,Independent,Independent Women,White Independent,Moderate,103.0,Moderate/Liberal Republicans,Moderate Independents,White,White,State questionnaire,White,White,East,Yes,Female,White women,Married women,Rural,Small Cities/Rural,Maine,Election day exit poll,Seriously off on the wrong track,Version 1,2.16077208518982,No,No,Non-working women,All others,Non-working women
79128.0,Eliot Cutler,Susan Collins,Mike Michaud,30-44,30-59,40-44,18-44,30-44,40-49,Non-Black 30-44,White 30-44,White 30-44,Complete,Call 2,2.0,Some college/assoc. degree,No college degree,More than High school graduate,White no college degree,Yes,Favorable,Favorable,2.0,Government is doing too many things better left to businesses and individuals,Went too far,Less than 100k,"$30,000 or more",Less than 50k,Less than 50 thousand,"Under $50,000","$30,000-$49,999","Under $50,000 and white",Yes,No,Legal,Yes,Worried,Somewhat worried,Disapprove,Strongly disapprove,18-44,18-64,Independent/Something else,Non-black non-Democrat,White Independent,Independent,Independent Women,White Independent,Moderate,96.0,Moderate/Liberal Republicans,Moderate Independents,White,White,State questionnaire,White,White,East,Yes,Female,White women,Married women,Rural,Small Cities/Rural,Maine,Election day exit poll,Seriously off on the wrong track,Version 1,0.577827751636505,Yes,Yes,Working women,Working women,Working women
59798.0,Eliot Cutler,Susan Collins,Would not have voted,30-44,30-59,40-44,18-44,30-44,40-49,Non-Black 30-44,White 30-44,White 30-44,Complete,Call 1,1.0,High school graduate,No college degree,High school graduate or less,White no college degree,No,Unfavorable,Unfavorable,1.0,Government should do more to solve problems,Went too far,Less than 100k,"$30,000 or more",Less than 50k,Less than 50 thousand,"Under $50,000","$30,000-$49,999","Under $50,000 and white",Yes,No,Legal,Yes,Worried,Somewhat worried,Disapprove,Somewhat disapprove,18-44,18-64,Independent/Something else,Non-black non-Democrat,White Independent,Independent,Independent Women,White Independent,Moderate,9.0,Moderate/Liberal Republicans,Moderate Independents,White,White,State questionnaire,White,White,East,Yes,Female,White women,Married women,Suburbs,Suburbs,Maine,Election day exit poll,Omit,Version 1,1.06635499000549,Yes,Yes,Working women,Working women,Working women
65582.0,Eliot Cutler,Susan Collins,Would not have voted,45-65,60+,60-64,45+,60+,50-64,Non-Black 60+,White 60+,White 45-64,Complete,Call 1,2.0,High school graduate,No college degree,High school graduate or less,White no college degree,Yes,Favorable,Favorable,2.0,Government is doing too many things better left to businesses and individuals,Went too far,Less than 100k,"Under $30,000",Less than 50k,Less than 50 thousand,"Under $50,000","Under $30,000","Under $50,000 and white",No,No,Illegal,Yes,Worried,Somewhat worried,Disapprove,Somewhat disapprove,45+,18-64,Independent/Something else,Non-black non-Democrat,White Independent,Independent,Independent Women,White Independent,Moderate,92.0,Moderate/Liberal Republicans,Moderate Independents,White,White,State questionnaire,White,White,East,No,Female,White women,Married women,Rural,Small Cities/Rural,Maine,Election day exit poll,Seriously off on the wrong track,Version 1,0.630221366882324,Yes,No,Non-working women,All others,Non-working women
92529.0,Eliot Cutler,Susan Collins,Mike Michaud,45-65,30-59,50-59,45+,45-59,50-64,Non-Black 45-59,White 45-59,White 45-64,Complete,Call 3,1.0,Postgraduate study,College graduate,More than High school graduate,White college degree,Yes,Favorable,Unfavorable,1.0,Omit,Did not go far enough,100k or more,"$30,000 or more",50k or more,100 thousand or more,"$200,000 or more","$200,000 or more","Over $50,000 and white",Yes,No,Illegal,Yes,Not worried,Not too worried,Approve,Somewhat approve,45+,18-64,Democrat,Non-black Democrat,White Democrat,Democrat,Democratic Women,White Democrat,Moderate,72.0,Moderate/Conservative Democrats,Mod/Conserv. Democrats,White,White,State questionnaire,White,White,East,Yes,Female,White women,Married women,"Cities 50,000-500,000","Cities over 50,000",Maine,Election day exit poll,Generally going in the right direction,Version 1,0.448238521814346,No,No,Non-working women,All others,Non-working women
75098.0,Eliot Cutler,Susan Collins,Paul LePage,18-29,18-29,18-24,18-44,18-29,18-24,Non-Black 18-29,White 18-29,White 18-29,Complete,Call 2,1.0,High school graduate,No college degree,High school graduate or less,White no college degree,No,Unfavorable,Favorable,1.0,Government is doing too many things better left to businesses and individuals,Went too far,Less than 100k,"Under $30,000",Less than 50k,Less than 50 thousand,"Under $50,000","Under $30,000","Under $50,000 and white",Yes,No,Legal,No,Not worried,Not too worried,Disapprove,Somewhat disapprove,18-44,18-64,Independent/Something else,Non-black non-Democrat,White Independent,Independent,Independent Men,White Independent,Moderate,9.0,Moderate/Liberal Republicans,Moderate Independents,White,White,State questionnaire,White,White,East,No,Male,White men,Non married men,Suburbs,Suburbs,Maine,Election day exit poll,Seriously off on the wrong track,Version 1,1.49981081485748,Yes,Yes,Working men,All others,Working men
92429.0,Eliot Cutler,Susan Collins,Would not have voted,45-65,60+,60-64,45+,60+,50-64,Non-Black 60+,White 60+,White 45-64,Complete,Call 3,2.0,Postgraduate study,College graduate,More than High school graduate,White college degree,No,Unfavorable,Unfavorable,2.0,Government is doing too many things better left to businesses and individuals,Went too far,100k or more,"$30,000 or more",50k or more,100 thousand or more,"$100,000-$199,999","$100,000-$199,999","Over $50,000 and white",Yes,No,Illegal,Yes,Worried,Very worried,Disapprove,Strongly disapprove,45+,18-64,Republican,Non-black non-Democrat,All Republicans,Republican,Republican Men,White Republican,Moderate,24.0,Conservative Republicans,Mod./Liberal Republicans,White,White,State questionnaire,White,White,East,No,Male,White men,Married men,Suburbs,Suburbs,Maine,Election day exit poll,Seriously off on the wrong track,Version 1,0.674293339252472,No,Yes,Working men,All others,Working men
78899.0,Eliot Cutler,Susan Collins,Would not have voted,30-44,30-59,30-39,18-44,30-44,30-39,Non-Black 30-44,White 30-44,White 30-44,Complete,Call 2,2.0,College graduate,College graduate,More than High school graduate,White college degree,Yes,Unfavorable,Favorable,2.0,Government should do more to solve problems,Was about right,Less than 100k,"Under $30,000",Less than 50k,Less than 50 thousand,"Under $50,000","Under $30,000","Under $50,000 and white",Yes,No,Legal,No,Worried,Somewhat worried,Disapprove,Strongly disapprove,18-44,18-64,Independent/Something else,Non-black non-Democrat,White Independent,Independent,Independent Men,White Independent,Conservative,65.0,Moderate/Liberal Republicans,Conservative Independents,White,White,State questionnaire,White,White,East,Yes,Male,White men,Non married men,Rural,Small Cities/Rural,Maine,Election day exit poll,Seriously off on the wrong track,Version 1,0.599397599697113,No,No,Non-working men,All others,Non-working men
65290.0,Eliot Cutler,Susan Collins,Paul LePage,45-65,30-59,45-49,45+,45-59,40-49,Non-Black 45-59,White 45-59,White 45-64,Complete,Call 1,2.0,College graduate,College graduate,More than High school graduate,White college degree,Yes,Unfavorable,Unfavorable,2.0,Government is doing too many things better left to businesses and individuals,Went too far,100k or more,"$30,000 or more",50k or more,100 thousand or more,"$100,000-$199,999","$100,000-$199,999","Over $50,000 and white",No,No,Illegal,Yes,Worried,Somewhat worried,Disapprove,Strongly disapprove,45+,18-64,Republican,Non-black non-Democrat,All Republicans,Republican,Republican Women,White Republican,Moderate,92.0,Conservative Republicans,Mod./Liberal Republicans,White,White,State questionnaire,White,White,East,Yes,Female,White women,Married women,Rural,Small Cities/Rural,Maine,Election day exit poll,Seriously off on the wrong track,Version 1,0.532209813594818,No,Yes,Working women,Working women,Working women
96702.0,Eliot Cutler,Susan Collins,Paul LePage,30-44,30-59,30-39,18-44,30-44,30-39,Non-Black 30-44,White 30-44,White 30-44,Complete,Call 3,1.0,Some college/assoc. degree,No college degree,More than High school graduate,White no college degree,No,Unfavorable,Unfavorable,1.0,Government is doing too many things better left to businesses and individuals,Went too far,100k or more,"$30,000 or more",50k or more,100 thousand or more,"$100,000-$199,999","$100,000-$199,999","Over $50,000 and white",Yes,No,Legal,No,Worried,Somewhat worried,Disapprove,Somewhat disapprove,18-44,18-64,Independent/Something else,Non-black non-Democrat,White Independent,Independent,Independent Men,White Independent,Conservative,88.0,Moderate/Liberal Republicans,Conservative Independents,White,White,State questionnaire,White,White,East,Yes,Male,White men,Non married men,Suburbs,Suburbs,Maine,Election day exit poll,Seriously off on the wrong track,Version 1,1.40113747119904,No,Yes,Working men,All others,Working men
92523.0,Eliot Cutler,Susan Collins,Would not have voted,45-65,30-59,50-59,45+,45-59,50-64,Non-Black 45-59,White 45-59,White 45-64,Complete,Call 3,2.0,Some college/assoc. degree,No college degree,More than High school graduate,White no college degree,Yes,Favorable,Favorable,2.0,Government should do more to solve problems,Went too far,Less than 100k,"Under $30,000",Less than 50k,Less than 50 thousand,"Under $50,000","Under $30,000","Under $50,000 and white",Yes,No,Legal,Yes,Worried,Very worried,Disapprove,Somewhat disapprove,45+,18-64,Independent/Something else,Non-black non-Democrat,White Independent,Independent,Independent Women,White Independent,Liberal,96.0,Moderate/Liberal Republicans,Liberal Independents,White,White,State questionnaire,White,White,East,Yes,Female,White women,Married women,Rural,Small Cities/Rural,Maine,Election day exit poll,Seriously off on the wrong track,Version 1,0.577827751636505,Yes,Yes,Working women,Working women,Working women
61377.0,Eliot Cutler,Susan Collins,Would not have voted,45-65,60+,60-64,45+,60+,50-64,Non-Black 60+,White 60+,White 45-64,Complete,Call 1,1.0,Some college/assoc. degree,No college degree,More than High school graduate,White no college degree,Yes,Unfavorable,Unfavorable,1.0,Government should do more to solve problems,Did not go far enough,100k or more,"$30,000 or more",50k or more,100 thousand or more,"$200,000 or more","$200,000 or more","Over $50,000 and white",Yes,No,Legal,Yes,Not worried,Not too worried,Disapprove,Strongly disapprove,45+,18-64,Independent/Something else,Non-black non-Democrat,White Independent,Independent,Independent Women,White Independent,Conservative,82.0,Moderate/Liberal Republicans,Conservative Independents,White,White,State questionnaire,White,White,East,Yes,Female,White women,Married women,Suburbs,Suburbs,Maine,Election day exit poll,Generally going in the right direction,Version 1,1.26273453235626,No,No,Non-working women,All others,Non-working women
63265.0,Eliot Cutler,Susan Collins,Omit,30-44,30-59,30-39,18-44,30-44,30-39,Non-Black 30-44,White 30-44,White 30-44,Complete,Call 1,1.0,College graduate,College graduate,More than High school graduate,White college degree,No,Favorable,Unfavorable,1.0,Government should do more to solve problems,Omit,Less than 100k,"$30,000 or more",Less than 50k,Less than 50 thousand,"Under $50,000","$30,000-$49,999","Under $50,000 and white",Yes,No,Legal,No,Worried,Somewhat worried,Approve,Somewhat approve,18-44,18-64,Democrat,Non-black Democrat,White Democrat,Democrat,Democratic Women,White Democrat,Liberal,88.0,Liberal Democrats,Liberal Democrats,White,White,State questionnaire,White,White,East,Yes,Female,White women,Non married women,Suburbs,Suburbs,Maine,Election day exit poll,Seriously off on the wrong track,Version 1,1.24408090114594,No,Yes,Working women,Working women,Working women
94113.0,Eliot Cutler,Susan Collins,Would not have voted,18-29,18-29,18-24,18-44,18-29,18-24,Non-Black 18-29,White 18-29,White 18-29,Complete,Call 3,2.0,High school graduate,No college degree,High school graduate or less,White no college degree,Yes,Unfavorable,Unfavorable,2.0,Government should do more to solve problems,Went too far,Less than 100k,"$30,000 or more",Less than 50k,Less than 50 thousand,"Under $50,000","$30,000-$49,999","Under $50,000 and white",Yes,No,Legal,No,Worried,Very worried,Approve,Somewhat approve,18-44,18-64,Independent/Something else,Non-black non-Democrat,White Independent,Independent,Independent Women,White Independent,Conservative,76.0,Moderate/Liberal Republicans,Conservative Independents,White,White,State questionnaire,White,White,East,Yes,Female,White women,Non married women,Rural,Small Cities/Rural,Maine,Election day exit poll,Seriously off on the wrong track,Version 1,0.647596299648285,Yes,Yes,Working women,Working women,Working women
78653.0,Eliot Cutler,Susan Collins,Paul LePage,65+,60+,65 or over,45+,60+,65+,Non-Black 60+,White 60+,White 65+,Complete,Call 2,2.0,Postgraduate study,College graduate,More than High school graduate,White college degree,No,Unfavorable,Unfavorable,2.0,Government is doing too many things better left to businesses and individuals,Went too far,Less than 100k,"$30,000 or more",Less than 50k,Less than 50 thousand,"Under $50,000","$30,000-$49,999","Under $50,000 and white",Yes,No,Illegal,Yes,Worried,Somewhat worried,Disapprove,Strongly disapprove,45+,65+,Independent/Something else,Non-black non-Democrat,White Independent,Independent,Independent Men,White Independent,Conservative,96.0,Moderate/Liberal Republicans,Conservative Independents,White,White,State questionnaire,White,White,East,Yes,Male,White men,Married men,Rural,Small Cities/Rural,Maine,Election day exit poll,Seriously off on the wrong track,Version 1,0.770620942115784,No,No,Non-working men,All others,Non-working men
92151.0,Eliot Cutler,Susan Collins,Omit,18-29,18-29,18-24,18-44,18-29,18-24,Non-Black 18-29,White 18-29,White 18-29,Complete,Call 3,1.0,Some college/assoc. degree,No college degree,More than High school graduate,White no college degree,Yes,Omit,Omit,1.0,Omit,Omit,,,,,,,,No,No,Legal,No,Worried,Somewhat worried,Omit,Omit,18-44,18-64,Democrat,Non-black Democrat,White Democrat,Democrat,Democratic Women,White Democrat,Moderate,82.0,Moderate/Conservative Democrats,Mod/Conserv. Democrats,White,White,State questionnaire,White,White,East,Yes,Female,White women,Non married women,Suburbs,Suburbs,Maine,Election day exit poll,Generally going in the right direction,Version 1,1.33169364929199,,Yes,Working women,Working women,Working women
92900.0,Eliot Cutler,Susan Collins,Would not have voted,18-29,18-29,18-24,18-44,18-29,18-24,Non-Black 18-29,White 18-29,White 18-29,Complete,Call 3,2.0,Some college/assoc. degree,No college degree,More than High school graduate,White no college degree,No,Favorable,Unfavorable,2.0,Government is doing too many things better left to businesses and individuals,Was about right,Less than 100k,"Under $30,000",Less than 50k,Less than 50 thousand,"Under $50,000","Under $30,000","Under $50,000 and white",Yes,No,Legal,No,Worried,Somewhat worried,Approve,Somewhat approve,18-44,18-64,Independent/Something else,Non-black non-Democrat,White Independent,Independent,Independent Men,White Independent,Moderate,65.0,Moderate/Liberal Republicans,Moderate Independents,White,White,State questionnaire,White,White,East,Yes,Male,White men,Non married men,Rural,Small Cities/Rural,Maine,Election day exit poll,Seriously off on the wrong track,Version 1,0.748544335365295,Yes,Yes,Working men,All others,Working men
92389.0,Eliot Cutler,Susan Collins,Mike Michaud,30-44,30-59,30-39,18-44,30-44,30-39,Non-Black 30-44,White 30-44,White 30-44,Complete,Call 3,1.0,Postgraduate study,College graduate,More than High school graduate,White college degree,Yes,Favorable,Unfavorable,1.0,Government is doing too many things better left to businesses and individuals,Went too far,Less than 100k,"$30,000 or more",50k or more,50 to 100 thousand,"$50,000-$99,999","$50,000-$99,999","Over $50,000 and white",No,No,Illegal,Yes,Worried,Somewhat worried,Approve,Strongly approve,18-44,18-64,Independent/Something else,Non-black non-Democrat,White Independent,Independent,Independent Men,White Independent,Liberal,82.0,Moderate/Liberal Republicans,Liberal Independents,White,White,State questionnaire,White,White,East,Yes,Male,White men,Married men,Suburbs,Suburbs,Maine,Election day exit poll,Generally going in the right direction,Version 1,1.20097506046295,No,Yes,Working men,All others,Working men
94039.0,Eliot Cutler,Susan Collins,Paul LePage,45-65,30-59,45-49,45+,45-59,40-49,Non-Black 45-59,All others,All others,Complete,Call 3,2.0,Some college/assoc. degree,No college degree,More than High school graduate,Non white no college degree,No,Unfavorable,Unfavorable,2.0,Government is doing too many things better left to businesses and individuals,Went too far,Less than 100k,"$30,000 or more",Less than 50k,Less than 50 thousand,"Under $50,000","$30,000-$49,999","Under $50,000 and non white",Yes,No,Legal,Yes,Worried,Very worried,Disapprove,Strongly disapprove,45+,18-64,Independent/Something else,Non-black non-Democrat,All Other,Something else,Independent Men,All others,Moderate,96.0,Moderate/Liberal Republicans,Moderate Independents,Other,Other,State questionnaire,Other,Other,East,Yes,Male,All other races,Married men,Rural,Small Cities/Rural,Maine,Election day exit poll,Seriously off on the wrong track,Version 1,0.650774538516998,No,Yes,Working men,All others,Working men
75359.0,Eliot Cutler,Susan Collins,Mike Michaud,30-44,30-59,30-39,18-44,30-44,30-39,Non-Black 30-44,Latino 30-44,Latino 30-44,Complete,Call 2,1.0,Some college/assoc. degree,No college degree,More than High school graduate,Non white no college degree,Yes,Unfavorable,Unfavorable,1.0,Government is doing too many things better left to businesses and individuals,Went too far,Less than 100k,"$30,000 or more",Less than 50k,Less than 50 thousand,"Under $50,000","$30,000-$49,999","Under $50,000 and non white",Yes,Yes,Legal,Yes,Worried,Somewhat worried,Disapprove,Strongly disapprove,18-44,18-64,Independent/Something else,Non-black non-Democrat,Latino Independent,Something else,Independent Men,All others,Moderate,9.0,Moderate/Liberal Republicans,Moderate Independents,Other,White,State questionnaire,Hispanic/Latino,Hispanic/Latino,East,Yes,Male,Latino men,Married men,Suburbs,Suburbs,Maine,Election day exit poll,Seriously off on the wrong track,Version 1,1.20097506046295,No,Yes,Working men,All others,Working men
72719.0,Eliot Cutler,Susan Collins,Would not have voted,30-44,30-59,30-39,18-44,30-44,30-39,Non-Black 30-44,White 30-44,White 30-44,Complete,Call 2,1.0,Postgraduate study,College graduate,More than High school graduate,White college degree,Omit,Unfavorable,Unfavorable,1.0,Government is doing too many things better left to businesses and individuals,Omit,100k or more,"$30,000 or more",50k or more,100 thousand or more,"$100,000-$199,999","$100,000-$199,999","Over $50,000 and white",Yes,No,Legal,,Worried,Somewhat worried,Disapprove,Somewhat disapprove,18-44,18-64,Independent/Something else,Non-black non-Democrat,White Independent,Independent,Independent Women,White Independent,Moderate,82.0,Moderate/Liberal Republicans,Moderate Independents,White,White,State questionnaire,White,White,East,Yes,Female,White women,,Suburbs,Suburbs,Maine,Election day exit poll,Seriously off on the wrong track,Version 1,1.06635499000549,No,Yes,Working women,Working women,Working women
72705.0,Eliot Cutler,Susan Collins,Mike Michaud,45-65,30-59,50-59,45+,45-59,50-64,Non-Black 45-59,White 45-59,White 45-64,Complete,Call 2,1.0,Some college/assoc. degree,No college degree,More than High school graduate,White no college degree,Yes,Favorable,Unfavorable,1.0,Government should do more to solve problems,Did not go far enough,100k or more,"$30,000 or more",50k or more,100 thousand or more,"$100,000-$199,999","$100,000-$199,999","Over $50,000 and white",Yes,No,Illegal,Yes,Worried,Very worried,Approve,Somewhat approve,45+,18-64,Independent/Something else,Non-black non-Democrat,White Independent,Independent,Independent Women,White Independent,Moderate,72.0,Moderate/Liberal Republicans,Moderate Independents,White,White,State questionnaire,White,White,East,No,Female,White women,Married women,"Cities 50,000-500,000","Cities over 50,000",Maine,Election day exit poll,Seriously off on the wrong track,Version 1,0.448238521814346,No,No,Non-working women,All others,Non-working women
91972.0,Eliot Cutler,Susan Collins,Would not have voted,45-65,30-59,45-49,45+,45-59,40-49,Non-Black 45-59,White 45-59,White 45-64,Not complete,Call 3,2.0,,,,,,,,2.0,Omit,,,,,,,,,,No,,,,,,,45+,18-64,,,,,,,,24.0,,,White,White,State questionnaire,White,White,East,No,Female,White women,,Suburbs,Suburbs,Maine,Election day exit poll,Seriously off on the wrong track,Version 1,0.505599319934845,,Yes,Working women,Working women,Working women
93898.0,Eliot Cutler,Susan Collins,Mike Michaud,45-65,30-59,50-59,45+,45-59,50-64,Non-Black 45-59,White 45-59,White 45-64,Complete,Call 3,2.0,Some college/assoc. degree,No college degree,More than High school graduate,White no college degree,No,Favorable,Unfavorable,2.0,Government is doing too many things better left to businesses and individuals,Was about right,Less than 100k,"$30,000 or more",Less than 50k,Less than 50 thousand,"Under $50,000","$30,000-$49,999","Under $50,000 and white",No,No,Legal,Yes,Worried,Somewhat worried,Approve,Somewhat approve,45+,18-64,Independent/Something else,Non-black non-Democrat,White Independent,Independent,Independent Women,White Independent,Moderate,76.0,Moderate/Liberal Republicans,Moderate Independents,White,White,State questionnaire,White,White,East,No,Female,White women,Married women,Rural,Small Cities/Rural,Maine,Election day exit poll,Seriously off on the wrong track,Version 1,0.518563389778137,Yes,Yes,Working women,Working women,Working women
95228.0,Eliot Cutler,Susan Collins,Mike Michaud,45-65,30-59,50-59,45+,45-59,50-64,Non-Black 45-59,White 45-59,White 45-64,Complete,Call 3,1.0,College graduate,College graduate,More than High school graduate,White college degree,Yes,Unfavorable,Favorable,1.0,Government is doing too many things better left to businesses and individuals,Went too far,100k or more,"$30,000 or more",50k or more,100 thousand or more,"$100,000-$199,999","$100,000-$199,999","Over $50,000 and white",Yes,No,Illegal,Yes,Worried,Somewhat worried,Disapprove,Somewhat disapprove,45+,18-64,Republican,Non-black non-Democrat,All Republicans,Republican,Republican Men,White Republican,Liberal,103.0,Conservative Republicans,Mod./Liberal Republicans,White,White,State questionnaire,White,White,East,Yes,Male,White men,Married men,Rural,Small Cities/Rural,Maine,Election day exit poll,Generally going in the right direction,Version 1,2.43355464935303,No,Yes,Working men,All others,Working men
72627.0,Eliot Cutler,Susan Collins,Would not have voted,65+,60+,65 or over,45+,60+,65+,Non-Black 60+,White 60+,White 65+,Complete,Call 2,1.0,Some college/assoc. degree,No college degree,More than High school graduate,White no college degree,Yes,Favorable,Unfavorable,1.0,Government is doing too many things better left to businesses and individuals,Was about right,Less than 100k,"$30,000 or more",Less than 50k,Less than 50 thousand,"Under $50,000","$30,000-$49,999","Under $50,000 and white",Yes,No,Illegal,No,Worried,Very worried,Approve,Somewhat approve,45+,65+,Independent/Something else,Non-black non-Democrat,White Independent,Independent,Independent Women,White Independent,Moderate,82.0,Moderate/Liberal Republicans,Moderate Independents,White,White,State questionnaire,White,White,East,Yes,Female,White women,Non married women,Suburbs,Suburbs,Maine,Election day exit poll,Seriously off on the wrong track,Version 1,1.26273453235626,Yes,No,Non-working women,All others,Non-working women
66778.0,Eliot Cutler,Susan Collins,Would not have voted,18-29,18-29,25-29,18-44,18-29,25-29,Non-Black 18-29,White 18-29,White 18-29,Complete,Call 1,2.0,Some college/assoc. degree,No college degree,More than High school graduate,White no college degree,No,Favorable,Unfavorable,2.0,Government is doing too many things better left to businesses and individuals,Went too far,Less than 100k,"Under $30,000",Less than 50k,Less than 50 thousand,"Under $50,000","Under $30,000","Under $50,000 and white",Yes,No,Legal,No,Not worried,Not too worried,Approve,Somewhat approve,18-44,18-64,Independent/Something else,Non-black non-Democrat,White Independent,Independent,Independent Women,White Independent,Moderate,96.0,Moderate/Liberal Republicans,Moderate Independents,White,White,State questionnaire,White,White,East,Yes,Female,White women,Non married women,Rural,Small Cities/Rural,Maine,Election day exit poll,Generally going in the right direction,Version 1,0.721607327461243,Yes,Yes,Working women,Working women,Working women
81503.0,Eliot Cutler,Susan Collins,Mike Michaud,45-65,30-59,50-59,45+,45-59,50-64,Non-Black 45-59,White 45-59,White 45-64,Complete,Call 2,2.0,College graduate,College graduate,More than High school graduate,White college degree,Yes,Unfavorable,Favorable,2.0,Government is doing too many things better left to businesses and individuals,Did not go far enough,Less than 100k,"$30,000 or more",50k or more,50 to 100 thousand,"$50,000-$99,999","$50,000-$99,999","Over $50,000 and white",Yes,No,Legal,Yes,Worried,Very worried,Approve,Somewhat approve,45+,18-64,Republican,Non-black non-Democrat,All Republicans,Republican,Republican Women,White Republican,Moderate,76.0,Conservative Republicans,Mod./Liberal Republicans,White,White,State questionnaire,White,White,East,Yes,Female,White women,Married women,Rural,Small Cities/Rural,Maine,Election day exit poll,Generally going in the right direction,Version 1,0.518563389778137,No,Yes,Working women,Working women,Working women
93792.0,Eliot Cutler,Susan Collins,Paul LePage,30-44,30-59,30-39,18-44,30-44,30-39,Non-Black 30-44,White 30-44,White 30-44,Complete,Call 3,2.0,College graduate,College graduate,More than High school graduate,White college degree,No,Unfavorable,Unfavorable,2.0,Government is doing too many things better left to businesses and individuals,Was about right,Less than 100k,"$30,000 or more",50k or more,50 to 100 thousand,"$50,000-$99,999","$50,000-$99,999","Over $50,000 and white",No,No,Legal,No,Not worried,Not too worried,Disapprove,Somewhat disapprove,18-44,18-64,Independent/Something else,Non-black non-Democrat,White Independent,Independent,Independent Men,White Independent,Moderate,76.0,Moderate/Liberal Republicans,Moderate Independents,White,White,State questionnaire,White,White,East,Yes,Male,White men,Non married men,Rural,Small Cities/Rural,Maine,Election day exit poll,Generally going in the right direction,Version 1,0.584028422832489,No,Yes,Working men,All others,Working men
96011.0,Eliot Cutler,Susan Collins,Paul LePage,30-44,30-59,30-39,18-44,30-44,30-39,Non-Black 30-44,All others,All others,Complete,Call 3,1.0,High school graduate,No college degree,High school graduate or less,Non white no college degree,No,Unfavorable,Favorable,1.0,Government is doing too many things better left to businesses and individuals,Went too far,100k or more,"$30,000 or more",50k or more,100 thousand or more,"$100,000-$199,999","$100,000-$199,999","Over $50,000 and non white",Yes,No,Legal,Yes,Worried,Somewhat worried,Disapprove,Somewhat disapprove,18-44,18-64,Independent/Something else,Non-black non-Democrat,All Other,Independent,Independent Men,All others,Moderate,114.0,Moderate/Liberal Republicans,Moderate Independents,Other,American Indian,State questionnaire,Other,American Indian,East,Yes,Male,All other races,Married men,Suburbs,Suburbs,Maine,Election day exit poll,Seriously off on the wrong track,Version 1,1.2285498380661,No,Yes,Working men,All others,Working men
95488.0,Eliot Cutler,Susan Collins,Paul LePage,30-44,30-59,30-39,18-44,30-44,30-39,Non-Black 30-44,White 30-44,White 30-44,Complete,Call 3,1.0,High school graduate,No college degree,High school graduate or less,White no college degree,Yes,Favorable,Unfavorable,1.0,Government should do more to solve problems,Did not go far enough,Less than 100k,"$30,000 or more",Less than 50k,Less than 50 thousand,"Under $50,000","$30,000-$49,999","Under $50,000 and white",Yes,No,Legal,Yes,Worried,Very worried,Approve,Somewhat approve,18-44,18-64,Independent/Something else,Non-black non-Democrat,White Independent,Something else,Independent Women,White Independent,Moderate,103.0,Moderate/Liberal Republicans,Moderate Independents,White,White,State questionnaire,White,White,East,Yes,Female,White women,Married women,Rural,Small Cities/Rural,Maine,Election day exit poll,Seriously off on the wrong track,Version 1,2.16077208518982,Yes,Yes,Working women,Working women,Working women
79896.0,Eliot Cutler,Susan Collins,Would not have voted,45-65,30-59,50-59,45+,45-59,50-64,Non-Black 45-59,White 45-59,White 45-64,Complete,Call 2,2.0,Postgraduate study,College graduate,More than High school graduate,White college degree,Yes,Favorable,Unfavorable,2.0,Government is doing too many things better left to businesses and individuals,Went too far,100k or more,"$30,000 or more",50k or more,100 thousand or more,"$200,000 or more","$200,000 or more","Over $50,000 and white",Yes,No,Illegal,Yes,Worried,Very worried,Disapprove,Strongly disapprove,45+,18-64,Independent/Something else,Non-black non-Democrat,White Independent,Independent,Independent Women,White Independent,Liberal,22.0,Moderate/Liberal Republicans,Liberal Independents,White,White,State questionnaire,White,White,East,Yes,Female,White women,Married women,Rural,Small Cities/Rural,Maine,Election day exit poll,Generally going in the right direction,Version 1,0.709613025188446,No,No,Non-working women,All others,Non-working women
66335.0,Eliot Cutler,Susan Collins,Paul LePage,45-65,30-59,50-59,45+,45-59,50-64,Non-Black 45-59,White 45-59,White 45-64,Complete,Call 1,2.0,High school graduate,No college degree,High school graduate or less,White no college degree,Yes,Unfavorable,Favorable,2.0,Government should do more to solve problems,Went too far,Less than 100k,"$30,000 or more",50k or more,50 to 100 thousand,"$50,000-$99,999","$50,000-$99,999","Over $50,000 and white",No,No,Legal,Yes,Worried,Very worried,Disapprove,Somewhat disapprove,45+,18-64,Republican,Non-black non-Democrat,All Republicans,Republican,Republican Women,White Republican,Conservative,76.0,Independent/Something else,Conservative Republicans,White,White,State questionnaire,White,White,East,No,Female,White women,Married women,Rural,Small Cities/Rural,Maine,Election day exit poll,Seriously off on the wrong track,Version 1,0.518563389778137,No,Yes,Working women,Working women,Working women
67046.0,Eliot Cutler,Susan Collins,,65+,60+,65 or over,45+,60+,65+,Non-Black 60+,White 60+,White 65+,Complete,Call 1,2.0,College graduate,College graduate,More than High school graduate,White college degree,,,,2.0,,Did not go far enough,,,,,,,,,No,,,,,,,45+,65+,Republican,Non-black non-Democrat,All Republicans,Republican,Republican Men,White Republican,Conservative,46.0,Independent/Something else,Conservative Republicans,White,White,National questionnaire,White,White,East,,Male,White men,,Suburbs,Suburbs,Maine,Election day exit poll,,Version 2,0.759767115116119,No,No,Non-working men,All others,Non-working men
62426.0,Eliot Cutler,Susan Collins,,18-29,18-29,18-24,18-44,18-29,18-24,Non-Black 18-29,White 18-29,White 18-29,Not complete,Call 1,2.0,,,,,,,,2.0,,,,,,,,,,,No,,,,,,,18-44,18-64,,,,,,,,63.0,,,White,White,National questionnaire,White,White,East,,Male,White men,,Suburbs,Suburbs,Maine,Election day exit poll,,Version 3,0.738822996616364,,,,,
79798.0,Eliot Cutler,Susan Collins,Paul LePage,30-44,30-59,40-44,18-44,30-44,40-49,Non-Black 30-44,White 30-44,White 30-44,Complete,Call 2,2.0,Postgraduate study,College graduate,More than High school graduate,White college degree,Yes,Unfavorable,Favorable,2.0,Government is doing too many things better left to businesses and individuals,Went too far,Less than 100k,"$30,000 or more",50k or more,50 to 100 thousand,"$50,000-$99,999","$50,000-$99,999","Over $50,000 and white",Yes,No,Illegal,Yes,Worried,Somewhat worried,Disapprove,Strongly disapprove,18-44,18-64,Republican,Non-black non-Democrat,All Republicans,Republican,Republican Women,White Republican,Moderate,22.0,Conservative Republicans,Mod./Liberal Republicans,White,White,State questionnaire,White,White,East,Yes,Female,White women,Married women,Rural,Small Cities/Rural,Maine,Election day exit poll,Seriously off on the wrong track,Version 1,0.709613025188446,No,Yes,Working women,Working women,Working women
93313.0,Eliot Cutler,Susan Collins,,18-29,18-29,18-24,18-44,18-29,18-24,Non-Black 18-29,White 18-29,White 18-29,Complete,Call 3,2.0,High school graduate,No college degree,High school graduate or less,White no college degree,,,,2.0,,Did not go far enough,Less than 100k,"$30,000 or more",50k or more,50 to 100 thousand,"$50,000-$99,999","$50,000-$99,999","Over $50,000 and white",,No,,No,,,,,18-44,18-64,Independent/Something else,Non-black non-Democrat,White Independent,Independent,Independent Men,White Independent,Liberal,63.0,Moderate/Liberal Republicans,Liberal Independents,White,White,National questionnaire,White,White,East,,Male,White men,Non married men,Suburbs,Suburbs,Maine,Election day exit poll,,Version 2,0.738822996616364,No,No,Non-working men,All others,Non-working men
66275.0,Eliot Cutler,Susan Collins,Mike Michaud,30-44,30-59,30-39,18-44,30-44,30-39,Non-Black 30-44,White 30-44,White 30-44,Complete,Call 1,2.0,College graduate,College graduate,More than High school graduate,White college degree,Yes,Unfavorable,Favorable,2.0,Government should do more to solve problems,Went too far,Less than 100k,"$30,000 or more",50k or more,50 to 100 thousand,"$50,000-$99,999","$50,000-$99,999","Over $50,000 and white",Yes,No,Illegal,Yes,Worried,Somewhat worried,Approve,Somewhat approve,18-44,18-64,Republican,Non-black non-Democrat,All Republicans,Republican,Republican Women,White Republican,Moderate,76.0,Conservative Republicans,Mod./Liberal Republicans,White,White,State questionnaire,White,White,East,Yes,Female,White women,Married women,Rural,Small Cities/Rural,Maine,Election day exit poll,Generally going in the right direction,Version 1,0.518563389778137,No,Yes,Working women,Working women,Working women
92268.0,Eliot Cutler,Susan Collins,Would not have voted,18-29,18-29,25-29,18-44,18-29,25-29,Non-Black 18-29,White 18-29,White 18-29,Complete,Call 3,2.0,High school graduate,No college degree,High school graduate or less,White no college degree,Yes,Unfavorable,Unfavorable,2.0,Government is doing too many things better left to businesses and individuals,Went too far,Less than 100k,"Under $30,000",Less than 50k,Less than 50 thousand,"Under $50,000","Under $30,000","Under $50,000 and white",Yes,No,Illegal,Yes,Worried,Somewhat worried,Disapprove,Strongly disapprove,18-44,18-64,Independent/Something else,Non-black non-Democrat,White Independent,Independent,Independent Men,White Independent,Moderate,24.0,Moderate/Liberal Republicans,Moderate Independents,White,White,State questionnaire,White,White,East,Yes,Male,White men,Married men,Suburbs,Suburbs,Maine,Election day exit poll,Seriously off on the wrong track,Version 1,0.711117088794708,Yes,Yes,Working men,All others,Working men
66099.0,Eliot Cutler,Susan Collins,Mike Michaud,65+,60+,65 or over,45+,60+,65+,Non-Black 60+,White 60+,White 65+,Complete,Call 1,2.0,No high school diploma,No college degree,High school graduate or less,White no college degree,Yes,Favorable,Omit,2.0,Government should do more to solve problems,Did not go far enough,Less than 100k,"Under $30,000",Less than 50k,Less than 50 thousand,"Under $50,000","Under $30,000","Under $50,000 and white",No,No,Legal,No,Worried,Somewhat worried,Approve,Strongly approve,45+,65+,Democrat,Non-black Democrat,White Democrat,Democrat,Democratic Women,White Democrat,Liberal,96.0,Liberal Democrats,Liberal Democrats,White,White,State questionnaire,White,White,East,Yes,Female,White women,Non married women,Rural,Small Cities/Rural,Maine,Election day exit poll,Generally going in the right direction,Version 1,0.684240341186523,Yes,No,Non-working women,All others,Non-working women
93209.0,Eliot Cutler,Susan Collins,,18-29,18-29,18-24,18-44,18-29,18-24,Non-Black 18-29,White 18-29,White 18-29,Complete,Call 3,2.0,High school graduate,No college degree,High school graduate or less,White no college degree,,,,2.0,,Went too far,Less than 100k,"Under $30,000",Less than 50k,Less than 50 thousand,"Under $50,000","Under $30,000","Under $50,000 and white",,No,,No,,,,,18-44,18-64,Independent/Something else,Non-black non-Democrat,White Independent,Something else,Independent Men,White Independent,Conservative,63.0,Moderate/Liberal Republicans,Conservative Independents,White,White,National questionnaire,White,White,East,,Male,White men,Non married men,Suburbs,Suburbs,Maine,Election day exit poll,,Version 2,0.738822996616364,Yes,No,Non-working men,All others,Non-working men
94178.0,Eliot Cutler,Susan Collins,Paul LePage,45-65,60+,60-64,45+,60+,50-64,Non-Black 60+,White 60+,White 45-64,Complete,Call 3,2.0,High school graduate,No college degree,High school graduate or less,White no college degree,Yes,Unfavorable,Unfavorable,2.0,Government is doing too many things better left to businesses and individuals,Went too far,Less than 100k,"$30,000 or more",50k or more,50 to 100 thousand,"$50,000-$99,999","$50,000-$99,999","Over $50,000 and white",No,No,Illegal,Yes,Not worried,Not too worried,Disapprove,Strongly disapprove,45+,18-64,Democrat,Non-black Democrat,White Democrat,Democrat,Democratic Men,White Democrat,Moderate,96.0,Moderate/Conservative Democrats,Mod/Conserv. Democrats,White,White,State questionnaire,White,White,East,No,Male,White men,Married men,Rural,Small Cities/Rural,Maine,Election day exit poll,Seriously off on the wrong track,Version 1,0.770620942115784,No,No,Non-working men,All others,Non-working men
79659.0,Eliot Cutler,Susan Collins,Paul LePage,45-65,30-59,45-49,45+,45-59,40-49,Non-Black 45-59,White 45-59,White 45-64,Complete,Call 2,1.0,Some college/assoc. degree,No college degree,More than High school graduate,White no college degree,No,Unfavorable,Favorable,1.0,Government is doing too many things better left to businesses and individuals,Was about right,100k or more,"$30,000 or more",50k or more,100 thousand or more,"$100,000-$199,999","$100,000-$199,999","Over $50,000 and white",No,No,Illegal,Yes,Worried,Somewhat worried,Approve,Somewhat approve,45+,18-64,Republican,Non-black non-Democrat,All Republicans,Republican,Republican Men,White Republican,Moderate,112.0,Conservative Republicans,Mod./Liberal Republicans,White,White,State questionnaire,White,White,East,No,Male,White men,Married men,Rural,Small Cities/Rural,Maine,Election day exit poll,Generally going in the right direction,Version 1,2.25548958778381,No,Yes,Working men,All others,Working men
75701.0,Eliot Cutler,Susan Collins,Paul LePage,45-65,60+,60-64,45+,60+,50-64,Non-Black 60+,White 60+,White 45-64,Complete,Call 2,1.0,College graduate,College graduate,More than High school graduate,White college degree,No,Unfavorable,Unfavorable,1.0,Government is doing too many things better left to businesses and individuals,Was about right,100k or more,"$30,000 or more",50k or more,100 thousand or more,"$100,000-$199,999","$100,000-$199,999","Over $50,000 and white",No,No,Illegal,Yes,Worried,Somewhat worried,Disapprove,Strongly disapprove,45+,18-64,Republican,Non-black non-Democrat,All Republicans,Republican,Republican Women,White Republican,Moderate,114.0,Conservative Republicans,Mod./Liberal Republicans,White,White,State questionnaire,White,White,East,Yes,Female,White women,Married women,Suburbs,Suburbs,Maine,Election day exit poll,Omit,Version 1,1.29172742366791,No,Yes,Working women,Working women,Working women
93059.0,Eliot Cutler,Susan Collins,,18-29,18-29,18-24,18-44,18-29,18-24,Non-Black 18-29,Latino 18-29,Latino 18-29,Complete,Call 3,2.0,High school graduate,No college degree,High school graduate or less,Non white no college degree,,,,2.0,,,100k or more,"$30,000 or more",50k or more,100 thousand or more,"$100,000-$199,999","$100,000-$199,999","Over $50,000 and non white",,Yes,,No,,,,,18-44,18-64,Independent/Something else,Non-black non-Democrat,Latino Independent,Independent,Independent Men,All others,Moderate,63.0,Moderate/Liberal Republicans,Moderate Independents,Other,Hispanic/Latino,National questionnaire,Hispanic/Latino,Hispanic/Latino,East,,Male,Latino men,Non married men,Suburbs,Suburbs,Maine,Election day exit poll,,Version 3,0.738822996616364,No,,,,
92988.0,Eliot Cutler,Susan Collins,Mike Michaud,45-65,60+,60-64,45+,60+,50-64,Non-Black 60+,White 60+,White 45-64,Complete,Call 3,2.0,High school graduate,No college degree,High school graduate or less,White no college degree,Yes,Favorable,Unfavorable,2.0,Government is doing too many things better left to businesses and individuals,Did not go far enough,Less than 100k,"Under $30,000",Less than 50k,Less than 50 thousand,"Under $50,000","Under $30,000","Under $50,000 and white",No,No,Illegal,Yes,Worried,Very worried,Disapprove,Strongly disapprove,45+,18-64,Democrat,Non-black Democrat,White Democrat,Democrat,Democratic Men,White Democrat,Conservative,65.0,Moderate/Conservative Democrats,Mod/Conserv. Democrats,White,White,State questionnaire,White,White,East,No,Male,White men,Married men,Rural,Small Cities/Rural,Maine,Election day exit poll,Seriously off on the wrong track,Version 1,0.709782481193542,Yes,No,Non-working men,All others,Non-working men
92986.0,Eliot Cutler,Susan Collins,Mike Michaud,45-65,60+,60-64,45+,60+,50-64,Non-Black 60+,White 60+,White 45-64,Complete,Call 3,2.0,High school graduate,No college degree,High school graduate or less,White no college degree,Yes,Favorable,Unfavorable,2.0,Government is doing too many things better left to businesses and individuals,Did not go far enough,Less than 100k,"Under $30,000",Less than 50k,Less than 50 thousand,"Under $50,000","Under $30,000","Under $50,000 and white",No,No,Illegal,Yes,Worried,Very worried,Disapprove,Strongly disapprove,45+,18-64,Democrat,Non-black Democrat,White Democrat,Democrat,Democratic Men,White Democrat,Conservative,65.0,Moderate/Conservative Democrats,Mod/Conserv. Democrats,White,White,State questionnaire,White,White,East,No,Male,White men,Married men,Rural,Small Cities/Rural,Maine,Election day exit poll,Seriously off on the wrong track,Version 1,0.709782481193542,Yes,No,Non-working men,All others,Non-working men
62088.0,Eliot Cutler,Susan Collins,Mike Michaud,30-44,30-59,30-39,18-44,30-44,30-39,Non-Black 30-44,White 30-44,White 30-44,Complete,Call 1,1.0,Postgraduate study,College graduate,More than High school graduate,White college degree,Yes,Favorable,Unfavorable,1.0,Government is doing too many things better left to businesses and individuals,Did not go far enough,Less than 100k,"Under $30,000",Less than 50k,Less than 50 thousand,"Under $50,000","Under $30,000","Under $50,000 and white",Yes,No,Legal,No,Worried,Somewhat worried,Approve,Somewhat approve,18-44,18-64,Independent/Something else,Non-black non-Democrat,White Independent,Independent,Independent Men,White Independent,Moderate,72.0,Moderate/Liberal Republicans,Moderate Independents,White,White,State questionnaire,White,White,East,Yes,Male,White men,Non married men,"Cities 50,000-500,000","Cities over 50,000",Maine,Election day exit poll,Seriously off on the wrong track,Version 1,0.504825532436371,No,Yes,Working men,All others,Working men
81394.0,Eliot Cutler,Susan Collins,Mike Michaud,18-29,18-29,25-29,18-44,18-29,25-29,Non-Black 18-29,All others,All others,Complete,Call 2,2.0,Some college/assoc. degree,No college degree,More than High school graduate,Non white no college degree,Yes,Favorable,Favorable,2.0,Government is doing too many things better left to businesses and individuals,Did not go far enough,Less than 100k,"Under $30,000",Less than 50k,Less than 50 thousand,"Under $50,000","Under $30,000","Under $50,000 and non white",Yes,No,Illegal,No,Worried,Somewhat worried,Disapprove,Somewhat disapprove,18-44,18-64,Independent/Something else,Non-black non-Democrat,All Other,Independent,Independent Women,All others,Moderate,76.0,Moderate/Liberal Republicans,Moderate Independents,Other,American Indian,State questionnaire,Other,American Indian,East,Yes,Female,All other races,Non married women,Rural,Small Cities/Rural,Maine,Election day exit poll,Seriously off on the wrong track,Version 1,0.647596299648285,No,Yes,Working women,Working women,Working women
92973.0,Eliot Cutler,Susan Collins,Would not have voted,30-44,30-59,30-39,18-44,30-44,30-39,Non-Black 30-44,White 30-44,White 30-44,Complete,Call 3,1.0,Some college/assoc. degree,No college degree,More than High school graduate,White no college degree,No,Unfavorable,Unfavorable,1.0,Government should do more to solve problems,Went too far,Less than 100k,"$30,000 or more",50k or more,50 to 100 thousand,"$50,000-$99,999","$50,000-$99,999","Over $50,000 and white",Yes,No,Legal,No,Worried,Very worried,Disapprove,Somewhat disapprove,18-44,18-64,Independent/Something else,Non-black non-Democrat,White Independent,Something else,Independent Men,White Independent,Moderate,9.0,Moderate/Liberal Republicans,Moderate Independents,White,White,State questionnaire,White,White,East,Yes,Male,White men,Non married men,Suburbs,Suburbs,Maine,Election day exit poll,Generally going in the right direction,Version 1,1.20097506046295,No,Yes,Working men,All others,Working men
92945.0,Eliot Cutler,Susan Collins,Paul LePage,45-65,30-59,50-59,45+,45-59,50-64,Non-Black 45-59,White 45-59,White 45-64,Complete,Call 3,2.0,High school graduate,No college degree,High school graduate or less,White no college degree,No,Unfavorable,Favorable,2.0,Government is doing too many things better left to businesses and individuals,Did not go far enough,Less than 100k,"$30,000 or more",50k or more,50 to 100 thousand,"$50,000-$99,999","$50,000-$99,999","Over $50,000 and white",Yes,No,Illegal,Yes,Worried,Somewhat worried,Disapprove,Somewhat disapprove,45+,18-64,Independent/Something else,Non-black non-Democrat,White Independent,Independent,Independent Women,White Independent,Moderate,96.0,Moderate/Liberal Republicans,Moderate Independents,White,White,State questionnaire,White,White,East,No,Female,White women,Married women,Rural,Small Cities/Rural,Maine,Election day exit poll,Generally going in the right direction,Version 1,0.577827751636505,No,Yes,Working women,Working women,Working women
65755.0,Eliot Cutler,Susan Collins,Would not have voted,18-29,18-29,18-24,18-44,18-29,18-24,Non-Black 18-29,White 18-29,White 18-29,Complete,Call 1,2.0,High school graduate,No college degree,High school graduate or less,White no college degree,No,Unfavorable,Unfavorable,2.0,Government is doing too many things better left to businesses and individuals,Went too far,100k or more,"$30,000 or more",50k or more,100 thousand or more,"$100,000-$199,999","$100,000-$199,999","Over $50,000 and white",Yes,No,Legal,No,Worried,Very worried,Disapprove,Strongly disapprove,18-44,18-64,Independent/Something else,Non-black non-Democrat,White Independent,Something else,Independent Men,White Independent,Conservative,65.0,Moderate/Liberal Republicans,Conservative Independents,White,White,State questionnaire,White,White,East,Yes,Male,White men,Non married men,Rural,Small Cities/Rural,Maine,Election day exit poll,Seriously off on the wrong track,Version 1,0.748544335365295,No,Yes,Working men,All others,Working men
75528.0,Eliot Cutler,Susan Collins,,18-29,18-29,18-24,18-44,18-29,18-24,Non-Black 18-29,White 18-29,White 18-29,Complete,Call 2,2.0,High school graduate,No college degree,High school graduate or less,White no college degree,,Unfavorable,Unfavorable,2.0,Government is doing too many things better left to businesses and individuals,,100k or more,"$30,000 or more",50k or more,100 thousand or more,"$100,000-$199,999","$100,000-$199,999","Over $50,000 and white",,No,Legal,,,,,,18-44,18-64,Independent/Something else,Non-black non-Democrat,White Independent,Independent,Independent Men,White Independent,Moderate,63.0,Moderate/Liberal Republicans,Moderate Independents,White,White,National questionnaire,White,White,East,Yes,Male,White men,,Suburbs,Suburbs,Maine,Election day exit poll,Seriously off on the wrong track,Version 4,0.738822996616364,No,,,,
65862.0,Eliot Cutler,Susan Collins,Would not have voted,45-65,30-59,50-59,45+,45-59,50-64,Non-Black 45-59,White 45-59,White 45-64,Complete,Call 1,1.0,High school graduate,No college degree,High school graduate or less,White no college degree,Yes,Favorable,Unfavorable,1.0,Government is doing too many things better left to businesses and individuals,Was about right,Less than 100k,"$30,000 or more",Less than 50k,Less than 50 thousand,"Under $50,000","$30,000-$49,999","Under $50,000 and white",No,No,Illegal,Yes,Worried,Somewhat worried,Approve,Somewhat approve,45+,18-64,Democrat,Non-black Democrat,White Democrat,Democrat,Democratic Women,White Democrat,Moderate,112.0,Moderate/Conservative Democrats,Mod/Conserv. Democrats,White,White,State questionnaire,White,White,East,Yes,Female,White women,Married women,Rural,Small Cities/Rural,Maine,Election day exit poll,Seriously off on the wrong track,Version 1,2.00266671180725,Yes,Yes,Working women,Working women,Working women
95396.0,Eliot Cutler,Susan Collins,,30-44,30-59,30-39,18-44,30-44,30-39,Non-Black 30-44,White 30-44,White 30-44,Complete,Call 3,2.0,College graduate,College graduate,More than High school graduate,White college degree,,Favorable,Favorable,2.0,Government is doing too many things better left to businesses and individuals,,Less than 100k,"$30,000 or more",50k or more,50 to 100 thousand,"$50,000-$99,999","$50,000-$99,999","Over $50,000 and white",,No,Legal,,,,,,18-44,18-64,Republican,Non-black non-Democrat,All Republicans,Republican,Republican Women,White Republican,Moderate,46.0,Conservative Republicans,Mod./Liberal Republicans,White,White,National questionnaire,White,White,East,No,Female,White women,,Suburbs,Suburbs,Maine,Election day exit poll,Seriously off on the wrong track,Version 4,0.569689333438873,No,,,,
67760.0,Eliot Cutler,Susan Collins,,65+,60+,65 or over,45+,60+,65+,Non-Black 60+,White 60+,White 65+,Complete,Call 1,2.0,High school graduate,No college degree,High school graduate or less,White no college degree,,Unfavorable,Favorable,2.0,Government should do more to solve problems,,Less than 100k,"$30,000 or more",Less than 50k,Less than 50 thousand,"Under $50,000","$30,000-$49,999","Under $50,000 and white",,No,Illegal,,,,,,45+,65+,Republican,Non-black non-Democrat,All Republicans,Republican,Republican Women,White Republican,Moderate,46.0,Conservative Republicans,Mod./Liberal Republicans,White,White,National questionnaire,White,White,East,No,Female,White women,,Suburbs,Suburbs,Maine,Election day exit poll,Seriously off on the wrong track,Version 4,0.67460310459137,Yes,,,,
94010.0,Eliot Cutler,Susan Collins,Paul LePage,18-29,18-29,25-29,18-44,18-29,25-29,Non-Black 18-29,White 18-29,White 18-29,Complete,Call 3,2.0,Postgraduate study,College graduate,More than High school graduate,White college degree,No,Omit,Omit,2.0,Government is doing too many things better left to businesses and individuals,Went too far,100k or more,"$30,000 or more",50k or more,100 thousand or more,"$100,000-$199,999","$100,000-$199,999","Over $50,000 and white",Yes,No,Legal,No,Worried,Somewhat worried,Disapprove,Somewhat disapprove,18-44,18-64,Independent/Something else,Non-black non-Democrat,White Independent,Independent,Independent Men,White Independent,Moderate,76.0,Moderate/Liberal Republicans,Moderate Independents,White,White,State questionnaire,White,White,East,Yes,Male,White men,Non married men,Rural,Small Cities/Rural,Maine,Election day exit poll,Omit,Version 1,0.729350864887238,No,Yes,Working men,All others,Working men
75434.0,Eliot Cutler,Susan Collins,,18-29,18-29,18-24,18-44,18-29,18-24,Non-Black 18-29,White 18-29,White 18-29,Not complete,Call 2,2.0,,,,,,,,2.0,,,,,,,,,,,No,,,,,,,18-44,18-64,,,,,,,,63.0,,,White,White,National questionnaire,White,White,East,,Male,White men,,Suburbs,Suburbs,Maine,Election day exit poll,,Version 5,0.738822996616364,,,,,
81223.0,Eliot Cutler,Susan Collins,Paul LePage,30-44,30-59,40-44,18-44,30-44,40-49,Non-Black 30-44,White 30-44,White 30-44,Complete,Call 2,2.0,College graduate,College graduate,More than High school graduate,White college degree,No,Unfavorable,Favorable,2.0,Government is doing too many things better left to businesses and individuals,Went too far,100k or more,"$30,000 or more",50k or more,100 thousand or more,"$100,000-$199,999","$100,000-$199,999","Over $50,000 and white",No,No,Illegal,Yes,Worried,Very worried,Disapprove,Strongly disapprove,18-44,18-64,Republican,Non-black non-Democrat,All Republicans,Republican,Republican Women,White Republican,Conservative,76.0,Independent/Something else,Conservative Republicans,White,White,State questionnaire,White,White,East,No,Female,White women,Married women,Rural,Small Cities/Rural,Maine,Election day exit poll,Seriously off on the wrong track,Version 1,0.518563389778137,No,Yes,Working women,Working women,Working women
94734.0,Eliot Cutler,Susan Collins,Mike Michaud,45-65,30-59,50-59,45+,45-59,50-64,Non-Black 45-59,White 45-59,White 45-64,Complete,Call 3,1.0,College graduate,College graduate,More than High school graduate,White college degree,Yes,Favorable,Favorable,1.0,Government should do more to solve problems,Was about right,100k or more,"$30,000 or more",50k or more,100 thousand or more,"$100,000-$199,999","$100,000-$199,999","Over $50,000 and white",Yes,No,Legal,Yes,Worried,Somewhat worried,Approve,Somewhat approve,45+,18-64,Republican,Non-black non-Democrat,All Republicans,Republican,Republican Women,White Republican,Liberal,114.0,Conservative Republicans,Mod./Liberal Republicans,White,White,State questionnaire,White,White,East,Yes,Female,White women,Married women,Suburbs,Suburbs,Maine,Election day exit poll,Generally going in the right direction,Version 1,1.09083890914917,No,Yes,Working women,Working women,Working women
65741.0,Eliot Cutler,Susan Collins,Paul LePage,45-65,30-59,50-59,45+,45-59,50-64,Non-Black 45-59,White 45-59,White 45-64,Complete,Call 1,2.0,Some college/assoc. degree,No college degree,More than High school graduate,White no college degree,No,Unfavorable,Favorable,2.0,Government is doing too many things better left to businesses and individuals,Went too far,Less than 100k,"$30,000 or more",50k or more,50 to 100 thousand,"$50,000-$99,999","$50,000-$99,999","Over $50,000 and white",No,No,Illegal,Yes,Worried,Very worried,Disapprove,Strongly disapprove,45+,18-64,Republican,Non-black non-Democrat,All Republicans,Republican,Republican Men,White Republican,Moderate,65.0,Conservative Republicans,Mod./Liberal Republicans,White,White,State questionnaire,White,White,East,No,Male,White men,Married men,Rural,Small Cities/Rural,Maine,Election day exit poll,Seriously off on the wrong track,Version 1,0.599397599697113,No,Yes,Working men,All others,Working men
92342.0,Eliot Cutler,Susan Collins,Paul LePage,45-65,30-59,45-49,45+,45-59,40-49,Non-Black 45-59,White 45-59,White 45-64,Complete,Call 3,2.0,College graduate,College graduate,More than High school graduate,White college degree,Yes,Unfavorable,Favorable,2.0,Government is doing too many things better left to businesses and individuals,Went too far,100k or more,"$30,000 or more",50k or more,100 thousand or more,"$100,000-$199,999","$100,000-$199,999","Over $50,000 and white",No,No,Legal,Yes,Worried,Very worried,Disapprove,Strongly disapprove,45+,18-64,Republican,Non-black non-Democrat,All Republicans,Republican,Republican Women,White Republican,Moderate,22.0,Conservative Republicans,Mod./Liberal Republicans,White,White,State questionnaire,White,White,East,No,Female,White women,Married women,Rural,Small Cities/Rural,Maine,Election day exit poll,Seriously off on the wrong track,Version 1,0.709613025188446,No,Yes,Working women,Working women,Working women
81161.0,Eliot Cutler,Susan Collins,Would not have voted,45-65,30-59,50-59,45+,45-59,50-64,Non-Black 45-59,White 45-59,White 45-64,Complete,Call 2,2.0,Some college/assoc. degree,No college degree,More than High school graduate,White no college degree,Yes,Unfavorable,Unfavorable,2.0,Government should do more to solve problems,Went too far,Less than 100k,"$30,000 or more",Less than 50k,Less than 50 thousand,"Under $50,000","$30,000-$49,999","Under $50,000 and white",No,No,Illegal,Yes,Worried,Very worried,Disapprove,Strongly disapprove,45+,18-64,Independent/Something else,Non-black non-Democrat,White Independent,Independent,Independent Men,White Independent,Conservative,76.0,Moderate/Liberal Republicans,Conservative Independents,White,White,State questionnaire,White,White,East,No,Male,White men,Married men,Rural,Small Cities/Rural,Maine,Election day exit poll,Seriously off on the wrong track,Version 1,0.584028422832489,Yes,Yes,Working men,All others,Working men
67759.0,Eliot Cutler,Susan Collins,,65+,60+,65 or over,45+,60+,65+,Non-Black 60+,White 60+,White 65+,Complete,Call 1,2.0,High school graduate,No college degree,High school graduate or less,White no college degree,,Unfavorable,Favorable,2.0,Government should do more to solve problems,,Less than 100k,"$30,000 or more",Less than 50k,Less than 50 thousand,"Under $50,000","$30,000-$49,999","Under $50,000 and white",,No,Illegal,,,,,,45+,65+,Republican,Non-black non-Democrat,All Republicans,Republican,Republican Women,White Republican,Moderate,46.0,Conservative Republicans,Mod./Liberal Republicans,White,White,National questionnaire,White,White,East,No,Female,White women,,Suburbs,Suburbs,Maine,Election day exit poll,Seriously off on the wrong track,Version 4,0.67460310459137,Yes,,,,
96594.0,Eliot Cutler,Susan Collins,Paul LePage,45-65,30-59,45-49,45+,45-59,40-49,Non-Black 45-59,White 45-59,White 45-64,Complete,Call 3,1.0,College graduate,College graduate,More than High school graduate,White college degree,Yes,Unfavorable,Favorable,1.0,Government is doing too many things better left to businesses and individuals,Went too far,100k or more,"$30,000 or more",50k or more,100 thousand or more,"$200,000 or more","$200,000 or more","Over $50,000 and white",Yes,No,Legal,Yes,Worried,Somewhat worried,Disapprove,Somewhat disapprove,45+,18-64,Independent/Something else,Non-black non-Democrat,White Independent,Independent,Independent Men,White Independent,Moderate,88.0,Moderate/Liberal Republicans,Moderate Independents,White,White,State questionnaire,White,White,East,Yes,Male,White men,Married men,Suburbs,Suburbs,Maine,Election day exit poll,Generally going in the right direction,Version 1,1.40113747119904,No,Yes,Working men,All others,Working men
90633.0,Paul LePage,Other,Paul LePage,45-65,30-59,50-59,45+,45-59,50-64,Non-Black 45-59,White 45-59,White 45-64,Not complete,Call 3,1.0,,,,,,,,1.0,Government should do more to solve problems,,,,,,,,,,No,,,,,,,45+,18-64,,,,,,,,112.0,,,White,White,State questionnaire,White,White,East,Yes,Female,White women,,Rural,Small Cities/Rural,Maine,Election day exit poll,Seriously off on the wrong track,Version 1,0.0,,Yes,Working women,Working women,Working women
60929.0,Paul LePage,Other,Mike Michaud,45-65,30-59,50-59,45+,45-59,50-64,Non-Black 45-59,White 45-59,White 45-64,Complete,Call 1,1.0,College graduate,College graduate,More than High school graduate,White college degree,No,Unfavorable,Unfavorable,1.0,Government is doing too many things better left to businesses and individuals,Went too far,100k or more,"$30,000 or more",50k or more,100 thousand or more,"$100,000-$199,999","$100,000-$199,999","Over $50,000 and white",No,No,Illegal,Yes,Worried,Very worried,Disapprove,Strongly disapprove,45+,18-64,Republican,Non-black non-Democrat,All Republicans,Republican,Republican Men,White Republican,Conservative,82.0,Independent/Something else,Conservative Republicans,White,White,State questionnaire,White,White,East,No,Male,White men,Married men,Suburbs,Suburbs,Maine,Election day exit poll,Seriously off on the wrong track,Version 1,0.0,No,No,Non-working men,All others,Non-working men
65679.0,Paul LePage,Other,Paul LePage,45-65,60+,60-64,45+,60+,50-64,Non-Black 60+,White 60+,White 45-64,Complete,Call 1,2.0,Some college/assoc. degree,No college degree,More than High school graduate,White no college degree,No,Unfavorable,Unfavorable,2.0,Government is doing too many things better left to businesses and individuals,Went too far,100k or more,"$30,000 or more",50k or more,100 thousand or more,"$100,000-$199,999","$100,000-$199,999","Over $50,000 and white",Yes,No,Legal,Yes,Worried,Very worried,Disapprove,Strongly disapprove,45+,18-64,Independent/Something else,Non-black non-Democrat,White Independent,Something else,Independent Women,White Independent,Conservative,24.0,Moderate/Liberal Republicans,Conservative Independents,White,White,State questionnaire,White,White,East,No,Female,White women,Married women,Suburbs,Suburbs,Maine,Election day exit poll,Seriously off on the wrong track,Version 1,0.0,No,Yes,Working women,Working women,Working women
