ID,GOVSD14,SENSD14,AGE,AGE3,AGE8,AGE45,AGE60,AGE65,AGEBLACK,AGEBYRACE,AGEBYRACE08,BACKSIDE,CALL,CDNUM,EDUC10,EDUCCOLL,EDUCHS,EDUCWHITE,FAVDEM2,FAVREP2,GEOCODE,GOVTDO10,HEALTHCARE14,INC100K,INC30K,INC50K,INCOME3,INCOME4,INCOME14GEN,INCWHITE,LATINO,MARRIED,NECWORR2,NECWORRY,OBAMA2,OBAMA4,OVER45,OVER65,PARTY,PARTYBLACK,PARTYBYRACE,PARTYID,PARTYSEX,PARTYWHITE,PHIL3,PRECINCT,PTYIDEO,PTYIDEO7,QRACE3,QRACEAI,QTYPE,RACE,RACEAI,REGION,SDEB5,SENCNTL,SEX,SEXBYRACE,SEXWED,SIZEPLAC,SIZEPLC3,STANUM,TELEPOLL,TIME14FEWD,TIME14MTH,TIME14WK,TIMESEN14,TRACK,VERSION,WEIGHT,WHNCLINC
97448.0,Susan Wismer,,45-65,30-59,50-59,45+,45-59,50-64,,,,Complete,Call 3,1.0,Postgraduate study,College graduate,More than High school graduate,,,,3.0,,,Less than 100k,"$30,000 or more",50k or more,50 to 100 thousand,"$50,000-$99,999","$50,000-$99,999",,,Yes,,,,,45+,18-64,Democrat,,,Democrat,Democratic Women,,Moderate,9.0,Moderate/Conservative Democrats,Mod/Conserv. Democrats,,,National questionnaire,,,Midwest,,,Female,,Married women,Rural,Small Cities/Rural,South Dakota,Election day exit poll,,,,,,Version 3,0.555996954441071,No
3727.0,Susan Wismer,,45-65,30-59,50-59,45+,45-59,50-64,Non-Black 45-59,White 45-59,White 45-64,Complete,,1.0,College graduate,College graduate,More than High school graduate,White college degree,Favorable,Unfavorable,1.0,Government is doing too many things better left to businesses and individuals,Was about right,Less than 100k,"Under $30,000",Less than 50k,Less than 50 thousand,"Under $50,000","Under $30,000","Under $50,000 and white",No,Yes,Worried,Somewhat worried,Approve,Strongly approve,45+,18-64,Independent/Something else,Non-black non-Democrat,White Independent,Something else,Independent Women,White Independent,Moderate,,Moderate/Liberal Republicans,Moderate Independents,White,White,State questionnaire,White,White,Midwest,Disapprove,Does not matter to me,Female,White women,Married women,"Cities 50,000-500,000","Cities over 50,000",South Dakota,Telephone survey,Omit,Omit,Omit,Omit,Omit,Version 1,0.88455730676651,No
3775.0,Susan Wismer,,65+,60+,65 or over,45+,60+,65+,Non-Black 60+,White 60+,White 65+,Complete,,1.0,No high school diploma,No college degree,High school graduate or less,White no college degree,Favorable,Omit,2.0,Omit,Omit,,,,,,,,No,No,Worried,Somewhat worried,Omit,Omit,45+,65+,Democrat,Non-black Democrat,White Democrat,Democrat,Democratic Women,White Democrat,Conservative,,Moderate/Conservative Democrats,Mod/Conserv. Democrats,White,White,State questionnaire,White,White,Midwest,Disapprove,Does not matter to me,Female,White women,Non married women,Rural,Small Cities/Rural,South Dakota,Telephone survey,Before that,In the last month,Before that,In the last month,Generally going in the right direction,Version 1,0.249255761504173,
60107.0,Dennis Daugaard,,65+,60+,65 or over,45+,60+,65+,Non-Black 60+,White 60+,White 65+,Complete,Call 1,1.0,College graduate,College graduate,More than High school graduate,White college degree,,,3.0,,,Less than 100k,"Under $30,000",Less than 50k,Less than 50 thousand,"Under $50,000","Under $30,000","Under $50,000 and white",,,,,,,45+,65+,Republican,Non-black non-Democrat,All Republicans,Republican,Republican Women,White Republican,Moderate,9.0,Conservative Republicans,Mod./Liberal Republicans,White,White,National questionnaire,White,White,Midwest,,,Female,White women,,Rural,Small Cities/Rural,South Dakota,Election day exit poll,,,,,,Version 3,0.807824790477753,No
3700.0,Dennis Daugaard,,45-65,60+,60-64,45+,60+,50-64,Non-Black 60+,White 60+,White 45-64,Complete,,1.0,High school graduate,No college degree,High school graduate or less,White no college degree,Unfavorable,Favorable,3.0,Government is doing too many things better left to businesses and individuals,Went too far,Less than 100k,"$30,000 or more",50k or more,50 to 100 thousand,"$50,000-$99,999","$50,000-$99,999","Over $50,000 and white",No,Yes,Not worried,Not too worried,Disapprove,Somewhat disapprove,45+,18-64,Republican,Non-black non-Democrat,All Republicans,Republican,Republican Women,White Republican,Moderate,,Conservative Republicans,Mod./Liberal Republicans,White,White,State questionnaire,White,White,Midwest,Disapprove,The Republican Party,Female,White women,Married women,Rural,Small Cities/Rural,South Dakota,Telephone survey,Before that,In the last month,In the last week,In the last week,Generally going in the right direction,Version 1,0.252064853906631,No
3823.0,Dennis Daugaard,,65+,60+,65 or over,45+,60+,65+,Non-Black 60+,White 60+,White 65+,Complete,,1.0,High school graduate,No college degree,High school graduate or less,White no college degree,Unfavorable,Favorable,3.0,Government is doing too many things better left to businesses and individuals,Was about right,Less than 100k,"Under $30,000",Less than 50k,Less than 50 thousand,"Under $50,000","Under $30,000","Under $50,000 and white",No,Yes,Worried,Somewhat worried,Disapprove,Strongly disapprove,45+,65+,Republican,Non-black non-Democrat,All Republicans,Republican,Republican Men,White Republican,Conservative,,Independent/Something else,Conservative Republicans,White,White,State questionnaire,White,White,Midwest,Disapprove,The Republican Party,Male,White men,Married men,Rural,Small Cities/Rural,South Dakota,Telephone survey,Before that,Before that,Before that,Before that,Seriously off on the wrong track,Version 1,0.517366886138916,Yes
3865.0,Dennis Daugaard,,65+,60+,65 or over,45+,60+,65+,Non-Black 60+,White 60+,White 65+,Complete,,1.0,High school graduate,No college degree,High school graduate or less,White no college degree,Unfavorable,Favorable,3.0,Government is doing too many things better left to businesses and individuals,Went too far,Less than 100k,"Under $30,000",Less than 50k,Less than 50 thousand,"Under $50,000","Under $30,000","Under $50,000 and white",No,Yes,Worried,Very worried,Disapprove,Somewhat disapprove,45+,65+,Republican,Non-black non-Democrat,All Republicans,Republican,Republican Men,White Republican,Moderate,,Conservative Republicans,Mod./Liberal Republicans,White,White,State questionnaire,White,White,Midwest,Disapprove,The Republican Party,Male,White men,Married men,Rural,Small Cities/Rural,South Dakota,Telephone survey,Before that,In the last month,In the last week,In the last week,Seriously off on the wrong track,Version 1,0.517366886138916,Yes
3804.0,Dennis Daugaard,,65+,60+,65 or over,45+,60+,65+,Non-Black 60+,White 60+,White 65+,Complete,,1.0,College graduate,College graduate,More than High school graduate,White college degree,Omit,Favorable,2.0,Government is doing too many things better left to businesses and individuals,Was about right,,,,,,,,No,No,Not worried,Not too worried,Approve,Somewhat approve,45+,65+,,,,,,,Conservative,,,,White,White,State questionnaire,White,White,Midwest,Omit,The Republican Party,Male,White men,Non married men,Suburbs,Suburbs,South Dakota,Telephone survey,Before that,In the last month,Before that,In the last month,Omit,Version 1,0.42182132601738,No
3887.0,Dennis Daugaard,,,,,,,,,,,Complete,,1.0,College graduate,College graduate,More than High school graduate,,Favorable,Favorable,4.0,Omit,Omit,,,,,,,,No,No,Omit,Omit,Disapprove,Strongly disapprove,,,Independent/Something else,,,Independent,Independent Men,,Conservative,,Moderate/Liberal Republicans,Conservative Independents,,,State questionnaire,,,Midwest,Disapprove,Omit,Male,,Non married men,Rural,Small Cities/Rural,South Dakota,Telephone survey,Before that,Before that,Before that,Before that,Seriously off on the wrong track,Version 1,0.06698277592659,
98417.0,Dennis Daugaard,,30-44,30-59,30-39,18-44,30-44,30-39,Non-Black 30-44,White 30-44,White 30-44,Complete,Call 3,1.0,Postgraduate study,College graduate,More than High school graduate,White college degree,Favorable,Favorable,2.0,Omit,Omit,100k or more,"$30,000 or more",50k or more,100 thousand or more,"$100,000-$199,999","$100,000-$199,999","Over $50,000 and white",No,Yes,Worried,Somewhat worried,Approve,Somewhat approve,18-44,18-64,Democrat,Non-black Democrat,White Democrat,Democrat,Democratic Women,White Democrat,Moderate,36.0,Moderate/Conservative Democrats,Mod/Conserv. Democrats,White,White,State questionnaire,White,White,Midwest,Omit,The Democratic Party,Female,White women,Married women,,,South Dakota,Election day exit poll,In the last three days,In the last month,In the last week,In the last three days,Seriously off on the wrong track,Version 1,1.3009078502655,No
98418.0,Dennis Daugaard,,30-44,30-59,30-39,18-44,30-44,30-39,Non-Black 30-44,White 30-44,White 30-44,Complete,Call 3,1.0,Postgraduate study,College graduate,More than High school graduate,White college degree,Favorable,Favorable,2.0,Omit,Omit,100k or more,"$30,000 or more",50k or more,100 thousand or more,"$100,000-$199,999","$100,000-$199,999","Over $50,000 and white",No,Yes,Worried,Somewhat worried,Approve,Somewhat approve,18-44,18-64,Democrat,Non-black Democrat,White Democrat,Democrat,Democratic Women,White Democrat,Moderate,36.0,Moderate/Conservative Democrats,Mod/Conserv. Democrats,White,White,State questionnaire,White,White,Midwest,Omit,The Democratic Party,Female,White women,Married women,,,South Dakota,Election day exit poll,In the last three days,In the last month,In the last week,In the last three days,Seriously off on the wrong track,Version 1,1.3009078502655,No
3694.0,Dennis Daugaard,,65+,60+,65 or over,45+,60+,65+,Non-Black 60+,White 60+,White 65+,Complete,,1.0,High school graduate,No college degree,High school graduate or less,White no college degree,Unfavorable,Unfavorable,4.0,Omit,Went too far,Less than 100k,"$30,000 or more",Less than 50k,Less than 50 thousand,"Under $50,000","$30,000-$49,999","Under $50,000 and white",No,Yes,Worried,Somewhat worried,Disapprove,Strongly disapprove,45+,65+,Democrat,Non-black Democrat,White Democrat,Democrat,Democratic Women,White Democrat,Conservative,,Moderate/Conservative Democrats,Mod/Conserv. Democrats,White,White,State questionnaire,White,White,Midwest,Disapprove,The Republican Party,Female,White women,Married women,"Cities 50,000-500,000","Cities over 50,000",South Dakota,Telephone survey,Before that,In the last month,Before that,In the last month,Seriously off on the wrong track,Version 1,0.520764410495758,Yes
3836.0,Dennis Daugaard,,65+,60+,65 or over,45+,60+,65+,,,,Complete,,1.0,College graduate,College graduate,More than High school graduate,,Omit,Omit,4.0,Omit,Omit,,,,,,,,No,No,Not worried,Not too worried,Approve,Somewhat approve,45+,65+,,,,,,,Conservative,,,,,,State questionnaire,,,Midwest,Omit,Omit,Female,,Non married women,"Cities 50,000-500,000","Cities over 50,000",South Dakota,Telephone survey,Omit,Omit,Omit,Omit,Seriously off on the wrong track,Version 1,0.169840812683105,
80586.0,Dennis Daugaard,Did not vote,65+,60+,65 or over,45+,60+,65+,Non-Black 60+,White 60+,White 65+,Complete,Call 2,1.0,Postgraduate study,College graduate,More than High school graduate,White college degree,Favorable,Favorable,3.0,Government should do more to solve problems,Was about right,Less than 100k,"$30,000 or more",Less than 50k,Less than 50 thousand,"Under $50,000","$30,000-$49,999","Under $50,000 and white",No,No,Not worried,Not too worried,Disapprove,Somewhat disapprove,45+,65+,Republican,Non-black non-Democrat,All Republicans,Republican,Republican Men,White Republican,Moderate,7.0,Conservative Republicans,Mod./Liberal Republicans,White,White,State questionnaire,White,White,Midwest,Approve,Does not matter to me,Male,White men,Non married men,,,South Dakota,Election day exit poll,Before that,Before that,Before that,Before that,Generally going in the right direction,Version 1,1.18628776073456,No
99209.0,Dennis Daugaard,Did not vote,45-65,30-59,50-59,45+,45-59,50-64,Non-Black 45-59,White 45-59,White 45-64,Complete,Call 3,1.0,Postgraduate study,College graduate,More than High school graduate,White college degree,Unfavorable,Favorable,3.0,Government is doing too many things better left to businesses and individuals,Went too far,Less than 100k,"$30,000 or more",50k or more,50 to 100 thousand,"$50,000-$99,999","$50,000-$99,999","Over $50,000 and white",No,Yes,Not worried,Not too worried,Disapprove,Somewhat disapprove,45+,18-64,Republican,Non-black non-Democrat,All Republicans,Republican,Republican Men,White Republican,Conservative,7.0,Independent/Something else,Conservative Republicans,White,White,State questionnaire,White,White,Midwest,Omit,The Republican Party,Male,White men,Married men,,,South Dakota,Election day exit poll,Omit,Omit,Omit,Omit,Omit,Version 1,1.18005836009979,No
99719.0,Dennis Daugaard,Did not vote,30-44,30-59,40-44,18-44,30-44,40-49,Non-Black 30-44,White 30-44,White 30-44,Complete,Call 3,1.0,Some college/assoc. degree,No college degree,More than High school graduate,White no college degree,Omit,Omit,3.0,Government is doing too many things better left to businesses and individuals,Went too far,Less than 100k,"$30,000 or more",50k or more,50 to 100 thousand,"$50,000-$99,999","$50,000-$99,999","Over $50,000 and white",No,Yes,Worried,Very worried,Disapprove,Strongly disapprove,18-44,18-64,Independent/Something else,Non-black non-Democrat,White Independent,Independent,Independent Women,White Independent,Conservative,7.0,Moderate/Liberal Republicans,Conservative Independents,White,White,State questionnaire,White,White,Midwest,Omit,Does not matter to me,Female,White women,Married women,,,South Dakota,Election day exit poll,Omit,Omit,Omit,Omit,Seriously off on the wrong track,Version 1,1.12510943412781,No
97858.0,Dennis Daugaard,Did not vote,45-65,60+,60-64,45+,60+,50-64,Non-Black 60+,White 60+,White 45-64,Complete,Call 3,1.0,High school graduate,No college degree,High school graduate or less,White no college degree,Favorable,Unfavorable,4.0,Omit,Was about right,Less than 100k,"$30,000 or more",50k or more,50 to 100 thousand,"$50,000-$99,999","$50,000-$99,999","Over $50,000 and white",No,Yes,Worried,Somewhat worried,Approve,Strongly approve,45+,18-64,Independent/Something else,Non-black non-Democrat,White Independent,Independent,Independent Women,White Independent,Conservative,65.0,Moderate/Liberal Republicans,Conservative Independents,White,White,State questionnaire,White,White,Midwest,Disapprove,The Democratic Party,Female,White women,Married women,,,South Dakota,Election day exit poll,Omit,Omit,Omit,Omit,Generally going in the right direction,Version 1,1.08698189258575,No
11350.0,,Rick Weiland,65+,60+,65 or over,45+,60+,65+,Non-Black 60+,White 60+,White 65+,Complete,,1.0,High school graduate,No college degree,High school graduate or less,White no college degree,,,1.0,,,,,,,,,,No,Yes,,,,,45+,65+,Democrat,Non-black Democrat,White Democrat,Democrat,Democratic Women,White Democrat,,,,,White,White,National questionnaire,White,White,Midwest,,,Female,White women,Married women,"Cities 50,000-500,000","Cities over 50,000",South Dakota,Telephone survey,,,,,,Version 3,0.280626088380814,
3789.0,,Rick Weiland,30-44,30-59,30-39,18-44,30-44,30-39,Non-Black 30-44,White 30-44,White 30-44,Complete,,1.0,Postgraduate study,College graduate,More than High school graduate,White college degree,Favorable,Unfavorable,3.0,Government should do more to solve problems,Was about right,Less than 100k,"$30,000 or more",Less than 50k,Less than 50 thousand,"Under $50,000","$30,000-$49,999","Under $50,000 and white",No,No,Not worried,Not too worried,Approve,Somewhat approve,18-44,18-64,Independent/Something else,Non-black non-Democrat,White Independent,Independent,Independent Women,White Independent,Moderate,,Moderate/Liberal Republicans,Moderate Independents,White,White,State questionnaire,White,White,Midwest,Disapprove,Does not matter to me,Female,White women,Non married women,Rural,Small Cities/Rural,South Dakota,Telephone survey,Before that,In the last month,Before that,In the last month,Omit,Version 1,0.674614548683167,No
3743.0,,Rick Weiland,65+,60+,65 or over,45+,60+,65+,Non-Black 60+,White 60+,White 65+,Complete,,1.0,College graduate,College graduate,More than High school graduate,White college degree,Unfavorable,Unfavorable,2.0,Government should do more to solve problems,Was about right,Less than 100k,"$30,000 or more",50k or more,50 to 100 thousand,"$50,000-$99,999","$50,000-$99,999","Over $50,000 and white",No,Yes,Worried,Somewhat worried,Approve,Somewhat approve,45+,65+,Independent/Something else,Non-black non-Democrat,White Independent,Independent,Independent Men,White Independent,Moderate,,Moderate/Liberal Republicans,Moderate Independents,White,White,State questionnaire,White,White,Midwest,Disapprove,The Democratic Party,Male,White men,Married men,Rural,Small Cities/Rural,South Dakota,Telephone survey,Before that,Before that,Before that,Before that,Seriously off on the wrong track,Version 1,0.244851768016815,No
81906.0,,Rick Weiland,18-29,18-29,18-24,18-44,18-29,18-24,Non-Black 18-29,White 18-29,White 18-29,Complete,Call 2,1.0,College graduate,College graduate,More than High school graduate,White college degree,Favorable,Omit,2.0,Government should do more to solve problems,Omit,Less than 100k,"$30,000 or more",Less than 50k,Less than 50 thousand,"Under $50,000","$30,000-$49,999","Under $50,000 and white",No,Yes,Not worried,Not too worried,Omit,Omit,18-44,18-64,Democrat,Non-black Democrat,White Democrat,Democrat,Democratic Women,White Democrat,Moderate,5.0,Moderate/Conservative Democrats,Mod/Conserv. Democrats,White,White,State questionnaire,White,White,Midwest,Disapprove,The Democratic Party,Female,White women,Married women,,,South Dakota,Election day exit poll,Before that,In the last month,In the last week,In the last week,Omit,Version 1,2.29648637771606,No
97015.0,,Rick Weiland,45-65,30-59,45-49,45+,45-59,40-49,Non-Black 45-59,White 45-59,White 45-64,Complete,Call 3,1.0,College graduate,College graduate,More than High school graduate,White college degree,Favorable,Favorable,1.0,Government is doing too many things better left to businesses and individuals,Went too far,100k or more,"$30,000 or more",50k or more,100 thousand or more,"$100,000-$199,999","$100,000-$199,999","Over $50,000 and white",No,Yes,Worried,Very worried,Omit,Omit,45+,18-64,Independent/Something else,Non-black non-Democrat,White Independent,Something else,Independent Women,White Independent,,56.0,,,White,White,State questionnaire,White,White,Midwest,Disapprove,The Democratic Party,Female,White women,Married women,,,South Dakota,Election day exit poll,Omit,Omit,Omit,Omit,Seriously off on the wrong track,Version 1,1.44364547729492,No
96356.0,,Rick Weiland,30-44,30-59,30-39,18-44,30-44,30-39,Non-Black 30-44,White 30-44,White 30-44,Complete,Call 3,1.0,College graduate,College graduate,More than High school graduate,White college degree,Unfavorable,Omit,1.0,Government is doing too many things better left to businesses and individuals,Was about right,Less than 100k,"$30,000 or more",50k or more,50 to 100 thousand,"$50,000-$99,999","$50,000-$99,999","Over $50,000 and white",No,No,Not worried,Not too worried,Approve,Somewhat approve,18-44,18-64,Democrat,Non-black Democrat,White Democrat,Democrat,Democratic Women,White Democrat,Moderate,56.0,Moderate/Conservative Democrats,Mod/Conserv. Democrats,White,White,State questionnaire,White,White,Midwest,Omit,Omit,Female,White women,Non married women,,,South Dakota,Election day exit poll,Before that,Before that,Before that,Before that,Seriously off on the wrong track,Version 1,1.44364547729492,No
80402.0,Did not vote,Rick Weiland,65+,60+,65 or over,45+,60+,65+,Non-Black 60+,White 60+,White 65+,Complete,Call 2,1.0,High school graduate,No college degree,High school graduate or less,White no college degree,,,3.0,,,Less than 100k,"Under $30,000",Less than 50k,Less than 50 thousand,"Under $50,000","Under $30,000","Under $50,000 and white",No,Yes,,,,,45+,65+,Democrat,Non-black Democrat,White Democrat,Democrat,Democratic Men,White Democrat,Moderate,9.0,Moderate/Conservative Democrats,Mod/Conserv. Democrats,White,White,National questionnaire,White,White,Midwest,,,Male,White men,Married men,Rural,Small Cities/Rural,South Dakota,Election day exit poll,,,,,,Version 3,0.893081068992615,Yes
95199.0,Did not vote,Rick Weiland,30-44,30-59,40-44,18-44,30-44,40-49,Non-Black 30-44,White 30-44,White 30-44,Complete,Call 3,1.0,College graduate,College graduate,More than High school graduate,White college degree,Favorable,Unfavorable,1.0,Government should do more to solve problems,Was about right,Less than 100k,"$30,000 or more",50k or more,50 to 100 thousand,"$50,000-$99,999","$50,000-$99,999","Over $50,000 and white",No,No,Not worried,Not at all worried,Approve,Strongly approve,18-44,18-64,Democrat,Non-black Democrat,White Democrat,Democrat,Democratic Women,White Democrat,Moderate,53.0,Moderate/Conservative Democrats,Mod/Conserv. Democrats,White,White,State questionnaire,White,White,Midwest,Disapprove,The Democratic Party,Female,White women,Non married women,,,South Dakota,Election day exit poll,Before that,In the last month,Before that,In the last month,Generally going in the right direction,Version 1,1.29057288169861,No
98570.0,Did not vote,Rick Weiland,45-65,30-59,50-59,45+,45-59,50-64,Non-Black 45-59,White 45-59,White 45-64,Complete,Call 3,1.0,Postgraduate study,College graduate,More than High school graduate,White college degree,Favorable,Unfavorable,3.0,Government should do more to solve problems,Did not go far enough,100k or more,"$30,000 or more",50k or more,100 thousand or more,"$100,000-$199,999","$100,000-$199,999","Over $50,000 and white",No,Yes,Worried,Somewhat worried,Disapprove,Somewhat disapprove,45+,18-64,Democrat,Non-black Democrat,White Democrat,Democrat,Democratic Men,White Democrat,Moderate,7.0,Moderate/Conservative Democrats,Mod/Conserv. Democrats,White,White,State questionnaire,White,White,Midwest,Disapprove,The Democratic Party,Male,White men,Married men,,,South Dakota,Election day exit poll,Before that,In the last month,Before that,In the last month,Seriously off on the wrong track,Version 1,1.24385130405426,No
81073.0,Did not vote,Rick Weiland,30-44,30-59,30-39,18-44,30-44,30-39,Non-Black 30-44,White 30-44,White 30-44,Complete,Call 2,1.0,College graduate,College graduate,More than High school graduate,White college degree,Unfavorable,Unfavorable,3.0,Government should do more to solve problems,Went too far,Less than 100k,"$30,000 or more",50k or more,50 to 100 thousand,"$50,000-$99,999","$50,000-$99,999","Over $50,000 and white",No,Yes,Worried,Very worried,Disapprove,Strongly disapprove,18-44,18-64,Independent/Something else,Non-black non-Democrat,White Independent,Independent,Independent Women,White Independent,Conservative,7.0,Moderate/Liberal Republicans,Conservative Independents,White,White,State questionnaire,White,White,Midwest,Disapprove,Omit,Female,White women,Married women,,,South Dakota,Election day exit poll,Before that,Before that,Before that,Before that,Seriously off on the wrong track,Version 1,1.18593192100525,No
98343.0,Did not vote,Rick Weiland,18-29,18-29,25-29,18-44,18-29,25-29,Non-Black 18-29,White 18-29,White 18-29,Complete,Call 3,1.0,Some college/assoc. degree,No college degree,More than High school graduate,White no college degree,Favorable,Favorable,3.0,Government is doing too many things better left to businesses and individuals,Went too far,Less than 100k,"$30,000 or more",Less than 50k,Less than 50 thousand,"Under $50,000","$30,000-$49,999","Under $50,000 and white",No,No,Worried,Somewhat worried,Disapprove,Somewhat disapprove,18-44,18-64,Democrat,Non-black Democrat,White Democrat,Democrat,Democratic Women,White Democrat,Liberal,7.0,Liberal Democrats,Liberal Democrats,White,White,State questionnaire,White,White,Midwest,Disapprove,The Democratic Party,Female,White women,Non married women,,,South Dakota,Election day exit poll,Before that,In the last month,Before that,In the last month,Seriously off on the wrong track,Version 1,1.6758143901825,Yes
3876.0,Did not vote,Rick Weiland,65+,60+,65 or over,45+,60+,65+,Non-Black 60+,White 60+,White 65+,Complete,,1.0,High school graduate,No college degree,High school graduate or less,White no college degree,Favorable,Unfavorable,3.0,Omit,Omit,Less than 100k,"Under $30,000",Less than 50k,Less than 50 thousand,"Under $50,000","Under $30,000","Under $50,000 and white",No,Yes,Worried,Somewhat worried,Approve,Somewhat approve,45+,65+,Democrat,Non-black Democrat,White Democrat,Democrat,Democratic Women,White Democrat,Liberal,,Liberal Democrats,Liberal Democrats,White,White,State questionnaire,White,White,Midwest,Omit,The Democratic Party,Female,White women,Married women,Rural,Small Cities/Rural,South Dakota,Telephone survey,Omit,Omit,Omit,Omit,Seriously off on the wrong track,Version 1,0.294527739286423,Yes
8933.0,Susan Wismer,Rick Weiland,65+,60+,65 or over,45+,60+,65+,Non-Black 60+,Latino 60+,Latino 65+,Complete,,1.0,Some college/assoc. degree,No college degree,More than High school graduate,Non white no college degree,,,4.0,,Did not go far enough,Less than 100k,"$30,000 or more",50k or more,50 to 100 thousand,"$50,000-$99,999","$50,000-$99,999","Over $50,000 and non white",Yes,Yes,,,,,45+,65+,Democrat,Non-black Democrat,Latino Democrat,Democrat,Democratic Men,Non-White Democrats,Liberal,,Liberal Democrats,Liberal Democrats,Other,White,National questionnaire,Hispanic/Latino,Hispanic/Latino,Midwest,,,Male,Latino men,Married men,"Cities 50,000-500,000","Cities over 50,000",South Dakota,Telephone survey,,,,,,Version 2,0.34802109003067,No
59733.0,Susan Wismer,Rick Weiland,65+,60+,65 or over,45+,60+,65+,Non-Black 60+,White 60+,White 65+,Complete,Call 1,1.0,High school graduate,No college degree,High school graduate or less,White no college degree,,,3.0,,Did not go far enough,Less than 100k,"$30,000 or more",Less than 50k,Less than 50 thousand,"Under $50,000","$30,000-$49,999","Under $50,000 and white",No,No,,,,,45+,65+,Republican,Non-black non-Democrat,All Republicans,Republican,Republican Men,White Republican,Liberal,9.0,Conservative Republicans,Mod./Liberal Republicans,White,White,National questionnaire,White,White,Midwest,,,Male,White men,Non married men,Rural,Small Cities/Rural,South Dakota,Election day exit poll,,,,,,Version 2,0.75549304485321,Yes
60781.0,Susan Wismer,Rick Weiland,45-65,30-59,50-59,45+,45-59,50-64,Non-Black 45-59,White 45-59,White 45-64,Complete,Call 1,1.0,High school graduate,No college degree,High school graduate or less,White no college degree,,,3.0,,,Less than 100k,"$30,000 or more",50k or more,50 to 100 thousand,"$50,000-$99,999","$50,000-$99,999","Over $50,000 and white",No,,,,,,45+,18-64,Democrat,Non-black Democrat,White Democrat,Democrat,Democratic Men,White Democrat,Conservative,9.0,Moderate/Conservative Democrats,Mod/Conserv. Democrats,White,White,National questionnaire,White,White,Midwest,,,Male,White men,,Rural,Small Cities/Rural,South Dakota,Election day exit poll,,,,,,Version 5,0.75152587890625,No
60984.0,Susan Wismer,Rick Weiland,45-65,60+,60-64,45+,60+,50-64,Non-Black 60+,White 60+,White 45-64,Complete,Call 1,1.0,High school graduate,No college degree,High school graduate or less,White no college degree,,,3.0,,Did not go far enough,Less than 100k,"Under $30,000",Less than 50k,Less than 50 thousand,"Under $50,000","Under $30,000","Under $50,000 and white",,Yes,,,,,45+,18-64,Democrat,Non-black Democrat,White Democrat,Democrat,Democratic Women,White Democrat,Conservative,9.0,Moderate/Conservative Democrats,Mod/Conserv. Democrats,White,White,National questionnaire,White,White,Midwest,,,Female,White women,Married women,Rural,Small Cities/Rural,South Dakota,Election day exit poll,,,,,,Version 2,0.720313787460327,Yes
61471.0,Susan Wismer,Rick Weiland,65+,60+,65 or over,45+,60+,65+,Non-Black 60+,White 60+,White 65+,Complete,Call 1,1.0,High school graduate,No college degree,High school graduate or less,White no college degree,,,3.0,,Was about right,Less than 100k,"Under $30,000",Less than 50k,Less than 50 thousand,"Under $50,000","Under $30,000","Under $50,000 and white",No,Yes,,,,,45+,65+,Democrat,Non-black Democrat,White Democrat,Democrat,Democratic Men,White Democrat,Moderate,9.0,Moderate/Conservative Democrats,Mod/Conserv. Democrats,White,White,National questionnaire,White,White,Midwest,,,Male,White men,Married men,Rural,Small Cities/Rural,South Dakota,Election day exit poll,,,,,,Version 2,0.75549304485321,Yes
61473.0,Susan Wismer,Rick Weiland,65+,60+,65 or over,45+,60+,65+,Non-Black 60+,White 60+,White 65+,Complete,Call 1,1.0,High school graduate,No college degree,High school graduate or less,White no college degree,,,3.0,,Was about right,Less than 100k,"Under $30,000",Less than 50k,Less than 50 thousand,"Under $50,000","Under $30,000","Under $50,000 and white",No,Yes,,,,,45+,65+,Democrat,Non-black Democrat,White Democrat,Democrat,Democratic Men,White Democrat,Moderate,9.0,Moderate/Conservative Democrats,Mod/Conserv. Democrats,White,White,National questionnaire,White,White,Midwest,,,Male,White men,Married men,Rural,Small Cities/Rural,South Dakota,Election day exit poll,,,,,,Version 2,0.75549304485321,Yes
78449.0,Susan Wismer,Rick Weiland,65+,60+,65 or over,45+,60+,65+,Non-Black 60+,White 60+,White 65+,Complete,Call 2,1.0,College graduate,College graduate,More than High school graduate,White college degree,,,3.0,,,Less than 100k,"Under $30,000",Less than 50k,Less than 50 thousand,"Under $50,000","Under $30,000","Under $50,000 and white",No,,Worried,Somewhat worried,Approve,Somewhat approve,45+,65+,Democrat,Non-black Democrat,White Democrat,Democrat,Democratic Women,White Democrat,Moderate,9.0,Moderate/Conservative Democrats,Mod/Conserv. Democrats,White,White,National questionnaire,White,White,Midwest,,,Female,White women,,Rural,Small Cities/Rural,South Dakota,Election day exit poll,,,,,,Version 1,0.720313787460327,No
80610.0,Susan Wismer,Rick Weiland,30-44,30-59,30-39,18-44,30-44,30-39,Non-Black 30-44,White 30-44,White 30-44,Complete,Call 2,1.0,College graduate,College graduate,More than High school graduate,White college degree,,,3.0,,Was about right,Less than 100k,"$30,000 or more",50k or more,50 to 100 thousand,"$50,000-$99,999","$50,000-$99,999","Over $50,000 and white",No,Yes,,,,,18-44,18-64,Democrat,Non-black Democrat,White Democrat,Democrat,Democratic Women,White Democrat,Moderate,9.0,Moderate/Conservative Democrats,Mod/Conserv. Democrats,White,White,National questionnaire,White,White,Midwest,,,Female,White women,Married women,Rural,Small Cities/Rural,South Dakota,Election day exit poll,,,,,,Version 2,0.716531336307526,No
96991.0,Susan Wismer,Rick Weiland,65+,60+,65 or over,45+,60+,65+,Non-Black 60+,White 60+,White 65+,Complete,Call 3,1.0,High school graduate,No college degree,High school graduate or less,White no college degree,,,3.0,,Was about right,Less than 100k,"$30,000 or more",Less than 50k,Less than 50 thousand,"Under $50,000","$30,000-$49,999","Under $50,000 and white",No,Yes,,,,,45+,65+,Democrat,Non-black Democrat,White Democrat,Democrat,Democratic Men,White Democrat,Liberal,9.0,Liberal Democrats,Liberal Democrats,White,White,National questionnaire,White,White,Midwest,,,Male,White men,Married men,Rural,Small Cities/Rural,South Dakota,Election day exit poll,,,,,,Version 2,0.75549304485321,Yes
96313.0,Susan Wismer,Rick Weiland,18-29,18-29,18-24,18-44,18-29,18-24,Non-Black 18-29,White 18-29,White 18-29,Not complete,Call 3,1.0,,,,,,,1.0,Government should do more to solve problems,,,,,,,,,,,,,,,18-44,18-64,,,,,,,,56.0,,,White,White,State questionnaire,White,White,Midwest,Disapprove,,Female,White women,,,,South Dakota,Election day exit poll,Omit,Omit,Omit,Omit,Generally going in the right direction,Version 1,1.72570395469666,
99879.0,Susan Wismer,Rick Weiland,65+,60+,65 or over,45+,60+,65+,Non-Black 60+,White 60+,White 65+,Not complete,Call 3,1.0,,,,,,,3.0,Government should do more to solve problems,,,,,,,,,,,,,,,45+,65+,,,,,,,,26.0,,,White,White,State questionnaire,White,White,Midwest,Disapprove,,Male,White men,,,,South Dakota,Election day exit poll,Before that,Before that,Before that,Before that,Generally going in the right direction,Version 1,1.13442873954773,
3780.0,Susan Wismer,Rick Weiland,45-65,30-59,50-59,45+,45-59,50-64,Non-Black 45-59,All others,All others,Complete,,1.0,High school graduate,No college degree,High school graduate or less,Non white no college degree,Favorable,Favorable,4.0,Government should do more to solve problems,Did not go far enough,Less than 100k,"Under $30,000",Less than 50k,Less than 50 thousand,"Under $50,000","Under $30,000","Under $50,000 and non white",No,Yes,Worried,Somewhat worried,Approve,Somewhat approve,45+,18-64,Democrat,Non-black Democrat,All Other,Democrat,Democratic Men,Non-White Democrats,Moderate,,Moderate/Conservative Democrats,Mod/Conserv. Democrats,Other,American Indian,State questionnaire,Other,American Indian,Midwest,Disapprove,The Republican Party,Male,All other races,Married men,Rural,Small Cities/Rural,South Dakota,Telephone survey,Before that,Before that,Before that,Before that,Generally going in the right direction,Version 1,0.412883818149567,No
3884.0,Susan Wismer,Rick Weiland,30-44,30-59,30-39,18-44,30-44,30-39,Non-Black 30-44,White 30-44,White 30-44,Complete,,1.0,High school graduate,No college degree,High school graduate or less,White no college degree,Favorable,Favorable,2.0,Government should do more to solve problems,Did not go far enough,,,,,,,,No,Yes,Worried,Very worried,Disapprove,Somewhat disapprove,18-44,18-64,Democrat,Non-black Democrat,White Democrat,Democrat,Democratic Women,White Democrat,Liberal,,Liberal Democrats,Liberal Democrats,White,White,State questionnaire,White,White,Midwest,Omit,Does not matter to me,Female,White women,Married women,Rural,Small Cities/Rural,South Dakota,Telephone survey,Before that,Before that,Before that,Before that,Omit,Version 1,2.6683201789856,
79084.0,Susan Wismer,Rick Weiland,45-65,30-59,50-59,45+,45-59,50-64,Non-Black 45-59,White 45-59,White 45-64,Complete,Call 2,1.0,College graduate,College graduate,More than High school graduate,White college degree,Unfavorable,Favorable,1.0,Government should do more to solve problems,Went too far,100k or more,"$30,000 or more",50k or more,100 thousand or more,"$100,000-$199,999","$100,000-$199,999","Over $50,000 and white",No,Yes,Worried,Very worried,Approve,Strongly approve,45+,18-64,Republican,Non-black non-Democrat,All Republicans,Republican,Republican Men,White Republican,Liberal,53.0,Conservative Republicans,Mod./Liberal Republicans,White,White,State questionnaire,White,White,Midwest,Disapprove,The Republican Party,Male,White men,Married men,,,South Dakota,Election day exit poll,Before that,Before that,Before that,Before that,Generally going in the right direction,Version 1,1.14506685733795,No
3688.0,Susan Wismer,Rick Weiland,18-29,18-29,18-24,18-44,18-29,18-24,Non-Black 18-29,White 18-29,White 18-29,Complete,,1.0,Some college/assoc. degree,No college degree,More than High school graduate,White no college degree,Favorable,Unfavorable,4.0,Government should do more to solve problems,Did not go far enough,100k or more,"$30,000 or more",50k or more,100 thousand or more,"$100,000-$199,999","$100,000-$199,999","Over $50,000 and white",No,No,Not worried,Not at all worried,Approve,Strongly approve,18-44,18-64,Democrat,Non-black Democrat,White Democrat,Democrat,Democratic Men,White Democrat,Liberal,,Liberal Democrats,Liberal Democrats,White,White,State questionnaire,White,White,Midwest,Disapprove,The Democratic Party,Male,White men,Non married men,"Cities 50,000-500,000","Cities over 50,000",South Dakota,Telephone survey,Before that,Before that,Before that,Before that,Generally going in the right direction,Version 1,2.30506896972656,No
3698.0,Susan Wismer,Rick Weiland,30-44,30-59,30-39,18-44,30-44,30-39,Non-Black 30-44,White 30-44,White 30-44,Complete,,1.0,High school graduate,No college degree,High school graduate or less,White no college degree,Favorable,Unfavorable,3.0,Government should do more to solve problems,Was about right,100k or more,"$30,000 or more",50k or more,100 thousand or more,"$200,000 or more","$200,000 or more","Over $50,000 and white",No,Yes,Worried,Somewhat worried,Approve,Strongly approve,18-44,18-64,Democrat,Non-black Democrat,White Democrat,Democrat,Democratic Men,White Democrat,Conservative,,Moderate/Conservative Democrats,Mod/Conserv. Democrats,White,White,State questionnaire,White,White,Midwest,Disapprove,The Democratic Party,Male,White men,Married men,Rural,Small Cities/Rural,South Dakota,Telephone survey,Before that,Before that,Before that,Before that,Seriously off on the wrong track,Version 1,0.984651863574982,No
3730.0,Susan Wismer,Rick Weiland,30-44,30-59,40-44,18-44,30-44,40-49,Non-Black 30-44,All others,All others,Complete,,1.0,College graduate,College graduate,More than High school graduate,Non white college degree,Favorable,Unfavorable,1.0,Government should do more to solve problems,Did not go far enough,Less than 100k,"$30,000 or more",Less than 50k,Less than 50 thousand,"Under $50,000","$30,000-$49,999","Under $50,000 and non white",No,No,Not worried,Not at all worried,Approve,Somewhat approve,18-44,18-64,Independent/Something else,Non-black non-Democrat,All Other,Something else,Independent Men,All others,Moderate,,Moderate/Liberal Republicans,Moderate Independents,Other,American Indian,State questionnaire,Other,American Indian,Midwest,Disapprove,The Democratic Party,Male,All other races,Non married men,"Cities 50,000-500,000","Cities over 50,000",South Dakota,Telephone survey,Before that,Before that,Before that,Before that,Seriously off on the wrong track,Version 1,1.16426014900208,No
3755.0,Susan Wismer,Rick Weiland,45-65,30-59,45-49,45+,45-59,40-49,Non-Black 45-59,White 45-59,White 45-64,Complete,,1.0,College graduate,College graduate,More than High school graduate,White college degree,Favorable,Unfavorable,2.0,Government should do more to solve problems,Was about right,Less than 100k,"$30,000 or more",50k or more,50 to 100 thousand,"$50,000-$99,999","$50,000-$99,999","Over $50,000 and white",No,Yes,Worried,Somewhat worried,Approve,Somewhat approve,45+,18-64,Democrat,Non-black Democrat,White Democrat,Democrat,Democratic Women,White Democrat,Conservative,,Moderate/Conservative Democrats,Mod/Conserv. Democrats,White,White,State questionnaire,White,White,Midwest,Disapprove,The Democratic Party,Female,White women,Married women,Rural,Small Cities/Rural,South Dakota,Telephone survey,Before that,In the last month,Before that,In the last month,Generally going in the right direction,Version 1,1.83092832565308,No
3761.0,Susan Wismer,Rick Weiland,65+,60+,65 or over,45+,60+,65+,Non-Black 60+,White 60+,White 65+,Complete,,1.0,College graduate,College graduate,More than High school graduate,White college degree,Favorable,Unfavorable,2.0,Government should do more to solve problems,Was about right,Less than 100k,"$30,000 or more",50k or more,50 to 100 thousand,"$50,000-$99,999","$50,000-$99,999","Over $50,000 and white",No,Yes,Worried,Somewhat worried,Approve,Somewhat approve,45+,65+,Democrat,Non-black Democrat,White Democrat,Democrat,Democratic Women,White Democrat,Moderate,,Moderate/Conservative Democrats,Mod/Conserv. Democrats,White,White,State questionnaire,White,White,Midwest,Disapprove,The Democratic Party,Female,White women,Married women,Rural,Small Cities/Rural,South Dakota,Telephone survey,Before that,In the last month,Before that,In the last month,Generally going in the right direction,Version 1,0.812560498714447,No
3764.0,Susan Wismer,Rick Weiland,45-65,30-59,50-59,45+,45-59,50-64,Non-Black 45-59,White 45-59,White 45-64,Complete,,1.0,Some college/assoc. degree,No college degree,More than High school graduate,White no college degree,Favorable,Unfavorable,4.0,Government should do more to solve problems,Did not go far enough,Less than 100k,"$30,000 or more",Less than 50k,Less than 50 thousand,"Under $50,000","$30,000-$49,999","Under $50,000 and white",No,No,Not worried,Not too worried,Approve,Somewhat approve,45+,18-64,Democrat,Non-black Democrat,White Democrat,Democrat,Democratic Men,White Democrat,Moderate,,Moderate/Conservative Democrats,Mod/Conserv. Democrats,White,White,State questionnaire,White,White,Midwest,Disapprove,The Democratic Party,Male,White men,Non married men,Rural,Small Cities/Rural,South Dakota,Telephone survey,Before that,Before that,Before that,Before that,Seriously off on the wrong track,Version 1,0.330975413322449,Yes
3774.0,Susan Wismer,Rick Weiland,65+,60+,65 or over,45+,60+,65+,Non-Black 60+,White 60+,White 65+,Complete,,1.0,High school graduate,No college degree,High school graduate or less,White no college degree,Favorable,Unfavorable,3.0,Government should do more to solve problems,Was about right,100k or more,"$30,000 or more",50k or more,100 thousand or more,"$100,000-$199,999","$100,000-$199,999","Over $50,000 and white",No,Yes,Not worried,Not at all worried,Approve,Strongly approve,45+,65+,Democrat,Non-black Democrat,White Democrat,Democrat,Democratic Men,White Democrat,Moderate,,Moderate/Conservative Democrats,Mod/Conserv. Democrats,White,White,State questionnaire,White,White,Midwest,Disapprove,The Democratic Party,Male,White men,Married men,Rural,Small Cities/Rural,South Dakota,Telephone survey,Before that,In the last month,Before that,In the last month,Generally going in the right direction,Version 1,0.230660453438759,No
3778.0,Susan Wismer,Rick Weiland,45-65,60+,60-64,45+,60+,50-64,Non-Black 60+,White 60+,White 45-64,Complete,,1.0,Some college/assoc. degree,No college degree,More than High school graduate,White no college degree,Favorable,Unfavorable,4.0,Government should do more to solve problems,Did not go far enough,100k or more,"$30,000 or more",50k or more,100 thousand or more,"$200,000 or more","$200,000 or more","Over $50,000 and white",No,Yes,Not worried,Not too worried,Approve,Somewhat approve,45+,18-64,Democrat,Non-black Democrat,White Democrat,Democrat,Democratic Women,White Democrat,Liberal,,Liberal Democrats,Liberal Democrats,White,White,State questionnaire,White,White,Midwest,Disapprove,The Democratic Party,Female,White women,Married women,"Cities 50,000-500,000","Cities over 50,000",South Dakota,Telephone survey,Before that,Before that,Before that,Before that,Seriously off on the wrong track,Version 1,0.209443509578705,No
3788.0,Susan Wismer,Rick Weiland,65+,60+,65 or over,45+,60+,65+,Non-Black 60+,White 60+,White 65+,Complete,,1.0,Postgraduate study,College graduate,More than High school graduate,White college degree,Favorable,Unfavorable,3.0,Government should do more to solve problems,Was about right,Less than 100k,"Under $30,000",Less than 50k,Less than 50 thousand,"Under $50,000","Under $30,000","Under $50,000 and white",No,,Worried,Somewhat worried,Approve,Strongly approve,45+,65+,Democrat,Non-black Democrat,White Democrat,Democrat,Democratic Women,White Democrat,Moderate,,Moderate/Conservative Democrats,Mod/Conserv. Democrats,White,White,State questionnaire,White,White,Midwest,Disapprove,The Democratic Party,Female,White women,,Rural,Small Cities/Rural,South Dakota,Telephone survey,Before that,Before that,Before that,Before that,Seriously off on the wrong track,Version 1,0.178602918982506,No
3806.0,Susan Wismer,Rick Weiland,65+,60+,65 or over,45+,60+,65+,Non-Black 60+,White 60+,White 65+,Complete,,1.0,High school graduate,No college degree,High school graduate or less,White no college degree,Favorable,Unfavorable,1.0,Government should do more to solve problems,Did not go far enough,Less than 100k,"$30,000 or more",Less than 50k,Less than 50 thousand,"Under $50,000","$30,000-$49,999","Under $50,000 and white",No,No,Worried,Somewhat worried,Approve,Somewhat approve,45+,65+,Democrat,Non-black Democrat,White Democrat,Democrat,Democratic Women,White Democrat,Liberal,,Liberal Democrats,Liberal Democrats,White,White,State questionnaire,White,White,Midwest,Disapprove,The Democratic Party,Female,White women,Non married women,Suburbs,Suburbs,South Dakota,Telephone survey,Before that,Before that,Before that,Before that,Generally going in the right direction,Version 1,0.223735779523849,Yes
3809.0,Susan Wismer,Rick Weiland,65+,60+,65 or over,45+,60+,65+,Non-Black 60+,White 60+,White 65+,Complete,,1.0,Postgraduate study,College graduate,More than High school graduate,White college degree,Favorable,Unfavorable,2.0,Government should do more to solve problems,Was about right,100k or more,"$30,000 or more",50k or more,100 thousand or more,"$200,000 or more","$200,000 or more","Over $50,000 and white",No,Yes,Not worried,Not too worried,Approve,Strongly approve,45+,65+,Republican,Non-black non-Democrat,All Republicans,Republican,Republican Women,White Republican,Conservative,,Independent/Something else,Conservative Republicans,White,White,State questionnaire,White,White,Midwest,Disapprove,The Democratic Party,Female,White women,Married women,Rural,Small Cities/Rural,South Dakota,Telephone survey,Before that,Before that,Before that,Before that,Generally going in the right direction,Version 1,0.203140124678612,No
3830.0,Susan Wismer,Rick Weiland,45-65,30-59,45-49,45+,45-59,40-49,Non-Black 45-59,White 45-59,White 45-64,Complete,,11.0,Postgraduate study,College graduate,More than High school graduate,White college degree,Favorable,Unfavorable,1.0,Government should do more to solve problems,Did not go far enough,100k or more,"$30,000 or more",50k or more,100 thousand or more,"$200,000 or more","$200,000 or more","Over $50,000 and white",No,Yes,Not worried,Not too worried,Approve,Somewhat approve,45+,18-64,Independent/Something else,Non-black non-Democrat,White Independent,Independent,Independent Men,White Independent,Moderate,,Moderate/Liberal Republicans,Moderate Independents,White,White,State questionnaire,White,White,Midwest,Disapprove,The Democratic Party,Male,White men,Married men,Suburbs,Suburbs,South Dakota,Telephone survey,Before that,Before that,Before that,Before that,Generally going in the right direction,Version 1,0.466722160577774,No
3831.0,Susan Wismer,Rick Weiland,65+,60+,65 or over,45+,60+,65+,Non-Black 60+,White 60+,White 65+,Complete,,6.0,High school graduate,No college degree,High school graduate or less,White no college degree,Favorable,Unfavorable,2.0,Government should do more to solve problems,Was about right,Less than 100k,"Under $30,000",Less than 50k,Less than 50 thousand,"Under $50,000","Under $30,000","Under $50,000 and white",No,No,Not worried,Not at all worried,Approve,Strongly approve,45+,65+,Democrat,Non-black Democrat,White Democrat,Democrat,Democratic Men,White Democrat,Liberal,,Liberal Democrats,Liberal Democrats,White,White,State questionnaire,White,White,Midwest,Omit,The Democratic Party,Male,White men,Non married men,Rural,Small Cities/Rural,South Dakota,Telephone survey,Before that,Before that,Before that,Before that,Seriously off on the wrong track,Version 1,0.188062876462936,Yes
3847.0,Susan Wismer,Rick Weiland,45-65,60+,60-64,45+,60+,50-64,Non-Black 60+,White 60+,White 45-64,Complete,,1.0,College graduate,College graduate,More than High school graduate,White college degree,Favorable,Unfavorable,3.0,Government should do more to solve problems,Was about right,Less than 100k,"$30,000 or more",50k or more,50 to 100 thousand,"$50,000-$99,999","$50,000-$99,999","Over $50,000 and white",No,Yes,Not worried,Not too worried,Approve,Strongly approve,45+,18-64,Democrat,Non-black Democrat,White Democrat,Democrat,Democratic Women,White Democrat,Liberal,,Liberal Democrats,Liberal Democrats,White,White,State questionnaire,White,White,Midwest,Disapprove,The Democratic Party,Female,White women,Married women,Rural,Small Cities/Rural,South Dakota,Telephone survey,Before that,Before that,Before that,Before that,Generally going in the right direction,Version 1,0.224758878350258,No
3862.0,Susan Wismer,Rick Weiland,65+,60+,65 or over,45+,60+,65+,Non-Black 60+,White 60+,White 65+,Complete,,1.0,Some college/assoc. degree,No college degree,More than High school graduate,White no college degree,Favorable,Unfavorable,1.0,Government should do more to solve problems,Was about right,Less than 100k,"$30,000 or more",50k or more,50 to 100 thousand,"$50,000-$99,999","$50,000-$99,999","Over $50,000 and white",No,Yes,Not worried,Not too worried,Approve,Somewhat approve,45+,65+,Independent/Something else,Non-black non-Democrat,White Independent,Independent,Independent Men,White Independent,Moderate,,Moderate/Liberal Republicans,Moderate Independents,White,White,State questionnaire,White,White,Midwest,Disapprove,The Democratic Party,Male,White men,Married men,"Cities 50,000-500,000","Cities over 50,000",South Dakota,Telephone survey,Before that,In the last month,Before that,In the last month,Seriously off on the wrong track,Version 1,0.207129910588264,No
3867.0,Susan Wismer,Rick Weiland,45-65,60+,60-64,45+,60+,50-64,Non-Black 60+,White 60+,White 45-64,Complete,,1.0,Postgraduate study,College graduate,More than High school graduate,White college degree,Favorable,Unfavorable,2.0,Government should do more to solve problems,Did not go far enough,Less than 100k,"$30,000 or more",Less than 50k,Less than 50 thousand,"Under $50,000","$30,000-$49,999","Under $50,000 and white",No,Yes,Worried,Somewhat worried,Approve,Somewhat approve,45+,18-64,Democrat,Non-black Democrat,White Democrat,Democrat,Democratic Women,White Democrat,Liberal,,Liberal Democrats,Liberal Democrats,White,White,State questionnaire,White,White,Midwest,Disapprove,The Democratic Party,Female,White women,Married women,Rural,Small Cities/Rural,South Dakota,Telephone survey,Before that,Before that,Before that,Before that,Seriously off on the wrong track,Version 1,0.366502404212952,No
3869.0,Susan Wismer,Rick Weiland,65+,60+,65 or over,45+,60+,65+,Non-Black 60+,White 60+,White 65+,Complete,,1.0,High school graduate,No college degree,High school graduate or less,White no college degree,Favorable,Unfavorable,1.0,Government should do more to solve problems,Omit,Less than 100k,"$30,000 or more",50k or more,50 to 100 thousand,"$50,000-$99,999","$50,000-$99,999","Over $50,000 and white",No,Yes,Not worried,Not at all worried,Approve,Strongly approve,45+,65+,Democrat,Non-black Democrat,White Democrat,Democrat,Democratic Women,White Democrat,Moderate,,Moderate/Conservative Democrats,Mod/Conserv. Democrats,White,White,State questionnaire,White,White,Midwest,Disapprove,The Democratic Party,Female,White women,Married women,"Cities 50,000-500,000","Cities over 50,000",South Dakota,Telephone survey,Before that,Before that,Before that,Before that,Generally going in the right direction,Version 1,0.447471559047699,No
3870.0,Susan Wismer,Rick Weiland,65+,60+,65 or over,45+,60+,65+,Non-Black 60+,White 60+,White 65+,Complete,,1.0,High school graduate,No college degree,High school graduate or less,White no college degree,Favorable,Unfavorable,3.0,Government should do more to solve problems,Was about right,,,,,,,,No,Yes,Worried,Very worried,Approve,Somewhat approve,45+,65+,Democrat,Non-black Democrat,White Democrat,Democrat,Democratic Women,White Democrat,Conservative,,Moderate/Conservative Democrats,Mod/Conserv. Democrats,White,White,State questionnaire,White,White,Midwest,Disapprove,The Democratic Party,Female,White women,Married women,Rural,Small Cities/Rural,South Dakota,Telephone survey,Before that,Before that,Before that,Before that,Seriously off on the wrong track,Version 1,0.49830561876297,
3871.0,Susan Wismer,Rick Weiland,65+,60+,65 or over,45+,60+,65+,Non-Black 60+,White 60+,White 65+,Complete,,1.0,High school graduate,No college degree,High school graduate or less,White no college degree,Favorable,Unfavorable,2.0,Government should do more to solve problems,Did not go far enough,Less than 100k,"$30,000 or more",Less than 50k,Less than 50 thousand,"Under $50,000","$30,000-$49,999","Under $50,000 and white",No,Yes,Not worried,Not too worried,Approve,Strongly approve,45+,65+,Democrat,Non-black Democrat,White Democrat,Democrat,Democratic Men,White Democrat,Moderate,,Moderate/Conservative Democrats,Mod/Conserv. Democrats,White,White,State questionnaire,White,White,Midwest,Disapprove,The Democratic Party,Male,White men,Married men,Suburbs,Suburbs,South Dakota,Telephone survey,Before that,Before that,Before that,Before that,Generally going in the right direction,Version 1,0.752251505851746,Yes
3878.0,Susan Wismer,Rick Weiland,45-65,60+,60-64,45+,60+,50-64,Non-Black 60+,White 60+,White 45-64,Complete,,1.0,College graduate,College graduate,More than High school graduate,White college degree,Favorable,Unfavorable,2.0,Government should do more to solve problems,Did not go far enough,Less than 100k,"$30,000 or more",50k or more,50 to 100 thousand,"$50,000-$99,999","$50,000-$99,999","Over $50,000 and white",No,Yes,Not worried,Not too worried,Approve,Strongly approve,45+,18-64,Democrat,Non-black Democrat,White Democrat,Democrat,Democratic Women,White Democrat,Liberal,,Liberal Democrats,Liberal Democrats,White,White,State questionnaire,White,White,Midwest,Disapprove,The Democratic Party,Female,White women,Married women,Rural,Small Cities/Rural,South Dakota,Telephone survey,Before that,Before that,Before that,Before that,Generally going in the right direction,Version 1,0.366502404212952,No
3888.0,Susan Wismer,Rick Weiland,65+,60+,65 or over,45+,60+,65+,Non-Black 60+,White 60+,White 65+,Complete,,1.0,High school graduate,No college degree,High school graduate or less,White no college degree,Favorable,Unfavorable,2.0,Government should do more to solve problems,Was about right,Less than 100k,"Under $30,000",Less than 50k,Less than 50 thousand,"Under $50,000","Under $30,000","Under $50,000 and white",No,No,Worried,Very worried,Approve,Strongly approve,45+,65+,Democrat,Non-black Democrat,White Democrat,Democrat,Democratic Women,White Democrat,Moderate,,Moderate/Conservative Democrats,Mod/Conserv. Democrats,White,White,State questionnaire,White,White,Midwest,Disapprove,The Democratic Party,Female,White women,Non married women,Rural,Small Cities/Rural,South Dakota,Telephone survey,Before that,In the last month,Before that,In the last month,Seriously off on the wrong track,Version 1,0.406280249357224,Yes
3892.0,Susan Wismer,Rick Weiland,65+,60+,65 or over,45+,60+,65+,Non-Black 60+,White 60+,White 65+,Complete,,1.0,College graduate,College graduate,More than High school graduate,White college degree,Favorable,Unfavorable,4.0,Government should do more to solve problems,Did not go far enough,Less than 100k,"$30,000 or more",50k or more,50 to 100 thousand,"$50,000-$99,999","$50,000-$99,999","Over $50,000 and white",No,Yes,Not worried,Not at all worried,Approve,Somewhat approve,45+,65+,Democrat,Non-black Democrat,White Democrat,Democrat,Democratic Men,White Democrat,Moderate,,Moderate/Conservative Democrats,Mod/Conserv. Democrats,White,White,State questionnaire,White,White,Midwest,Disapprove,The Democratic Party,Male,White men,Married men,"Cities 50,000-500,000","Cities over 50,000",South Dakota,Telephone survey,Before that,In the last month,Before that,In the last month,Generally going in the right direction,Version 1,0.429885894060135,No
3895.0,Susan Wismer,Rick Weiland,45-65,60+,60-64,45+,60+,50-64,Non-Black 60+,White 60+,White 45-64,Complete,,1.0,College graduate,College graduate,More than High school graduate,White college degree,Favorable,Unfavorable,1.0,Government should do more to solve problems,Did not go far enough,100k or more,"$30,000 or more",50k or more,100 thousand or more,"$100,000-$199,999","$100,000-$199,999","Over $50,000 and white",No,Yes,Not worried,Not too worried,Approve,Somewhat approve,45+,18-64,Democrat,Non-black Democrat,White Democrat,Democrat,Democratic Men,White Democrat,Moderate,,Moderate/Conservative Democrats,Mod/Conserv. Democrats,White,White,State questionnaire,White,White,Midwest,Disapprove,The Democratic Party,Male,White men,Married men,"Cities 50,000-500,000","Cities over 50,000",South Dakota,Telephone survey,Before that,In the last month,Before that,In the last month,Generally going in the right direction,Version 1,0.186850339174271,No
3896.0,Susan Wismer,Rick Weiland,45-65,60+,60-64,45+,60+,50-64,Non-Black 60+,White 60+,White 45-64,Complete,,1.0,College graduate,College graduate,More than High school graduate,White college degree,Favorable,Unfavorable,2.0,Government should do more to solve problems,Was about right,Less than 100k,"$30,000 or more",Less than 50k,Less than 50 thousand,"Under $50,000","$30,000-$49,999","Under $50,000 and white",No,No,Not worried,Not too worried,Approve,Strongly approve,45+,18-64,Democrat,Non-black Democrat,White Democrat,Democrat,Democratic Women,White Democrat,Liberal,,Liberal Democrats,Liberal Democrats,White,White,State questionnaire,White,White,Midwest,Disapprove,The Democratic Party,Female,White women,Non married women,Suburbs,Suburbs,South Dakota,Telephone survey,Before that,In the last month,Before that,In the last month,Generally going in the right direction,Version 1,0.366502404212952,No
3906.0,Susan Wismer,Rick Weiland,45-65,60+,60-64,45+,60+,50-64,Non-Black 60+,White 60+,White 45-64,Complete,,1.0,Some college/assoc. degree,No college degree,More than High school graduate,White no college degree,Favorable,Unfavorable,1.0,Government should do more to solve problems,Was about right,Less than 100k,"Under $30,000",Less than 50k,Less than 50 thousand,"Under $50,000","Under $30,000","Under $50,000 and white",No,No,Worried,Somewhat worried,Approve,Strongly approve,45+,18-64,Democrat,Non-black Democrat,White Democrat,Democrat,Democratic Women,White Democrat,Conservative,,Moderate/Conservative Democrats,Mod/Conserv. Democrats,White,White,State questionnaire,White,White,Midwest,Omit,The Democratic Party,Female,White women,Non married women,"Cities 50,000-500,000","Cities over 50,000",South Dakota,Telephone survey,Before that,Before that,Before that,Before that,Generally going in the right direction,Version 1,0.144680261611938,Yes
3911.0,Susan Wismer,Rick Weiland,45-65,30-59,50-59,45+,45-59,50-64,Non-Black 45-59,White 45-59,White 45-64,Complete,,1.0,College graduate,College graduate,More than High school graduate,White college degree,Favorable,Unfavorable,2.0,Government should do more to solve problems,Did not go far enough,100k or more,"$30,000 or more",50k or more,100 thousand or more,"$100,000-$199,999","$100,000-$199,999","Over $50,000 and white",No,Yes,Not worried,Not too worried,Approve,Strongly approve,45+,18-64,Democrat,Non-black Democrat,White Democrat,Democrat,Democratic Women,White Democrat,,,,,White,White,State questionnaire,White,White,Midwest,Disapprove,The Democratic Party,Female,White women,Married women,Rural,Small Cities/Rural,South Dakota,Telephone survey,Before that,Before that,Before that,Before that,Generally going in the right direction,Version 1,1.25120437145233,No
3917.0,Susan Wismer,Rick Weiland,45-65,60+,60-64,45+,60+,50-64,Non-Black 60+,White 60+,White 45-64,Complete,,1.0,College graduate,College graduate,More than High school graduate,White college degree,Favorable,Unfavorable,4.0,Government should do more to solve problems,Was about right,Less than 100k,"$30,000 or more",50k or more,50 to 100 thousand,"$50,000-$99,999","$50,000-$99,999","Over $50,000 and white",No,Yes,Not worried,Not too worried,Approve,Strongly approve,45+,18-64,Democrat,Non-black Democrat,White Democrat,Democrat,Democratic Women,White Democrat,Liberal,,Liberal Democrats,Liberal Democrats,White,White,State questionnaire,White,White,Midwest,Disapprove,The Democratic Party,Female,White women,Married women,Suburbs,Suburbs,South Dakota,Telephone survey,Before that,Before that,Before that,Before that,Generally going in the right direction,Version 1,0.314165264368057,No
3921.0,Susan Wismer,Rick Weiland,45-65,30-59,50-59,45+,45-59,50-64,Black 45-59,Black 45-59,Black 45-64,Complete,,1.0,Postgraduate study,College graduate,More than High school graduate,Non white college degree,Favorable,Unfavorable,4.0,Government should do more to solve problems,Was about right,Less than 100k,"$30,000 or more",50k or more,50 to 100 thousand,"$50,000-$99,999","$50,000-$99,999","Over $50,000 and non white",No,Yes,Not worried,Not at all worried,Approve,Strongly approve,45+,18-64,Democrat,Black Democrat,Black Democrat,Democrat,Democratic Men,Non-White Democrats,Liberal,,Liberal Democrats,Liberal Democrats,Black,Black,State questionnaire,Black,Black,Midwest,Disapprove,The Democratic Party,Male,Black men,Married men,"Cities 50,000-500,000","Cities over 50,000",South Dakota,Telephone survey,Before that,In the last month,Before that,In the last month,Generally going in the right direction,Version 1,0.604329586029053,No
59593.0,Susan Wismer,Rick Weiland,65+,60+,65 or over,45+,60+,65+,Non-Black 60+,White 60+,White 65+,Complete,Call 1,1.0,High school graduate,No college degree,High school graduate or less,White no college degree,Favorable,Unfavorable,1.0,Government should do more to solve problems,Was about right,Less than 100k,"Under $30,000",Less than 50k,Less than 50 thousand,"Under $50,000","Under $30,000","Under $50,000 and white",No,Yes,Not worried,Not too worried,Approve,Strongly approve,45+,65+,Democrat,Non-black Democrat,White Democrat,Democrat,Democratic Women,White Democrat,Moderate,56.0,Moderate/Conservative Democrats,Mod/Conserv. Democrats,White,White,State questionnaire,White,White,Midwest,Disapprove,The Democratic Party,Female,White women,Married women,,,South Dakota,Election day exit poll,In the last three days,In the last month,In the last week,In the last three days,Generally going in the right direction,Version 1,1.22768414020538,Yes
60848.0,Susan Wismer,Rick Weiland,30-44,30-59,30-39,18-44,30-44,30-39,Non-Black 30-44,White 30-44,White 30-44,Complete,Call 1,1.0,College graduate,College graduate,More than High school graduate,White college degree,Favorable,Unfavorable,1.0,Government should do more to solve problems,Was about right,100k or more,"$30,000 or more",50k or more,100 thousand or more,"$200,000 or more","$200,000 or more","Over $50,000 and white",No,No,Worried,Somewhat worried,Approve,Somewhat approve,18-44,18-64,Democrat,Non-black Democrat,White Democrat,Democrat,Democratic Women,White Democrat,Liberal,53.0,Liberal Democrats,Liberal Democrats,White,White,State questionnaire,White,White,Midwest,Disapprove,The Democratic Party,Female,White women,Non married women,,,South Dakota,Election day exit poll,Before that,Before that,Before that,Before that,Seriously off on the wrong track,Version 1,1.09174728393555,No
60912.0,Susan Wismer,Rick Weiland,45-65,30-59,50-59,45+,45-59,50-64,Non-Black 45-59,White 45-59,White 45-64,Complete,Call 1,1.0,Postgraduate study,College graduate,More than High school graduate,White college degree,Favorable,Unfavorable,1.0,Government should do more to solve problems,Did not go far enough,Less than 100k,"$30,000 or more",Less than 50k,Less than 50 thousand,"Under $50,000","$30,000-$49,999","Under $50,000 and white",No,No,Not worried,Not too worried,Approve,Strongly approve,45+,18-64,Democrat,Non-black Democrat,White Democrat,Democrat,Democratic Women,White Democrat,Moderate,53.0,Moderate/Conservative Democrats,Mod/Conserv. Democrats,White,White,State questionnaire,White,White,Midwest,Disapprove,The Democratic Party,Female,White women,Non married women,,,South Dakota,Election day exit poll,Before that,Before that,Before that,Before that,Generally going in the right direction,Version 1,1.09174728393555,No
60970.0,Susan Wismer,Rick Weiland,30-44,30-59,40-44,18-44,30-44,40-49,Non-Black 30-44,White 30-44,White 30-44,Complete,Call 1,1.0,Some college/assoc. degree,No college degree,More than High school graduate,White no college degree,Favorable,Unfavorable,1.0,Government should do more to solve problems,Did not go far enough,Less than 100k,"$30,000 or more",50k or more,50 to 100 thousand,"$50,000-$99,999","$50,000-$99,999","Over $50,000 and white",No,Yes,Not worried,Not too worried,Approve,Strongly approve,18-44,18-64,Democrat,Non-black Democrat,White Democrat,Democrat,Democratic Men,White Democrat,Liberal,53.0,Liberal Democrats,Liberal Democrats,White,White,State questionnaire,White,White,Midwest,Approve,The Democratic Party,Male,White men,Married men,,,South Dakota,Election day exit poll,In the last three days,In the last month,In the last week,In the last three days,Generally going in the right direction,Version 1,1.14506685733795,No
61397.0,Susan Wismer,Rick Weiland,45-65,30-59,50-59,45+,45-59,50-64,Black 45-59,Black 45-59,Black 45-64,Complete,Call 1,1.0,Postgraduate study,College graduate,More than High school graduate,Non white college degree,Favorable,Unfavorable,1.0,Government should do more to solve problems,Did not go far enough,100k or more,"$30,000 or more",50k or more,100 thousand or more,"$100,000-$199,999","$100,000-$199,999","Over $50,000 and non white",No,Yes,Worried,Somewhat worried,Approve,Strongly approve,45+,18-64,Democrat,Black Democrat,Black Democrat,Democrat,Democratic Women,Non-White Democrats,Liberal,53.0,Liberal Democrats,Liberal Democrats,Black,Black,State questionnaire,Black,Black,Midwest,Disapprove,The Democratic Party,Female,Black women,Married women,,,South Dakota,Election day exit poll,Before that,Before that,Before that,Before that,Generally going in the right direction,Version 1,0.81061577796936,No
61637.0,Susan Wismer,Rick Weiland,30-44,30-59,30-39,18-44,30-44,30-39,Non-Black 30-44,White 30-44,White 30-44,Complete,Call 1,1.0,Some college/assoc. degree,No college degree,More than High school graduate,White no college degree,Favorable,Unfavorable,1.0,Government should do more to solve problems,Did not go far enough,Less than 100k,"$30,000 or more",50k or more,50 to 100 thousand,"$50,000-$99,999","$50,000-$99,999","Over $50,000 and white",No,Yes,Worried,Somewhat worried,Approve,Strongly approve,18-44,18-64,Democrat,Non-black Democrat,White Democrat,Democrat,Democratic Women,White Democrat,Liberal,53.0,Liberal Democrats,Liberal Democrats,White,White,State questionnaire,White,White,Midwest,Disapprove,The Democratic Party,Female,White women,Married women,,,South Dakota,Election day exit poll,In the last three days,In the last month,In the last week,In the last three days,Seriously off on the wrong track,Version 1,1.09174728393555,No
61697.0,Susan Wismer,Rick Weiland,45-65,30-59,50-59,45+,45-59,50-64,Non-Black 45-59,White 45-59,White 45-64,Complete,Call 1,1.0,High school graduate,No college degree,High school graduate or less,White no college degree,Favorable,Unfavorable,1.0,Government should do more to solve problems,Did not go far enough,Less than 100k,"$30,000 or more",Less than 50k,Less than 50 thousand,"Under $50,000","$30,000-$49,999","Under $50,000 and white",No,No,Worried,Somewhat worried,Approve,Somewhat approve,45+,18-64,Democrat,Non-black Democrat,White Democrat,Democrat,Democratic Women,White Democrat,Moderate,53.0,Moderate/Conservative Democrats,Mod/Conserv. Democrats,White,White,State questionnaire,White,White,Midwest,Disapprove,The Democratic Party,Female,White women,Non married women,,,South Dakota,Election day exit poll,Before that,Before that,Before that,Before that,Generally going in the right direction,Version 1,1.09174728393555,Yes
61896.0,Susan Wismer,Rick Weiland,45-65,30-59,50-59,45+,45-59,50-64,Non-Black 45-59,White 45-59,White 45-64,Complete,Call 1,1.0,Postgraduate study,College graduate,More than High school graduate,White college degree,Favorable,Unfavorable,1.0,Government should do more to solve problems,Was about right,Less than 100k,"$30,000 or more",50k or more,50 to 100 thousand,"$50,000-$99,999","$50,000-$99,999","Over $50,000 and white",No,Yes,Not worried,Not too worried,Approve,Somewhat approve,45+,18-64,Democrat,Non-black Democrat,White Democrat,Democrat,Democratic Men,White Democrat,Moderate,53.0,Moderate/Conservative Democrats,Mod/Conserv. Democrats,White,White,State questionnaire,White,White,Midwest,Disapprove,The Democratic Party,Male,White men,Married men,,,South Dakota,Election day exit poll,Before that,Before that,Before that,Before that,Omit,Version 1,1.14506685733795,No
62015.0,Susan Wismer,Rick Weiland,30-44,30-59,30-39,18-44,30-44,30-39,Non-Black 30-44,White 30-44,White 30-44,Complete,Call 1,1.0,College graduate,College graduate,More than High school graduate,White college degree,Favorable,Unfavorable,2.0,Government should do more to solve problems,Was about right,100k or more,"$30,000 or more",50k or more,100 thousand or more,"$200,000 or more","$200,000 or more","Over $50,000 and white",No,Yes,Worried,Very worried,Approve,Strongly approve,18-44,18-64,Democrat,Non-black Democrat,White Democrat,Democrat,Democratic Women,White Democrat,Moderate,82.0,Moderate/Conservative Democrats,Mod/Conserv. Democrats,White,White,State questionnaire,White,White,Midwest,Disapprove,The Democratic Party,Female,White women,Married women,,,South Dakota,Election day exit poll,Before that,Before that,Before that,Before that,Generally going in the right direction,Version 1,0.917970299720764,No
62160.0,Susan Wismer,Rick Weiland,45-65,30-59,50-59,45+,45-59,50-64,Non-Black 45-59,White 45-59,White 45-64,Complete,Call 1,1.0,Postgraduate study,College graduate,More than High school graduate,White college degree,Favorable,Unfavorable,1.0,Government should do more to solve problems,Was about right,100k or more,"$30,000 or more",50k or more,100 thousand or more,"$200,000 or more","$200,000 or more","Over $50,000 and white",No,Yes,Worried,Somewhat worried,Approve,Strongly approve,45+,18-64,Democrat,Non-black Democrat,White Democrat,Democrat,Democratic Men,White Democrat,Liberal,53.0,Liberal Democrats,Liberal Democrats,White,White,State questionnaire,White,White,Midwest,Disapprove,The Democratic Party,Male,White men,Married men,,,South Dakota,Election day exit poll,Before that,Before that,Before that,Before that,Generally going in the right direction,Version 1,1.14506685733795,No
62302.0,Susan Wismer,Rick Weiland,45-65,60+,60-64,45+,60+,50-64,Non-Black 60+,White 60+,White 45-64,Complete,Call 1,1.0,College graduate,College graduate,More than High school graduate,White college degree,Favorable,Unfavorable,1.0,Government should do more to solve problems,Did not go far enough,Less than 100k,"$30,000 or more",50k or more,50 to 100 thousand,"$50,000-$99,999","$50,000-$99,999","Over $50,000 and white",No,Yes,Worried,Somewhat worried,Approve,Somewhat approve,45+,18-64,Democrat,Non-black Democrat,White Democrat,Democrat,Democratic Women,White Democrat,Liberal,53.0,Liberal Democrats,Liberal Democrats,White,White,State questionnaire,White,White,Midwest,Disapprove,The Democratic Party,Female,White women,Married women,,,South Dakota,Election day exit poll,Before that,Before that,Before that,Before that,Generally going in the right direction,Version 1,1.09751045703888,No
62625.0,Susan Wismer,Rick Weiland,30-44,30-59,30-39,18-44,30-44,30-39,Non-Black 30-44,White 30-44,White 30-44,Complete,Call 1,1.0,College graduate,College graduate,More than High school graduate,White college degree,Favorable,Unfavorable,1.0,Government should do more to solve problems,Was about right,100k or more,"$30,000 or more",50k or more,100 thousand or more,"$100,000-$199,999","$100,000-$199,999","Over $50,000 and white",No,Yes,Not worried,Not too worried,Approve,Strongly approve,18-44,18-64,Democrat,Non-black Democrat,White Democrat,Democrat,Democratic Women,White Democrat,Liberal,53.0,Liberal Democrats,Liberal Democrats,White,White,State questionnaire,White,White,Midwest,Disapprove,The Democratic Party,Female,White women,Married women,,,South Dakota,Election day exit poll,Before that,Before that,Before that,Before that,Generally going in the right direction,Version 1,1.09174728393555,No
62825.0,Susan Wismer,Rick Weiland,30-44,30-59,40-44,18-44,30-44,40-49,Non-Black 30-44,White 30-44,White 30-44,Complete,Call 1,1.0,Some college/assoc. degree,No college degree,More than High school graduate,White no college degree,Favorable,Unfavorable,3.0,Government should do more to solve problems,Was about right,100k or more,"$30,000 or more",50k or more,100 thousand or more,"$100,000-$199,999","$100,000-$199,999","Over $50,000 and white",No,Yes,Worried,Somewhat worried,Approve,Somewhat approve,18-44,18-64,Democrat,Non-black Democrat,White Democrat,Democrat,Democratic Women,White Democrat,Moderate,26.0,Moderate/Conservative Democrats,Mod/Conserv. Democrats,White,White,State questionnaire,White,White,Midwest,Disapprove,The Democratic Party,Female,White women,Married women,,,South Dakota,Election day exit poll,Before that,Before that,Before that,Before that,Generally going in the right direction,Version 1,1.07592487335205,No
62908.0,Susan Wismer,Rick Weiland,30-44,30-59,30-39,18-44,30-44,30-39,Non-Black 30-44,White 30-44,White 30-44,Complete,Call 1,1.0,College graduate,College graduate,More than High school graduate,White college degree,Favorable,Unfavorable,3.0,Government should do more to solve problems,Did not go far enough,100k or more,"$30,000 or more",50k or more,100 thousand or more,"$200,000 or more","$200,000 or more","Over $50,000 and white",No,Yes,Not worried,Not too worried,Approve,Strongly approve,18-44,18-64,Democrat,Non-black Democrat,White Democrat,Democrat,Democratic Women,White Democrat,Liberal,26.0,Liberal Democrats,Liberal Democrats,White,White,State questionnaire,White,White,Midwest,Disapprove,The Democratic Party,Female,White women,Married women,,,South Dakota,Election day exit poll,Before that,Before that,Before that,Before that,Generally going in the right direction,Version 1,1.07592487335205,No
63583.0,Susan Wismer,Rick Weiland,30-44,30-59,30-39,18-44,30-44,30-39,Non-Black 30-44,White 30-44,White 30-44,Complete,Call 1,1.0,Postgraduate study,College graduate,More than High school graduate,White college degree,Favorable,Unfavorable,3.0,Government should do more to solve problems,Did not go far enough,Less than 100k,"$30,000 or more",50k or more,50 to 100 thousand,"$50,000-$99,999","$50,000-$99,999","Over $50,000 and white",No,Yes,Not worried,Not at all worried,Approve,Somewhat approve,18-44,18-64,Democrat,Non-black Democrat,White Democrat,Democrat,Democratic Women,White Democrat,Liberal,26.0,Liberal Democrats,Liberal Democrats,White,White,State questionnaire,White,White,Midwest,Disapprove,The Democratic Party,Female,White women,Married women,,,South Dakota,Election day exit poll,Before that,Before that,Before that,Before that,Generally going in the right direction,Version 1,1.07592487335205,No
63989.0,Susan Wismer,Rick Weiland,45-65,30-59,50-59,45+,45-59,50-64,Non-Black 45-59,White 45-59,White 45-64,Complete,Call 1,1.0,Some college/assoc. degree,No college degree,More than High school graduate,White no college degree,Favorable,Unfavorable,2.0,Government should do more to solve problems,Did not go far enough,Less than 100k,"$30,000 or more",Less than 50k,Less than 50 thousand,"Under $50,000","$30,000-$49,999","Under $50,000 and white",No,Yes,Worried,Very worried,Approve,Strongly approve,45+,18-64,Independent/Something else,Non-black non-Democrat,White Independent,Independent,Independent Men,White Independent,Moderate,36.0,Moderate/Liberal Republicans,Moderate Independents,White,White,State questionnaire,White,White,Midwest,Disapprove,The Democratic Party,Male,White men,Married men,,,South Dakota,Election day exit poll,In the last three days,In the last month,In the last week,In the last three days,Generally going in the right direction,Version 1,1.21663355827332,Yes
64477.0,Susan Wismer,Rick Weiland,45-65,30-59,50-59,45+,45-59,50-64,Non-Black 45-59,White 45-59,White 45-64,Complete,Call 1,1.0,High school graduate,No college degree,High school graduate or less,White no college degree,Favorable,Unfavorable,3.0,Government should do more to solve problems,Was about right,Less than 100k,"Under $30,000",Less than 50k,Less than 50 thousand,"Under $50,000","Under $30,000","Under $50,000 and white",No,No,Worried,Somewhat worried,Disapprove,Somewhat disapprove,45+,18-64,Independent/Something else,Non-black non-Democrat,White Independent,Independent,Independent Men,White Independent,Moderate,7.0,Moderate/Liberal Republicans,Moderate Independents,White,White,State questionnaire,White,White,Midwest,Disapprove,The Democratic Party,Male,White men,Non married men,,,South Dakota,Election day exit poll,Before that,In the last month,Before that,In the last month,Seriously off on the wrong track,Version 1,1.05222368240356,Yes
64983.0,Susan Wismer,Rick Weiland,65+,60+,65 or over,45+,60+,65+,Non-Black 60+,White 60+,White 65+,Complete,Call 1,1.0,High school graduate,No college degree,High school graduate or less,White no college degree,Favorable,Unfavorable,3.0,Government should do more to solve problems,Was about right,Less than 100k,"$30,000 or more",Less than 50k,Less than 50 thousand,"Under $50,000","$30,000-$49,999","Under $50,000 and white",No,Yes,Not worried,Not too worried,Approve,Strongly approve,45+,65+,Democrat,Non-black Democrat,White Democrat,Democrat,Democratic Men,White Democrat,Moderate,7.0,Moderate/Conservative Democrats,Mod/Conserv. Democrats,White,White,State questionnaire,White,White,Midwest,Disapprove,The Democratic Party,Male,White men,Married men,,,South Dakota,Election day exit poll,Before that,In the last month,Before that,In the last month,Generally going in the right direction,Version 1,1.05777812004089,Yes
64984.0,Susan Wismer,Rick Weiland,65+,60+,65 or over,45+,60+,65+,Non-Black 60+,White 60+,White 65+,Complete,Call 1,1.0,High school graduate,No college degree,High school graduate or less,White no college degree,Favorable,Unfavorable,3.0,Government should do more to solve problems,Was about right,Less than 100k,"$30,000 or more",Less than 50k,Less than 50 thousand,"Under $50,000","$30,000-$49,999","Under $50,000 and white",No,Yes,Not worried,Not too worried,Approve,Strongly approve,45+,65+,Democrat,Non-black Democrat,White Democrat,Democrat,Democratic Men,White Democrat,Moderate,7.0,Moderate/Conservative Democrats,Mod/Conserv. Democrats,White,White,State questionnaire,White,White,Midwest,Disapprove,The Democratic Party,Male,White men,Married men,,,South Dakota,Election day exit poll,Before that,In the last month,Before that,In the last month,Generally going in the right direction,Version 1,1.05777812004089,Yes
65488.0,Susan Wismer,Rick Weiland,65+,60+,65 or over,45+,60+,65+,Non-Black 60+,White 60+,White 65+,Complete,Call 1,1.0,Some college/assoc. degree,No college degree,More than High school graduate,White no college degree,Favorable,Unfavorable,2.0,Government should do more to solve problems,Was about right,Less than 100k,"$30,000 or more",50k or more,50 to 100 thousand,"$50,000-$99,999","$50,000-$99,999","Over $50,000 and white",No,Yes,Not worried,Not too worried,Approve,Strongly approve,45+,65+,Democrat,Non-black Democrat,White Democrat,Democrat,Democratic Men,White Democrat,Moderate,5.0,Moderate/Conservative Democrats,Mod/Conserv. Democrats,White,White,State questionnaire,White,White,Midwest,Disapprove,The Democratic Party,Male,White men,Married men,,,South Dakota,Election day exit poll,Before that,Before that,Before that,Before that,Generally going in the right direction,Version 1,1.44954776763916,No
65515.0,Susan Wismer,Rick Weiland,30-44,30-59,30-39,18-44,30-44,30-39,Non-Black 30-44,White 30-44,White 30-44,Complete,Call 1,1.0,College graduate,College graduate,More than High school graduate,White college degree,Favorable,Unfavorable,2.0,Government should do more to solve problems,Did not go far enough,Less than 100k,"$30,000 or more",50k or more,50 to 100 thousand,"$50,000-$99,999","$50,000-$99,999","Over $50,000 and white",No,Yes,Not worried,Not too worried,Approve,Somewhat approve,18-44,18-64,Independent/Something else,Non-black non-Democrat,White Independent,Independent,Independent Men,White Independent,Liberal,5.0,Moderate/Liberal Republicans,Liberal Independents,White,White,State questionnaire,White,White,Midwest,Disapprove,The Democratic Party,Male,White men,Married men,,,South Dakota,Election day exit poll,Before that,Before that,Before that,Before that,Generally going in the right direction,Version 1,1.44193613529205,No
65569.0,Susan Wismer,Rick Weiland,65+,60+,65 or over,45+,60+,65+,Non-Black 60+,White 60+,White 65+,Complete,Call 1,1.0,Postgraduate study,College graduate,More than High school graduate,White college degree,Favorable,Unfavorable,2.0,Government should do more to solve problems,Was about right,100k or more,"$30,000 or more",50k or more,100 thousand or more,"$100,000-$199,999","$100,000-$199,999","Over $50,000 and white",No,Yes,Not worried,Not too worried,Approve,Somewhat approve,45+,65+,Democrat,Non-black Democrat,White Democrat,Democrat,Democratic Women,White Democrat,Liberal,5.0,Liberal Democrats,Liberal Democrats,White,White,State questionnaire,White,White,Midwest,Disapprove,The Democratic Party,Female,White women,Married women,,,South Dakota,Election day exit poll,Before that,In the last month,Before that,In the last month,Generally going in the right direction,Version 1,1.38205015659332,No
65716.0,Susan Wismer,Rick Weiland,65+,60+,65 or over,45+,60+,65+,Non-Black 60+,Latino 60+,Latino 65+,Complete,Call 1,1.0,High school graduate,No college degree,High school graduate or less,Non white no college degree,Favorable,Unfavorable,4.0,Government should do more to solve problems,Did not go far enough,Less than 100k,"$30,000 or more",Less than 50k,Less than 50 thousand,"Under $50,000","$30,000-$49,999","Under $50,000 and non white",Yes,Yes,Not worried,Not too worried,Disapprove,Strongly disapprove,45+,65+,Democrat,Non-black Democrat,Latino Democrat,Democrat,Democratic Men,Non-White Democrats,Conservative,65.0,Moderate/Conservative Democrats,Mod/Conserv. Democrats,Other,Hispanic/Latino,State questionnaire,Hispanic/Latino,Hispanic/Latino,Midwest,Disapprove,The Democratic Party,Male,Latino men,Married men,,,South Dakota,Election day exit poll,Before that,In the last month,Before that,In the last month,Seriously off on the wrong track,Version 1,1.01656603813171,No
65750.0,Susan Wismer,Rick Weiland,65+,60+,65 or over,45+,60+,65+,Non-Black 60+,White 60+,White 65+,Complete,Call 1,1.0,High school graduate,No college degree,High school graduate or less,White no college degree,Favorable,Unfavorable,4.0,Government should do more to solve problems,Did not go far enough,Less than 100k,"Under $30,000",Less than 50k,Less than 50 thousand,"Under $50,000","Under $30,000","Under $50,000 and white",No,Yes,Not worried,Not at all worried,Approve,Strongly approve,45+,65+,Democrat,Non-black Democrat,White Democrat,Democrat,Democratic Men,White Democrat,Liberal,65.0,Liberal Democrats,Liberal Democrats,White,White,State questionnaire,White,White,Midwest,Disapprove,The Democratic Party,Male,White men,Married men,,,South Dakota,Election day exit poll,Before that,Before that,Before that,Before that,Generally going in the right direction,Version 1,1.01656603813171,Yes
65851.0,Susan Wismer,Rick Weiland,45-65,60+,60-64,45+,60+,50-64,Non-Black 60+,White 60+,White 45-64,Complete,Call 1,1.0,College graduate,College graduate,More than High school graduate,White college degree,Favorable,Unfavorable,2.0,Government should do more to solve problems,Did not go far enough,Less than 100k,"$30,000 or more",50k or more,50 to 100 thousand,"$50,000-$99,999","$50,000-$99,999","Over $50,000 and white",No,Yes,Worried,Somewhat worried,Approve,Somewhat approve,45+,18-64,Democrat,Non-black Democrat,White Democrat,Democrat,Democratic Women,White Democrat,Liberal,5.0,Liberal Democrats,Liberal Democrats,White,White,State questionnaire,White,White,Midwest,Disapprove,The Democratic Party,Female,White women,Married women,,,South Dakota,Election day exit poll,Before that,Before that,Before that,Before that,Seriously off on the wrong track,Version 1,1.38205015659332,No
78916.0,Susan Wismer,Rick Weiland,65+,60+,65 or over,45+,60+,65+,Non-Black 60+,White 60+,White 65+,Complete,Call 2,1.0,Postgraduate study,College graduate,More than High school graduate,White college degree,Favorable,Unfavorable,2.0,Government should do more to solve problems,Was about right,100k or more,"$30,000 or more",50k or more,100 thousand or more,"$100,000-$199,999","$100,000-$199,999","Over $50,000 and white",No,,Worried,Somewhat worried,Approve,Strongly approve,45+,65+,Democrat,Non-black Democrat,White Democrat,Democrat,Democratic Women,White Democrat,Liberal,82.0,Liberal Democrats,Liberal Democrats,White,White,State questionnaire,White,White,Midwest,Disapprove,The Democratic Party,Female,White women,,,,South Dakota,Election day exit poll,Before that,Before that,Before that,Before that,Generally going in the right direction,Version 1,0.922816097736359,No
79644.0,Susan Wismer,Rick Weiland,30-44,30-59,30-39,18-44,30-44,30-39,Black 30-44,Black 30-44,Black 30-44,Complete,Call 2,1.0,High school graduate,No college degree,High school graduate or less,Non white no college degree,Favorable,Unfavorable,1.0,Government should do more to solve problems,Went too far,Less than 100k,"$30,000 or more",Less than 50k,Less than 50 thousand,"Under $50,000","$30,000-$49,999","Under $50,000 and non white",No,No,Worried,Somewhat worried,Disapprove,Somewhat disapprove,18-44,18-64,Democrat,Black Democrat,Black Democrat,Democrat,Democratic Men,Non-White Democrats,Moderate,53.0,Moderate/Conservative Democrats,Mod/Conserv. Democrats,Black,Black,State questionnaire,Black,Black,Midwest,Disapprove,The Democratic Party,Male,Black men,Non married men,,,South Dakota,Election day exit poll,Before that,Before that,Before that,Before that,Seriously off on the wrong track,Version 1,0.85020524263382,No
80383.0,Susan Wismer,Rick Weiland,18-29,18-29,25-29,18-44,18-29,25-29,Non-Black 18-29,White 18-29,White 18-29,Complete,Call 2,1.0,Some college/assoc. degree,No college degree,More than High school graduate,White no college degree,Favorable,Unfavorable,3.0,Government should do more to solve problems,Did not go far enough,Less than 100k,"$30,000 or more",Less than 50k,Less than 50 thousand,"Under $50,000","$30,000-$49,999","Under $50,000 and white",No,Yes,Worried,Somewhat worried,Approve,Somewhat approve,18-44,18-64,Democrat,Non-black Democrat,White Democrat,Democrat,Democratic Men,White Democrat,Liberal,7.0,Liberal Democrats,Liberal Democrats,White,White,State questionnaire,White,White,Midwest,Disapprove,The Democratic Party,Male,White men,Married men,,,South Dakota,Election day exit poll,Before that,In the last month,Before that,In the last month,Seriously off on the wrong track,Version 1,1.48687422275543,Yes
82437.0,Susan Wismer,Rick Weiland,65+,60+,65 or over,45+,60+,65+,Non-Black 60+,White 60+,White 65+,Complete,Call 2,1.0,Postgraduate study,College graduate,More than High school graduate,White college degree,Favorable,Unfavorable,2.0,Government should do more to solve problems,Did not go far enough,Less than 100k,"$30,000 or more",50k or more,50 to 100 thousand,"$50,000-$99,999","$50,000-$99,999","Over $50,000 and white",No,No,Worried,Very worried,Approve,Somewhat approve,45+,65+,Independent/Something else,Non-black non-Democrat,White Independent,Independent,Independent Men,White Independent,Liberal,5.0,Moderate/Liberal Republicans,Liberal Independents,White,White,State questionnaire,White,White,Midwest,Disapprove,The Democratic Party,Male,White men,Non married men,,,South Dakota,Election day exit poll,Before that,In the last month,Before that,In the last month,Seriously off on the wrong track,Version 1,1.44954776763916,No
82474.0,Susan Wismer,Rick Weiland,65+,60+,65 or over,45+,60+,65+,Non-Black 60+,White 60+,White 65+,Complete,Call 2,1.0,College graduate,College graduate,More than High school graduate,White college degree,Favorable,Unfavorable,2.0,Government should do more to solve problems,Did not go far enough,Less than 100k,"$30,000 or more",Less than 50k,Less than 50 thousand,"Under $50,000","$30,000-$49,999","Under $50,000 and white",No,Yes,Not worried,Not too worried,Approve,Somewhat approve,45+,65+,Democrat,Non-black Democrat,White Democrat,Democrat,Democratic Women,White Democrat,Moderate,5.0,Moderate/Conservative Democrats,Mod/Conserv. Democrats,White,White,State questionnaire,White,White,Midwest,Disapprove,The Democratic Party,Female,White women,Married women,,,South Dakota,Election day exit poll,Before that,Before that,Before that,Before that,Generally going in the right direction,Version 1,1.38205015659332,No
82475.0,Susan Wismer,Rick Weiland,65+,60+,65 or over,45+,60+,65+,Non-Black 60+,White 60+,White 65+,Complete,Call 2,1.0,College graduate,College graduate,More than High school graduate,White college degree,Favorable,Unfavorable,2.0,Government should do more to solve problems,Did not go far enough,Less than 100k,"$30,000 or more",Less than 50k,Less than 50 thousand,"Under $50,000","$30,000-$49,999","Under $50,000 and white",No,Yes,Not worried,Not too worried,Approve,Somewhat approve,45+,65+,Democrat,Non-black Democrat,White Democrat,Democrat,Democratic Women,White Democrat,Moderate,5.0,Moderate/Conservative Democrats,Mod/Conserv. Democrats,White,White,State questionnaire,White,White,Midwest,Disapprove,The Democratic Party,Female,White women,Married women,,,South Dakota,Election day exit poll,Before that,Before that,Before that,Before that,Generally going in the right direction,Version 1,1.38205015659332,No
83376.0,Susan Wismer,Rick Weiland,45-65,30-59,50-59,45+,45-59,50-64,Black 45-59,Black 45-59,Black 45-64,Complete,Call 2,1.0,Some college/assoc. degree,No college degree,More than High school graduate,Non white no college degree,Favorable,Unfavorable,4.0,Government should do more to solve problems,Was about right,Less than 100k,"$30,000 or more",Less than 50k,Less than 50 thousand,"Under $50,000","$30,000-$49,999","Under $50,000 and non white",No,No,Not worried,Not at all worried,Approve,Strongly approve,45+,18-64,Democrat,Black Democrat,Black Democrat,Democrat,Democratic Men,Non-White Democrats,Liberal,40.0,Liberal Democrats,Liberal Democrats,Black,Black,State questionnaire,Black,Black,Midwest,Omit,The Democratic Party,Male,Black men,Non married men,,,South Dakota,Election day exit poll,Before that,Before that,Before that,Before that,Generally going in the right direction,Version 1,1.2847546339035,No
83758.0,Susan Wismer,Rick Weiland,65+,60+,65 or over,45+,60+,65+,Non-Black 60+,White 60+,White 65+,Complete,Call 2,1.0,No high school diploma,No college degree,High school graduate or less,White no college degree,Favorable,Unfavorable,4.0,Government should do more to solve problems,Did not go far enough,Less than 100k,"$30,000 or more",Less than 50k,Less than 50 thousand,"Under $50,000","$30,000-$49,999","Under $50,000 and white",No,,Worried,Very worried,Disapprove,Somewhat disapprove,45+,65+,Democrat,Non-black Democrat,White Democrat,Democrat,Democratic Men,White Democrat,Moderate,40.0,Moderate/Conservative Democrats,Mod/Conserv. Democrats,White,White,State questionnaire,White,White,Midwest,Disapprove,The Democratic Party,Male,White men,,,,South Dakota,Election day exit poll,Before that,In the last month,Before that,In the last month,Seriously off on the wrong track,Version 1,1.73945736885071,Yes
84389.0,Susan Wismer,Rick Weiland,65+,60+,65 or over,45+,60+,65+,Non-Black 60+,White 60+,White 65+,Complete,Call 2,1.0,College graduate,College graduate,More than High school graduate,White college degree,Favorable,Unfavorable,4.0,Government should do more to solve problems,Did not go far enough,Less than 100k,"Under $30,000",Less than 50k,Less than 50 thousand,"Under $50,000","Under $30,000","Under $50,000 and white",No,No,Not worried,Not at all worried,Approve,Strongly approve,45+,65+,Democrat,Non-black Democrat,White Democrat,Democrat,Democratic Men,White Democrat,Liberal,65.0,Liberal Democrats,Liberal Democrats,White,White,State questionnaire,White,White,Midwest,Disapprove,The Democratic Party,Male,White men,Non married men,,,South Dakota,Election day exit poll,Before that,Before that,Before that,Before that,Seriously off on the wrong track,Version 1,1.01656603813171,No
84690.0,Susan Wismer,Rick Weiland,45-65,60+,60-64,45+,60+,50-64,Non-Black 60+,White 60+,White 45-64,Complete,Call 2,1.0,Postgraduate study,College graduate,More than High school graduate,White college degree,Favorable,Unfavorable,4.0,Government should do more to solve problems,Was about right,Less than 100k,"$30,000 or more",50k or more,50 to 100 thousand,"$50,000-$99,999","$50,000-$99,999","Over $50,000 and white",No,No,Not worried,Not too worried,Approve,Somewhat approve,45+,18-64,Democrat,Non-black Democrat,White Democrat,Democrat,Democratic Women,White Democrat,Moderate,65.0,Moderate/Conservative Democrats,Mod/Conserv. Democrats,White,White,State questionnaire,White,White,Midwest,Disapprove,The Democratic Party,Female,White women,Non married women,,,South Dakota,Election day exit poll,Before that,Before that,Before that,Before that,Generally going in the right direction,Version 1,0.969229996204376,No
95595.0,Susan Wismer,Rick Weiland,45-65,30-59,45-49,45+,45-59,40-49,Non-Black 45-59,White 45-59,White 45-64,Complete,Call 3,1.0,College graduate,College graduate,More than High school graduate,White college degree,Favorable,Unfavorable,1.0,Government should do more to solve problems,Did not go far enough,100k or more,"$30,000 or more",50k or more,100 thousand or more,"$100,000-$199,999","$100,000-$199,999","Over $50,000 and white",No,Yes,Worried,Somewhat worried,Approve,Somewhat approve,45+,18-64,Democrat,Non-black Democrat,White Democrat,Democrat,Democratic Men,White Democrat,Moderate,53.0,Moderate/Conservative Democrats,Mod/Conserv. Democrats,White,White,State questionnaire,White,White,Midwest,Disapprove,The Democratic Party,Male,White men,Married men,,,South Dakota,Election day exit poll,Before that,Before that,Before that,Before that,Generally going in the right direction,Version 1,1.14506685733795,No
95781.0,Susan Wismer,Rick Weiland,18-29,18-29,18-24,18-44,18-29,18-24,Non-Black 18-29,White 18-29,White 18-29,Complete,Call 3,1.0,High school graduate,No college degree,High school graduate or less,White no college degree,Favorable,Unfavorable,1.0,Government should do more to solve problems,Was about right,Less than 100k,"Under $30,000",Less than 50k,Less than 50 thousand,"Under $50,000","Under $30,000","Under $50,000 and white",No,No,Worried,Somewhat worried,Approve,Strongly approve,18-44,18-64,Democrat,Non-black Democrat,White Democrat,Democrat,Democratic Women,White Democrat,Liberal,53.0,Liberal Democrats,Liberal Democrats,White,White,State questionnaire,White,White,Midwest,Disapprove,The Democratic Party,Female,White women,Non married women,,,South Dakota,Election day exit poll,Before that,Before that,Before that,Before that,Seriously off on the wrong track,Version 1,1.54272425174713,Yes
95841.0,Susan Wismer,Rick Weiland,30-44,30-59,30-39,18-44,30-44,30-39,Non-Black 30-44,White 30-44,White 30-44,Complete,Call 3,1.0,Postgraduate study,College graduate,More than High school graduate,White college degree,Favorable,Unfavorable,1.0,Government should do more to solve problems,Was about right,100k or more,"$30,000 or more",50k or more,100 thousand or more,"$100,000-$199,999","$100,000-$199,999","Over $50,000 and white",No,Yes,Worried,Somewhat worried,Approve,Strongly approve,18-44,18-64,Democrat,Non-black Democrat,White Democrat,Democrat,Democratic Women,White Democrat,Moderate,53.0,Moderate/Conservative Democrats,Mod/Conserv. Democrats,White,White,State questionnaire,White,White,Midwest,Disapprove,The Democratic Party,Female,White women,Married women,,,South Dakota,Election day exit poll,Before that,Before that,Before that,Before that,Omit,Version 1,1.09174728393555,No
95884.0,Susan Wismer,Rick Weiland,18-29,18-29,18-24,18-44,18-29,18-24,Non-Black 18-29,White 18-29,White 18-29,Complete,Call 3,1.0,High school graduate,No college degree,High school graduate or less,White no college degree,Favorable,Unfavorable,1.0,Government should do more to solve problems,Was about right,Less than 100k,"$30,000 or more",Less than 50k,Less than 50 thousand,"Under $50,000","$30,000-$49,999","Under $50,000 and white",No,No,Worried,Somewhat worried,Approve,Somewhat approve,18-44,18-64,Democrat,Non-black Democrat,White Democrat,Democrat,Democratic Women,White Democrat,Liberal,53.0,Liberal Democrats,Liberal Democrats,White,White,State questionnaire,White,White,Midwest,Disapprove,The Democratic Party,Female,White women,Non married women,,,South Dakota,Election day exit poll,Before that,In the last month,Before that,In the last month,Seriously off on the wrong track,Version 1,1.54272425174713,Yes
96182.0,Susan Wismer,Rick Weiland,45-65,30-59,50-59,45+,45-59,50-64,Non-Black 45-59,White 45-59,White 45-64,Complete,Call 3,1.0,,,,,Favorable,Unfavorable,1.0,Government should do more to solve problems,Did not go far enough,Less than 100k,"$30,000 or more",Less than 50k,Less than 50 thousand,"Under $50,000","$30,000-$49,999","Under $50,000 and white",No,No,Not worried,Not too worried,Approve,Somewhat approve,45+,18-64,Democrat,Non-black Democrat,White Democrat,Democrat,Democratic Women,White Democrat,Moderate,53.0,Moderate/Conservative Democrats,Mod/Conserv. Democrats,White,White,State questionnaire,White,White,Midwest,Disapprove,The Democratic Party,Female,White women,Non married women,,,South Dakota,Election day exit poll,Before that,Before that,Before that,Before that,Generally going in the right direction,Version 1,1.09174728393555,
96331.0,Susan Wismer,Rick Weiland,18-29,18-29,25-29,18-44,18-29,25-29,Non-Black 18-29,White 18-29,White 18-29,Complete,Call 3,1.0,Postgraduate study,College graduate,More than High school graduate,White college degree,Favorable,Unfavorable,1.0,Government should do more to solve problems,Went too far,Less than 100k,"Under $30,000",Less than 50k,Less than 50 thousand,"Under $50,000","Under $30,000","Under $50,000 and white",No,No,Worried,Very worried,Approve,Somewhat approve,18-44,18-64,Democrat,Non-black Democrat,White Democrat,Democrat,Democratic Women,White Democrat,Liberal,53.0,Liberal Democrats,Liberal Democrats,White,White,State questionnaire,White,White,Midwest,Disapprove,The Democratic Party,Female,White women,Non married women,,,South Dakota,Election day exit poll,Before that,Before that,Before that,Before that,Omit,Version 1,1.54272425174713,No
96469.0,Susan Wismer,Rick Weiland,45-65,30-59,50-59,45+,45-59,50-64,Non-Black 45-59,White 45-59,White 45-64,Complete,Call 3,1.0,Postgraduate study,College graduate,More than High school graduate,White college degree,Favorable,Unfavorable,1.0,Government should do more to solve problems,Did not go far enough,100k or more,"$30,000 or more",50k or more,100 thousand or more,"$100,000-$199,999","$100,000-$199,999","Over $50,000 and white",No,Yes,Worried,Somewhat worried,Approve,Somewhat approve,45+,18-64,Democrat,Non-black Democrat,White Democrat,Democrat,Democratic Women,White Democrat,Liberal,56.0,Liberal Democrats,Liberal Democrats,White,White,State questionnaire,White,White,Midwest,Disapprove,The Democratic Party,Female,White women,Married women,,,South Dakota,Election day exit poll,Before that,Before that,Before that,Before that,Generally going in the right direction,Version 1,1.22123742103577,No
96510.0,Susan Wismer,Rick Weiland,30-44,30-59,40-44,18-44,30-44,40-49,Non-Black 30-44,White 30-44,White 30-44,Complete,Call 3,1.0,Postgraduate study,College graduate,More than High school graduate,White college degree,Favorable,Unfavorable,1.0,Government should do more to solve problems,Was about right,Less than 100k,"Under $30,000",Less than 50k,Less than 50 thousand,"Under $50,000","Under $30,000","Under $50,000 and white",No,No,Not worried,Not too worried,Approve,Strongly approve,18-44,18-64,Democrat,Non-black Democrat,White Democrat,Democrat,Democratic Women,White Democrat,Liberal,56.0,Liberal Democrats,Liberal Democrats,White,White,State questionnaire,White,White,Midwest,Disapprove,The Democratic Party,Female,White women,Non married women,,,South Dakota,Election day exit poll,Before that,Before that,Before that,Before that,Generally going in the right direction,Version 1,1.22123742103577,No
96623.0,Susan Wismer,Rick Weiland,65+,60+,65 or over,45+,60+,65+,Non-Black 60+,White 60+,White 65+,Complete,Call 3,1.0,Postgraduate study,College graduate,More than High school graduate,White college degree,Favorable,Unfavorable,1.0,Government should do more to solve problems,Was about right,100k or more,"$30,000 or more",50k or more,100 thousand or more,"$200,000 or more","$200,000 or more","Over $50,000 and white",No,,Not worried,Not too worried,Approve,Somewhat approve,45+,65+,Democrat,Non-black Democrat,White Democrat,Democrat,Democratic Women,White Democrat,Moderate,53.0,Moderate/Conservative Democrats,Mod/Conserv. Democrats,White,White,State questionnaire,White,White,Midwest,Disapprove,The Democratic Party,Female,White women,,,,South Dakota,Election day exit poll,Before that,Before that,Before that,Before that,Generally going in the right direction,Version 1,1.09751045703888,No
96896.0,Susan Wismer,Rick Weiland,30-44,30-59,40-44,18-44,30-44,40-49,Non-Black 30-44,White 30-44,White 30-44,Complete,Call 3,1.0,Postgraduate study,College graduate,More than High school graduate,White college degree,Favorable,Unfavorable,2.0,Government should do more to solve problems,Was about right,Less than 100k,"$30,000 or more",50k or more,50 to 100 thousand,"$50,000-$99,999","$50,000-$99,999","Over $50,000 and white",No,Yes,Not worried,Not too worried,Approve,Somewhat approve,18-44,18-64,Democrat,Non-black Democrat,White Democrat,Democrat,Democratic Men,White Democrat,Liberal,36.0,Liberal Democrats,Liberal Democrats,White,White,State questionnaire,White,White,Midwest,Disapprove,The Democratic Party,Male,White men,Married men,,,South Dakota,Election day exit poll,Before that,Before that,Before that,Before that,Generally going in the right direction,Version 1,1.21663355827332,No
97337.0,Susan Wismer,Rick Weiland,30-44,30-59,30-39,18-44,30-44,30-39,Non-Black 30-44,White 30-44,White 30-44,Complete,Call 3,1.0,Postgraduate study,College graduate,More than High school graduate,White college degree,Favorable,Unfavorable,2.0,Government should do more to solve problems,Did not go far enough,100k or more,"$30,000 or more",50k or more,100 thousand or more,"$100,000-$199,999","$100,000-$199,999","Over $50,000 and white",No,Yes,Not worried,Not too worried,Approve,Strongly approve,18-44,18-64,Democrat,Non-black Democrat,White Democrat,Democrat,Democratic Women,White Democrat,Liberal,36.0,Liberal Democrats,Liberal Democrats,White,White,State questionnaire,White,White,Midwest,Disapprove,The Democratic Party,Female,White women,Married women,,,South Dakota,Election day exit poll,Before that,Before that,Before that,Before that,Generally going in the right direction,Version 1,1.15998148918152,No
97408.0,Susan Wismer,Rick Weiland,18-29,18-29,25-29,18-44,18-29,25-29,Non-Black 18-29,White 18-29,White 18-29,Complete,Call 3,1.0,College graduate,College graduate,More than High school graduate,White college degree,Favorable,Unfavorable,2.0,Government should do more to solve problems,Was about right,Less than 100k,"$30,000 or more",50k or more,50 to 100 thousand,"$50,000-$99,999","$50,000-$99,999","Over $50,000 and white",No,Yes,Worried,Somewhat worried,Approve,Somewhat approve,18-44,18-64,Independent/Something else,Non-black non-Democrat,White Independent,Independent,Independent Men,White Independent,Liberal,36.0,Moderate/Liberal Republicans,Liberal Independents,White,White,State questionnaire,White,White,Midwest,Disapprove,The Democratic Party,Male,White men,Married men,,,South Dakota,Election day exit poll,Before that,Before that,Before that,Before that,Generally going in the right direction,Version 1,1.719198346138,No
97561.0,Susan Wismer,Rick Weiland,30-44,30-59,40-44,18-44,30-44,40-49,Non-Black 30-44,White 30-44,White 30-44,Complete,Call 3,1.0,Postgraduate study,College graduate,More than High school graduate,White college degree,Favorable,Unfavorable,4.0,Government should do more to solve problems,Was about right,Less than 100k,"$30,000 or more",50k or more,50 to 100 thousand,"$50,000-$99,999","$50,000-$99,999","Over $50,000 and white",No,Yes,Worried,Very worried,Approve,Strongly approve,18-44,18-64,Democrat,Non-black Democrat,White Democrat,Democrat,Democratic Women,White Democrat,Liberal,65.0,Liberal Democrats,Liberal Democrats,White,White,State questionnaire,White,White,Midwest,Disapprove,The Democratic Party,Female,White women,Married women,,,South Dakota,Election day exit poll,Before that,Before that,Before that,Before that,Seriously off on the wrong track,Version 1,0.964140474796295,No
97761.0,Susan Wismer,Rick Weiland,45-65,30-59,50-59,45+,45-59,50-64,Non-Black 45-59,White 45-59,White 45-64,Complete,Call 3,1.0,High school graduate,No college degree,High school graduate or less,White no college degree,Favorable,Unfavorable,4.0,Government should do more to solve problems,Did not go far enough,Less than 100k,"$30,000 or more",Less than 50k,Less than 50 thousand,"Under $50,000","$30,000-$49,999","Under $50,000 and white",No,No,Worried,Somewhat worried,Approve,Somewhat approve,45+,18-64,Democrat,Non-black Democrat,White Democrat,Democrat,Democratic Women,White Democrat,Liberal,65.0,Liberal Democrats,Liberal Democrats,White,White,State questionnaire,White,White,Midwest,Disapprove,The Democratic Party,Female,White women,Non married women,,,South Dakota,Election day exit poll,Before that,In the last month,In the last week,In the last week,Seriously off on the wrong track,Version 1,0.964140474796295,Yes
97874.0,Susan Wismer,Rick Weiland,65+,60+,65 or over,45+,60+,65+,Non-Black 60+,White 60+,White 65+,Complete,Call 3,1.0,High school graduate,No college degree,High school graduate or less,White no college degree,Favorable,Unfavorable,3.0,Government should do more to solve problems,Did not go far enough,Less than 100k,"Under $30,000",Less than 50k,Less than 50 thousand,"Under $50,000","Under $30,000","Under $50,000 and white",No,Yes,Worried,Very worried,Approve,Strongly approve,45+,65+,Democrat,Non-black Democrat,White Democrat,Democrat,Democratic Men,White Democrat,Moderate,7.0,Moderate/Conservative Democrats,Mod/Conserv. Democrats,White,White,State questionnaire,White,White,Midwest,Disapprove,The Democratic Party,Male,White men,Married men,,,South Dakota,Election day exit poll,Before that,Before that,Before that,Before that,Seriously off on the wrong track,Version 1,1.05777812004089,Yes
98231.0,Susan Wismer,Rick Weiland,45-65,30-59,50-59,45+,45-59,50-64,Non-Black 45-59,White 45-59,White 45-64,Complete,Call 3,1.0,Postgraduate study,College graduate,More than High school graduate,White college degree,Favorable,Unfavorable,3.0,Government should do more to solve problems,Did not go far enough,,,,,,,,No,Yes,Worried,Somewhat worried,Approve,Strongly approve,45+,18-64,Democrat,Non-black Democrat,White Democrat,Democrat,Democratic Women,White Democrat,Moderate,7.0,Moderate/Conservative Democrats,Mod/Conserv. Democrats,White,White,State questionnaire,White,White,Midwest,Disapprove,The Democratic Party,Female,White women,Married women,,,South Dakota,Election day exit poll,Before that,Before that,Before that,Before that,Seriously off on the wrong track,Version 1,1.00322723388672,No
98507.0,Susan Wismer,Rick Weiland,30-44,30-59,30-39,18-44,30-44,30-39,Non-Black 30-44,White 30-44,White 30-44,Complete,Call 3,1.0,High school graduate,No college degree,High school graduate or less,White no college degree,Favorable,Unfavorable,4.0,Government should do more to solve problems,Was about right,Less than 100k,"$30,000 or more",Less than 50k,Less than 50 thousand,"Under $50,000","$30,000-$49,999","Under $50,000 and white",,Yes,Worried,Somewhat worried,Approve,Somewhat approve,18-44,18-64,Independent/Something else,Non-black non-Democrat,White Independent,Independent,Independent Men,White Independent,Moderate,65.0,Moderate/Liberal Republicans,Moderate Independents,White,White,State questionnaire,White,White,Midwest,Disapprove,The Democratic Party,Male,White men,Married men,,,South Dakota,Election day exit poll,Before that,In the last month,Before that,In the last month,Seriously off on the wrong track,Version 1,1.01122784614563,Yes
98621.0,Susan Wismer,Rick Weiland,18-29,18-29,25-29,18-44,18-29,25-29,Non-Black 18-29,White 18-29,White 18-29,Complete,Call 3,1.0,High school graduate,No college degree,High school graduate or less,White no college degree,Favorable,Unfavorable,4.0,Government should do more to solve problems,Did not go far enough,Less than 100k,"$30,000 or more",Less than 50k,Less than 50 thousand,"Under $50,000","$30,000-$49,999","Under $50,000 and white",No,Yes,Worried,Somewhat worried,Approve,Somewhat approve,18-44,18-64,Independent/Something else,Non-black non-Democrat,White Independent,Independent,Independent Men,White Independent,Moderate,65.0,Moderate/Liberal Republicans,Moderate Independents,White,White,State questionnaire,White,White,Midwest,Disapprove,The Democratic Party,Male,White men,Married men,,,South Dakota,Election day exit poll,Before that,Before that,Before that,Before that,Seriously off on the wrong track,Version 1,1.42894399166107,Yes
99432.0,Susan Wismer,Rick Weiland,45-65,60+,60-64,45+,60+,50-64,Non-Black 60+,White 60+,White 45-64,Complete,Call 3,1.0,Postgraduate study,College graduate,More than High school graduate,White college degree,Favorable,Unfavorable,3.0,Government should do more to solve problems,Did not go far enough,Less than 100k,"$30,000 or more",50k or more,50 to 100 thousand,"$50,000-$99,999","$50,000-$99,999","Over $50,000 and white",No,Yes,Worried,Somewhat worried,Approve,Strongly approve,45+,18-64,Democrat,Non-black Democrat,White Democrat,Democrat,Democratic Women,White Democrat,Moderate,26.0,Moderate/Conservative Democrats,Mod/Conserv. Democrats,White,White,State questionnaire,White,White,Midwest,Disapprove,The Democratic Party,Female,White women,Married women,,,South Dakota,Election day exit poll,Before that,Before that,Before that,Before that,Seriously off on the wrong track,Version 1,1.08160448074341,No
99521.0,Susan Wismer,Rick Weiland,45-65,30-59,45-49,45+,45-59,40-49,Non-Black 45-59,White 45-59,White 45-64,Complete,Call 3,1.0,College graduate,College graduate,More than High school graduate,White college degree,Favorable,Unfavorable,3.0,Government should do more to solve problems,Did not go far enough,100k or more,"$30,000 or more",50k or more,100 thousand or more,"$100,000-$199,999","$100,000-$199,999","Over $50,000 and white",No,Yes,Worried,Somewhat worried,Approve,Somewhat approve,45+,18-64,Republican,Non-black non-Democrat,All Republicans,Republican,Republican Women,White Republican,Conservative,7.0,Independent/Something else,Conservative Republicans,White,White,State questionnaire,White,White,Midwest,Disapprove,The Democratic Party,Female,White women,Married women,,,South Dakota,Election day exit poll,Before that,In the last month,Before that,In the last month,Seriously off on the wrong track,Version 1,1.00322723388672,No
99527.0,Susan Wismer,Rick Weiland,18-29,18-29,25-29,18-44,18-29,25-29,Non-Black 18-29,White 18-29,White 18-29,Complete,Call 3,1.0,High school graduate,No college degree,High school graduate or less,White no college degree,Favorable,Unfavorable,3.0,Government should do more to solve problems,Did not go far enough,Less than 100k,"$30,000 or more",50k or more,50 to 100 thousand,"$50,000-$99,999","$50,000-$99,999","Over $50,000 and white",No,No,Not worried,Not at all worried,Approve,Strongly approve,18-44,18-64,Independent/Something else,Non-black non-Democrat,White Independent,Independent,Independent Men,White Independent,Liberal,26.0,Moderate/Liberal Republicans,Liberal Independents,White,White,State questionnaire,White,White,Midwest,Disapprove,The Democratic Party,Male,White men,Non married men,,,South Dakota,Election day exit poll,Before that,Before that,Before that,Before that,Generally going in the right direction,Version 1,1.59461867809296,No
99664.0,Susan Wismer,Rick Weiland,45-65,60+,60-64,45+,60+,50-64,Non-Black 60+,White 60+,White 45-64,Complete,Call 3,1.0,Postgraduate study,College graduate,More than High school graduate,White college degree,Favorable,Unfavorable,3.0,Government should do more to solve problems,Did not go far enough,Less than 100k,"$30,000 or more",50k or more,50 to 100 thousand,"$50,000-$99,999","$50,000-$99,999","Over $50,000 and white",No,Yes,Not worried,Not too worried,Approve,Strongly approve,45+,18-64,Democrat,Non-black Democrat,White Democrat,Democrat,Democratic Men,White Democrat,Moderate,26.0,Moderate/Conservative Democrats,Mod/Conserv. Democrats,White,White,State questionnaire,White,White,Midwest,Disapprove,The Democratic Party,Male,White men,Married men,,,South Dakota,Election day exit poll,Before that,Before that,Before that,Before that,Generally going in the right direction,Version 1,1.13442873954773,No
99783.0,Susan Wismer,Rick Weiland,45-65,30-59,50-59,45+,45-59,50-64,Non-Black 45-59,White 45-59,White 45-64,Complete,Call 3,1.0,Some college/assoc. degree,No college degree,More than High school graduate,White no college degree,Favorable,Unfavorable,3.0,Government should do more to solve problems,Did not go far enough,Less than 100k,"Under $30,000",Less than 50k,Less than 50 thousand,"Under $50,000","Under $30,000","Under $50,000 and white",No,Yes,Worried,Somewhat worried,Approve,Somewhat approve,45+,18-64,Independent/Something else,Non-black non-Democrat,White Independent,Independent,Independent Women,White Independent,Liberal,7.0,Moderate/Liberal Republicans,Liberal Independents,White,White,State questionnaire,White,White,Midwest,Disapprove,The Democratic Party,Female,White women,Married women,,,South Dakota,Election day exit poll,Before that,Before that,Before that,Before that,Seriously off on the wrong track,Version 1,1.00322723388672,Yes
99893.0,Susan Wismer,Rick Weiland,45-65,30-59,50-59,45+,45-59,50-64,Non-Black 45-59,White 45-59,White 45-64,Complete,Call 3,1.0,Postgraduate study,College graduate,More than High school graduate,White college degree,Favorable,Unfavorable,4.0,Government should do more to solve problems,Did not go far enough,Less than 100k,"$30,000 or more",Less than 50k,Less than 50 thousand,"Under $50,000","$30,000-$49,999","Under $50,000 and white",No,No,Worried,Very worried,Approve,Somewhat approve,45+,18-64,Democrat,Non-black Democrat,White Democrat,Democrat,Democratic Women,White Democrat,Liberal,40.0,Liberal Democrats,Liberal Democrats,White,White,State questionnaire,White,White,Midwest,Disapprove,The Democratic Party,Female,White women,Non married women,,,South Dakota,Election day exit poll,Before that,In the last month,Before that,In the last month,Omit,Version 1,1.64975142478943,No
3735.0,Susan Wismer,Rick Weiland,65+,60+,65 or over,45+,60+,65+,Non-Black 60+,White 60+,White 65+,Complete,,3.0,Postgraduate study,College graduate,More than High school graduate,White college degree,Unfavorable,Unfavorable,3.0,Government should do more to solve problems,Did not go far enough,Less than 100k,"Under $30,000",Less than 50k,Less than 50 thousand,"Under $50,000","Under $30,000","Under $50,000 and white",No,No,Not worried,Not too worried,Disapprove,Somewhat disapprove,45+,65+,Independent/Something else,Non-black non-Democrat,White Independent,Independent,Independent Men,White Independent,Moderate,,Moderate/Liberal Republicans,Moderate Independents,White,White,State questionnaire,White,White,Midwest,Disapprove,Does not matter to me,Male,White men,Non married men,Rural,Small Cities/Rural,South Dakota,Telephone survey,Before that,In the last month,In the last week,In the last week,Seriously off on the wrong track,Version 1,0.467074006795883,No
3754.0,Susan Wismer,Rick Weiland,65+,60+,65 or over,45+,60+,65+,Non-Black 60+,White 60+,White 65+,Complete,,1.0,Some college/assoc. degree,No college degree,More than High school graduate,White no college degree,Unfavorable,Unfavorable,4.0,Government should do more to solve problems,Was about right,Less than 100k,"$30,000 or more",Less than 50k,Less than 50 thousand,"Under $50,000","$30,000-$49,999","Under $50,000 and white",No,No,Not worried,Not at all worried,Approve,Strongly approve,45+,65+,Democrat,Non-black Democrat,White Democrat,Democrat,Democratic Men,White Democrat,Conservative,,Moderate/Conservative Democrats,Mod/Conserv. Democrats,White,White,State questionnaire,White,White,Midwest,Disapprove,The Democratic Party,Male,White men,Non married men,"Cities 50,000-500,000","Cities over 50,000",South Dakota,Telephone survey,Before that,Before that,Before that,Before that,Generally going in the right direction,Version 1,0.214942947030067,Yes
3898.0,Susan Wismer,Rick Weiland,45-65,60+,60-64,45+,60+,50-64,Non-Black 60+,White 60+,White 45-64,Complete,,1.0,College graduate,College graduate,More than High school graduate,White college degree,Unfavorable,Unfavorable,4.0,Government should do more to solve problems,Did not go far enough,Less than 100k,"Under $30,000",Less than 50k,Less than 50 thousand,"Under $50,000","Under $30,000","Under $50,000 and white",No,No,Not worried,Not too worried,Approve,Somewhat approve,45+,18-64,Democrat,Non-black Democrat,White Democrat,Democrat,Democratic Women,White Democrat,Liberal,,Liberal Democrats,Liberal Democrats,White,White,State questionnaire,White,White,Midwest,Disapprove,The Democratic Party,Female,White women,Non married women,Rural,Small Cities/Rural,South Dakota,Telephone survey,Before that,In the last month,Before that,In the last month,Omit,Version 1,0.209443509578705,No
80421.0,Susan Wismer,Rick Weiland,18-29,18-29,25-29,18-44,18-29,25-29,Non-Black 18-29,White 18-29,White 18-29,Complete,Call 2,1.0,Some college/assoc. degree,No college degree,More than High school graduate,White no college degree,Unfavorable,Unfavorable,2.0,Government should do more to solve problems,Did not go far enough,Less than 100k,"Under $30,000",Less than 50k,Less than 50 thousand,"Under $50,000","Under $30,000","Under $50,000 and white",No,No,Worried,Very worried,Approve,Somewhat approve,18-44,18-64,Independent/Something else,Non-black non-Democrat,White Independent,Independent,Independent Men,White Independent,Liberal,82.0,Moderate/Liberal Republicans,Liberal Independents,White,White,State questionnaire,White,White,Midwest,Disapprove,The Democratic Party,Male,White men,Non married men,,,South Dakota,Election day exit poll,Before that,Before that,Before that,Before that,Seriously off on the wrong track,Version 1,1.36051571369171,Yes
80889.0,Susan Wismer,Rick Weiland,65+,60+,65 or over,45+,60+,65+,Non-Black 60+,White 60+,White 65+,Complete,Call 2,1.0,Postgraduate study,College graduate,More than High school graduate,White college degree,Unfavorable,Unfavorable,3.0,Government should do more to solve problems,Did not go far enough,Less than 100k,"$30,000 or more",50k or more,50 to 100 thousand,"$50,000-$99,999","$50,000-$99,999","Over $50,000 and white",No,Yes,Worried,Somewhat worried,Disapprove,Somewhat disapprove,45+,65+,Democrat,Non-black Democrat,White Democrat,Democrat,Democratic Women,White Democrat,Moderate,7.0,Moderate/Conservative Democrats,Mod/Conserv. Democrats,White,White,State questionnaire,White,White,Midwest,Disapprove,The Democratic Party,Female,White women,Married women,,,South Dakota,Election day exit poll,Before that,In the last month,Before that,In the last month,Generally going in the right direction,Version 1,1.00852310657501,No
84275.0,Susan Wismer,Rick Weiland,45-65,30-59,45-49,45+,45-59,40-49,Non-Black 45-59,All others,All others,Complete,Call 2,1.0,College graduate,College graduate,More than High school graduate,Non white college degree,Unfavorable,Unfavorable,4.0,Government should do more to solve problems,Was about right,Less than 100k,"Under $30,000",Less than 50k,Less than 50 thousand,"Under $50,000","Under $30,000","Under $50,000 and non white",No,No,Worried,Somewhat worried,Approve,Somewhat approve,45+,18-64,Democrat,Non-black Democrat,All Other,Democrat,Democratic Men,Non-White Democrats,Moderate,65.0,Moderate/Conservative Democrats,Mod/Conserv. Democrats,Other,American Indian,State questionnaire,Other,American Indian,Midwest,Disapprove,The Democratic Party,Male,All other races,Non married men,,,South Dakota,Election day exit poll,Before that,Before that,Before that,Before that,Seriously off on the wrong track,Version 1,1.01122784614563,No
97209.0,Susan Wismer,Rick Weiland,30-44,30-59,30-39,18-44,30-44,30-39,Non-Black 30-44,White 30-44,White 30-44,Complete,Call 3,1.0,College graduate,College graduate,More than High school graduate,White college degree,Unfavorable,Unfavorable,2.0,Government should do more to solve problems,Was about right,Less than 100k,"$30,000 or more",50k or more,50 to 100 thousand,"$50,000-$99,999","$50,000-$99,999","Over $50,000 and white",No,Yes,Worried,Somewhat worried,Approve,Somewhat approve,18-44,18-64,Democrat,Non-black Democrat,White Democrat,Democrat,Democratic Women,White Democrat,Liberal,36.0,Liberal Democrats,Liberal Democrats,White,White,State questionnaire,White,White,Midwest,Disapprove,The Democratic Party,Female,White women,Married women,,,South Dakota,Election day exit poll,Before that,In the last month,Before that,In the last month,Seriously off on the wrong track,Version 1,1.15998148918152,No
98308.0,Susan Wismer,Rick Weiland,18-29,18-29,25-29,18-44,18-29,25-29,Non-Black 18-29,White 18-29,White 18-29,Complete,Call 3,1.0,Some college/assoc. degree,No college degree,More than High school graduate,White no college degree,Unfavorable,Unfavorable,4.0,Government should do more to solve problems,Did not go far enough,Less than 100k,"Under $30,000",Less than 50k,Less than 50 thousand,"Under $50,000","Under $30,000","Under $50,000 and white",No,No,Worried,Very worried,Disapprove,Somewhat disapprove,18-44,18-64,Independent/Something else,Non-black non-Democrat,White Independent,Independent,Independent Men,White Independent,Moderate,65.0,Moderate/Liberal Republicans,Moderate Independents,White,White,State questionnaire,White,White,Midwest,Disapprove,The Democratic Party,Male,White men,Non married men,,,South Dakota,Election day exit poll,Before that,Before that,Before that,Before that,Seriously off on the wrong track,Version 1,1.42894399166107,Yes
3745.0,Susan Wismer,Rick Weiland,45-65,30-59,50-59,45+,45-59,50-64,Non-Black 45-59,White 45-59,White 45-64,Complete,,1.0,Postgraduate study,College graduate,More than High school graduate,White college degree,Omit,Unfavorable,2.0,Government should do more to solve problems,Did not go far enough,100k or more,"$30,000 or more",50k or more,100 thousand or more,"$100,000-$199,999","$100,000-$199,999","Over $50,000 and white",No,Yes,Worried,Somewhat worried,Approve,Somewhat approve,45+,18-64,Independent/Something else,Non-black non-Democrat,White Independent,Something else,Independent Men,White Independent,Moderate,,Moderate/Liberal Republicans,Moderate Independents,White,White,State questionnaire,White,White,Midwest,Disapprove,The Democratic Party,Male,White men,Married men,Rural,Small Cities/Rural,South Dakota,Telephone survey,Before that,Before that,Before that,Before that,Omit,Version 1,0.579169392585754,No
3903.0,Susan Wismer,Rick Weiland,65+,60+,65 or over,45+,60+,65+,Non-Black 60+,White 60+,White 65+,Complete,,1.0,Postgraduate study,College graduate,More than High school graduate,White college degree,Omit,Unfavorable,4.0,Government should do more to solve problems,Did not go far enough,Less than 100k,"$30,000 or more",50k or more,50 to 100 thousand,"$50,000-$99,999","$50,000-$99,999","Over $50,000 and white",No,Yes,Worried,Very worried,Approve,Strongly approve,45+,65+,Independent/Something else,Non-black non-Democrat,White Independent,Independent,Independent Women,White Independent,,,,,White,White,State questionnaire,White,White,Midwest,Disapprove,The Democratic Party,Female,White women,Married women,"Cities 50,000-500,000","Cities over 50,000",South Dakota,Telephone survey,Omit,Omit,Omit,Omit,Omit,Version 1,0.232175201177597,No
3872.0,Susan Wismer,Rick Weiland,18-29,18-29,25-29,18-44,18-29,25-29,Non-Black 18-29,White 18-29,White 18-29,Complete,,1.0,Some college/assoc. degree,No college degree,More than High school graduate,White no college degree,Favorable,Favorable,3.0,Government is doing too many things better left to businesses and individuals,Went too far,Less than 100k,"$30,000 or more",Less than 50k,Less than 50 thousand,"Under $50,000","$30,000-$49,999","Under $50,000 and white",No,Yes,Worried,Very worried,Disapprove,Strongly disapprove,18-44,18-64,Republican,Non-black non-Democrat,All Republicans,Republican,Republican Men,White Republican,Conservative,,Independent/Something else,Conservative Republicans,White,White,State questionnaire,White,White,Midwest,Disapprove,Does not matter to me,Male,White men,Married men,Rural,Small Cities/Rural,South Dakota,Telephone survey,Before that,Before that,Before that,Before that,Seriously off on the wrong track,Version 1,1.30156445503235,Yes
3900.0,Susan Wismer,Rick Weiland,65+,60+,65 or over,45+,60+,65+,Non-Black 60+,White 60+,White 65+,Complete,,1.0,High school graduate,No college degree,High school graduate or less,White no college degree,Favorable,Favorable,2.0,Government is doing too many things better left to businesses and individuals,Was about right,Less than 100k,"Under $30,000",Less than 50k,Less than 50 thousand,"Under $50,000","Under $30,000","Under $50,000 and white",No,Yes,Not worried,Not too worried,Approve,Somewhat approve,45+,65+,Democrat,Non-black Democrat,White Democrat,Democrat,Democratic Women,White Democrat,Moderate,,Moderate/Conservative Democrats,Mod/Conserv. Democrats,White,White,State questionnaire,White,White,Midwest,Omit,Does not matter to me,Female,White women,Married women,Rural,Small Cities/Rural,South Dakota,Telephone survey,Before that,In the last month,In the last week,In the last week,Seriously off on the wrong track,Version 1,0.406280249357224,Yes
97867.0,Susan Wismer,Rick Weiland,45-65,30-59,50-59,45+,45-59,50-64,Non-Black 45-59,White 45-59,White 45-64,Complete,Call 3,1.0,Some college/assoc. degree,No college degree,More than High school graduate,White no college degree,Favorable,Favorable,3.0,Government is doing too many things better left to businesses and individuals,,Less than 100k,"$30,000 or more",Less than 50k,Less than 50 thousand,"Under $50,000","$30,000-$49,999","Under $50,000 and white",No,,,,,,45+,18-64,Democrat,Non-black Democrat,White Democrat,Democrat,Democratic Women,White Democrat,Liberal,9.0,Liberal Democrats,Liberal Democrats,White,White,National questionnaire,White,White,Midwest,,,Female,White women,,Rural,Small Cities/Rural,South Dakota,Election day exit poll,,,,,Generally going in the right direction,Version 4,0.716531336307526,Yes
3699.0,Susan Wismer,Rick Weiland,18-29,18-29,25-29,18-44,18-29,25-29,Non-Black 18-29,White 18-29,White 18-29,Complete,,1.0,College graduate,College graduate,More than High school graduate,White college degree,Favorable,Unfavorable,3.0,Government is doing too many things better left to businesses and individuals,Was about right,Less than 100k,"$30,000 or more",Less than 50k,Less than 50 thousand,"Under $50,000","$30,000-$49,999","Under $50,000 and white",No,Yes,Not worried,Not at all worried,Approve,Strongly approve,18-44,18-64,Democrat,Non-black Democrat,White Democrat,Democrat,Democratic Women,White Democrat,Liberal,,Liberal Democrats,Liberal Democrats,White,White,State questionnaire,White,White,Midwest,Disapprove,The Democratic Party,Female,White women,Married women,Rural,Small Cities/Rural,South Dakota,Telephone survey,Before that,In the last month,Before that,In the last month,Generally going in the right direction,Version 1,1.32645010948181,No
3746.0,Susan Wismer,Rick Weiland,65+,60+,65 or over,45+,60+,65+,Non-Black 60+,White 60+,White 65+,Complete,,1.0,High school graduate,No college degree,High school graduate or less,White no college degree,Favorable,Unfavorable,1.0,Government is doing too many things better left to businesses and individuals,Was about right,Less than 100k,"$30,000 or more",Less than 50k,Less than 50 thousand,"Under $50,000","$30,000-$49,999","Under $50,000 and white",No,Yes,Not worried,Not too worried,Approve,Somewhat approve,45+,65+,Democrat,Non-black Democrat,White Democrat,Democrat,Democratic Women,White Democrat,Liberal,,Liberal Democrats,Liberal Democrats,White,White,State questionnaire,White,White,Midwest,Disapprove,The Democratic Party,Female,White women,Married women,Suburbs,Suburbs,South Dakota,Telephone survey,Before that,In the last month,Before that,In the last month,Omit,Version 1,0.453051894903183,Yes
3752.0,Susan Wismer,Rick Weiland,45-65,60+,60-64,45+,60+,50-64,Non-Black 60+,White 60+,White 45-64,Complete,,1.0,College graduate,College graduate,More than High school graduate,White college degree,Favorable,Unfavorable,1.0,Government is doing too many things better left to businesses and individuals,Was about right,Less than 100k,"$30,000 or more",50k or more,50 to 100 thousand,"$50,000-$99,999","$50,000-$99,999","Over $50,000 and white",No,Yes,Not worried,Not too worried,Approve,Somewhat approve,45+,18-64,Democrat,Non-black Democrat,White Democrat,Democrat,Democratic Women,White Democrat,Conservative,,Moderate/Conservative Democrats,Mod/Conserv. Democrats,White,White,State questionnaire,White,White,Midwest,Disapprove,The Democratic Party,Female,White women,Married women,"Cities 50,000-500,000","Cities over 50,000",South Dakota,Telephone survey,Before that,Before that,Before that,Before that,Generally going in the right direction,Version 1,0.201830372214317,No
3771.0,Susan Wismer,Rick Weiland,65+,60+,65 or over,45+,60+,65+,Non-Black 60+,White 60+,White 65+,Complete,,1.0,High school graduate,No college degree,High school graduate or less,White no college degree,Favorable,Unfavorable,3.0,Government is doing too many things better left to businesses and individuals,Was about right,Less than 100k,"Under $30,000",Less than 50k,Less than 50 thousand,"Under $50,000","Under $30,000","Under $50,000 and white",No,Yes,Worried,Somewhat worried,Approve,Strongly approve,45+,65+,Democrat,Non-black Democrat,White Democrat,Democrat,Democratic Women,White Democrat,Moderate,,Moderate/Conservative Democrats,Mod/Conserv. Democrats,White,White,State questionnaire,White,White,Midwest,Disapprove,The Democratic Party,Female,White women,Married women,Rural,Small Cities/Rural,South Dakota,Telephone survey,Before that,In the last month,Before that,In the last month,Seriously off on the wrong track,Version 1,0.357205837965012,Yes
3777.0,Susan Wismer,Rick Weiland,65+,60+,65 or over,45+,60+,65+,Non-Black 60+,White 60+,White 65+,Complete,,1.0,Some college/assoc. degree,No college degree,More than High school graduate,White no college degree,Favorable,Unfavorable,3.0,Government is doing too many things better left to businesses and individuals,Was about right,Less than 100k,"$30,000 or more",50k or more,50 to 100 thousand,"$50,000-$99,999","$50,000-$99,999","Over $50,000 and white",No,Yes,Worried,Somewhat worried,Approve,Somewhat approve,45+,65+,Democrat,Non-black Democrat,White Democrat,Democrat,Democratic Women,White Democrat,Moderate,,Moderate/Conservative Democrats,Mod/Conserv. Democrats,White,White,State questionnaire,White,White,Midwest,Disapprove,The Democratic Party,Female,White women,Married women,Rural,Small Cities/Rural,South Dakota,Telephone survey,Before that,In the last month,Before that,In the last month,Seriously off on the wrong track,Version 1,0.357205837965012,No
3802.0,Susan Wismer,Rick Weiland,45-65,30-59,45-49,45+,45-59,40-49,Non-Black 45-59,White 45-59,White 45-64,Complete,,1.0,College graduate,College graduate,More than High school graduate,White college degree,Favorable,Unfavorable,1.0,Government is doing too many things better left to businesses and individuals,Went too far,100k or more,"$30,000 or more",50k or more,100 thousand or more,"$100,000-$199,999","$100,000-$199,999","Over $50,000 and white",No,Yes,Worried,Somewhat worried,Disapprove,Strongly disapprove,45+,18-64,Republican,Non-black non-Democrat,All Republicans,Republican,Republican Men,White Republican,Moderate,,Conservative Republicans,Mod./Liberal Republicans,White,White,State questionnaire,White,White,Midwest,Disapprove,Does not matter to me,Male,White men,Married men,"Cities 50,000-500,000","Cities over 50,000",South Dakota,Telephone survey,Before that,In the last month,Before that,In the last month,Seriously off on the wrong track,Version 1,0.933444321155548,No
3805.0,Susan Wismer,Rick Weiland,45-65,30-59,45-49,45+,45-59,40-49,Non-Black 45-59,White 45-59,White 45-64,Complete,,1.0,Some college/assoc. degree,No college degree,More than High school graduate,White no college degree,Favorable,Unfavorable,3.0,Government is doing too many things better left to businesses and individuals,Did not go far enough,Less than 100k,"Under $30,000",Less than 50k,Less than 50 thousand,"Under $50,000","Under $30,000","Under $50,000 and white",No,No,Worried,Somewhat worried,Approve,Strongly approve,45+,18-64,Democrat,Non-black Democrat,White Democrat,Democrat,Democratic Women,White Democrat,Moderate,,Moderate/Conservative Democrats,Mod/Conserv. Democrats,White,White,State questionnaire,White,White,Midwest,Disapprove,The Democratic Party,Female,White women,Non married women,Rural,Small Cities/Rural,South Dakota,Telephone survey,Before that,Before that,Before that,Before that,Seriously off on the wrong track,Version 1,0.280705809593201,Yes
3808.0,Susan Wismer,Rick Weiland,65+,60+,65 or over,45+,60+,65+,Non-Black 60+,White 60+,White 65+,Complete,,1.0,Some college/assoc. degree,No college degree,More than High school graduate,White no college degree,Favorable,Unfavorable,1.0,Government is doing too many things better left to businesses and individuals,Was about right,Less than 100k,"$30,000 or more",Less than 50k,Less than 50 thousand,"Under $50,000","$30,000-$49,999","Under $50,000 and white",No,Yes,Worried,Very worried,Disapprove,Somewhat disapprove,45+,65+,Democrat,Non-black Democrat,White Democrat,Democrat,Democratic Men,White Democrat,Moderate,,Moderate/Conservative Democrats,Mod/Conserv. Democrats,White,White,State questionnaire,White,White,Midwest,Disapprove,The Democratic Party,Male,White men,Married men,Suburbs,Suburbs,South Dakota,Telephone survey,Before that,Before that,Before that,Before that,Generally going in the right direction,Version 1,0.414259821176529,Yes
3812.0,Susan Wismer,Rick Weiland,65+,60+,65 or over,45+,60+,65+,Non-Black 60+,White 60+,White 65+,Complete,,1.0,High school graduate,No college degree,High school graduate or less,White no college degree,Favorable,Unfavorable,4.0,Government is doing too many things better left to businesses and individuals,Did not go far enough,Less than 100k,"$30,000 or more",Less than 50k,Less than 50 thousand,"Under $50,000","$30,000-$49,999","Under $50,000 and white",No,Yes,Not worried,Not at all worried,Approve,Strongly approve,45+,65+,Democrat,Non-black Democrat,White Democrat,Democrat,Democratic Men,White Democrat,Moderate,,Moderate/Conservative Democrats,Mod/Conserv. Democrats,White,White,State questionnaire,White,White,Midwest,Disapprove,The Democratic Party,Male,White men,Married men,Rural,Small Cities/Rural,South Dakota,Telephone survey,Before that,Before that,Before that,Before that,Generally going in the right direction,Version 1,0.429885894060135,Yes
3817.0,Susan Wismer,Rick Weiland,65+,60+,65 or over,45+,60+,65+,Non-Black 60+,White 60+,White 65+,Complete,,1.0,College graduate,College graduate,More than High school graduate,White college degree,Favorable,Unfavorable,3.0,Government is doing too many things better left to businesses and individuals,Omit,,,,,,,,No,Yes,Not worried,Not at all worried,Disapprove,Somewhat disapprove,45+,65+,Democrat,Non-black Democrat,White Democrat,Democrat,Democratic Women,White Democrat,Moderate,,Moderate/Conservative Democrats,Mod/Conserv. Democrats,White,White,State questionnaire,White,White,Midwest,Disapprove,The Democratic Party,Female,White women,Married women,Rural,Small Cities/Rural,South Dakota,Telephone survey,Before that,Before that,Before that,Before that,Seriously off on the wrong track,Version 1,0.49830561876297,No
3838.0,Susan Wismer,Rick Weiland,45-65,60+,60-64,45+,60+,50-64,Non-Black 60+,White 60+,White 45-64,Complete,,1.0,Some college/assoc. degree,No college degree,More than High school graduate,White no college degree,Favorable,Unfavorable,3.0,Government is doing too many things better left to businesses and individuals,Went too far,,,,,,,,No,Yes,Worried,Somewhat worried,Disapprove,Somewhat disapprove,45+,18-64,Democrat,Non-black Democrat,White Democrat,Democrat,Democratic Women,White Democrat,Moderate,,Moderate/Conservative Democrats,Mod/Conserv. Democrats,White,White,State questionnaire,White,White,Midwest,Disapprove,The Democratic Party,Female,White women,Married women,Rural,Small Cities/Rural,South Dakota,Telephone survey,Before that,Before that,Before that,Before that,Seriously off on the wrong track,Version 1,0.224758878350258,
3845.0,Susan Wismer,Rick Weiland,45-65,30-59,50-59,45+,45-59,50-64,Non-Black 45-59,White 45-59,White 45-64,Complete,,1.0,Postgraduate study,College graduate,More than High school graduate,White college degree,Favorable,Unfavorable,2.0,Government is doing too many things better left to businesses and individuals,Did not go far enough,Less than 100k,"$30,000 or more",50k or more,50 to 100 thousand,"$50,000-$99,999","$50,000-$99,999","Over $50,000 and white",No,Yes,Worried,Very worried,Disapprove,Strongly disapprove,45+,18-64,Independent/Something else,Non-black non-Democrat,White Independent,Independent,Independent Women,White Independent,Conservative,,Moderate/Liberal Republicans,Conservative Independents,White,White,State questionnaire,White,White,Midwest,Disapprove,Does not matter to me,Female,White women,Married women,Rural,Small Cities/Rural,South Dakota,Telephone survey,Before that,Before that,Before that,Before that,Seriously off on the wrong track,Version 1,0.938403248786926,No
9774.0,Susan Wismer,Rick Weiland,65+,60+,65 or over,45+,60+,65+,Non-Black 60+,White 60+,White 65+,Complete,,1.0,Some college/assoc. degree,No college degree,More than High school graduate,White no college degree,Favorable,Unfavorable,2.0,Government is doing too many things better left to businesses and individuals,,Less than 100k,"$30,000 or more",Less than 50k,Less than 50 thousand,"Under $50,000","$30,000-$49,999","Under $50,000 and white",No,,,,,,45+,65+,Independent/Something else,Non-black non-Democrat,White Independent,Independent,Independent Men,White Independent,Moderate,,Moderate/Liberal Republicans,Moderate Independents,White,White,National questionnaire,White,White,Midwest,,,Male,White men,,Rural,Small Cities/Rural,South Dakota,Telephone survey,,,,,Seriously off on the wrong track,Version 4,0.41171008348465,Yes
61281.0,Susan Wismer,Rick Weiland,45-65,60+,60-64,45+,60+,50-64,Non-Black 60+,White 60+,White 45-64,Complete,Call 1,1.0,College graduate,College graduate,More than High school graduate,White college degree,Favorable,Unfavorable,1.0,Government is doing too many things better left to businesses and individuals,Was about right,Less than 100k,"$30,000 or more",50k or more,50 to 100 thousand,"$50,000-$99,999","$50,000-$99,999","Over $50,000 and white",No,Yes,Not worried,Not too worried,Approve,Somewhat approve,45+,18-64,Republican,Non-black non-Democrat,All Republicans,Republican,Republican Men,White Republican,Moderate,53.0,Conservative Republicans,Mod./Liberal Republicans,White,White,State questionnaire,White,White,Midwest,Disapprove,The Democratic Party,Male,White men,Married men,,,South Dakota,Election day exit poll,Before that,Before that,Before that,Before that,Generally going in the right direction,Version 1,1.15111148357391,No
62374.0,Susan Wismer,Rick Weiland,30-44,30-59,30-39,18-44,30-44,30-39,Non-Black 30-44,White 30-44,White 30-44,Complete,Call 1,1.0,Postgraduate study,College graduate,More than High school graduate,White college degree,Favorable,Unfavorable,1.0,Government is doing too many things better left to businesses and individuals,Was about right,Less than 100k,"$30,000 or more",Less than 50k,Less than 50 thousand,"Under $50,000","$30,000-$49,999","Under $50,000 and white",No,No,Not worried,Not too worried,Approve,Strongly approve,18-44,18-64,Democrat,Non-black Democrat,White Democrat,Democrat,Democratic Women,White Democrat,Liberal,53.0,Liberal Democrats,Liberal Democrats,White,White,State questionnaire,White,White,Midwest,Disapprove,The Democratic Party,Female,White women,Non married women,,,South Dakota,Election day exit poll,Before that,Before that,Before that,Before that,Generally going in the right direction,Version 1,1.09174728393555,No
62408.0,Susan Wismer,Rick Weiland,30-44,30-59,30-39,18-44,30-44,30-39,Non-Black 30-44,White 30-44,White 30-44,Complete,Call 1,1.0,College graduate,College graduate,More than High school graduate,White college degree,Favorable,Unfavorable,3.0,Government is doing too many things better left to businesses and individuals,Was about right,Less than 100k,"$30,000 or more",Less than 50k,Less than 50 thousand,"Under $50,000","$30,000-$49,999","Under $50,000 and white",No,Yes,Not worried,Not too worried,Approve,Strongly approve,18-44,18-64,Democrat,Non-black Democrat,White Democrat,Democrat,Democratic Women,White Democrat,Moderate,26.0,Moderate/Conservative Democrats,Mod/Conserv. Democrats,White,White,State questionnaire,White,White,Midwest,Disapprove,The Democratic Party,Female,White women,Married women,,,South Dakota,Election day exit poll,Before that,In the last month,Before that,In the last month,Seriously off on the wrong track,Version 1,1.07592487335205,No
65256.0,Susan Wismer,Rick Weiland,45-65,30-59,45-49,45+,45-59,40-49,Non-Black 45-59,White 45-59,White 45-64,Complete,Call 1,1.0,Some college/assoc. degree,No college degree,More than High school graduate,White no college degree,Favorable,Unfavorable,4.0,Government is doing too many things better left to businesses and individuals,Went too far,Less than 100k,"$30,000 or more",50k or more,50 to 100 thousand,"$50,000-$99,999","$50,000-$99,999","Over $50,000 and white",No,Yes,Worried,Somewhat worried,Disapprove,Somewhat disapprove,45+,18-64,Republican,Non-black non-Democrat,All Republicans,Republican,Republican Women,White Republican,Moderate,40.0,Conservative Republicans,Mod./Liberal Republicans,White,White,State questionnaire,White,White,Midwest,Disapprove,The Democratic Party,Female,White women,Married women,,,South Dakota,Election day exit poll,Before that,Before that,Before that,Before that,Seriously off on the wrong track,Version 1,1.64975142478943,No
65257.0,Susan Wismer,Rick Weiland,45-65,30-59,45-49,45+,45-59,40-49,Non-Black 45-59,White 45-59,White 45-64,Complete,Call 1,1.0,Some college/assoc. degree,No college degree,More than High school graduate,White no college degree,Favorable,Unfavorable,4.0,Government is doing too many things better left to businesses and individuals,Went too far,Less than 100k,"$30,000 or more",50k or more,50 to 100 thousand,"$50,000-$99,999","$50,000-$99,999","Over $50,000 and white",No,Yes,Worried,Somewhat worried,Disapprove,Somewhat disapprove,45+,18-64,Republican,Non-black non-Democrat,All Republicans,Republican,Republican Women,White Republican,Moderate,40.0,Conservative Republicans,Mod./Liberal Republicans,White,White,State questionnaire,White,White,Midwest,Disapprove,The Democratic Party,Female,White women,Married women,,,South Dakota,Election day exit poll,Before that,Before that,Before that,Before that,Seriously off on the wrong track,Version 1,1.64975142478943,No
65786.0,Susan Wismer,Rick Weiland,65+,60+,65 or over,45+,60+,65+,Non-Black 60+,White 60+,White 65+,Complete,Call 1,1.0,College graduate,College graduate,More than High school graduate,White college degree,Favorable,Unfavorable,4.0,Government is doing too many things better left to businesses and individuals,Was about right,Less than 100k,"$30,000 or more",50k or more,50 to 100 thousand,"$50,000-$99,999","$50,000-$99,999","Over $50,000 and white",No,Yes,Worried,Somewhat worried,Disapprove,Somewhat disapprove,45+,65+,Independent/Something else,Non-black non-Democrat,White Independent,Independent,Independent Men,White Independent,Moderate,65.0,Moderate/Liberal Republicans,Moderate Independents,White,White,State questionnaire,White,White,Midwest,Disapprove,Does not matter to me,Male,White men,Married men,,,South Dakota,Election day exit poll,Before that,In the last month,Before that,In the last month,Seriously off on the wrong track,Version 1,1.01656603813171,No
78671.0,Susan Wismer,Rick Weiland,45-65,60+,60-64,45+,60+,50-64,Non-Black 60+,White 60+,White 45-64,Complete,Call 2,1.0,College graduate,College graduate,More than High school graduate,White college degree,Favorable,Unfavorable,1.0,Government is doing too many things better left to businesses and individuals,Was about right,Less than 100k,"$30,000 or more",Less than 50k,Less than 50 thousand,"Under $50,000","$30,000-$49,999","Under $50,000 and white",No,No,Worried,Somewhat worried,Approve,Somewhat approve,45+,18-64,Independent/Something else,Non-black non-Democrat,White Independent,Independent,Independent Women,White Independent,Moderate,53.0,Moderate/Liberal Republicans,Moderate Independents,White,White,State questionnaire,White,White,Midwest,Disapprove,The Democratic Party,Female,White women,Non married women,,,South Dakota,Election day exit poll,Before that,Before that,Before that,Before that,Seriously off on the wrong track,Version 1,1.09751045703888,No
79349.0,Susan Wismer,Rick Weiland,45-65,30-59,50-59,45+,45-59,50-64,Non-Black 45-59,White 45-59,White 45-64,Complete,Call 2,1.0,Some college/assoc. degree,No college degree,More than High school graduate,White no college degree,Favorable,Unfavorable,1.0,Government is doing too many things better left to businesses and individuals,Went too far,Less than 100k,"$30,000 or more",50k or more,50 to 100 thousand,"$50,000-$99,999","$50,000-$99,999","Over $50,000 and white",No,Yes,Worried,Somewhat worried,Disapprove,Somewhat disapprove,45+,18-64,Democrat,Non-black Democrat,White Democrat,Democrat,Democratic Men,White Democrat,Moderate,53.0,Moderate/Conservative Democrats,Mod/Conserv. Democrats,White,White,State questionnaire,White,White,Midwest,Disapprove,The Democratic Party,Male,White men,Married men,,,South Dakota,Election day exit poll,Before that,Before that,Before that,Before that,Seriously off on the wrong track,Version 1,1.14506685733795,No
79462.0,Susan Wismer,Rick Weiland,30-44,30-59,30-39,18-44,30-44,30-39,Non-Black 30-44,All others,All others,Complete,Call 2,1.0,,,,,Favorable,Unfavorable,1.0,Government is doing too many things better left to businesses and individuals,Went too far,Less than 100k,"$30,000 or more",Less than 50k,Less than 50 thousand,"Under $50,000","$30,000-$49,999","Under $50,000 and non white",No,,Worried,Somewhat worried,Disapprove,Somewhat disapprove,18-44,18-64,Democrat,Non-black Democrat,All Other,Democrat,Democratic Women,Non-White Democrats,Moderate,53.0,Moderate/Conservative Democrats,Mod/Conserv. Democrats,Other,Asian,State questionnaire,Asian,Asian,Midwest,Disapprove,The Democratic Party,Female,All other races,,,,South Dakota,Election day exit poll,Before that,Before that,Before that,Before that,Seriously off on the wrong track,Version 1,1.09174728393555,
79524.0,Susan Wismer,Rick Weiland,45-65,30-59,50-59,45+,45-59,50-64,Non-Black 45-59,White 45-59,White 45-64,Complete,Call 2,1.0,College graduate,College graduate,More than High school graduate,White college degree,Favorable,Unfavorable,3.0,Government is doing too many things better left to businesses and individuals,Did not go far enough,Less than 100k,"Under $30,000",Less than 50k,Less than 50 thousand,"Under $50,000","Under $30,000","Under $50,000 and white",No,No,Worried,Very worried,Approve,Somewhat approve,45+,18-64,Democrat,Non-black Democrat,White Democrat,Democrat,Democratic Women,White Democrat,Moderate,7.0,Moderate/Conservative Democrats,Mod/Conserv. Democrats,White,White,State questionnaire,White,White,Midwest,Disapprove,The Democratic Party,Female,White women,Non married women,,,South Dakota,Election day exit poll,Before that,In the last month,In the last week,In the last week,Seriously off on the wrong track,Version 1,1.00322723388672,No
79816.0,Susan Wismer,Rick Weiland,30-44,30-59,30-39,18-44,30-44,30-39,Non-Black 30-44,White 30-44,White 30-44,Complete,Call 2,1.0,Some college/assoc. degree,No college degree,More than High school graduate,White no college degree,Favorable,Unfavorable,3.0,Government is doing too many things better left to businesses and individuals,Did not go far enough,Less than 100k,"Under $30,000",Less than 50k,Less than 50 thousand,"Under $50,000","Under $30,000","Under $50,000 and white",No,No,Worried,Somewhat worried,Approve,Somewhat approve,18-44,18-64,Democrat,Non-black Democrat,White Democrat,Democrat,Democratic Women,White Democrat,Moderate,7.0,Moderate/Conservative Democrats,Mod/Conserv. Democrats,White,White,State questionnaire,White,White,Midwest,Disapprove,The Democratic Party,Female,White women,Non married women,,,South Dakota,Election day exit poll,Before that,In the last month,Before that,In the last month,Seriously off on the wrong track,Version 1,1.00322723388672,Yes
80177.0,Susan Wismer,Rick Weiland,30-44,30-59,30-39,18-44,30-44,30-39,Non-Black 30-44,White 30-44,White 30-44,Complete,Call 2,1.0,Some college/assoc. degree,No college degree,More than High school graduate,White no college degree,Favorable,Unfavorable,1.0,Government is doing too many things better left to businesses and individuals,Went too far,100k or more,"$30,000 or more",50k or more,100 thousand or more,"$100,000-$199,999","$100,000-$199,999","Over $50,000 and white",No,Yes,Worried,Somewhat worried,Disapprove,Somewhat disapprove,18-44,18-64,Democrat,Non-black Democrat,White Democrat,Democrat,Democratic Women,White Democrat,Moderate,56.0,Moderate/Conservative Democrats,Mod/Conserv. Democrats,White,White,State questionnaire,White,White,Midwest,Disapprove,The Democratic Party,Female,White women,Married women,,,South Dakota,Election day exit poll,Before that,Before that,Before that,Before that,Seriously off on the wrong track,Version 1,1.22123742103577,No
80956.0,Susan Wismer,Rick Weiland,65+,60+,65 or over,45+,60+,65+,Non-Black 60+,White 60+,White 65+,Complete,Call 2,1.0,High school graduate,No college degree,High school graduate or less,White no college degree,Favorable,Unfavorable,2.0,Government is doing too many things better left to businesses and individuals,Was about right,Less than 100k,"$30,000 or more",Less than 50k,Less than 50 thousand,"Under $50,000","$30,000-$49,999","Under $50,000 and white",No,Yes,Worried,Very worried,Approve,Somewhat approve,45+,65+,Democrat,Non-black Democrat,White Democrat,Democrat,Democratic Men,White Democrat,Moderate,36.0,Moderate/Conservative Democrats,Mod/Conserv. Democrats,White,White,State questionnaire,White,White,Midwest,Disapprove,The Democratic Party,Male,White men,Married men,,,South Dakota,Election day exit poll,Before that,Before that,Before that,Before that,Seriously off on the wrong track,Version 1,1.22305595874786,Yes
83326.0,Susan Wismer,Rick Weiland,45-65,60+,60-64,45+,60+,50-64,Non-Black 60+,White 60+,White 45-64,Complete,Call 2,1.0,Postgraduate study,College graduate,More than High school graduate,White college degree,Favorable,Unfavorable,4.0,Government is doing too many things better left to businesses and individuals,Did not go far enough,Less than 100k,"$30,000 or more",50k or more,50 to 100 thousand,"$50,000-$99,999","$50,000-$99,999","Over $50,000 and white",No,Yes,Worried,Somewhat worried,Approve,Strongly approve,45+,18-64,Democrat,Non-black Democrat,White Democrat,Democrat,Democratic Men,White Democrat,Liberal,40.0,Liberal Democrats,Liberal Democrats,White,White,State questionnaire,White,White,Midwest,Disapprove,The Democratic Party,Male,White men,Married men,,,South Dakota,Election day exit poll,Before that,Before that,Before that,Before that,Seriously off on the wrong track,Version 1,1.73945736885071,No
83395.0,Susan Wismer,Rick Weiland,30-44,30-59,30-39,18-44,30-44,30-39,Non-Black 30-44,White 30-44,White 30-44,Complete,Call 2,1.0,Some college/assoc. degree,No college degree,More than High school graduate,White no college degree,Favorable,Unfavorable,4.0,Government is doing too many things better left to businesses and individuals,Was about right,100k or more,"$30,000 or more",50k or more,100 thousand or more,"$100,000-$199,999","$100,000-$199,999","Over $50,000 and white",No,No,Worried,Somewhat worried,Approve,Somewhat approve,18-44,18-64,Independent/Something else,Non-black non-Democrat,White Independent,Something else,Independent Men,White Independent,Moderate,65.0,Moderate/Liberal Republicans,Moderate Independents,White,White,State questionnaire,White,White,Midwest,Disapprove,The Democratic Party,Male,White men,Non married men,,,South Dakota,Election day exit poll,Before that,In the last month,Before that,In the last month,Generally going in the right direction,Version 1,1.01122784614563,No
83536.0,Susan Wismer,Rick Weiland,45-65,60+,60-64,45+,60+,50-64,Non-Black 60+,All others,All others,Complete,Call 2,1.0,Postgraduate study,College graduate,More than High school graduate,Non white college degree,Favorable,Unfavorable,4.0,Government is doing too many things better left to businesses and individuals,Did not go far enough,Less than 100k,"$30,000 or more",50k or more,50 to 100 thousand,"$50,000-$99,999","$50,000-$99,999","Over $50,000 and non white",No,No,Worried,Somewhat worried,Approve,Somewhat approve,45+,18-64,Democrat,Non-black Democrat,All Other,Democrat,Democratic Women,Non-White Democrats,Liberal,65.0,Liberal Democrats,Liberal Democrats,Other,American Indian,State questionnaire,Other,American Indian,Midwest,Disapprove,The Democratic Party,Female,All other races,Non married women,,,South Dakota,Election day exit poll,Before that,Before that,Before that,Before that,Generally going in the right direction,Version 1,0.969229996204376,No
83596.0,Susan Wismer,Rick Weiland,45-65,60+,60-64,45+,60+,50-64,Non-Black 60+,White 60+,White 45-64,Complete,Call 2,1.0,Some college/assoc. degree,No college degree,More than High school graduate,White no college degree,Favorable,Unfavorable,4.0,Government is doing too many things better left to businesses and individuals,Was about right,Less than 100k,"$30,000 or more",Less than 50k,Less than 50 thousand,"Under $50,000","$30,000-$49,999","Under $50,000 and white",No,Yes,Worried,Somewhat worried,Approve,Somewhat approve,45+,18-64,Democrat,Non-black Democrat,White Democrat,Democrat,Democratic Women,White Democrat,Moderate,40.0,Moderate/Conservative Democrats,Mod/Conserv. Democrats,White,White,State questionnaire,White,White,Midwest,Disapprove,The Democratic Party,Female,White women,Married women,,,South Dakota,Election day exit poll,Before that,Before that,Before that,Before that,Seriously off on the wrong track,Version 1,1.65846014022827,Yes
84535.0,Susan Wismer,Rick Weiland,30-44,30-59,40-44,18-44,30-44,40-49,Non-Black 30-44,White 30-44,White 30-44,Complete,Call 2,1.0,Some college/assoc. degree,No college degree,More than High school graduate,White no college degree,Favorable,Unfavorable,4.0,Government is doing too many things better left to businesses and individuals,Went too far,100k or more,"$30,000 or more",50k or more,100 thousand or more,"$100,000-$199,999","$100,000-$199,999","Over $50,000 and white",No,No,Worried,Somewhat worried,Approve,Somewhat approve,18-44,18-64,Democrat,Non-black Democrat,White Democrat,Democrat,Democratic Women,White Democrat,Moderate,65.0,Moderate/Conservative Democrats,Mod/Conserv. Democrats,White,White,State questionnaire,White,White,Midwest,Disapprove,The Democratic Party,Female,White women,Non married women,,,South Dakota,Election day exit poll,Before that,In the last month,In the last week,In the last week,Seriously off on the wrong track,Version 1,0.964140474796295,No
96753.0,Susan Wismer,Rick Weiland,65+,60+,65 or over,45+,60+,65+,Non-Black 60+,White 60+,White 65+,Complete,Call 3,1.0,Some college/assoc. degree,No college degree,More than High school graduate,White no college degree,Favorable,Unfavorable,2.0,Government is doing too many things better left to businesses and individuals,Was about right,Less than 100k,"$30,000 or more",Less than 50k,Less than 50 thousand,"Under $50,000","$30,000-$49,999","Under $50,000 and white",No,Yes,Worried,Very worried,Approve,Somewhat approve,45+,65+,Democrat,Non-black Democrat,White Democrat,Democrat,Democratic Women,White Democrat,Moderate,36.0,Moderate/Conservative Democrats,Mod/Conserv. Democrats,White,White,State questionnaire,White,White,Midwest,Disapprove,The Democratic Party,Female,White women,Married women,,,South Dakota,Election day exit poll,Before that,Before that,Before that,Before that,Seriously off on the wrong track,Version 1,1.16610479354858,Yes
97129.0,Susan Wismer,Rick Weiland,45-65,30-59,50-59,45+,45-59,50-64,Black 45-59,Black 45-59,Black 45-64,Complete,Call 3,1.0,Postgraduate study,College graduate,More than High school graduate,Non white college degree,Favorable,Unfavorable,2.0,Government is doing too many things better left to businesses and individuals,Omit,100k or more,"$30,000 or more",50k or more,100 thousand or more,"$100,000-$199,999","$100,000-$199,999","Over $50,000 and non white",No,Yes,Not worried,Not at all worried,Approve,Strongly approve,45+,18-64,Independent/Something else,Black non-Democrat,Black Independent,Independent,Independent Men,All others,Liberal,36.0,Moderate/Liberal Republicans,Liberal Independents,Black,Black,State questionnaire,Black,Black,Midwest,Disapprove,The Democratic Party,Male,Black men,Married men,,,South Dakota,Election day exit poll,Before that,In the last month,Before that,In the last month,Generally going in the right direction,Version 1,0.903343081474304,No
97986.0,Susan Wismer,Rick Weiland,65+,60+,65 or over,45+,60+,65+,Non-Black 60+,White 60+,White 65+,Complete,Call 3,1.0,Postgraduate study,College graduate,More than High school graduate,White college degree,Favorable,Unfavorable,3.0,Government is doing too many things better left to businesses and individuals,Did not go far enough,Less than 100k,"Under $30,000",Less than 50k,Less than 50 thousand,"Under $50,000","Under $30,000","Under $50,000 and white",No,Yes,Worried,Somewhat worried,Approve,Strongly approve,45+,65+,Democrat,Non-black Democrat,White Democrat,Democrat,Democratic Women,White Democrat,Moderate,7.0,Moderate/Conservative Democrats,Mod/Conserv. Democrats,White,White,State questionnaire,White,White,Midwest,Disapprove,The Democratic Party,Female,White women,Married women,,,South Dakota,Election day exit poll,Before that,Before that,Before that,Before that,Seriously off on the wrong track,Version 1,1.00852310657501,No
98116.0,Susan Wismer,Rick Weiland,18-29,18-29,25-29,18-44,18-29,25-29,Non-Black 18-29,White 18-29,White 18-29,Complete,Call 3,1.0,Some college/assoc. degree,No college degree,More than High school graduate,White no college degree,Favorable,Unfavorable,2.0,Government is doing too many things better left to businesses and individuals,Was about right,Less than 100k,"$30,000 or more",Less than 50k,Less than 50 thousand,"Under $50,000","$30,000-$49,999","Under $50,000 and white",No,Yes,Worried,Somewhat worried,Approve,Strongly approve,18-44,18-64,Democrat,Non-black Democrat,White Democrat,Democrat,Democratic Women,White Democrat,Moderate,36.0,Moderate/Conservative Democrats,Mod/Conserv. Democrats,White,White,State questionnaire,White,White,Midwest,Disapprove,The Democratic Party,Female,White women,Married women,,,South Dakota,Election day exit poll,Before that,Before that,Before that,Before that,Generally going in the right direction,Version 1,1.63914453983307,Yes
98464.0,Susan Wismer,Rick Weiland,30-44,30-59,30-39,18-44,30-44,30-39,Black 30-44,Black 30-44,Black 30-44,Complete,Call 3,1.0,College graduate,College graduate,More than High school graduate,Non white college degree,Favorable,Unfavorable,3.0,Government is doing too many things better left to businesses and individuals,Was about right,Less than 100k,"$30,000 or more",50k or more,50 to 100 thousand,"$50,000-$99,999","$50,000-$99,999","Over $50,000 and non white",No,No,Not worried,Not too worried,Approve,Strongly approve,18-44,18-64,Democrat,Black Democrat,Black Democrat,Democrat,Democratic Women,Non-White Democrats,Moderate,7.0,Moderate/Conservative Democrats,Mod/Conserv. Democrats,Black,Black,State questionnaire,Black,Black,Midwest,Disapprove,The Democratic Party,Female,Black women,Non married women,,,South Dakota,Election day exit poll,Before that,Before that,Before that,Before that,Generally going in the right direction,Version 1,0.744890153408051,No
98589.0,Susan Wismer,Rick Weiland,18-29,18-29,25-29,18-44,18-29,25-29,Non-Black 18-29,White 18-29,White 18-29,Complete,Call 3,1.0,Postgraduate study,College graduate,More than High school graduate,White college degree,Favorable,Unfavorable,3.0,Government is doing too many things better left to businesses and individuals,Did not go far enough,100k or more,"$30,000 or more",50k or more,100 thousand or more,"$100,000-$199,999","$100,000-$199,999","Over $50,000 and white",No,Yes,Not worried,Not too worried,Approve,Somewhat approve,18-44,18-64,Democrat,Non-black Democrat,White Democrat,Democrat,Democratic Men,White Democrat,Moderate,26.0,Moderate/Conservative Democrats,Mod/Conserv. Democrats,White,White,State questionnaire,White,White,Midwest,Disapprove,The Democratic Party,Male,White men,Married men,,,South Dakota,Election day exit poll,Before that,In the last month,In the last week,In the last week,Generally going in the right direction,Version 1,1.59461867809296,No
98678.0,Susan Wismer,Rick Weiland,30-44,30-59,40-44,18-44,30-44,40-49,Non-Black 30-44,White 30-44,White 30-44,Complete,Call 3,1.0,College graduate,College graduate,More than High school graduate,White college degree,Favorable,Unfavorable,4.0,Government is doing too many things better left to businesses and individuals,Was about right,Less than 100k,"$30,000 or more",Less than 50k,Less than 50 thousand,"Under $50,000","$30,000-$49,999","Under $50,000 and white",No,Yes,Worried,Very worried,Approve,Somewhat approve,18-44,18-64,Democrat,Non-black Democrat,White Democrat,Democrat,Democratic Women,White Democrat,Moderate,65.0,Moderate/Conservative Democrats,Mod/Conserv. Democrats,White,White,State questionnaire,White,White,Midwest,Disapprove,The Democratic Party,Female,White women,Married women,,,South Dakota,Election day exit poll,Before that,Before that,Before that,Before that,Seriously off on the wrong track,Version 1,0.964140474796295,No
3747.0,Susan Wismer,Rick Weiland,45-65,30-59,50-59,45+,45-59,50-64,Non-Black 45-59,White 45-59,White 45-64,Complete,,1.0,College graduate,College graduate,More than High school graduate,White college degree,Unfavorable,Unfavorable,1.0,Government is doing too many things better left to businesses and individuals,Did not go far enough,100k or more,"$30,000 or more",50k or more,100 thousand or more,"$100,000-$199,999","$100,000-$199,999","Over $50,000 and white",No,Yes,Worried,Somewhat worried,Approve,Somewhat approve,45+,18-64,Democrat,Non-black Democrat,White Democrat,Democrat,Democratic Women,White Democrat,Conservative,,Moderate/Conservative Democrats,Mod/Conserv. Democrats,White,White,State questionnaire,White,White,Midwest,Disapprove,The Democratic Party,Female,White women,Married women,Suburbs,Suburbs,South Dakota,Telephone survey,Before that,In the last month,Before that,In the last month,Seriously off on the wrong track,Version 1,0.689029693603516,No
3769.0,Susan Wismer,Rick Weiland,65+,60+,65 or over,45+,60+,65+,Non-Black 60+,White 60+,White 65+,Complete,,1.0,Postgraduate study,College graduate,More than High school graduate,White college degree,Unfavorable,Unfavorable,3.0,Government is doing too many things better left to businesses and individuals,Was about right,Less than 100k,"Under $30,000",Less than 50k,Less than 50 thousand,"Under $50,000","Under $30,000","Under $50,000 and white",No,No,Worried,Very worried,Disapprove,Strongly disapprove,45+,65+,Democrat,Non-black Democrat,White Democrat,Democrat,Democratic Men,White Democrat,Liberal,,Liberal Democrats,Liberal Democrats,White,White,State questionnaire,White,White,Midwest,Disapprove,The Democratic Party,Male,White men,Non married men,Rural,Small Cities/Rural,South Dakota,Telephone survey,Before that,In the last month,Before that,In the last month,Seriously off on the wrong track,Version 1,0.165346831083298,No
63484.0,Susan Wismer,Rick Weiland,65+,60+,65 or over,45+,60+,65+,Non-Black 60+,White 60+,White 65+,Complete,Call 1,1.0,Postgraduate study,College graduate,More than High school graduate,White college degree,Unfavorable,Unfavorable,3.0,Government is doing too many things better left to businesses and individuals,Went too far,Less than 100k,"$30,000 or more",50k or more,50 to 100 thousand,"$50,000-$99,999","$50,000-$99,999","Over $50,000 and white",No,Yes,Worried,Very worried,Approve,Somewhat approve,45+,65+,Republican,Non-black non-Democrat,All Republicans,Republican,Republican Women,White Republican,Conservative,26.0,Independent/Something else,Conservative Republicans,White,White,State questionnaire,White,White,Midwest,Disapprove,Does not matter to me,Female,White women,Married women,,,South Dakota,Election day exit poll,Before that,In the last month,Before that,In the last month,Seriously off on the wrong track,Version 1,1.08160448074341,No
65940.0,Susan Wismer,Rick Weiland,65+,60+,65 or over,45+,60+,65+,Non-Black 60+,White 60+,White 65+,Complete,Call 1,1.0,High school graduate,No college degree,High school graduate or less,White no college degree,Unfavorable,Unfavorable,4.0,Government is doing too many things better left to businesses and individuals,Did not go far enough,Less than 100k,"Under $30,000",Less than 50k,Less than 50 thousand,"Under $50,000","Under $30,000","Under $50,000 and white",No,No,Worried,Somewhat worried,Approve,Somewhat approve,45+,65+,Democrat,Non-black Democrat,White Democrat,Democrat,Democratic Men,White Democrat,Moderate,65.0,Moderate/Conservative Democrats,Mod/Conserv. Democrats,White,White,State questionnaire,White,White,Midwest,Disapprove,The Democratic Party,Male,White men,Non married men,,,South Dakota,Election day exit poll,In the last three days,In the last month,In the last week,In the last three days,Generally going in the right direction,Version 1,1.01656603813171,Yes
3848.0,Susan Wismer,Rick Weiland,65+,60+,65 or over,45+,60+,65+,Non-Black 60+,White 60+,White 65+,Complete,,1.0,High school graduate,No college degree,High school graduate or less,White no college degree,Favorable,Omit,3.0,Government is doing too many things better left to businesses and individuals,Omit,Less than 100k,"Under $30,000",Less than 50k,Less than 50 thousand,"Under $50,000","Under $30,000","Under $50,000 and white",No,No,Worried,Somewhat worried,Disapprove,Somewhat disapprove,45+,65+,Democrat,Non-black Democrat,White Democrat,Democrat,Democratic Women,White Democrat,Conservative,,Moderate/Conservative Democrats,Mod/Conserv. Democrats,White,White,State questionnaire,White,White,Midwest,Disapprove,The Democratic Party,Female,White women,Non married women,Rural,Small Cities/Rural,South Dakota,Telephone survey,Before that,In the last month,In the last week,In the last week,Seriously off on the wrong track,Version 1,0.124576404690742,Yes
3909.0,Susan Wismer,Rick Weiland,45-65,30-59,50-59,45+,45-59,50-64,Non-Black 45-59,White 45-59,White 45-64,Complete,,1.0,Postgraduate study,College graduate,More than High school graduate,White college degree,Favorable,Omit,2.0,Government is doing too many things better left to businesses and individuals,Was about right,Less than 100k,"$30,000 or more",Less than 50k,Less than 50 thousand,"Under $50,000","$30,000-$49,999","Under $50,000 and white",No,Yes,Worried,Very worried,Approve,Strongly approve,45+,18-64,Democrat,Non-black Democrat,White Democrat,Democrat,Democratic Women,White Democrat,Moderate,,Moderate/Conservative Democrats,Mod/Conserv. Democrats,White,White,State questionnaire,White,White,Midwest,Disapprove,The Democratic Party,Female,White women,Married women,Rural,Small Cities/Rural,South Dakota,Telephone survey,Before that,Before that,Before that,Before that,Seriously off on the wrong track,Version 1,1.25120437145233,No
65816.0,Susan Wismer,Rick Weiland,65+,60+,65 or over,45+,60+,65+,Non-Black 60+,White 60+,White 65+,Complete,Call 1,1.0,,,,,Omit,Omit,4.0,Government is doing too many things better left to businesses and individuals,Went too far,Less than 100k,"Under $30,000",Less than 50k,Less than 50 thousand,"Under $50,000","Under $30,000","Under $50,000 and white",No,Yes,Worried,Very worried,Disapprove,Strongly disapprove,45+,65+,Independent/Something else,Non-black non-Democrat,White Independent,Independent,Independent Women,White Independent,Moderate,65.0,Moderate/Liberal Republicans,Moderate Independents,White,White,State questionnaire,White,White,Midwest,Omit,Does not matter to me,Female,White women,Married women,,,South Dakota,Election day exit poll,Before that,Before that,Before that,Before that,Seriously off on the wrong track,Version 1,0.969229996204376,
96410.0,Susan Wismer,Rick Weiland,45-65,30-59,45-49,45+,45-59,40-49,Non-Black 45-59,White 45-59,White 45-64,Complete,Call 3,1.0,Some college/assoc. degree,No college degree,More than High school graduate,White no college degree,Unfavorable,Favorable,1.0,Omit,Omit,Less than 100k,"$30,000 or more",50k or more,50 to 100 thousand,"$50,000-$99,999","$50,000-$99,999","Over $50,000 and white",No,Yes,Worried,Very worried,Disapprove,Somewhat disapprove,45+,18-64,Republican,Non-black non-Democrat,All Republicans,Republican,Republican Men,White Republican,Moderate,56.0,Conservative Republicans,Mod./Liberal Republicans,White,White,State questionnaire,White,White,Midwest,Disapprove,Does not matter to me,Male,White men,Married men,,,South Dakota,Election day exit poll,Before that,Before that,Before that,Before that,Generally going in the right direction,Version 1,1.28088116645813,No
3695.0,Susan Wismer,Rick Weiland,65+,60+,65 or over,45+,60+,65+,Non-Black 60+,White 60+,White 65+,Complete,,1.0,Postgraduate study,College graduate,More than High school graduate,White college degree,Favorable,Unfavorable,4.0,Omit,Was about right,100k or more,"$30,000 or more",50k or more,100 thousand or more,"$100,000-$199,999","$100,000-$199,999","Over $50,000 and white",No,Yes,Not worried,Not too worried,Approve,Somewhat approve,45+,65+,Independent/Something else,Non-black non-Democrat,White Independent,Independent,Independent Men,White Independent,Moderate,,Moderate/Liberal Republicans,Moderate Independents,White,White,State questionnaire,White,White,Midwest,Disapprove,The Democratic Party,Male,White men,Married men,"Cities 50,000-500,000","Cities over 50,000",South Dakota,Telephone survey,Before that,Before that,Before that,Before that,Omit,Version 1,0.214942947030067,No
3724.0,Susan Wismer,Rick Weiland,65+,60+,65 or over,45+,60+,65+,Non-Black 60+,White 60+,White 65+,Complete,,1.0,High school graduate,No college degree,High school graduate or less,White no college degree,Favorable,Unfavorable,1.0,Omit,Went too far,100k or more,"$30,000 or more",50k or more,100 thousand or more,"$100,000-$199,999","$100,000-$199,999","Over $50,000 and white",No,Yes,Not worried,Not too worried,Approve,Somewhat approve,45+,65+,Independent/Something else,Non-black non-Democrat,White Independent,Independent,Independent Women,White Independent,Liberal,,Moderate/Liberal Republicans,Liberal Independents,White,White,State questionnaire,White,White,Midwest,Disapprove,The Democratic Party,Female,White women,Married women,"Cities 50,000-500,000","Cities over 50,000",South Dakota,Telephone survey,Omit,Omit,Omit,Omit,Generally going in the right direction,Version 1,0.447471559047699,No
3759.0,Susan Wismer,Rick Weiland,65+,60+,65 or over,45+,60+,65+,Non-Black 60+,White 60+,White 65+,Complete,,1.0,High school graduate,No college degree,High school graduate or less,White no college degree,Favorable,Unfavorable,3.0,Omit,Omit,Less than 100k,"Under $30,000",Less than 50k,Less than 50 thousand,"Under $50,000","Under $30,000","Under $50,000 and white",No,No,Not worried,Not too worried,Approve,Somewhat approve,45+,65+,Democrat,Non-black Democrat,White Democrat,Democrat,Democratic Women,White Democrat,Moderate,,Moderate/Conservative Democrats,Mod/Conserv. Democrats,White,White,State questionnaire,White,White,Midwest,Disapprove,The Democratic Party,Female,White women,Non married women,Rural,Small Cities/Rural,South Dakota,Telephone survey,Before that,Before that,Before that,Before that,Generally going in the right direction,Version 1,0.249152809381485,Yes
3813.0,Susan Wismer,Rick Weiland,65+,60+,65 or over,45+,60+,65+,,,,Complete,,1.0,High school graduate,No college degree,High school graduate or less,,Favorable,Unfavorable,4.0,Omit,Was about right,,,,,,,,No,Yes,Worried,Somewhat worried,Approve,Somewhat approve,45+,65+,Democrat,,,Democrat,Democratic Men,,Moderate,,Moderate/Conservative Democrats,Mod/Conserv. Democrats,,,State questionnaire,,,Midwest,Disapprove,The Democratic Party,Male,,Married men,"Cities 50,000-500,000","Cities over 50,000",South Dakota,Telephone survey,Before that,In the last month,Before that,In the last month,Generally going in the right direction,Version 1,0.586749196052551,
3827.0,Susan Wismer,Rick Weiland,65+,60+,65 or over,45+,60+,65+,Non-Black 60+,White 60+,White 65+,Complete,,1.0,Postgraduate study,College graduate,More than High school graduate,White college degree,Favorable,Unfavorable,3.0,Omit,Was about right,Less than 100k,"$30,000 or more",Less than 50k,Less than 50 thousand,"Under $50,000","$30,000-$49,999","Under $50,000 and white",No,Yes,Worried,Somewhat worried,Approve,Strongly approve,45+,65+,Democrat,Non-black Democrat,White Democrat,Democrat,Democratic Women,White Democrat,Moderate,,Moderate/Conservative Democrats,Mod/Conserv. Democrats,White,White,State questionnaire,White,White,Midwest,Disapprove,The Democratic Party,Female,White women,Married women,Rural,Small Cities/Rural,South Dakota,Telephone survey,Before that,In the last month,Before that,In the last month,Seriously off on the wrong track,Version 1,0.49830561876297,No
3855.0,Susan Wismer,Rick Weiland,65+,60+,65 or over,45+,60+,65+,Non-Black 60+,White 60+,White 65+,Complete,,1.0,Some college/assoc. degree,No college degree,More than High school graduate,White no college degree,Favorable,Unfavorable,3.0,Omit,Was about right,Less than 100k,"$30,000 or more",Less than 50k,Less than 50 thousand,"Under $50,000","$30,000-$49,999","Under $50,000 and white",No,Yes,Worried,Very worried,Approve,Strongly approve,45+,65+,Democrat,Non-black Democrat,White Democrat,Democrat,Democratic Women,White Democrat,Moderate,,Moderate/Conservative Democrats,Mod/Conserv. Democrats,White,White,State questionnaire,White,White,Midwest,Disapprove,The Democratic Party,Female,White women,Married women,Rural,Small Cities/Rural,South Dakota,Telephone survey,Before that,Before that,Before that,Before that,Seriously off on the wrong track,Version 1,0.249152809381485,Yes
3890.0,Susan Wismer,Rick Weiland,65+,60+,65 or over,45+,60+,65+,Non-Black 60+,White 60+,White 65+,Complete,,1.0,College graduate,College graduate,More than High school graduate,White college degree,Favorable,Unfavorable,2.0,Omit,Did not go far enough,Less than 100k,"$30,000 or more",Less than 50k,Less than 50 thousand,"Under $50,000","$30,000-$49,999","Under $50,000 and white",No,No,Not worried,Not too worried,Approve,Strongly approve,45+,65+,Democrat,Non-black Democrat,White Democrat,Democrat,Democratic Women,White Democrat,Liberal,,Liberal Democrats,Liberal Democrats,White,White,State questionnaire,White,White,Midwest,Disapprove,The Democratic Party,Female,White women,Non married women,Rural,Small Cities/Rural,South Dakota,Telephone survey,Before that,Before that,Before that,Before that,Generally going in the right direction,Version 1,0.291238278150558,No
3908.0,Susan Wismer,Rick Weiland,65+,60+,65 or over,45+,60+,65+,Non-Black 60+,White 60+,White 65+,Complete,,1.0,Some college/assoc. degree,No college degree,More than High school graduate,White no college degree,Favorable,Unfavorable,4.0,Omit,Was about right,,,,,,,,No,Yes,Worried,Somewhat worried,Approve,Somewhat approve,45+,65+,Democrat,Non-black Democrat,White Democrat,Democrat,Democratic Women,White Democrat,Moderate,,Moderate/Conservative Democrats,Mod/Conserv. Democrats,White,White,State questionnaire,White,White,Midwest,Disapprove,The Democratic Party,Female,White women,Married women,"Cities 50,000-500,000","Cities over 50,000",South Dakota,Telephone survey,Before that,Before that,Before that,Before that,Seriously off on the wrong track,Version 1,0.464350402355194,
60381.0,Susan Wismer,Rick Weiland,45-65,30-59,50-59,45+,45-59,50-64,Non-Black 45-59,White 45-59,White 45-64,Complete,Call 1,1.0,Some college/assoc. degree,No college degree,More than High school graduate,White no college degree,Favorable,Unfavorable,3.0,Omit,,Less than 100k,"$30,000 or more",50k or more,50 to 100 thousand,"$50,000-$99,999","$50,000-$99,999","Over $50,000 and white",No,,,,,,45+,18-64,Democrat,Non-black Democrat,White Democrat,Democrat,Democratic Women,White Democrat,Moderate,9.0,Moderate/Conservative Democrats,Mod/Conserv. Democrats,White,White,National questionnaire,White,White,Midwest,,,Female,White women,,Rural,Small Cities/Rural,South Dakota,Election day exit poll,,,,,Seriously off on the wrong track,Version 4,0.716531336307526,No
63387.0,Susan Wismer,Rick Weiland,30-44,30-59,40-44,18-44,30-44,40-49,Non-Black 30-44,White 30-44,White 30-44,Complete,Call 1,1.0,Postgraduate study,College graduate,More than High school graduate,White college degree,Favorable,Unfavorable,3.0,Omit,Was about right,100k or more,"$30,000 or more",50k or more,100 thousand or more,"$100,000-$199,999","$100,000-$199,999","Over $50,000 and white",No,Yes,Not worried,Not too worried,Approve,Strongly approve,18-44,18-64,Democrat,Non-black Democrat,White Democrat,Democrat,Democratic Men,White Democrat,Moderate,26.0,Moderate/Conservative Democrats,Mod/Conserv. Democrats,White,White,State questionnaire,White,White,Midwest,Disapprove,The Democratic Party,Male,White men,Married men,,,South Dakota,Election day exit poll,Before that,Before that,Before that,Before that,Generally going in the right direction,Version 1,1.12847173213959,No
65046.0,Susan Wismer,Rick Weiland,30-44,30-59,40-44,18-44,30-44,40-49,Non-Black 30-44,White 30-44,White 30-44,Complete,Call 1,1.0,College graduate,College graduate,More than High school graduate,White college degree,Favorable,Unfavorable,4.0,Omit,Was about right,Less than 100k,"$30,000 or more",50k or more,50 to 100 thousand,"$50,000-$99,999","$50,000-$99,999","Over $50,000 and white",No,Yes,Worried,Somewhat worried,Approve,Strongly approve,18-44,18-64,Democrat,Non-black Democrat,White Democrat,Democrat,Democratic Women,White Democrat,Liberal,40.0,Liberal Democrats,Liberal Democrats,White,White,State questionnaire,White,White,Midwest,Disapprove,The Democratic Party,Female,White women,Married women,,,South Dakota,Election day exit poll,Before that,Before that,Before that,Before that,Seriously off on the wrong track,Version 1,1.64975142478943,No
65830.0,Susan Wismer,Rick Weiland,45-65,60+,60-64,45+,60+,50-64,Non-Black 60+,White 60+,White 45-64,Complete,Call 1,1.0,College graduate,College graduate,More than High school graduate,White college degree,Favorable,Unfavorable,2.0,Omit,Did not go far enough,,,,,,,,No,,Omit,Omit,Approve,Strongly approve,45+,18-64,Independent/Something else,Non-black non-Democrat,White Independent,Independent,Independent Women,White Independent,Liberal,5.0,Moderate/Liberal Republicans,Liberal Independents,White,White,State questionnaire,White,White,Midwest,Disapprove,The Democratic Party,Female,White women,,,,South Dakota,Election day exit poll,Before that,In the last month,Before that,In the last month,Generally going in the right direction,Version 1,1.38205015659332,No
65843.0,Susan Wismer,Rick Weiland,65+,60+,65 or over,45+,60+,65+,Non-Black 60+,White 60+,White 65+,Complete,Call 1,1.0,High school graduate,No college degree,High school graduate or less,White no college degree,Favorable,Unfavorable,4.0,Omit,Did not go far enough,Less than 100k,"Under $30,000",Less than 50k,Less than 50 thousand,"Under $50,000","Under $30,000","Under $50,000 and white",No,No,Worried,Very worried,Disapprove,Somewhat disapprove,45+,65+,Democrat,Non-black Democrat,White Democrat,Democrat,Democratic Women,White Democrat,Conservative,65.0,Moderate/Conservative Democrats,Mod/Conserv. Democrats,White,White,State questionnaire,White,White,Midwest,Disapprove,The Democratic Party,Female,White women,Non married women,,,South Dakota,Election day exit poll,Before that,Before that,Before that,Before that,Seriously off on the wrong track,Version 1,0.969229996204376,Yes
65875.0,Susan Wismer,Rick Weiland,65+,60+,65 or over,45+,60+,65+,Non-Black 60+,White 60+,White 65+,Complete,Call 1,1.0,Some college/assoc. degree,No college degree,More than High school graduate,White no college degree,Favorable,Unfavorable,4.0,Omit,Was about right,Less than 100k,"Under $30,000",Less than 50k,Less than 50 thousand,"Under $50,000","Under $30,000","Under $50,000 and white",No,No,Worried,Somewhat worried,Approve,Somewhat approve,45+,65+,Democrat,Non-black Democrat,White Democrat,Democrat,Democratic Women,White Democrat,Moderate,65.0,Moderate/Conservative Democrats,Mod/Conserv. Democrats,White,White,State questionnaire,White,White,Midwest,Disapprove,The Democratic Party,Female,White women,Non married women,,,South Dakota,Election day exit poll,Before that,Before that,Before that,Before that,Generally going in the right direction,Version 1,0.969229996204376,Yes
65943.0,Susan Wismer,Rick Weiland,65+,60+,65 or over,45+,60+,65+,Non-Black 60+,White 60+,White 65+,Complete,Call 1,1.0,Some college/assoc. degree,No college degree,More than High school graduate,White no college degree,Favorable,Unfavorable,2.0,Omit,Did not go far enough,,,,,,,,No,Yes,Not worried,Not too worried,Approve,Somewhat approve,45+,65+,Democrat,Non-black Democrat,White Democrat,Democrat,Democratic Women,White Democrat,Moderate,5.0,Moderate/Conservative Democrats,Mod/Conserv. Democrats,White,White,State questionnaire,White,White,Midwest,Disapprove,The Democratic Party,Female,White women,Married women,,,South Dakota,Election day exit poll,Before that,Before that,Before that,Before that,Seriously off on the wrong track,Version 1,1.38205015659332,
65944.0,Susan Wismer,Rick Weiland,65+,60+,65 or over,45+,60+,65+,Non-Black 60+,White 60+,White 65+,Complete,Call 1,1.0,Some college/assoc. degree,No college degree,More than High school graduate,White no college degree,Favorable,Unfavorable,2.0,Omit,Did not go far enough,,,,,,,,No,Yes,Not worried,Not too worried,Approve,Somewhat approve,45+,65+,Democrat,Non-black Democrat,White Democrat,Democrat,Democratic Women,White Democrat,Moderate,5.0,Moderate/Conservative Democrats,Mod/Conserv. Democrats,White,White,State questionnaire,White,White,Midwest,Disapprove,The Democratic Party,Female,White women,Married women,,,South Dakota,Election day exit poll,Before that,Before that,Before that,Before that,Seriously off on the wrong track,Version 1,1.38205015659332,
81018.0,Susan Wismer,Rick Weiland,65+,60+,65 or over,45+,60+,65+,Non-Black 60+,White 60+,White 65+,Complete,Call 2,1.0,Some college/assoc. degree,No college degree,More than High school graduate,White no college degree,Favorable,Unfavorable,2.0,Omit,Did not go far enough,Less than 100k,"$30,000 or more",Less than 50k,Less than 50 thousand,"Under $50,000","$30,000-$49,999","Under $50,000 and white",No,Yes,Worried,Very worried,Approve,Strongly approve,45+,65+,Democrat,Non-black Democrat,White Democrat,Democrat,Democratic Women,White Democrat,Moderate,36.0,Moderate/Conservative Democrats,Mod/Conserv. Democrats,White,White,State questionnaire,White,White,Midwest,Disapprove,The Democratic Party,Female,White women,Married women,,,South Dakota,Election day exit poll,Before that,Before that,Before that,Before that,Omit,Version 1,1.16610479354858,Yes
82406.0,Susan Wismer,Rick Weiland,65+,60+,65 or over,45+,60+,65+,Non-Black 60+,White 60+,White 65+,Complete,Call 2,1.0,Postgraduate study,College graduate,More than High school graduate,White college degree,Favorable,Unfavorable,2.0,Omit,Did not go far enough,100k or more,"$30,000 or more",50k or more,100 thousand or more,"$100,000-$199,999","$100,000-$199,999","Over $50,000 and white",No,Yes,Worried,Somewhat worried,Approve,Somewhat approve,45+,65+,Independent/Something else,Non-black non-Democrat,White Independent,Independent,Independent Women,White Independent,Moderate,5.0,Moderate/Liberal Republicans,Moderate Independents,White,White,State questionnaire,White,White,Midwest,Disapprove,The Democratic Party,Female,White women,Married women,,,South Dakota,Election day exit poll,Before that,Before that,Before that,Before that,Seriously off on the wrong track,Version 1,1.38205015659332,No
83073.0,Susan Wismer,Rick Weiland,30-44,30-59,30-39,18-44,30-44,30-39,Non-Black 30-44,White 30-44,White 30-44,Complete,Call 2,1.0,Some college/assoc. degree,No college degree,More than High school graduate,White no college degree,Favorable,Unfavorable,4.0,Omit,Omit,Less than 100k,"$30,000 or more",50k or more,50 to 100 thousand,"$50,000-$99,999","$50,000-$99,999","Over $50,000 and white",No,No,Worried,Somewhat worried,Approve,Somewhat approve,18-44,18-64,Independent/Something else,Non-black non-Democrat,White Independent,Something else,Independent Women,White Independent,Liberal,65.0,Moderate/Liberal Republicans,Liberal Independents,White,White,State questionnaire,White,White,Midwest,Omit,The Democratic Party,Female,White women,Non married women,,,South Dakota,Election day exit poll,Before that,Before that,Before that,Before that,Seriously off on the wrong track,Version 1,0.964140474796295,No
83493.0,Susan Wismer,Rick Weiland,45-65,60+,60-64,45+,60+,50-64,Non-Black 60+,White 60+,White 45-64,Complete,Call 2,1.0,Postgraduate study,College graduate,More than High school graduate,White college degree,Favorable,Unfavorable,4.0,Omit,Was about right,Less than 100k,"$30,000 or more",50k or more,50 to 100 thousand,"$50,000-$99,999","$50,000-$99,999","Over $50,000 and white",No,Yes,Not worried,Not too worried,Approve,Somewhat approve,45+,18-64,Independent/Something else,Non-black non-Democrat,White Independent,Independent,Independent Women,White Independent,Liberal,40.0,Moderate/Liberal Republicans,Liberal Independents,White,White,State questionnaire,White,White,Midwest,Disapprove,The Democratic Party,Female,White women,Married women,,,South Dakota,Election day exit poll,Before that,In the last month,Before that,In the last month,Seriously off on the wrong track,Version 1,1.65846014022827,No
84005.0,Susan Wismer,Rick Weiland,30-44,30-59,40-44,18-44,30-44,40-49,Non-Black 30-44,White 30-44,White 30-44,Complete,Call 2,1.0,College graduate,College graduate,More than High school graduate,White college degree,Favorable,Unfavorable,4.0,Omit,Did not go far enough,Less than 100k,"$30,000 or more",50k or more,50 to 100 thousand,"$50,000-$99,999","$50,000-$99,999","Over $50,000 and white",No,No,Not worried,Not too worried,Approve,Strongly approve,18-44,18-64,Democrat,Non-black Democrat,White Democrat,Democrat,Democratic Women,White Democrat,Liberal,65.0,Liberal Democrats,Liberal Democrats,White,White,State questionnaire,White,White,Midwest,Omit,The Democratic Party,Female,White women,Non married women,,,South Dakota,Election day exit poll,Before that,Before that,Before that,Before that,Omit,Version 1,0.964140474796295,No
95714.0,Susan Wismer,Rick Weiland,45-65,30-59,50-59,45+,45-59,50-64,Non-Black 45-59,White 45-59,White 45-64,Complete,Call 3,1.0,Postgraduate study,College graduate,More than High school graduate,White college degree,Favorable,Unfavorable,1.0,Omit,Did not go far enough,Less than 100k,"$30,000 or more",Less than 50k,Less than 50 thousand,"Under $50,000","$30,000-$49,999","Under $50,000 and white",No,No,Worried,Somewhat worried,Approve,Somewhat approve,45+,18-64,Independent/Something else,Non-black non-Democrat,White Independent,Independent,Independent Women,White Independent,Liberal,53.0,Moderate/Liberal Republicans,Liberal Independents,White,White,State questionnaire,White,White,Midwest,Disapprove,The Democratic Party,Female,White women,Non married women,,,South Dakota,Election day exit poll,In the last three days,In the last month,In the last week,In the last three days,Generally going in the right direction,Version 1,1.09174728393555,No
3748.0,Susan Wismer,Rick Weiland,65+,60+,65 or over,45+,60+,65+,Non-Black 60+,White 60+,White 65+,Complete,,1.0,High school graduate,No college degree,High school graduate or less,White no college degree,Unfavorable,Unfavorable,1.0,Omit,Did not go far enough,Less than 100k,"$30,000 or more",50k or more,50 to 100 thousand,"$50,000-$99,999","$50,000-$99,999","Over $50,000 and white",No,Yes,Not worried,Not at all worried,Disapprove,Somewhat disapprove,45+,65+,Independent/Something else,Non-black non-Democrat,White Independent,Independent,Independent Men,White Independent,Moderate,,Moderate/Liberal Republicans,Moderate Independents,White,White,State questionnaire,White,White,Midwest,Disapprove,The Democratic Party,Male,White men,Married men,Suburbs,Suburbs,South Dakota,Telephone survey,Before that,Before that,Before that,Before that,Seriously off on the wrong track,Version 1,0.419425964355469,No
3918.0,Susan Wismer,Rick Weiland,65+,60+,65 or over,45+,60+,65+,Non-Black 60+,White 60+,White 65+,Complete,,1.0,College graduate,College graduate,More than High school graduate,White college degree,Unfavorable,Unfavorable,3.0,Omit,Did not go far enough,Less than 100k,"$30,000 or more",50k or more,50 to 100 thousand,"$50,000-$99,999","$50,000-$99,999","Over $50,000 and white",No,Yes,Not worried,Not at all worried,Approve,Strongly approve,45+,65+,Independent/Something else,Non-black non-Democrat,White Independent,Independent,Independent Men,White Independent,Liberal,,Moderate/Liberal Republicans,Liberal Independents,White,White,State questionnaire,White,White,Midwest,Disapprove,The Democratic Party,Male,White men,Married men,Rural,Small Cities/Rural,South Dakota,Telephone survey,Before that,In the last month,Before that,In the last month,Seriously off on the wrong track,Version 1,0.230660453438759,No
3860.0,Susan Wismer,Rick Weiland,65+,60+,65 or over,45+,60+,65+,Non-Black 60+,White 60+,White 65+,Complete,,1.0,Postgraduate study,College graduate,More than High school graduate,White college degree,Favorable,Omit,4.0,Omit,Was about right,,,,,,,,No,No,Not worried,Not at all worried,Approve,Strongly approve,45+,65+,Democrat,Non-black Democrat,White Democrat,Democrat,Democratic Women,White Democrat,Liberal,,Liberal Democrats,Liberal Democrats,White,White,State questionnaire,White,White,Midwest,Disapprove,The Democratic Party,Female,White women,Non married women,"Cities 50,000-500,000","Cities over 50,000",South Dakota,Telephone survey,Before that,Before that,Before that,Before that,Generally going in the right direction,Version 1,0.232175201177597,No
3907.0,Susan Wismer,Rick Weiland,65+,60+,65 or over,45+,60+,65+,Non-Black 60+,All others,All others,Complete,,1.0,College graduate,College graduate,More than High school graduate,Non white college degree,Favorable,Omit,3.0,Omit,Omit,Less than 100k,"Under $30,000",Less than 50k,Less than 50 thousand,"Under $50,000","Under $30,000","Under $50,000 and non white",No,Yes,Worried,Very worried,Omit,Omit,45+,65+,Democrat,Non-black Democrat,All Other,Democrat,Democratic Women,Non-White Democrats,Moderate,,Moderate/Conservative Democrats,Mod/Conserv. Democrats,Other,American Indian,State questionnaire,Other,American Indian,Midwest,Omit,The Democratic Party,Female,All other races,Married women,Rural,Small Cities/Rural,South Dakota,Telephone survey,Before that,In the last month,In the last week,In the last week,Seriously off on the wrong track,Version 1,0.578114569187164,No
8934.0,Dennis Daugaard,Rick Weiland,30-44,30-59,30-39,18-44,30-44,30-39,Non-Black 30-44,All others,All others,Complete,,1.0,Some college/assoc. degree,No college degree,More than High school graduate,Non white no college degree,,,1.0,,,,,,,,,,No,,,,,,18-44,18-64,Democrat,Non-black Democrat,All Other,Democrat,Democratic Women,Non-White Democrats,Liberal,,Liberal Democrats,Liberal Democrats,Other,Other,National questionnaire,Other,Other,Midwest,,,Female,All other races,,"Cities 50,000-500,000","Cities over 50,000",South Dakota,Telephone survey,,,,,,Version 5,0.316696524620056,No
60844.0,Dennis Daugaard,Rick Weiland,65+,60+,65 or over,45+,60+,65+,Non-Black 60+,White 60+,White 65+,Complete,Call 1,1.0,High school graduate,No college degree,High school graduate or less,White no college degree,,,3.0,,,Less than 100k,"Under $30,000",Less than 50k,Less than 50 thousand,"Under $50,000","Under $30,000","Under $50,000 and white",No,,Worried,Somewhat worried,Approve,Somewhat approve,45+,65+,Democrat,Non-black Democrat,White Democrat,Democrat,Democratic Women,White Democrat,Conservative,9.0,Moderate/Conservative Democrats,Mod/Conserv. Democrats,White,White,National questionnaire,White,White,Midwest,,,Female,White women,,Rural,Small Cities/Rural,South Dakota,Election day exit poll,,,,,,Version 1,0.943887889385223,Yes
80512.0,Dennis Daugaard,Rick Weiland,45-65,30-59,45-49,45+,45-59,40-49,Non-Black 45-59,White 45-59,White 45-64,Complete,Call 2,1.0,Some college/assoc. degree,No college degree,More than High school graduate,White no college degree,,,3.0,,,Less than 100k,"$30,000 or more",Less than 50k,Less than 50 thousand,"Under $50,000","$30,000-$49,999","Under $50,000 and white",No,Yes,,,,,45+,18-64,Democrat,Non-black Democrat,White Democrat,Democrat,Democratic Men,White Democrat,Moderate,9.0,Moderate/Conservative Democrats,Mod/Conserv. Democrats,White,White,National questionnaire,White,White,Midwest,,,Male,White men,Married men,Rural,Small Cities/Rural,South Dakota,Election day exit poll,,,,,,Version 3,0.984787702560425,Yes
97654.0,Dennis Daugaard,Rick Weiland,30-44,30-59,30-39,18-44,30-44,30-39,Non-Black 30-44,White 30-44,White 30-44,Complete,Call 3,1.0,Some college/assoc. degree,No college degree,More than High school graduate,White no college degree,,,3.0,,,Less than 100k,"$30,000 or more",50k or more,50 to 100 thousand,"$50,000-$99,999","$50,000-$99,999","Over $50,000 and white",No,,,,,,18-44,18-64,Republican,Non-black non-Democrat,All Republicans,Republican,Republican Women,White Republican,Conservative,9.0,Independent/Something else,Conservative Republicans,White,White,National questionnaire,White,White,Midwest,,,Female,White women,,Rural,Small Cities/Rural,South Dakota,Election day exit poll,,,,,,Version 5,0.938931465148926,No
97975.0,Dennis Daugaard,Rick Weiland,30-44,30-59,40-44,18-44,30-44,40-49,Non-Black 30-44,White 30-44,White 30-44,Complete,Call 3,1.0,High school graduate,No college degree,High school graduate or less,White no college degree,,,3.0,,,Less than 100k,"$30,000 or more",50k or more,50 to 100 thousand,"$50,000-$99,999","$50,000-$99,999","Over $50,000 and white",No,,,,,,18-44,18-64,Republican,Non-black non-Democrat,All Republicans,Republican,Republican Men,White Republican,Moderate,9.0,Conservative Republicans,Mod./Liberal Republicans,White,White,National questionnaire,White,White,Midwest,,,Male,White men,,Rural,Small Cities/Rural,South Dakota,Election day exit poll,,,,,,Version 5,0.984787702560425,No
3728.0,Dennis Daugaard,Rick Weiland,30-44,30-59,30-39,18-44,30-44,30-39,Non-Black 30-44,White 30-44,White 30-44,Complete,,1.0,Some college/assoc. degree,No college degree,More than High school graduate,White no college degree,Favorable,Favorable,1.0,Government should do more to solve problems,Did not go far enough,Less than 100k,"$30,000 or more",50k or more,50 to 100 thousand,"$50,000-$99,999","$50,000-$99,999","Over $50,000 and white",No,No,Not worried,Not too worried,Approve,Somewhat approve,18-44,18-64,Independent/Something else,Non-black non-Democrat,White Independent,Independent,Independent Men,White Independent,Liberal,,Moderate/Liberal Republicans,Liberal Independents,White,White,State questionnaire,White,White,Midwest,Disapprove,The Democratic Party,Male,White men,Non married men,"Cities 50,000-500,000","Cities over 50,000",South Dakota,Telephone survey,Before that,In the last month,Before that,In the last month,Seriously off on the wrong track,Version 1,1.25887763500214,No
64282.0,Dennis Daugaard,Rick Weiland,30-44,30-59,40-44,18-44,30-44,40-49,Non-Black 30-44,White 30-44,White 30-44,Complete,Call 1,1.0,College graduate,College graduate,More than High school graduate,White college degree,Favorable,Favorable,3.0,Government should do more to solve problems,Was about right,Less than 100k,"$30,000 or more",50k or more,50 to 100 thousand,"$50,000-$99,999","$50,000-$99,999","Over $50,000 and white",No,No,Worried,Somewhat worried,Approve,Somewhat approve,18-44,18-64,Democrat,Non-black Democrat,White Democrat,Democrat,Democratic Women,White Democrat,Liberal,26.0,Liberal Democrats,Liberal Democrats,White,White,State questionnaire,White,White,Midwest,Disapprove,The Democratic Party,Female,White women,Non married women,,,South Dakota,Election day exit poll,Before that,Before that,Before that,Before that,Generally going in the right direction,Version 1,1.40987503528595,No
80954.0,Dennis Daugaard,Rick Weiland,45-65,30-59,50-59,45+,45-59,50-64,Non-Black 45-59,White 45-59,White 45-64,Complete,Call 2,1.0,Postgraduate study,College graduate,More than High school graduate,White college degree,Favorable,Favorable,3.0,Government should do more to solve problems,Did not go far enough,100k or more,"$30,000 or more",50k or more,100 thousand or more,"$100,000-$199,999","$100,000-$199,999","Over $50,000 and white",No,Yes,Worried,Somewhat worried,Approve,Somewhat approve,45+,18-64,Democrat,Non-black Democrat,White Democrat,Democrat,Democratic Women,White Democrat,Liberal,26.0,Liberal Democrats,Liberal Democrats,White,White,State questionnaire,White,White,Midwest,Disapprove,The Democratic Party,Female,White women,Married women,,,South Dakota,Election day exit poll,Before that,In the last month,Before that,In the last month,Generally going in the right direction,Version 1,1.40987503528595,No
95279.0,Dennis Daugaard,Rick Weiland,45-65,30-59,50-59,45+,45-59,50-64,Non-Black 45-59,White 45-59,White 45-64,Complete,Call 3,1.0,Some college/assoc. degree,No college degree,More than High school graduate,White no college degree,Favorable,Favorable,1.0,Government should do more to solve problems,Was about right,Less than 100k,"$30,000 or more",50k or more,50 to 100 thousand,"$50,000-$99,999","$50,000-$99,999","Over $50,000 and white",No,Yes,Not worried,Not too worried,Approve,Strongly approve,45+,18-64,Democrat,Non-black Democrat,White Democrat,Democrat,Democratic Women,White Democrat,Liberal,53.0,Liberal Democrats,Liberal Democrats,White,White,State questionnaire,White,White,Midwest,Approve,The Democratic Party,Female,White women,Married women,,,South Dakota,Election day exit poll,Before that,Before that,Before that,Before that,Generally going in the right direction,Version 1,1.43060851097107,No
98789.0,Dennis Daugaard,Rick Weiland,18-29,18-29,18-24,18-44,18-29,18-24,Non-Black 18-29,White 18-29,White 18-29,Complete,Call 3,1.0,No high school diploma,No college degree,High school graduate or less,White no college degree,Favorable,Favorable,3.0,Government should do more to solve problems,Went too far,Less than 100k,"$30,000 or more",50k or more,50 to 100 thousand,"$50,000-$99,999","$50,000-$99,999","Over $50,000 and white",No,No,Worried,Very worried,Approve,Somewhat approve,18-44,18-64,Republican,Non-black non-Democrat,All Republicans,Republican,Republican Men,White Republican,Moderate,26.0,Conservative Republicans,Mod./Liberal Republicans,White,White,State questionnaire,White,White,Midwest,Disapprove,Does not matter to me,Male,White men,Non married men,,,South Dakota,Election day exit poll,In the last three days,In the last month,In the last week,In the last three days,Seriously off on the wrong track,Version 1,2.08956336975098,No
64940.0,Dennis Daugaard,Rick Weiland,65+,60+,65 or over,45+,60+,65+,Non-Black 60+,White 60+,White 65+,Complete,Call 1,1.0,Some college/assoc. degree,No college degree,More than High school graduate,White no college degree,Unfavorable,Favorable,4.0,Government should do more to solve problems,Did not go far enough,Less than 100k,"$30,000 or more",50k or more,50 to 100 thousand,"$50,000-$99,999","$50,000-$99,999","Over $50,000 and white",No,Yes,Worried,Very worried,Disapprove,Strongly disapprove,45+,65+,Republican,Non-black non-Democrat,All Republicans,Republican,Republican Women,White Republican,Conservative,40.0,Independent/Something else,Conservative Republicans,White,White,State questionnaire,White,White,Midwest,Approve,The Republican Party,Female,White women,Married women,,,South Dakota,Election day exit poll,Before that,In the last month,Before that,In the last month,Seriously off on the wrong track,Version 1,2.17322015762329,No
3790.0,Dennis Daugaard,Rick Weiland,45-65,30-59,50-59,45+,45-59,50-64,Non-Black 45-59,White 45-59,White 45-64,Complete,,1.0,Postgraduate study,College graduate,More than High school graduate,White college degree,Favorable,Unfavorable,1.0,Government should do more to solve problems,Did not go far enough,Less than 100k,"$30,000 or more",50k or more,50 to 100 thousand,"$50,000-$99,999","$50,000-$99,999","Over $50,000 and white",No,No,Worried,Somewhat worried,Approve,Somewhat approve,45+,18-64,Democrat,Non-black Democrat,White Democrat,Democrat,Democratic Women,White Democrat,Liberal,,Liberal Democrats,Liberal Democrats,White,White,State questionnaire,White,White,Midwest,Disapprove,The Democratic Party,Female,White women,Non married women,"Cities 50,000-500,000","Cities over 50,000",South Dakota,Telephone survey,Before that,Before that,Before that,Before that,Omit,Version 1,0.451446861028671,No
3819.0,Dennis Daugaard,Rick Weiland,45-65,30-59,50-59,45+,45-59,50-64,Non-Black 45-59,White 45-59,White 45-64,Complete,,1.0,Some college/assoc. degree,No college degree,More than High school graduate,White no college degree,Favorable,Unfavorable,4.0,Government should do more to solve problems,Was about right,Less than 100k,"$30,000 or more",50k or more,50 to 100 thousand,"$50,000-$99,999","$50,000-$99,999","Over $50,000 and white",No,No,Worried,Somewhat worried,Approve,Somewhat approve,45+,18-64,Democrat,Non-black Democrat,White Democrat,Democrat,Democratic Women,White Democrat,Liberal,,Liberal Democrats,Liberal Democrats,White,White,State questionnaire,White,White,Midwest,Disapprove,The Democratic Party,Female,White women,Non married women,Suburbs,Suburbs,South Dakota,Telephone survey,Before that,In the last month,Before that,In the last month,Generally going in the right direction,Version 1,0.936951339244843,No
3846.0,Dennis Daugaard,Rick Weiland,30-44,30-59,30-39,18-44,30-44,30-39,Non-Black 30-44,Latino 30-44,Latino 30-44,Complete,,1.0,Postgraduate study,College graduate,More than High school graduate,Non white college degree,Favorable,Unfavorable,1.0,Government should do more to solve problems,Did not go far enough,100k or more,"$30,000 or more",50k or more,100 thousand or more,"$100,000-$199,999","$100,000-$199,999","Over $50,000 and non white",Yes,Yes,Not worried,Not too worried,Approve,Somewhat approve,18-44,18-64,Democrat,Non-black Democrat,Latino Democrat,Democrat,Democratic Women,Non-White Democrats,Moderate,,Moderate/Conservative Democrats,Mod/Conserv. Democrats,Other,Hispanic/Latino,State questionnaire,Hispanic/Latino,Hispanic/Latino,Midwest,Disapprove,The Democratic Party,Female,Latino women,Married women,"Cities 50,000-500,000","Cities over 50,000",South Dakota,Telephone survey,Before that,Before that,Before that,Before that,Generally going in the right direction,Version 1,1.71612131595612,No
3894.0,Dennis Daugaard,Rick Weiland,45-65,60+,60-64,45+,60+,50-64,Non-Black 60+,White 60+,White 45-64,Complete,,1.0,College graduate,College graduate,More than High school graduate,White college degree,Favorable,Unfavorable,3.0,Government should do more to solve problems,Did not go far enough,Less than 100k,"$30,000 or more",Less than 50k,Less than 50 thousand,"Under $50,000","$30,000-$49,999","Under $50,000 and white",No,Yes,Worried,Somewhat worried,Approve,Strongly approve,45+,18-64,Independent/Something else,Non-black non-Democrat,White Independent,Independent,Independent Women,White Independent,Moderate,,Moderate/Liberal Republicans,Moderate Independents,White,White,State questionnaire,White,White,Midwest,Disapprove,The Democratic Party,Female,White women,Married women,Rural,Small Cities/Rural,South Dakota,Telephone survey,Before that,Before that,Before that,Before that,Generally going in the right direction,Version 1,0.294520527124405,No
62566.0,Dennis Daugaard,Rick Weiland,45-65,30-59,50-59,45+,45-59,50-64,Non-Black 45-59,White 45-59,White 45-64,Complete,Call 1,1.0,College graduate,College graduate,More than High school graduate,White college degree,Favorable,Unfavorable,1.0,Government should do more to solve problems,Did not go far enough,Less than 100k,"$30,000 or more",50k or more,50 to 100 thousand,"$50,000-$99,999","$50,000-$99,999","Over $50,000 and white",No,Yes,Not worried,Not too worried,Approve,Somewhat approve,45+,18-64,Democrat,Non-black Democrat,White Democrat,Democrat,Democratic Women,White Democrat,Moderate,53.0,Moderate/Conservative Democrats,Mod/Conserv. Democrats,White,White,State questionnaire,White,White,Midwest,Disapprove,The Democratic Party,Female,White women,Married women,,,South Dakota,Election day exit poll,Before that,Before that,Before that,Before that,Generally going in the right direction,Version 1,1.43060851097107,No
63572.0,Dennis Daugaard,Rick Weiland,45-65,30-59,50-59,45+,45-59,50-64,Non-Black 45-59,All others,All others,Complete,Call 1,1.0,Some college/assoc. degree,No college degree,More than High school graduate,Non white no college degree,Favorable,Unfavorable,2.0,Government should do more to solve problems,Was about right,Less than 100k,"$30,000 or more",Less than 50k,Less than 50 thousand,"Under $50,000","$30,000-$49,999","Under $50,000 and non white",No,No,Not worried,Not too worried,Approve,Strongly approve,45+,18-64,Democrat,Non-black Democrat,All Other,Democrat,Democratic Men,Non-White Democrats,Moderate,36.0,Moderate/Conservative Democrats,Mod/Conserv. Democrats,Other,Other,State questionnaire,Other,Other,Midwest,Disapprove,The Democratic Party,Male,All other races,Non married men,,,South Dakota,Election day exit poll,Before that,Before that,Before that,Before that,Generally going in the right direction,Version 1,1.59425759315491,No
80674.0,Dennis Daugaard,Rick Weiland,30-44,30-59,30-39,18-44,30-44,30-39,Non-Black 30-44,White 30-44,White 30-44,Complete,Call 2,1.0,College graduate,College graduate,More than High school graduate,White college degree,Favorable,Unfavorable,2.0,Government should do more to solve problems,Was about right,Less than 100k,"$30,000 or more",50k or more,50 to 100 thousand,"$50,000-$99,999","$50,000-$99,999","Over $50,000 and white",No,Yes,Not worried,Not too worried,Approve,Strongly approve,18-44,18-64,Democrat,Non-black Democrat,White Democrat,Democrat,Democratic Men,White Democrat,Liberal,82.0,Liberal Democrats,Liberal Democrats,White,White,State questionnaire,White,White,Midwest,Omit,The Democratic Party,Male,White men,Married men,,,South Dakota,Election day exit poll,In the last three days,In the last month,In the last week,In the last three days,Generally going in the right direction,Version 1,1.26164186000824,No
80675.0,Dennis Daugaard,Rick Weiland,30-44,30-59,30-39,18-44,30-44,30-39,Non-Black 30-44,White 30-44,White 30-44,Complete,Call 2,1.0,College graduate,College graduate,More than High school graduate,White college degree,Favorable,Unfavorable,2.0,Government should do more to solve problems,Was about right,Less than 100k,"$30,000 or more",50k or more,50 to 100 thousand,"$50,000-$99,999","$50,000-$99,999","Over $50,000 and white",No,Yes,Not worried,Not too worried,Approve,Strongly approve,18-44,18-64,Democrat,Non-black Democrat,White Democrat,Democrat,Democratic Men,White Democrat,Liberal,82.0,Liberal Democrats,Liberal Democrats,White,White,State questionnaire,White,White,Midwest,Omit,The Democratic Party,Male,White men,Married men,,,South Dakota,Election day exit poll,In the last three days,In the last month,In the last week,In the last three days,Generally going in the right direction,Version 1,1.26164186000824,No
80911.0,Dennis Daugaard,Rick Weiland,30-44,30-59,40-44,18-44,30-44,40-49,Non-Black 30-44,White 30-44,White 30-44,Complete,Call 2,1.0,College graduate,College graduate,More than High school graduate,White college degree,Favorable,Unfavorable,3.0,Government should do more to solve problems,Was about right,Less than 100k,"$30,000 or more",50k or more,50 to 100 thousand,"$50,000-$99,999","$50,000-$99,999","Over $50,000 and white",No,Yes,Worried,Somewhat worried,Approve,Strongly approve,18-44,18-64,Democrat,Non-black Democrat,White Democrat,Democrat,Democratic Women,White Democrat,Moderate,26.0,Moderate/Conservative Democrats,Mod/Conserv. Democrats,White,White,State questionnaire,White,White,Midwest,Approve,The Democratic Party,Female,White women,Married women,,,South Dakota,Election day exit poll,Before that,In the last month,Before that,In the last month,Generally going in the right direction,Version 1,1.40987503528595,No
95947.0,Dennis Daugaard,Rick Weiland,45-65,30-59,50-59,45+,45-59,50-64,Non-Black 45-59,White 45-59,White 45-64,Complete,Call 3,1.0,College graduate,College graduate,More than High school graduate,White college degree,Favorable,Unfavorable,1.0,Government should do more to solve problems,Did not go far enough,Less than 100k,"$30,000 or more",50k or more,50 to 100 thousand,"$50,000-$99,999","$50,000-$99,999","Over $50,000 and white",No,Yes,Worried,Very worried,Approve,Strongly approve,45+,18-64,Democrat,Non-black Democrat,White Democrat,Democrat,Democratic Women,White Democrat,Liberal,53.0,Liberal Democrats,Liberal Democrats,White,White,State questionnaire,White,White,Midwest,Disapprove,The Democratic Party,Female,White women,Married women,,,South Dakota,Election day exit poll,Before that,In the last month,Before that,In the last month,Omit,Version 1,1.43060851097107,No
96271.0,Dennis Daugaard,Rick Weiland,18-29,18-29,25-29,18-44,18-29,25-29,Non-Black 18-29,White 18-29,White 18-29,Complete,Call 3,1.0,High school graduate,No college degree,High school graduate or less,White no college degree,Favorable,Unfavorable,1.0,Government should do more to solve problems,Went too far,Less than 100k,"$30,000 or more",Less than 50k,Less than 50 thousand,"Under $50,000","$30,000-$49,999","Under $50,000 and white",No,No,Worried,Somewhat worried,Disapprove,Somewhat disapprove,18-44,18-64,Democrat,Non-black Democrat,White Democrat,Democrat,Democratic Women,White Democrat,Moderate,53.0,Moderate/Conservative Democrats,Mod/Conserv. Democrats,White,White,State questionnaire,White,White,Midwest,Omit,The Democratic Party,Female,White women,Non married women,,,South Dakota,Election day exit poll,In the last three days,In the last month,In the last week,In the last three days,Seriously off on the wrong track,Version 1,2.02156162261963,Yes
99715.0,Dennis Daugaard,Rick Weiland,30-44,30-59,40-44,18-44,30-44,40-49,Black 30-44,Black 30-44,Black 30-44,Complete,Call 3,1.0,Some college/assoc. degree,No college degree,More than High school graduate,Non white no college degree,Favorable,Unfavorable,3.0,Government should do more to solve problems,Did not go far enough,Less than 100k,"$30,000 or more",50k or more,50 to 100 thousand,"$50,000-$99,999","$50,000-$99,999","Over $50,000 and non white",,Yes,Not worried,Not too worried,Approve,Somewhat approve,18-44,18-64,Independent/Something else,Black non-Democrat,Black Independent,Independent,Independent Men,All others,Moderate,26.0,Moderate/Liberal Republicans,Moderate Independents,Black,Black,State questionnaire,Black,Black,Midwest,Disapprove,The Democratic Party,Male,Black men,Married men,,,South Dakota,Election day exit poll,Before that,Before that,Before that,Before that,Generally going in the right direction,Version 1,1.09794938564301,No
100149.0,Dennis Daugaard,Rick Weiland,45-65,30-59,50-59,45+,45-59,50-64,Non-Black 45-59,White 45-59,White 45-64,Complete,Call 3,1.0,High school graduate,No college degree,High school graduate or less,White no college degree,Favorable,Unfavorable,4.0,Government should do more to solve problems,Was about right,100k or more,"$30,000 or more",50k or more,100 thousand or more,"$100,000-$199,999","$100,000-$199,999","Over $50,000 and white",No,Yes,Not worried,Not at all worried,Approve,Somewhat approve,45+,18-64,Democrat,Non-black Democrat,White Democrat,Democrat,Democratic Women,White Democrat,Liberal,40.0,Liberal Democrats,Liberal Democrats,White,White,State questionnaire,White,White,Midwest,Disapprove,The Democratic Party,Female,White women,Married women,,,South Dakota,Election day exit poll,Before that,Before that,Before that,Before that,Generally going in the right direction,Version 1,2.16180849075317,No
97177.0,Dennis Daugaard,Rick Weiland,45-65,30-59,45-49,45+,45-59,40-49,Non-Black 45-59,White 45-59,White 45-64,Complete,Call 3,1.0,High school graduate,No college degree,High school graduate or less,White no college degree,Omit,Omit,3.0,Government should do more to solve problems,,Less than 100k,"$30,000 or more",50k or more,50 to 100 thousand,"$50,000-$99,999","$50,000-$99,999","Over $50,000 and white",No,,,,,,45+,18-64,Democrat,Non-black Democrat,White Democrat,Democrat,Democratic Women,White Democrat,Conservative,9.0,Moderate/Conservative Democrats,Mod/Conserv. Democrats,White,White,National questionnaire,White,White,Midwest,,,Female,White women,,Rural,Small Cities/Rural,South Dakota,Election day exit poll,,,,,Seriously off on the wrong track,Version 4,0.938931465148926,No
63778.0,Dennis Daugaard,Rick Weiland,65+,60+,65 or over,45+,60+,65+,Non-Black 60+,White 60+,White 65+,Complete,Call 1,1.0,College graduate,College graduate,More than High school graduate,White college degree,Favorable,Favorable,2.0,Government is doing too many things better left to businesses and individuals,Went too far,100k or more,"$30,000 or more",50k or more,100 thousand or more,"$100,000-$199,999","$100,000-$199,999","Over $50,000 and white",No,Yes,Worried,Somewhat worried,Disapprove,Somewhat disapprove,45+,65+,Republican,Non-black non-Democrat,All Republicans,Republican,Republican Men,White Republican,Moderate,36.0,Conservative Republicans,Mod./Liberal Republicans,White,White,State questionnaire,White,White,Midwest,Disapprove,The Republican Party,Male,White men,Married men,,,South Dakota,Election day exit poll,Before that,In the last month,Before that,In the last month,Generally going in the right direction,Version 1,1.60267341136932,No
80808.0,Dennis Daugaard,Rick Weiland,30-44,30-59,30-39,18-44,30-44,30-39,Non-Black 30-44,White 30-44,White 30-44,Complete,Call 2,1.0,College graduate,College graduate,More than High school graduate,White college degree,Favorable,Favorable,2.0,Government is doing too many things better left to businesses and individuals,Was about right,100k or more,"$30,000 or more",50k or more,100 thousand or more,"$200,000 or more","$200,000 or more","Over $50,000 and white",No,Yes,Not worried,Not too worried,Approve,Somewhat approve,18-44,18-64,Democrat,Non-black Democrat,White Democrat,Democrat,Democratic Men,White Democrat,Moderate,36.0,Moderate/Conservative Democrats,Mod/Conserv. Democrats,White,White,State questionnaire,White,White,Midwest,Omit,Does not matter to me,Male,White men,Married men,,,South Dakota,Election day exit poll,Before that,In the last month,Before that,In the last month,Generally going in the right direction,Version 1,1.59425759315491,No
83648.0,Dennis Daugaard,Rick Weiland,45-65,30-59,45-49,45+,45-59,40-49,Non-Black 45-59,White 45-59,White 45-64,Complete,Call 2,1.0,Some college/assoc. degree,No college degree,More than High school graduate,White no college degree,Favorable,Favorable,4.0,Government is doing too many things better left to businesses and individuals,Went too far,Less than 100k,"$30,000 or more",50k or more,50 to 100 thousand,"$50,000-$99,999","$50,000-$99,999","Over $50,000 and white",No,Yes,Not worried,Not too worried,Disapprove,Strongly disapprove,45+,18-64,Independent/Something else,Non-black non-Democrat,White Independent,Independent,Independent Women,White Independent,Liberal,65.0,Moderate/Liberal Republicans,Liberal Independents,White,White,State questionnaire,White,White,Midwest,Omit,Does not matter to me,Female,White women,Married women,,,South Dakota,Election day exit poll,In the last three days,In the last month,In the last week,In the last three days,Seriously off on the wrong track,Version 1,1.2633945941925,No
96818.0,Dennis Daugaard,Rick Weiland,18-29,18-29,25-29,18-44,18-29,25-29,Non-Black 18-29,White 18-29,White 18-29,Complete,Call 3,1.0,College graduate,College graduate,More than High school graduate,White college degree,Favorable,Favorable,2.0,Government is doing too many things better left to businesses and individuals,Went too far,Less than 100k,"$30,000 or more",50k or more,50 to 100 thousand,"$50,000-$99,999","$50,000-$99,999","Over $50,000 and white",No,No,Not worried,Not too worried,Approve,Somewhat approve,18-44,18-64,Independent/Something else,Non-black non-Democrat,White Independent,Independent,Independent Men,White Independent,Moderate,36.0,Moderate/Liberal Republicans,Moderate Independents,White,White,State questionnaire,White,White,Midwest,Disapprove,The Republican Party,Male,White men,Non married men,,,South Dakota,Election day exit poll,Before that,Before that,Before that,Before that,Generally going in the right direction,Version 1,2.25281047821045,No
78904.0,Dennis Daugaard,Rick Weiland,30-44,30-59,30-39,18-44,30-44,30-39,Non-Black 30-44,White 30-44,White 30-44,Complete,Call 2,1.0,Some college/assoc. degree,No college degree,More than High school graduate,White no college degree,Favorable,Unfavorable,1.0,Government is doing too many things better left to businesses and individuals,Did not go far enough,Less than 100k,"$30,000 or more",Less than 50k,Less than 50 thousand,"Under $50,000","$30,000-$49,999","Under $50,000 and white",No,No,Not worried,Not too worried,Disapprove,Somewhat disapprove,18-44,18-64,Independent/Something else,Non-black non-Democrat,White Independent,Something else,Independent Men,White Independent,Moderate,53.0,Moderate/Liberal Republicans,Moderate Independents,White,White,State questionnaire,White,White,Midwest,Disapprove,The Republican Party,Male,White men,Non married men,,,South Dakota,Election day exit poll,Before that,In the last month,Before that,In the last month,Generally going in the right direction,Version 1,1.50047767162323,Yes
80549.0,Dennis Daugaard,Rick Weiland,18-29,18-29,25-29,18-44,18-29,25-29,Non-Black 18-29,White 18-29,White 18-29,Complete,Call 2,1.0,College graduate,College graduate,More than High school graduate,White college degree,Favorable,Unfavorable,2.0,Government is doing too many things better left to businesses and individuals,Went too far,Less than 100k,"Under $30,000",Less than 50k,Less than 50 thousand,"Under $50,000","Under $30,000","Under $50,000 and white",No,No,Worried,Somewhat worried,Approve,Somewhat approve,18-44,18-64,Democrat,Non-black Democrat,White Democrat,Democrat,Democratic Women,White Democrat,Moderate,36.0,Moderate/Conservative Democrats,Mod/Conserv. Democrats,White,White,State questionnaire,White,White,Midwest,Disapprove,The Democratic Party,Female,White women,Non married women,,,South Dakota,Election day exit poll,Before that,Before that,Before that,Before that,Generally going in the right direction,Version 1,2.14790916442871,No
80629.0,Dennis Daugaard,Rick Weiland,30-44,30-59,30-39,18-44,30-44,30-39,Non-Black 30-44,White 30-44,White 30-44,Complete,Call 2,1.0,College graduate,College graduate,More than High school graduate,White college degree,Favorable,Unfavorable,2.0,Government is doing too many things better left to businesses and individuals,Went too far,Less than 100k,"$30,000 or more",50k or more,50 to 100 thousand,"$50,000-$99,999","$50,000-$99,999","Over $50,000 and white",No,Yes,Not worried,Not too worried,Approve,Strongly approve,18-44,18-64,Democrat,Non-black Democrat,White Democrat,Democrat,Democratic Women,White Democrat,Moderate,82.0,Moderate/Conservative Democrats,Mod/Conserv. Democrats,White,White,State questionnaire,White,White,Midwest,Omit,The Democratic Party,Female,White women,Married women,,,South Dakota,Election day exit poll,In the last three days,In the last month,In the last week,In the last three days,Generally going in the right direction,Version 1,1.20289397239685,No
80798.0,Dennis Daugaard,Rick Weiland,65+,60+,65 or over,45+,60+,65+,Non-Black 60+,White 60+,White 65+,Complete,Call 2,1.0,High school graduate,No college degree,High school graduate or less,White no college degree,Favorable,Unfavorable,3.0,Government is doing too many things better left to businesses and individuals,Went too far,Less than 100k,"Under $30,000",Less than 50k,Less than 50 thousand,"Under $50,000","Under $30,000","Under $50,000 and white",No,,Not worried,Not too worried,Disapprove,Somewhat disapprove,45+,65+,Democrat,Non-black Democrat,White Democrat,Democrat,Democratic Women,White Democrat,Moderate,7.0,Moderate/Conservative Democrats,Mod/Conserv. Democrats,White,White,State questionnaire,White,White,Midwest,Disapprove,The Democratic Party,Female,White women,,,,South Dakota,Election day exit poll,Before that,Before that,Before that,Before that,Seriously off on the wrong track,Version 1,1.32155287265778,Yes
83728.0,Dennis Daugaard,Rick Weiland,45-65,30-59,45-49,45+,45-59,40-49,Non-Black 45-59,White 45-59,White 45-64,Complete,Call 2,1.0,Some college/assoc. degree,No college degree,More than High school graduate,White no college degree,Favorable,Unfavorable,4.0,Government is doing too many things better left to businesses and individuals,Went too far,Less than 100k,"$30,000 or more",Less than 50k,Less than 50 thousand,"Under $50,000","$30,000-$49,999","Under $50,000 and white",No,No,Worried,Somewhat worried,Disapprove,Strongly disapprove,45+,18-64,Independent/Something else,Non-black non-Democrat,White Independent,Something else,Independent Women,White Independent,Moderate,65.0,Moderate/Liberal Republicans,Moderate Independents,White,White,State questionnaire,White,White,Midwest,Disapprove,Does not matter to me,Female,White women,Non married women,,,South Dakota,Election day exit poll,In the last three days,In the last month,In the last week,In the last three days,Seriously off on the wrong track,Version 1,1.2633945941925,Yes
95506.0,Dennis Daugaard,Rick Weiland,65+,60+,65 or over,45+,60+,65+,Non-Black 60+,White 60+,White 65+,Complete,Call 3,1.0,Some college/assoc. degree,No college degree,More than High school graduate,White no college degree,Favorable,Unfavorable,2.0,Government is doing too many things better left to businesses and individuals,Went too far,Less than 100k,"$30,000 or more",50k or more,50 to 100 thousand,"$50,000-$99,999","$50,000-$99,999","Over $50,000 and white",No,Yes,Worried,Somewhat worried,Approve,Somewhat approve,45+,65+,Independent/Something else,Non-black non-Democrat,White Independent,Independent,Independent Women,White Independent,Moderate,82.0,Moderate/Liberal Republicans,Moderate Independents,White,White,State questionnaire,White,White,Midwest,Omit,The Democratic Party,Female,White women,Married women,,,South Dakota,Election day exit poll,In the last three days,In the last month,In the last week,In the last three days,Generally going in the right direction,Version 1,1.20924377441406,No
96256.0,Dennis Daugaard,Rick Weiland,30-44,30-59,30-39,18-44,30-44,30-39,Non-Black 30-44,White 30-44,White 30-44,Complete,Call 3,1.0,College graduate,College graduate,More than High school graduate,White college degree,Favorable,Unfavorable,3.0,Government is doing too many things better left to businesses and individuals,,100k or more,"$30,000 or more",50k or more,100 thousand or more,"$100,000-$199,999","$100,000-$199,999","Over $50,000 and white",No,,,,,,18-44,18-64,Democrat,Non-black Democrat,White Democrat,Democrat,Democratic Women,White Democrat,Moderate,9.0,Moderate/Conservative Democrats,Mod/Conserv. Democrats,White,White,National questionnaire,White,White,Midwest,,,Female,White women,,Rural,Small Cities/Rural,South Dakota,Election day exit poll,,,,,Seriously off on the wrong track,Version 4,0.938931465148926,No
97091.0,Dennis Daugaard,Rick Weiland,30-44,30-59,30-39,18-44,30-44,30-39,Non-Black 30-44,White 30-44,White 30-44,Complete,Call 3,1.0,College graduate,College graduate,More than High school graduate,White college degree,Favorable,Unfavorable,1.0,Government is doing too many things better left to businesses and individuals,Was about right,100k or more,"$30,000 or more",50k or more,100 thousand or more,"$100,000-$199,999","$100,000-$199,999","Over $50,000 and white",,Yes,Not worried,Not too worried,Approve,Somewhat approve,18-44,18-64,Democrat,Non-black Democrat,White Democrat,Democrat,Democratic Men,White Democrat,,56.0,,,White,White,State questionnaire,White,White,Midwest,Disapprove,The Democratic Party,Male,White men,Married men,,,South Dakota,Election day exit poll,In the last three days,In the last month,In the last week,In the last three days,Generally going in the right direction,Version 1,1.67844665050507,No
99284.0,Dennis Daugaard,Rick Weiland,30-44,30-59,30-39,18-44,30-44,30-39,Non-Black 30-44,White 30-44,White 30-44,Complete,Call 3,1.0,Some college/assoc. degree,No college degree,More than High school graduate,White no college degree,Favorable,Unfavorable,3.0,Government is doing too many things better left to businesses and individuals,Omit,Less than 100k,"$30,000 or more",50k or more,50 to 100 thousand,"$50,000-$99,999","$50,000-$99,999","Over $50,000 and white",No,Yes,Worried,Somewhat worried,Disapprove,Somewhat disapprove,18-44,18-64,Democrat,Non-black Democrat,White Democrat,Democrat,Democratic Men,White Democrat,Liberal,7.0,Liberal Democrats,Liberal Democrats,White,White,State questionnaire,White,White,Midwest,Disapprove,The Democratic Party,Male,White men,Married men,,,South Dakota,Election day exit poll,In the last three days,In the last month,In the last week,In the last three days,Seriously off on the wrong track,Version 1,1.37881731987,No
3835.0,Dennis Daugaard,Rick Weiland,45-65,60+,60-64,45+,60+,50-64,Non-Black 60+,White 60+,White 45-64,Complete,,1.0,Postgraduate study,College graduate,More than High school graduate,White college degree,Unfavorable,Unfavorable,3.0,Government is doing too many things better left to businesses and individuals,Went too far,Less than 100k,"$30,000 or more",Less than 50k,Less than 50 thousand,"Under $50,000","$30,000-$49,999","Under $50,000 and white",No,Yes,Worried,Very worried,Disapprove,Strongly disapprove,45+,18-64,Independent/Something else,Non-black non-Democrat,White Independent,Independent,Independent Men,White Independent,Conservative,,Moderate/Liberal Republicans,Conservative Independents,White,White,State questionnaire,White,White,Midwest,Omit,The Republican Party,Male,White men,Married men,Rural,Small Cities/Rural,South Dakota,Telephone survey,Before that,In the last month,In the last week,In the last week,Seriously off on the wrong track,Version 1,0.390908986330032,No
80316.0,Dennis Daugaard,Rick Weiland,30-44,30-59,30-39,18-44,30-44,30-39,Non-Black 30-44,White 30-44,White 30-44,Complete,Call 2,1.0,College graduate,College graduate,More than High school graduate,White college degree,Unfavorable,Unfavorable,2.0,Government is doing too many things better left to businesses and individuals,Went too far,100k or more,"$30,000 or more",50k or more,100 thousand or more,"$100,000-$199,999","$100,000-$199,999","Over $50,000 and white",No,Yes,Not worried,Not too worried,Approve,Somewhat approve,18-44,18-64,Independent/Something else,Non-black non-Democrat,White Independent,Independent,Independent Men,White Independent,Moderate,36.0,Moderate/Liberal Republicans,Moderate Independents,White,White,State questionnaire,White,White,Midwest,Disapprove,The Democratic Party,Male,White men,Married men,,,South Dakota,Election day exit poll,Before that,In the last month,Before that,In the last month,Generally going in the right direction,Version 1,1.59425759315491,No
97351.0,Dennis Daugaard,Rick Weiland,,,,,,,,,,Complete,Call 3,1.0,Some college/assoc. degree,No college degree,More than High school graduate,White no college degree,Unfavorable,Unfavorable,1.0,Government is doing too many things better left to businesses and individuals,Went too far,Less than 100k,"$30,000 or more",50k or more,50 to 100 thousand,"$50,000-$99,999","$50,000-$99,999","Over $50,000 and white",,Yes,Worried,Very worried,Disapprove,Strongly disapprove,,,Independent/Something else,Non-black non-Democrat,White Independent,Independent,Independent Women,White Independent,Moderate,56.0,Moderate/Liberal Republicans,Moderate Independents,White,White,State questionnaire,White,White,Midwest,Approve,The Republican Party,Female,White women,Married women,,,South Dakota,Election day exit poll,Before that,In the last month,In the last week,In the last week,Seriously off on the wrong track,Version 1,1.56272685527802,No
96810.0,Dennis Daugaard,Rick Weiland,45-65,30-59,50-59,45+,45-59,50-64,Non-Black 45-59,White 45-59,White 45-64,Complete,Call 3,1.0,Some college/assoc. degree,No college degree,More than High school graduate,White no college degree,Favorable,Omit,3.0,Government is doing too many things better left to businesses and individuals,,Less than 100k,"Under $30,000",Less than 50k,Less than 50 thousand,"Under $50,000","Under $30,000","Under $50,000 and white",No,,,,,,45+,18-64,Democrat,Non-black Democrat,White Democrat,Democrat,Democratic Women,White Democrat,Moderate,9.0,Moderate/Conservative Democrats,Mod/Conserv. Democrats,White,White,National questionnaire,White,White,Midwest,,,Female,White women,,Rural,Small Cities/Rural,South Dakota,Election day exit poll,,,,,Generally going in the right direction,Version 4,0.938931465148926,Yes
3767.0,Dennis Daugaard,Rick Weiland,,,,,,,,,,Complete,,1.0,Some college/assoc. degree,No college degree,More than High school graduate,White no college degree,Omit,Omit,2.0,Government is doing too many things better left to businesses and individuals,Went too far,Less than 100k,"$30,000 or more",Less than 50k,Less than 50 thousand,"Under $50,000","$30,000-$49,999","Under $50,000 and white",No,No,Worried,Somewhat worried,Disapprove,Somewhat disapprove,,,Republican,Non-black non-Democrat,All Republicans,Republican,Republican Women,White Republican,Conservative,,Independent/Something else,Conservative Republicans,White,White,State questionnaire,White,White,Midwest,Omit,The Republican Party,Female,White women,Non married women,Rural,Small Cities/Rural,South Dakota,Telephone survey,Before that,Before that,Before that,Before that,Seriously off on the wrong track,Version 1,0.162577673792839,Yes
3751.0,Dennis Daugaard,Rick Weiland,65+,60+,65 or over,45+,60+,65+,Non-Black 60+,White 60+,White 65+,Complete,,1.0,Some college/assoc. degree,No college degree,More than High school graduate,White no college degree,Favorable,Unfavorable,4.0,Omit,Was about right,Less than 100k,"Under $30,000",Less than 50k,Less than 50 thousand,"Under $50,000","Under $30,000","Under $50,000 and white",No,,Worried,Somewhat worried,Approve,Somewhat approve,45+,65+,Democrat,Non-black Democrat,White Democrat,Democrat,Democratic Women,White Democrat,Moderate,,Moderate/Conservative Democrats,Mod/Conserv. Democrats,White,White,State questionnaire,White,White,Midwest,Disapprove,The Democratic Party,Female,White women,,Rural,Small Cities/Rural,South Dakota,Telephone survey,Before that,In the last month,Before that,In the last month,Generally going in the right direction,Version 1,0.304238766431808,Yes
63787.0,Dennis Daugaard,Rick Weiland,45-65,30-59,50-59,45+,45-59,50-64,Non-Black 45-59,White 45-59,White 45-64,Complete,Call 1,1.0,Postgraduate study,College graduate,More than High school graduate,White college degree,Favorable,Unfavorable,3.0,Omit,Was about right,100k or more,"$30,000 or more",50k or more,100 thousand or more,"$100,000-$199,999","$100,000-$199,999","Over $50,000 and white",No,Yes,Not worried,Not too worried,Approve,Somewhat approve,45+,18-64,Democrat,Non-black Democrat,White Democrat,Democrat,Democratic Men,White Democrat,Moderate,7.0,Moderate/Conservative Democrats,Mod/Conserv. Democrats,White,White,State questionnaire,White,White,Midwest,Disapprove,The Democratic Party,Male,White men,Married men,,,South Dakota,Election day exit poll,In the last three days,In the last month,In the last week,In the last three days,Generally going in the right direction,Version 1,1.37881731987,No
65662.0,Dennis Daugaard,Rick Weiland,65+,60+,65 or over,45+,60+,65+,Non-Black 60+,White 60+,White 65+,Complete,Call 1,1.0,Some college/assoc. degree,No college degree,More than High school graduate,White no college degree,Favorable,Unfavorable,4.0,Omit,Did not go far enough,Less than 100k,"Under $30,000",Less than 50k,Less than 50 thousand,"Under $50,000","Under $30,000","Under $50,000 and white",No,No,Not worried,Not too worried,Approve,Strongly approve,45+,65+,Democrat,Non-black Democrat,White Democrat,Democrat,Democratic Women,White Democrat,Moderate,65.0,Moderate/Conservative Democrats,Mod/Conserv. Democrats,White,White,State questionnaire,White,White,Midwest,Disapprove,The Democratic Party,Female,White women,Non married women,,,South Dakota,Election day exit poll,Before that,Before that,Before that,Before that,Generally going in the right direction,Version 1,1.27006375789642,Yes
3673.0,Dennis Daugaard,Rick Weiland,65+,60+,65 or over,45+,60+,65+,Non-Black 60+,White 60+,White 65+,Complete,,1.0,Some college/assoc. degree,No college degree,More than High school graduate,White no college degree,Unfavorable,Unfavorable,4.0,Omit,Was about right,Less than 100k,"$30,000 or more",Less than 50k,Less than 50 thousand,"Under $50,000","$30,000-$49,999","Under $50,000 and white",No,Yes,Worried,Somewhat worried,Disapprove,Somewhat disapprove,45+,65+,Democrat,Non-black Democrat,White Democrat,Democrat,Democratic Men,White Democrat,Moderate,,Moderate/Conservative Democrats,Mod/Conserv. Democrats,White,White,State questionnaire,White,White,Midwest,Disapprove,The Democratic Party,Male,White men,Married men,Suburbs,Suburbs,South Dakota,Telephone survey,Before that,In the last month,Before that,In the last month,Omit,Version 1,0.563315749168396,Yes
3791.0,Dennis Daugaard,Rick Weiland,65+,60+,65 or over,45+,60+,65+,Non-Black 60+,All others,All others,Complete,,1.0,Some college/assoc. degree,No college degree,More than High school graduate,Non white no college degree,Unfavorable,Unfavorable,3.0,Omit,Was about right,Less than 100k,"$30,000 or more",50k or more,50 to 100 thousand,"$50,000-$99,999","$50,000-$99,999","Over $50,000 and non white",No,Yes,Not worried,Not too worried,Approve,Somewhat approve,45+,65+,Independent/Something else,Non-black non-Democrat,All Other,Independent,Independent Men,All others,Moderate,,Moderate/Liberal Republicans,Moderate Independents,Other,American Indian,State questionnaire,Other,American Indian,Midwest,Disapprove,Does not matter to me,Male,All other races,Married men,Rural,Small Cities/Rural,South Dakota,Telephone survey,Before that,In the last month,Before that,In the last month,Generally going in the right direction,Version 1,1.05198907852173,No
98265.0,Dennis Daugaard,Rick Weiland,45-65,60+,60-64,45+,60+,50-64,Non-Black 60+,White 60+,White 45-64,Complete,Call 3,1.0,Some college/assoc. degree,No college degree,More than High school graduate,White no college degree,Unfavorable,Unfavorable,2.0,Omit,Omit,Less than 100k,"$30,000 or more",Less than 50k,Less than 50 thousand,"Under $50,000","$30,000-$49,999","Under $50,000 and white",No,No,Worried,Somewhat worried,Disapprove,Somewhat disapprove,45+,18-64,Democrat,Non-black Democrat,White Democrat,Democrat,Democratic Women,White Democrat,,36.0,,,White,White,State questionnaire,White,White,Midwest,Omit,Does not matter to me,Female,White women,Non married women,,,South Dakota,Election day exit poll,In the last three days,In the last month,In the last week,In the last three days,Omit,Version 1,1.52804553508759,Yes
3782.0,Dennis Daugaard,Rick Weiland,65+,60+,65 or over,45+,60+,65+,Non-Black 60+,White 60+,White 65+,Complete,,1.0,High school graduate,No college degree,High school graduate or less,White no college degree,Omit,Omit,4.0,Omit,Did not go far enough,Less than 100k,"Under $30,000",Less than 50k,Less than 50 thousand,"Under $50,000","Under $30,000","Under $50,000 and white",No,Yes,Not worried,Not too worried,Omit,Omit,45+,65+,Independent/Something else,Non-black non-Democrat,White Independent,Independent,Independent Men,White Independent,Conservative,,Moderate/Liberal Republicans,Conservative Independents,White,White,State questionnaire,White,White,Midwest,Disapprove,The Democratic Party,Male,White men,Married men,"Cities 50,000-500,000","Cities over 50,000",South Dakota,Telephone survey,Before that,Before that,Before that,Before that,Seriously off on the wrong track,Version 1,0.563315749168396,Yes
97550.0,Michael Myers,Rick Weiland,18-29,18-29,25-29,18-44,18-29,25-29,Non-Black 18-29,White 18-29,White 18-29,Complete,Call 3,1.0,Some college/assoc. degree,No college degree,More than High school graduate,White no college degree,,,3.0,,,Less than 100k,"$30,000 or more",Less than 50k,Less than 50 thousand,"Under $50,000","$30,000-$49,999","Under $50,000 and white",No,,Worried,Very worried,Disapprove,Strongly disapprove,18-44,18-64,Independent/Something else,Non-black non-Democrat,White Independent,Independent,Independent Men,White Independent,Conservative,9.0,Moderate/Liberal Republicans,Conservative Independents,White,White,National questionnaire,White,White,Midwest,,,Male,White men,,Rural,Small Cities/Rural,South Dakota,Election day exit poll,,,,,,Version 1,0.758060574531555,Yes
3807.0,Michael Myers,Rick Weiland,45-65,60+,60-64,45+,60+,50-64,Non-Black 60+,White 60+,White 45-64,Complete,,1.0,Postgraduate study,College graduate,More than High school graduate,White college degree,Favorable,Unfavorable,4.0,Government should do more to solve problems,Omit,100k or more,"$30,000 or more",50k or more,100 thousand or more,"$100,000-$199,999","$100,000-$199,999","Over $50,000 and white",No,No,Worried,Somewhat worried,Approve,Somewhat approve,45+,18-64,Independent/Something else,Non-black non-Democrat,White Independent,Independent,Independent Men,White Independent,Moderate,,Moderate/Liberal Republicans,Moderate Independents,White,White,State questionnaire,White,White,Midwest,Disapprove,The Democratic Party,Male,White men,Non married men,"Cities 50,000-500,000","Cities over 50,000",South Dakota,Telephone survey,Before that,Before that,Before that,Before that,Generally going in the right direction,Version 1,0.138410195708275,No
3810.0,Michael Myers,Rick Weiland,18-29,18-29,18-24,18-44,18-29,18-24,Non-Black 18-29,All others,All others,Complete,,1.0,Some college/assoc. degree,No college degree,More than High school graduate,Non white no college degree,Favorable,Unfavorable,4.0,Government should do more to solve problems,Was about right,Less than 100k,"$30,000 or more",Less than 50k,Less than 50 thousand,"Under $50,000","$30,000-$49,999","Under $50,000 and non white",No,No,Worried,Somewhat worried,Disapprove,Strongly disapprove,18-44,18-64,Independent/Something else,Non-black non-Democrat,All Other,Independent,Independent Men,All others,Conservative,,Moderate/Liberal Republicans,Conservative Independents,Other,American Indian,State questionnaire,Other,American Indian,Midwest,Disapprove,Does not matter to me,Male,All other races,Non married men,"Cities 50,000-500,000","Cities over 50,000",South Dakota,Telephone survey,Before that,In the last month,Before that,In the last month,Seriously off on the wrong track,Version 1,1.90895569324493,No
3858.0,Michael Myers,Rick Weiland,65+,60+,65 or over,45+,60+,65+,Non-Black 60+,White 60+,White 65+,Complete,,1.0,College graduate,College graduate,More than High school graduate,White college degree,Favorable,Unfavorable,1.0,Government should do more to solve problems,Was about right,,,,,,,,No,No,Not worried,Not too worried,Approve,Strongly approve,45+,65+,Democrat,Non-black Democrat,White Democrat,Democrat,Democratic Women,White Democrat,Liberal,,Liberal Democrats,Liberal Democrats,White,White,State questionnaire,White,White,Midwest,Disapprove,The Democratic Party,Female,White women,Non married women,"Cities 50,000-500,000","Cities over 50,000",South Dakota,Telephone survey,Before that,In the last month,Before that,In the last month,Seriously off on the wrong track,Version 1,0.114485897123814,No
3899.0,Michael Myers,Rick Weiland,45-65,30-59,45-49,45+,45-59,40-49,Non-Black 45-59,Latino 45-59,Latino 45-64,Complete,,1.0,Some college/assoc. degree,No college degree,More than High school graduate,Non white no college degree,Favorable,Unfavorable,4.0,Government should do more to solve problems,Was about right,Less than 100k,"Under $30,000",Less than 50k,Less than 50 thousand,"Under $50,000","Under $30,000","Under $50,000 and non white",Yes,No,Worried,Very worried,Approve,Somewhat approve,45+,18-64,Independent/Something else,Non-black non-Democrat,Latino Independent,Independent,Independent Men,All others,Liberal,,Moderate/Liberal Republicans,Liberal Independents,Other,American Indian,State questionnaire,Hispanic/Latino,Hispanic/Latino,Midwest,Disapprove,The Democratic Party,Male,Latino men,Non married men,Rural,Small Cities/Rural,South Dakota,Telephone survey,Before that,Before that,Before that,Before that,Seriously off on the wrong track,Version 1,0.95001620054245,No
81248.0,Michael Myers,Rick Weiland,65+,60+,65 or over,45+,60+,65+,Non-Black 60+,White 60+,White 65+,Complete,Call 2,1.0,College graduate,College graduate,More than High school graduate,White college degree,Favorable,Unfavorable,2.0,Government should do more to solve problems,Was about right,Less than 100k,"$30,000 or more",50k or more,50 to 100 thousand,"$50,000-$99,999","$50,000-$99,999","Over $50,000 and white",No,No,Worried,Somewhat worried,Approve,Somewhat approve,45+,65+,Independent/Something else,Non-black non-Democrat,White Independent,Independent,Independent Women,White Independent,Moderate,36.0,Moderate/Liberal Republicans,Moderate Independents,White,White,State questionnaire,White,White,Midwest,Disapprove,The Democratic Party,Female,White women,Non married women,,,South Dakota,Election day exit poll,Before that,In the last month,Before that,In the last month,Generally going in the right direction,Version 1,0.83239871263504,No
81561.0,Michael Myers,Rick Weiland,18-29,18-29,25-29,18-44,18-29,25-29,Non-Black 18-29,White 18-29,White 18-29,Complete,Call 2,1.0,College graduate,College graduate,More than High school graduate,White college degree,Favorable,Unfavorable,2.0,Government should do more to solve problems,Was about right,Less than 100k,"$30,000 or more",Less than 50k,Less than 50 thousand,"Under $50,000","$30,000-$49,999","Under $50,000 and white",No,No,Worried,Somewhat worried,Disapprove,Somewhat disapprove,18-44,18-64,Independent/Something else,Non-black non-Democrat,White Independent,Independent,Independent Men,White Independent,Moderate,5.0,Moderate/Liberal Republicans,Moderate Independents,White,White,State questionnaire,White,White,Midwest,Omit,The Democratic Party,Male,White men,Non married men,,,South Dakota,Election day exit poll,In the last three days,In the last month,In the last week,In the last three days,Seriously off on the wrong track,Version 1,1.45447409152985,No
63687.0,Michael Myers,Rick Weiland,30-44,30-59,30-39,18-44,30-44,30-39,Non-Black 30-44,White 30-44,White 30-44,Complete,Call 1,1.0,High school graduate,No college degree,High school graduate or less,White no college degree,Unfavorable,Unfavorable,3.0,Government should do more to solve problems,Did not go far enough,100k or more,"$30,000 or more",50k or more,100 thousand or more,"$100,000-$199,999","$100,000-$199,999","Over $50,000 and white",No,Yes,Worried,Somewhat worried,Disapprove,Somewhat disapprove,18-44,18-64,Republican,Non-black non-Democrat,All Republicans,Republican,Republican Men,White Republican,Conservative,26.0,Independent/Something else,Conservative Republicans,White,White,State questionnaire,White,White,Midwest,Disapprove,Does not matter to me,Male,White men,Married men,,,South Dakota,Election day exit poll,In the last three days,In the last month,In the last week,In the last three days,Seriously off on the wrong track,Version 1,0.805535137653351,No
96230.0,Michael Myers,Rick Weiland,18-29,18-29,18-24,18-44,18-29,18-24,Non-Black 18-29,White 18-29,White 18-29,Complete,Call 3,1.0,College graduate,College graduate,More than High school graduate,White college degree,Unfavorable,Unfavorable,1.0,Government should do more to solve problems,Did not go far enough,Less than 100k,"Under $30,000",Less than 50k,Less than 50 thousand,"Under $50,000","Under $30,000","Under $50,000 and white",No,No,Not worried,Not too worried,Disapprove,Somewhat disapprove,18-44,18-64,Independent/Something else,Non-black non-Democrat,White Independent,Independent,Independent Men,White Independent,Liberal,53.0,Moderate/Liberal Republicans,Liberal Independents,White,White,State questionnaire,White,White,Midwest,Disapprove,The Democratic Party,Male,White men,Non married men,,,South Dakota,Election day exit poll,Before that,Before that,Before that,Before that,Omit,Version 1,1.1550235748291,No
3684.0,Michael Myers,Rick Weiland,18-29,18-29,25-29,18-44,18-29,25-29,Non-Black 18-29,White 18-29,White 18-29,Complete,,1.0,College graduate,College graduate,More than High school graduate,White college degree,Favorable,Favorable,4.0,Government is doing too many things better left to businesses and individuals,Went too far,100k or more,"$30,000 or more",50k or more,100 thousand or more,"$100,000-$199,999","$100,000-$199,999","Over $50,000 and white",No,Yes,Worried,Somewhat worried,Disapprove,Strongly disapprove,18-44,18-64,Independent/Something else,Non-black non-Democrat,White Independent,Independent,Independent Women,White Independent,Moderate,,Moderate/Liberal Republicans,Moderate Independents,White,White,State questionnaire,White,White,Midwest,Disapprove,The Democratic Party,Female,White women,Married women,"Cities 50,000-500,000","Cities over 50,000",South Dakota,Telephone survey,Before that,In the last month,Before that,In the last month,Seriously off on the wrong track,Version 1,0.946857690811157,No
80950.0,Michael Myers,Rick Weiland,30-44,30-59,40-44,18-44,30-44,40-49,Non-Black 30-44,White 30-44,White 30-44,Complete,Call 2,1.0,College graduate,College graduate,More than High school graduate,White college degree,Favorable,Favorable,3.0,Government is doing too many things better left to businesses and individuals,Did not go far enough,Less than 100k,"Under $30,000",Less than 50k,Less than 50 thousand,"Under $50,000","Under $30,000","Under $50,000 and white",No,Yes,Worried,Very worried,Approve,Somewhat approve,18-44,18-64,Independent/Something else,Non-black non-Democrat,White Independent,Independent,Independent Women,White Independent,Liberal,7.0,Moderate/Liberal Republicans,Liberal Independents,White,White,State questionnaire,White,White,Midwest,Disapprove,The Democratic Party,Female,White women,Married women,,,South Dakota,Election day exit poll,Before that,In the last month,Before that,In the last month,Seriously off on the wrong track,Version 1,0.716132044792175,No
65185.0,Michael Myers,Rick Weiland,45-65,30-59,50-59,45+,45-59,50-64,Non-Black 45-59,White 45-59,White 45-64,Complete,Call 1,1.0,Some college/assoc. degree,No college degree,More than High school graduate,White no college degree,Unfavorable,Favorable,4.0,Government is doing too many things better left to businesses and individuals,Went too far,Less than 100k,"Under $30,000",Less than 50k,Less than 50 thousand,"Under $50,000","Under $30,000","Under $50,000 and white",,No,Worried,Very worried,Disapprove,Strongly disapprove,45+,18-64,Republican,Non-black non-Democrat,All Republicans,Republican,Republican Men,White Republican,,40.0,,,White,White,State questionnaire,White,White,Midwest,Disapprove,The Republican Party,Male,White men,Non married men,,,South Dakota,Election day exit poll,Before that,In the last month,Before that,In the last month,Seriously off on the wrong track,Version 1,1.23515379428864,Yes
80652.0,Michael Myers,Rick Weiland,30-44,30-59,30-39,18-44,30-44,30-39,Non-Black 30-44,White 30-44,White 30-44,Complete,Call 2,1.0,Postgraduate study,College graduate,More than High school graduate,White college degree,Unfavorable,Unfavorable,2.0,Government is doing too many things better left to businesses and individuals,Went too far,100k or more,"$30,000 or more",50k or more,100 thousand or more,"$100,000-$199,999","$100,000-$199,999","Over $50,000 and white",No,Yes,Worried,Somewhat worried,Disapprove,Somewhat disapprove,18-44,18-64,Republican,Non-black non-Democrat,All Republicans,Republican,Republican Men,White Republican,Moderate,36.0,Conservative Republicans,Mod./Liberal Republicans,White,White,State questionnaire,White,White,Midwest,Disapprove,The Republican Party,Male,White men,Married men,,,South Dakota,Election day exit poll,Before that,In the last month,Before that,In the last month,Seriously off on the wrong track,Version 1,0.868467569351196,No
3814.0,Michael Myers,Rick Weiland,65+,60+,65 or over,45+,60+,65+,Non-Black 60+,White 60+,White 65+,Complete,,1.0,High school graduate,No college degree,High school graduate or less,White no college degree,Favorable,Unfavorable,4.0,Omit,Was about right,,,,,,,,No,Yes,Not worried,Not too worried,Approve,Strongly approve,45+,65+,Democrat,Non-black Democrat,White Democrat,Democrat,Democratic Women,White Democrat,Moderate,,Moderate/Conservative Democrats,Mod/Conserv. Democrats,White,White,State questionnaire,White,White,Midwest,Disapprove,The Democratic Party,Female,White women,Married women,Rural,Small Cities/Rural,South Dakota,Telephone survey,Before that,Before that,Before that,Before that,Seriously off on the wrong track,Version 1,0.331466495990753,
3859.0,Michael Myers,Rick Weiland,65+,60+,65 or over,45+,60+,65+,Non-Black 60+,White 60+,White 65+,Complete,,1.0,High school graduate,No college degree,High school graduate or less,White no college degree,Unfavorable,Unfavorable,1.0,Omit,Omit,Less than 100k,"Under $30,000",Less than 50k,Less than 50 thousand,"Under $50,000","Under $30,000","Under $50,000 and white",No,No,Worried,Very worried,Disapprove,Strongly disapprove,45+,65+,Democrat,Non-black Democrat,White Democrat,Democrat,Democratic Women,White Democrat,Moderate,,Moderate/Conservative Democrats,Mod/Conserv. Democrats,White,White,State questionnaire,White,White,Midwest,Omit,Does not matter to me,Female,White women,Non married women,Suburbs,Suburbs,South Dakota,Telephone survey,Before that,In the last month,In the last week,In the last week,Seriously off on the wrong track,Version 1,0.0798544734716415,Yes
99804.0,Michael Myers,Rick Weiland,45-65,30-59,50-59,45+,45-59,50-64,Non-Black 45-59,White 45-59,White 45-64,Complete,Call 3,1.0,Some college/assoc. degree,No college degree,More than High school graduate,White no college degree,Unfavorable,Unfavorable,3.0,Omit,Did not go far enough,Less than 100k,"$30,000 or more",Less than 50k,Less than 50 thousand,"Under $50,000","$30,000-$49,999","Under $50,000 and white",No,Yes,Worried,Somewhat worried,Disapprove,Strongly disapprove,45+,18-64,Independent/Something else,Non-black non-Democrat,White Independent,Independent,Independent Men,White Independent,Conservative,26.0,Moderate/Liberal Republicans,Conservative Independents,White,White,State questionnaire,White,White,Midwest,Disapprove,The Republican Party,Male,White men,Married men,,,South Dakota,Election day exit poll,In the last three days,In the last month,In the last week,In the last three days,Seriously off on the wrong track,Version 1,0.805535137653351,Yes
81999.0,Did not vote,Mike Rounds,30-44,30-59,30-39,18-44,30-44,30-39,Non-Black 30-44,White 30-44,White 30-44,Complete,Call 2,1.0,High school graduate,No college degree,High school graduate or less,White no college degree,Favorable,Favorable,2.0,Government should do more to solve problems,Did not go far enough,Less than 100k,"Under $30,000",Less than 50k,Less than 50 thousand,"Under $50,000","Under $30,000","Under $50,000 and white",No,No,Worried,Somewhat worried,Disapprove,Strongly disapprove,18-44,18-64,Independent/Something else,Non-black non-Democrat,White Independent,Independent,Independent Women,White Independent,Moderate,5.0,Moderate/Liberal Republicans,Moderate Independents,White,White,State questionnaire,White,White,Midwest,Disapprove,Does not matter to me,Female,White women,Non married women,,,South Dakota,Election day exit poll,In the last three days,In the last month,In the last week,In the last three days,Seriously off on the wrong track,Version 1,1.24440228939056,Yes
80896.0,Susan Wismer,Mike Rounds,65+,60+,65 or over,45+,60+,65+,Non-Black 60+,White 60+,White 65+,Complete,Call 2,1.0,High school graduate,No college degree,High school graduate or less,White no college degree,,,3.0,,,Less than 100k,"Under $30,000",Less than 50k,Less than 50 thousand,"Under $50,000","Under $30,000","Under $50,000 and white",,,,,,,45+,65+,Democrat,Non-black Democrat,White Democrat,Democrat,Democratic Men,White Democrat,Moderate,9.0,Moderate/Conservative Democrats,Mod/Conserv. Democrats,White,White,National questionnaire,White,White,Midwest,,,Male,White men,,Rural,Small Cities/Rural,South Dakota,Election day exit poll,,,,,,Version 5,0.578486919403076,Yes
3784.0,Susan Wismer,Mike Rounds,65+,60+,65 or over,45+,60+,65+,Non-Black 60+,White 60+,White 65+,Complete,,1.0,Postgraduate study,College graduate,More than High school graduate,White college degree,Favorable,Unfavorable,2.0,Government should do more to solve problems,Omit,Less than 100k,"$30,000 or more",50k or more,50 to 100 thousand,"$50,000-$99,999","$50,000-$99,999","Over $50,000 and white",No,No,Not worried,Not too worried,Approve,Strongly approve,45+,65+,Democrat,Non-black Democrat,White Democrat,Democrat,Democratic Men,White Democrat,Liberal,,Liberal Democrats,Liberal Democrats,White,White,State questionnaire,White,White,Midwest,Omit,The Democratic Party,Male,White men,Non married men,Rural,Small Cities/Rural,South Dakota,Telephone survey,Before that,In the last month,Before that,In the last month,Generally going in the right direction,Version 1,0.206451922655106,No
65736.0,Susan Wismer,Mike Rounds,30-44,30-59,30-39,18-44,30-44,30-39,Non-Black 30-44,White 30-44,White 30-44,Complete,Call 1,1.0,Postgraduate study,College graduate,More than High school graduate,White college degree,Favorable,Unfavorable,2.0,Government should do more to solve problems,Was about right,Less than 100k,"$30,000 or more",50k or more,50 to 100 thousand,"$50,000-$99,999","$50,000-$99,999","Over $50,000 and white",No,Yes,Worried,Somewhat worried,Approve,Somewhat approve,18-44,18-64,Democrat,Non-black Democrat,White Democrat,Democrat,Democratic Women,White Democrat,Liberal,5.0,Liberal Democrats,Liberal Democrats,White,White,State questionnaire,White,White,Midwest,Disapprove,The Democratic Party,Female,White women,Married women,,,South Dakota,Election day exit poll,Before that,Before that,Before that,Before that,Generally going in the right direction,Version 1,1.05268967151642,No
83314.0,Susan Wismer,Mike Rounds,45-65,60+,60-64,45+,60+,50-64,Non-Black 60+,White 60+,White 45-64,Complete,Call 2,1.0,High school graduate,No college degree,High school graduate or less,White no college degree,Favorable,Unfavorable,4.0,Government should do more to solve problems,Was about right,Less than 100k,"Under $30,000",Less than 50k,Less than 50 thousand,"Under $50,000","Under $30,000","Under $50,000 and white",No,Yes,Not worried,Not at all worried,Approve,Strongly approve,45+,18-64,Democrat,Non-black Democrat,White Democrat,Democrat,Democratic Men,White Democrat,Liberal,65.0,Liberal Democrats,Liberal Democrats,White,White,State questionnaire,White,White,Midwest,Disapprove,The Democratic Party,Male,White men,Married men,,,South Dakota,Election day exit poll,Before that,In the last month,Before that,In the last month,Generally going in the right direction,Version 1,0.778392553329468,Yes
97426.0,Susan Wismer,Mike Rounds,45-65,30-59,50-59,45+,45-59,50-64,Non-Black 45-59,White 45-59,White 45-64,Complete,Call 3,1.0,Some college/assoc. degree,No college degree,More than High school graduate,White no college degree,Unfavorable,Unfavorable,4.0,Government should do more to solve problems,Did not go far enough,Less than 100k,"$30,000 or more",Less than 50k,Less than 50 thousand,"Under $50,000","$30,000-$49,999","Under $50,000 and white",No,No,Worried,Very worried,Disapprove,Strongly disapprove,45+,18-64,Independent/Something else,Non-black non-Democrat,White Independent,Independent,Independent Women,White Independent,Moderate,65.0,Moderate/Liberal Republicans,Moderate Independents,White,White,State questionnaire,White,White,Midwest,Disapprove,Omit,Female,White women,Non married women,,,South Dakota,Election day exit poll,In the last three days,In the last month,In the last week,In the last three days,Seriously off on the wrong track,Version 1,0.738249897956848,Yes
97921.0,Susan Wismer,Mike Rounds,45-65,30-59,50-59,45+,45-59,50-64,Non-Black 45-59,White 45-59,White 45-64,Complete,Call 3,1.0,High school graduate,No college degree,High school graduate or less,White no college degree,Unfavorable,Unfavorable,4.0,Government should do more to solve problems,Did not go far enough,Less than 100k,"$30,000 or more",50k or more,50 to 100 thousand,"$50,000-$99,999","$50,000-$99,999","Over $50,000 and white",No,Yes,Worried,Very worried,Disapprove,Strongly disapprove,45+,18-64,Independent/Something else,Non-black non-Democrat,White Independent,Independent,Independent Men,White Independent,Moderate,65.0,Moderate/Liberal Republicans,Moderate Independents,White,White,State questionnaire,White,White,Midwest,Approve,Does not matter to me,Male,White men,Married men,,,South Dakota,Election day exit poll,Before that,In the last month,In the last week,In the last week,Seriously off on the wrong track,Version 1,0.774305164813995,No
3733.0,Susan Wismer,Mike Rounds,65+,60+,65 or over,45+,60+,65+,Non-Black 60+,White 60+,White 65+,Complete,,3.0,Some college/assoc. degree,No college degree,More than High school graduate,White no college degree,Unfavorable,Favorable,3.0,Government is doing too many things better left to businesses and individuals,Was about right,Less than 100k,"$30,000 or more",50k or more,50 to 100 thousand,"$50,000-$99,999","$50,000-$99,999","Over $50,000 and white",No,Yes,Worried,Somewhat worried,Disapprove,Strongly disapprove,45+,65+,Republican,Non-black non-Democrat,All Republicans,Republican,Republican Women,White Republican,Moderate,,Conservative Republicans,Mod./Liberal Republicans,White,White,State questionnaire,White,White,Midwest,Approve,The Republican Party,Female,White women,Married women,Rural,Small Cities/Rural,South Dakota,Telephone survey,Before that,Before that,Before that,Before that,Seriously off on the wrong track,Version 1,0.381556510925293,No
65869.0,Susan Wismer,Mike Rounds,45-65,30-59,50-59,45+,45-59,50-64,Non-Black 45-59,White 45-59,White 45-64,Complete,Call 1,1.0,College graduate,College graduate,More than High school graduate,White college degree,Unfavorable,Favorable,2.0,Government is doing too many things better left to businesses and individuals,Went too far,Less than 100k,"$30,000 or more",50k or more,50 to 100 thousand,"$50,000-$99,999","$50,000-$99,999","Over $50,000 and white",No,Yes,Worried,Somewhat worried,Disapprove,Somewhat disapprove,45+,18-64,Republican,Non-black non-Democrat,All Republicans,Republican,Republican Men,White Republican,Moderate,5.0,Conservative Republicans,Mod./Liberal Republicans,White,White,State questionnaire,White,White,Midwest,Approve,The Republican Party,Male,White men,Married men,,,South Dakota,Election day exit poll,Before that,Before that,Before that,Before that,Generally going in the right direction,Version 1,1.10410177707672,No
3701.0,Susan Wismer,Mike Rounds,65+,60+,65 or over,45+,60+,65+,,,,Complete,,1.0,High school graduate,No college degree,High school graduate or less,,Favorable,Unfavorable,3.0,Government is doing too many things better left to businesses and individuals,Went too far,Less than 100k,"Under $30,000",Less than 50k,Less than 50 thousand,"Under $50,000","Under $30,000",,No,No,Worried,Somewhat worried,Disapprove,Strongly disapprove,45+,65+,Republican,,,Republican,Republican Women,,Conservative,,Independent/Something else,Conservative Republicans,,,State questionnaire,,,Midwest,Approve,The Republican Party,Female,,Non married women,Rural,Small Cities/Rural,South Dakota,Telephone survey,Before that,Before that,Before that,Before that,Seriously off on the wrong track,Version 1,0.327566504478455,
8936.0,Dennis Daugaard,Mike Rounds,65+,60+,65 or over,45+,60+,65+,Non-Black 60+,White 60+,White 65+,Complete,,1.0,College graduate,College graduate,More than High school graduate,White college degree,,,4.0,,,100k or more,"$30,000 or more",50k or more,100 thousand or more,"$100,000-$199,999","$100,000-$199,999","Over $50,000 and white",No,,,,,,45+,65+,Republican,Non-black non-Democrat,All Republicans,Republican,Republican Men,White Republican,Moderate,,Conservative Republicans,Mod./Liberal Republicans,White,White,National questionnaire,White,White,Midwest,,,Male,White men,,Rural,Small Cities/Rural,South Dakota,Telephone survey,,,,,,Version 5,0.301304489374161,No
9547.0,Dennis Daugaard,Mike Rounds,65+,60+,65 or over,45+,60+,65+,Non-Black 60+,White 60+,White 65+,Complete,,1.0,College graduate,College graduate,More than High school graduate,White college degree,,,4.0,,,100k or more,"$30,000 or more",50k or more,100 thousand or more,"$200,000 or more","$200,000 or more","Over $50,000 and white",No,,Worried,Somewhat worried,Disapprove,Strongly disapprove,45+,65+,Republican,Non-black non-Democrat,All Republicans,Republican,Republican Women,White Republican,Conservative,,Independent/Something else,Conservative Republicans,White,White,National questionnaire,White,White,Midwest,,,Female,White women,,"Cities 50,000-500,000","Cities over 50,000",South Dakota,Telephone survey,,,,,,Version 1,0.672159314155579,No
59785.0,Dennis Daugaard,Mike Rounds,65+,60+,65 or over,45+,60+,65+,Non-Black 60+,White 60+,White 65+,Complete,Call 1,1.0,High school graduate,No college degree,High school graduate or less,White no college degree,,,3.0,,,Less than 100k,"Under $30,000",Less than 50k,Less than 50 thousand,"Under $50,000","Under $30,000","Under $50,000 and white",No,,,,,,45+,65+,,,,,,,Conservative,9.0,,,White,White,National questionnaire,White,White,Midwest,,,Female,White women,,Rural,Small Cities/Rural,South Dakota,Election day exit poll,,,,,,Version 5,0.7227423787117,Yes
59975.0,Dennis Daugaard,Mike Rounds,45-65,30-59,50-59,45+,45-59,50-64,Black 45-59,Black 45-59,Black 45-64,Complete,Call 1,1.0,No high school diploma,No college degree,High school graduate or less,Non white no college degree,,,3.0,,,Less than 100k,"$30,000 or more",Less than 50k,Less than 50 thousand,"Under $50,000","$30,000-$49,999","Under $50,000 and non white",No,,,,,,45+,18-64,Independent/Something else,Black non-Democrat,Black Independent,Independent,Independent Men,All others,Moderate,9.0,Moderate/Liberal Republicans,Moderate Independents,Black,Black,National questionnaire,Black,Black,Midwest,,,Male,Black men,,Rural,Small Cities/Rural,South Dakota,Election day exit poll,,,,,,Version 5,0.559884786605835,No
60170.0,Dennis Daugaard,Mike Rounds,45-65,60+,60-64,45+,60+,50-64,Non-Black 60+,White 60+,White 45-64,Complete,Call 1,1.0,Postgraduate study,College graduate,More than High school graduate,White college degree,,,3.0,,,100k or more,"$30,000 or more",50k or more,100 thousand or more,"$100,000-$199,999","$100,000-$199,999","Over $50,000 and white",No,Yes,,,,,45+,18-64,Republican,Non-black non-Democrat,All Republicans,Republican,Republican Women,White Republican,Conservative,9.0,Independent/Something else,Conservative Republicans,White,White,National questionnaire,White,White,Midwest,,,Female,White women,Married women,Rural,Small Cities/Rural,South Dakota,Election day exit poll,,,,,,Version 3,0.7227423787117,No
60586.0,Dennis Daugaard,Mike Rounds,30-44,30-59,30-39,18-44,30-44,30-39,Non-Black 30-44,White 30-44,White 30-44,Complete,Call 1,1.0,Postgraduate study,College graduate,More than High school graduate,White college degree,,,3.0,,,Less than 100k,"$30,000 or more",50k or more,50 to 100 thousand,"$50,000-$99,999","$50,000-$99,999","Over $50,000 and white",No,,Worried,Very worried,Disapprove,Strongly disapprove,18-44,18-64,Republican,Non-black non-Democrat,All Republicans,Republican,Republican Women,White Republican,Moderate,9.0,Conservative Republicans,Mod./Liberal Republicans,White,White,National questionnaire,White,White,Midwest,,,Female,White women,,Rural,Small Cities/Rural,South Dakota,Election day exit poll,,,,,,Version 1,0.718947172164917,No
60913.0,Dennis Daugaard,Mike Rounds,45-65,60+,60-64,45+,60+,50-64,Non-Black 60+,White 60+,White 45-64,Complete,Call 1,1.0,High school graduate,No college degree,High school graduate or less,White no college degree,,,3.0,,,Less than 100k,"$30,000 or more",Less than 50k,Less than 50 thousand,"Under $50,000","$30,000-$49,999","Under $50,000 and white",No,Yes,,,,,45+,18-64,Republican,Non-black non-Democrat,All Republicans,Republican,Republican Women,White Republican,Liberal,9.0,Conservative Republicans,Mod./Liberal Republicans,White,White,National questionnaire,White,White,Midwest,,,Female,White women,Married women,Rural,Small Cities/Rural,South Dakota,Election day exit poll,,,,,,Version 3,0.7227423787117,Yes
61197.0,Dennis Daugaard,Mike Rounds,65+,60+,65 or over,45+,60+,65+,Non-Black 60+,White 60+,White 65+,Complete,Call 1,1.0,College graduate,College graduate,More than High school graduate,White college degree,,,3.0,,,Less than 100k,"$30,000 or more",50k or more,50 to 100 thousand,"$50,000-$99,999","$50,000-$99,999","Over $50,000 and white",No,Yes,,,,,45+,65+,Republican,Non-black non-Democrat,All Republicans,Republican,Republican Men,White Republican,Conservative,9.0,Independent/Something else,Conservative Republicans,White,White,National questionnaire,White,White,Midwest,,,Male,White men,Married men,Rural,Small Cities/Rural,South Dakota,Election day exit poll,,,,,,Version 3,0.758040249347687,No
61358.0,Dennis Daugaard,Mike Rounds,65+,60+,65 or over,45+,60+,65+,Non-Black 60+,White 60+,White 65+,Complete,Call 1,1.0,High school graduate,No college degree,High school graduate or less,White no college degree,,,3.0,,,Less than 100k,"$30,000 or more",50k or more,50 to 100 thousand,"$50,000-$99,999","$50,000-$99,999","Over $50,000 and white",No,No,,,,,45+,65+,Republican,Non-black non-Democrat,All Republicans,Republican,Republican Women,White Republican,Moderate,9.0,Conservative Republicans,Mod./Liberal Republicans,White,White,National questionnaire,White,White,Midwest,,,Female,White women,Non married women,Rural,Small Cities/Rural,South Dakota,Election day exit poll,,,,,,Version 3,0.7227423787117,No
78339.0,Dennis Daugaard,Mike Rounds,65+,60+,65 or over,45+,60+,65+,Non-Black 60+,White 60+,White 65+,Complete,Call 2,1.0,College graduate,College graduate,More than High school graduate,White college degree,,,3.0,,Went too far,Less than 100k,"Under $30,000",Less than 50k,Less than 50 thousand,"Under $50,000","Under $30,000","Under $50,000 and white",No,,,,,,45+,65+,Republican,Non-black non-Democrat,All Republicans,Republican,Republican Women,White Republican,Conservative,9.0,Independent/Something else,Conservative Republicans,White,White,National questionnaire,White,White,Midwest,,,Female,White women,,Rural,Small Cities/Rural,South Dakota,Election day exit poll,,,,,,Version 2,0.7227423787117,No
78748.0,Dennis Daugaard,Mike Rounds,45-65,60+,60-64,45+,60+,50-64,Non-Black 60+,White 60+,White 45-64,Complete,Call 2,1.0,High school graduate,No college degree,High school graduate or less,White no college degree,,,3.0,,,100k or more,"$30,000 or more",50k or more,100 thousand or more,"$100,000-$199,999","$100,000-$199,999","Over $50,000 and white",No,,,,,,45+,18-64,Republican,Non-black non-Democrat,All Republicans,Republican,Republican Women,White Republican,Moderate,9.0,Conservative Republicans,Mod./Liberal Republicans,White,White,National questionnaire,White,White,Midwest,,,Female,White women,,Rural,Small Cities/Rural,South Dakota,Election day exit poll,,,,,,Version 5,0.7227423787117,No
78862.0,Dennis Daugaard,Mike Rounds,45-65,30-59,50-59,45+,45-59,50-64,Non-Black 45-59,White 45-59,White 45-64,Complete,Call 2,1.0,High school graduate,No college degree,High school graduate or less,White no college degree,,,3.0,,,Less than 100k,"$30,000 or more",50k or more,50 to 100 thousand,"$50,000-$99,999","$50,000-$99,999","Over $50,000 and white",No,Yes,,,,,45+,18-64,Democrat,Non-black Democrat,White Democrat,Democrat,Democratic Men,White Democrat,Moderate,9.0,Moderate/Conservative Democrats,Mod/Conserv. Democrats,White,White,National questionnaire,White,White,Midwest,,,Male,White men,Married men,Rural,Small Cities/Rural,South Dakota,Election day exit poll,,,,,,Version 3,0.754059672355652,No
79419.0,Dennis Daugaard,Mike Rounds,45-65,30-59,50-59,45+,45-59,50-64,Non-Black 45-59,White 45-59,White 45-64,Complete,Call 2,1.0,High school graduate,No college degree,High school graduate or less,White no college degree,,,3.0,,,Less than 100k,"$30,000 or more",Less than 50k,Less than 50 thousand,"Under $50,000","$30,000-$49,999","Under $50,000 and white",No,,,,,,45+,18-64,Democrat,Non-black Democrat,White Democrat,Democrat,Democratic Women,White Democrat,Conservative,9.0,Moderate/Conservative Democrats,Mod/Conserv. Democrats,White,White,National questionnaire,White,White,Midwest,,,Female,White women,,Rural,Small Cities/Rural,South Dakota,Election day exit poll,,,,,,Version 5,0.718947172164917,Yes
79715.0,Dennis Daugaard,Mike Rounds,18-29,18-29,18-24,18-44,18-29,18-24,Non-Black 18-29,White 18-29,White 18-29,Complete,Call 2,1.0,College graduate,College graduate,More than High school graduate,White college degree,,,3.0,,,100k or more,"$30,000 or more",50k or more,100 thousand or more,"$100,000-$199,999","$100,000-$199,999","Over $50,000 and white",No,,Worried,Somewhat worried,Disapprove,Strongly disapprove,18-44,18-64,Republican,Non-black non-Democrat,All Republicans,Republican,Republican Men,White Republican,Conservative,9.0,Independent/Something else,Conservative Republicans,White,White,National questionnaire,White,White,Midwest,,,Male,White men,,Rural,Small Cities/Rural,South Dakota,Election day exit poll,,,,,,Version 1,1.06554532051086,No
80011.0,Dennis Daugaard,Mike Rounds,45-65,30-59,50-59,45+,45-59,50-64,Non-Black 45-59,White 45-59,White 45-64,Complete,Call 2,1.0,High school graduate,No college degree,High school graduate or less,White no college degree,,,3.0,,,Less than 100k,"$30,000 or more",50k or more,50 to 100 thousand,"$50,000-$99,999","$50,000-$99,999","Over $50,000 and white",No,,,,,,45+,18-64,Republican,Non-black non-Democrat,All Republicans,Republican,Republican Men,White Republican,Conservative,9.0,Independent/Something else,Conservative Republicans,White,White,National questionnaire,White,White,Midwest,,,Male,White men,,Rural,Small Cities/Rural,South Dakota,Election day exit poll,,,,,,Version 5,0.754059672355652,No
80712.0,Dennis Daugaard,Mike Rounds,45-65,30-59,45-49,45+,45-59,40-49,Non-Black 45-59,White 45-59,White 45-64,Complete,Call 2,1.0,Some college/assoc. degree,No college degree,More than High school graduate,White no college degree,,,3.0,,,Less than 100k,"$30,000 or more",50k or more,50 to 100 thousand,"$50,000-$99,999","$50,000-$99,999","Over $50,000 and white",No,,Worried,Very worried,Approve,Somewhat approve,45+,18-64,Independent/Something else,Non-black non-Democrat,White Independent,Independent,Independent Men,White Independent,Moderate,9.0,Moderate/Liberal Republicans,Moderate Independents,White,White,National questionnaire,White,White,Midwest,,,Male,White men,,Rural,Small Cities/Rural,South Dakota,Election day exit poll,,,,,,Version 1,0.754059672355652,No
95963.0,Dennis Daugaard,Mike Rounds,30-44,30-59,30-39,18-44,30-44,30-39,Non-Black 30-44,White 30-44,White 30-44,Complete,Call 3,1.0,College graduate,College graduate,More than High school graduate,White college degree,,,3.0,,,Less than 100k,"$30,000 or more",Less than 50k,Less than 50 thousand,"Under $50,000","$30,000-$49,999","Under $50,000 and white",No,,Worried,Very worried,Disapprove,Somewhat disapprove,18-44,18-64,Republican,Non-black non-Democrat,All Republicans,Republican,Republican Women,White Republican,Moderate,9.0,Conservative Republicans,Mod./Liberal Republicans,White,White,National questionnaire,White,White,Midwest,,,Female,White women,,Rural,Small Cities/Rural,South Dakota,Election day exit poll,,,,,,Version 1,0.718947172164917,No
96170.0,Dennis Daugaard,Mike Rounds,30-44,30-59,30-39,18-44,30-44,30-39,Non-Black 30-44,White 30-44,White 30-44,Complete,Call 3,1.0,Postgraduate study,College graduate,More than High school graduate,White college degree,,,3.0,,Went too far,Less than 100k,"$30,000 or more",50k or more,50 to 100 thousand,"$50,000-$99,999","$50,000-$99,999","Over $50,000 and white",No,Yes,,,,,18-44,18-64,Republican,Non-black non-Democrat,All Republicans,Republican,Republican Men,White Republican,Conservative,9.0,Independent/Something else,Conservative Republicans,White,White,National questionnaire,White,White,Midwest,,,Male,White men,Married men,Rural,Small Cities/Rural,South Dakota,Election day exit poll,,,,,,Version 2,0.754059672355652,No
96332.0,Dennis Daugaard,Mike Rounds,65+,60+,65 or over,45+,60+,65+,Non-Black 60+,White 60+,White 65+,Complete,Call 3,1.0,High school graduate,No college degree,High school graduate or less,White no college degree,,,3.0,,Went too far,Less than 100k,"Under $30,000",Less than 50k,Less than 50 thousand,"Under $50,000","Under $30,000","Under $50,000 and white",No,No,,,,,45+,65+,Independent/Something else,Non-black non-Democrat,White Independent,Independent,Independent Men,White Independent,Moderate,9.0,Moderate/Liberal Republicans,Moderate Independents,White,White,National questionnaire,White,White,Midwest,,,Male,White men,Non married men,Rural,Small Cities/Rural,South Dakota,Election day exit poll,,,,,,Version 2,0.758040249347687,Yes
96639.0,Dennis Daugaard,Mike Rounds,45-65,30-59,50-59,45+,45-59,50-64,Non-Black 45-59,White 45-59,White 45-64,Complete,Call 3,1.0,High school graduate,No college degree,High school graduate or less,White no college degree,,,3.0,,,Less than 100k,"$30,000 or more",50k or more,50 to 100 thousand,"$50,000-$99,999","$50,000-$99,999","Over $50,000 and white",No,Yes,,,,,45+,18-64,Republican,Non-black non-Democrat,All Republicans,Republican,Republican Men,White Republican,Moderate,9.0,Conservative Republicans,Mod./Liberal Republicans,White,White,National questionnaire,White,White,Midwest,,,Male,White men,Married men,Rural,Small Cities/Rural,South Dakota,Election day exit poll,,,,,,Version 3,0.754059672355652,No
96713.0,Dennis Daugaard,Mike Rounds,30-44,30-59,40-44,18-44,30-44,40-49,Non-Black 30-44,White 30-44,White 30-44,Complete,Call 3,1.0,High school graduate,No college degree,High school graduate or less,White no college degree,,,3.0,,,Less than 100k,"$30,000 or more",Less than 50k,Less than 50 thousand,"Under $50,000","$30,000-$49,999","Under $50,000 and white",No,,Worried,Somewhat worried,Disapprove,Strongly disapprove,18-44,18-64,Republican,Non-black non-Democrat,All Republicans,Republican,Republican Men,White Republican,Conservative,9.0,Independent/Something else,Conservative Republicans,White,White,National questionnaire,White,White,Midwest,,,Male,White men,,Rural,Small Cities/Rural,South Dakota,Election day exit poll,,,,,,Version 1,0.754059672355652,Yes
96906.0,Dennis Daugaard,Mike Rounds,30-44,30-59,30-39,18-44,30-44,30-39,Non-Black 30-44,White 30-44,White 30-44,Complete,Call 3,1.0,College graduate,College graduate,More than High school graduate,White college degree,,,3.0,,,Less than 100k,"$30,000 or more",Less than 50k,Less than 50 thousand,"Under $50,000","$30,000-$49,999","Under $50,000 and white",No,,,,,,18-44,18-64,Independent/Something else,Non-black non-Democrat,White Independent,Independent,Independent Women,White Independent,Liberal,9.0,Moderate/Liberal Republicans,Liberal Independents,White,White,National questionnaire,White,White,Midwest,,,Female,White women,,Rural,Small Cities/Rural,South Dakota,Election day exit poll,,,,,,Version 5,0.718947172164917,No
97293.0,Dennis Daugaard,Mike Rounds,45-65,30-59,50-59,45+,45-59,50-64,Non-Black 45-59,White 45-59,White 45-64,Complete,Call 3,1.0,Postgraduate study,College graduate,More than High school graduate,White college degree,,,3.0,,,100k or more,"$30,000 or more",50k or more,100 thousand or more,"$100,000-$199,999","$100,000-$199,999","Over $50,000 and white",No,Yes,,,,,45+,18-64,Republican,Non-black non-Democrat,All Republicans,Republican,Republican Men,White Republican,Conservative,9.0,Independent/Something else,Conservative Republicans,White,White,National questionnaire,White,White,Midwest,,,Male,White men,Married men,Rural,Small Cities/Rural,South Dakota,Election day exit poll,,,,,,Version 3,0.754059672355652,No
97366.0,Dennis Daugaard,Mike Rounds,45-65,30-59,45-49,45+,45-59,40-49,Non-Black 45-59,White 45-59,White 45-64,Complete,Call 3,1.0,Some college/assoc. degree,No college degree,More than High school graduate,White no college degree,,,3.0,,,Less than 100k,"$30,000 or more",Less than 50k,Less than 50 thousand,"Under $50,000","$30,000-$49,999","Under $50,000 and white",No,,Worried,Somewhat worried,Disapprove,Strongly disapprove,45+,18-64,Democrat,Non-black Democrat,White Democrat,Democrat,Democratic Women,White Democrat,Moderate,9.0,Moderate/Conservative Democrats,Mod/Conserv. Democrats,White,White,National questionnaire,White,White,Midwest,,,Female,White women,,Rural,Small Cities/Rural,South Dakota,Election day exit poll,,,,,,Version 1,0.718947172164917,Yes
98199.0,Dennis Daugaard,Mike Rounds,45-65,30-59,50-59,45+,45-59,50-64,Non-Black 45-59,White 45-59,White 45-64,Complete,Call 3,1.0,Postgraduate study,College graduate,More than High school graduate,White college degree,,,3.0,,,100k or more,"$30,000 or more",50k or more,100 thousand or more,"$100,000-$199,999","$100,000-$199,999","Over $50,000 and white",No,Yes,,,,,45+,18-64,Republican,Non-black non-Democrat,All Republicans,Republican,Republican Men,White Republican,Conservative,9.0,Independent/Something else,Conservative Republicans,White,White,National questionnaire,White,White,Midwest,,,Male,White men,Married men,Rural,Small Cities/Rural,South Dakota,Election day exit poll,,,,,,Version 3,0.754059672355652,No
98200.0,Dennis Daugaard,Mike Rounds,45-65,30-59,50-59,45+,45-59,50-64,Non-Black 45-59,White 45-59,White 45-64,Complete,Call 3,1.0,Postgraduate study,College graduate,More than High school graduate,White college degree,,,3.0,,,100k or more,"$30,000 or more",50k or more,100 thousand or more,"$100,000-$199,999","$100,000-$199,999","Over $50,000 and white",No,Yes,,,,,45+,18-64,Republican,Non-black non-Democrat,All Republicans,Republican,Republican Men,White Republican,Conservative,9.0,Independent/Something else,Conservative Republicans,White,White,National questionnaire,White,White,Midwest,,,Male,White men,Married men,Rural,Small Cities/Rural,South Dakota,Election day exit poll,,,,,,Version 3,0.754059672355652,No
63617.0,Dennis Daugaard,Mike Rounds,45-65,30-59,50-59,45+,45-59,50-64,Non-Black 45-59,White 45-59,White 45-64,Not complete,Call 1,1.0,,,,,,,3.0,Government should do more to solve problems,,,,,,,,,No,,,,,,45+,18-64,,,,,,,,7.0,,,White,White,State questionnaire,White,White,Midwest,Omit,,Female,White women,,,,South Dakota,Election day exit poll,In the last three days,In the last month,In the last week,In the last three days,Seriously off on the wrong track,Version 1,1.00660967826843,
3742.0,Dennis Daugaard,Mike Rounds,45-65,30-59,50-59,45+,45-59,50-64,Non-Black 45-59,White 45-59,White 45-64,Complete,,1.0,College graduate,College graduate,More than High school graduate,White college degree,Favorable,Favorable,2.0,Government should do more to solve problems,Was about right,Less than 100k,"$30,000 or more",50k or more,50 to 100 thousand,"$50,000-$99,999","$50,000-$99,999","Over $50,000 and white",No,No,Worried,Somewhat worried,Approve,Strongly approve,45+,18-64,Democrat,Non-black Democrat,White Democrat,Democrat,Democratic Men,White Democrat,Moderate,,Moderate/Conservative Democrats,Mod/Conserv. Democrats,White,White,State questionnaire,White,White,Midwest,Approve,The Democratic Party,Male,White men,Non married men,Rural,Small Cities/Rural,South Dakota,Telephone survey,Before that,In the last month,Before that,In the last month,Generally going in the right direction,Version 1,0.721638977527618,No
3820.0,Dennis Daugaard,Mike Rounds,65+,60+,65 or over,45+,60+,65+,Non-Black 60+,White 60+,White 65+,Complete,,1.0,High school graduate,No college degree,High school graduate or less,White no college degree,Favorable,Favorable,3.0,Government should do more to solve problems,Omit,,,,,,,,No,No,Worried,Somewhat worried,Omit,Omit,45+,65+,Republican,Non-black non-Democrat,All Republicans,Republican,Republican Women,White Republican,Conservative,,Independent/Something else,Conservative Republicans,White,White,State questionnaire,White,White,Midwest,Approve,Omit,Female,White women,Non married women,Rural,Small Cities/Rural,South Dakota,Telephone survey,Before that,Before that,Before that,Before that,Generally going in the right direction,Version 1,0.37498927116394,
65675.0,Dennis Daugaard,Mike Rounds,30-44,30-59,40-44,18-44,30-44,40-49,Non-Black 30-44,White 30-44,White 30-44,Complete,Call 1,1.0,Some college/assoc. degree,No college degree,More than High school graduate,White no college degree,Favorable,Favorable,2.0,Government should do more to solve problems,Went too far,Less than 100k,"Under $30,000",Less than 50k,Less than 50 thousand,"Under $50,000","Under $30,000","Under $50,000 and white",No,No,Worried,Somewhat worried,Disapprove,Somewhat disapprove,18-44,18-64,Republican,Non-black non-Democrat,All Republicans,Republican,Republican Women,White Republican,Moderate,5.0,Conservative Republicans,Mod./Liberal Republicans,White,White,State questionnaire,White,White,Midwest,Approve,Does not matter to me,Female,White women,Non married women,,,South Dakota,Election day exit poll,In the last three days,In the last month,In the last week,In the last three days,Seriously off on the wrong track,Version 1,1.37942814826965,Yes
80224.0,Dennis Daugaard,Mike Rounds,45-65,60+,60-64,45+,60+,50-64,Non-Black 60+,White 60+,White 45-64,Complete,Call 2,1.0,High school graduate,No college degree,High school graduate or less,White no college degree,Favorable,Favorable,3.0,Government should do more to solve problems,Was about right,Less than 100k,"Under $30,000",Less than 50k,Less than 50 thousand,"Under $50,000","Under $30,000","Under $50,000 and white",No,No,Not worried,Not too worried,Disapprove,Strongly disapprove,45+,18-64,Republican,Non-black non-Democrat,All Republicans,Republican,Republican Women,White Republican,Moderate,26.0,Conservative Republicans,Mod./Liberal Republicans,White,White,State questionnaire,White,White,Midwest,Approve,The Republican Party,Female,White women,Non married women,,,South Dakota,Election day exit poll,Before that,In the last month,Before that,In the last month,Generally going in the right direction,Version 1,1.08525121212006,Yes
97141.0,Dennis Daugaard,Mike Rounds,30-44,30-59,40-44,18-44,30-44,40-49,Non-Black 30-44,Latino 30-44,Latino 30-44,Complete,Call 3,1.0,College graduate,College graduate,More than High school graduate,Non white college degree,Favorable,Favorable,1.0,Government should do more to solve problems,Omit,Less than 100k,"$30,000 or more",50k or more,50 to 100 thousand,"$50,000-$99,999","$50,000-$99,999","Over $50,000 and non white",Yes,Yes,Omit,Omit,Approve,Somewhat approve,18-44,18-64,Independent/Something else,Non-black non-Democrat,Latino Independent,Independent,Independent Women,All others,Moderate,56.0,Moderate/Liberal Republicans,Moderate Independents,Other,Hispanic/Latino,State questionnaire,Hispanic/Latino,Hispanic/Latino,Midwest,Omit,The Republican Party,Female,Latino women,Married women,,,South Dakota,Election day exit poll,Before that,Before that,Before that,Before that,Omit,Version 1,1.22535502910614,No
3861.0,Dennis Daugaard,Mike Rounds,65+,60+,65 or over,45+,60+,65+,Non-Black 60+,White 60+,White 65+,Complete,,1.0,High school graduate,No college degree,High school graduate or less,White no college degree,Unfavorable,Favorable,3.0,Government should do more to solve problems,Omit,Less than 100k,"Under $30,000",Less than 50k,Less than 50 thousand,"Under $50,000","Under $30,000","Under $50,000 and white",No,Yes,Worried,Very worried,Disapprove,Strongly disapprove,45+,65+,Republican,Non-black non-Democrat,All Republicans,Republican,Republican Women,White Republican,Conservative,,Independent/Something else,Conservative Republicans,White,White,State questionnaire,White,White,Midwest,Omit,The Republican Party,Female,White women,Married women,Rural,Small Cities/Rural,South Dakota,Telephone survey,Before that,In the last month,In the last week,In the last week,Seriously off on the wrong track,Version 1,0.249992847442627,Yes
3877.0,Dennis Daugaard,Mike Rounds,30-44,30-59,30-39,18-44,30-44,30-39,Non-Black 30-44,White 30-44,White 30-44,Complete,,1.0,High school graduate,No college degree,High school graduate or less,White no college degree,Unfavorable,Favorable,4.0,Government should do more to solve problems,Went too far,Less than 100k,"$30,000 or more",Less than 50k,Less than 50 thousand,"Under $50,000","$30,000-$49,999","Under $50,000 and white",No,No,Worried,Very worried,Disapprove,Strongly disapprove,18-44,18-64,Republican,Non-black non-Democrat,All Republicans,Republican,Republican Women,White Republican,Liberal,,Conservative Republicans,Mod./Liberal Republicans,White,White,State questionnaire,White,White,Midwest,Approve,The Republican Party,Female,White women,Non married women,Rural,Small Cities/Rural,South Dakota,Telephone survey,Before that,In the last month,In the last week,In the last week,Seriously off on the wrong track,Version 1,1.067178606987,Yes
61832.0,Dennis Daugaard,Mike Rounds,45-65,30-59,45-49,45+,45-59,40-49,Non-Black 45-59,All others,All others,Complete,Call 1,1.0,College graduate,College graduate,More than High school graduate,Non white college degree,Unfavorable,Favorable,2.0,Government should do more to solve problems,Did not go far enough,,,,,,,,No,Yes,Worried,Very worried,Disapprove,Strongly disapprove,45+,18-64,Republican,Non-black non-Democrat,All Republicans,Republican,Republican Women,All others,Conservative,82.0,Independent/Something else,Conservative Republicans,Other,Asian,State questionnaire,Asian,Asian,Midwest,Approve,The Republican Party,Female,All other races,Married women,,,South Dakota,Election day exit poll,Before that,Before that,Before that,Before that,Seriously off on the wrong track,Version 1,0.921065330505371,No
62540.0,Dennis Daugaard,Mike Rounds,30-44,30-59,30-39,18-44,30-44,30-39,Non-Black 30-44,White 30-44,White 30-44,Complete,Call 1,1.0,Postgraduate study,College graduate,More than High school graduate,White college degree,Unfavorable,Favorable,2.0,Government should do more to solve problems,Went too far,100k or more,"$30,000 or more",50k or more,100 thousand or more,"$200,000 or more","$200,000 or more","Over $50,000 and white",No,Yes,Worried,Somewhat worried,Disapprove,Strongly disapprove,18-44,18-64,Republican,Non-black non-Democrat,All Republicans,Republican,Republican Women,White Republican,Moderate,82.0,Conservative Republicans,Mod./Liberal Republicans,White,White,State questionnaire,White,White,Midwest,Approve,The Republican Party,Female,White women,Married women,,,South Dakota,Election day exit poll,Before that,Before that,Before that,Before that,Seriously off on the wrong track,Version 1,0.921065330505371,No
63561.0,Dennis Daugaard,Mike Rounds,65+,60+,65 or over,45+,60+,65+,Non-Black 60+,White 60+,White 65+,Complete,Call 1,1.0,Postgraduate study,College graduate,More than High school graduate,White college degree,Unfavorable,Favorable,3.0,Government should do more to solve problems,Did not go far enough,Less than 100k,"$30,000 or more",Less than 50k,Less than 50 thousand,"Under $50,000","$30,000-$49,999","Under $50,000 and white",No,No,Worried,Somewhat worried,Disapprove,Somewhat disapprove,45+,65+,Republican,Non-black non-Democrat,All Republicans,Republican,Republican Women,White Republican,Conservative,7.0,Independent/Something else,Conservative Republicans,White,White,State questionnaire,White,White,Midwest,Disapprove,The Republican Party,Female,White women,Non married women,,,South Dakota,Election day exit poll,Before that,In the last month,In the last week,In the last week,Generally going in the right direction,Version 1,1.01192343235016,No
64517.0,Dennis Daugaard,Mike Rounds,65+,60+,65 or over,45+,60+,65+,Non-Black 60+,White 60+,White 65+,Complete,Call 1,1.0,Some college/assoc. degree,No college degree,More than High school graduate,White no college degree,Unfavorable,Favorable,3.0,Government should do more to solve problems,Did not go far enough,100k or more,"$30,000 or more",50k or more,100 thousand or more,"$100,000-$199,999","$100,000-$199,999","Over $50,000 and white",,Yes,Worried,Somewhat worried,Disapprove,Somewhat disapprove,45+,65+,Independent/Something else,Non-black non-Democrat,White Independent,Independent,Independent Women,White Independent,Moderate,26.0,Moderate/Liberal Republicans,Moderate Independents,White,White,State questionnaire,White,White,Midwest,Disapprove,The Republican Party,Female,White women,Married women,,,South Dakota,Election day exit poll,Before that,In the last month,Before that,In the last month,Generally going in the right direction,Version 1,1.08525121212006,No
64519.0,Dennis Daugaard,Mike Rounds,65+,60+,65 or over,45+,60+,65+,Non-Black 60+,White 60+,White 65+,Complete,Call 1,1.0,Some college/assoc. degree,No college degree,More than High school graduate,White no college degree,Unfavorable,Favorable,3.0,Government should do more to solve problems,Did not go far enough,100k or more,"$30,000 or more",50k or more,100 thousand or more,"$100,000-$199,999","$100,000-$199,999","Over $50,000 and white",,Yes,Worried,Somewhat worried,Disapprove,Somewhat disapprove,45+,65+,Independent/Something else,Non-black non-Democrat,White Independent,Independent,Independent Women,White Independent,Moderate,26.0,Moderate/Liberal Republicans,Moderate Independents,White,White,State questionnaire,White,White,Midwest,Disapprove,The Republican Party,Female,White women,Married women,,,South Dakota,Election day exit poll,Before that,In the last month,Before that,In the last month,Generally going in the right direction,Version 1,1.08525121212006,No
65920.0,Dennis Daugaard,Mike Rounds,18-29,18-29,18-24,18-44,18-29,18-24,Non-Black 18-29,White 18-29,White 18-29,Complete,Call 1,1.0,College graduate,College graduate,More than High school graduate,White college degree,Unfavorable,Favorable,2.0,Government should do more to solve problems,Was about right,Less than 100k,"Under $30,000",Less than 50k,Less than 50 thousand,"Under $50,000","Under $30,000","Under $50,000 and white",No,No,Worried,Somewhat worried,Disapprove,Strongly disapprove,18-44,18-64,Republican,Non-black non-Democrat,All Republicans,Republican,Republican Women,White Republican,Conservative,5.0,Independent/Something else,Conservative Republicans,White,White,State questionnaire,White,White,Midwest,Approve,The Republican Party,Female,White women,Non married women,,,South Dakota,Election day exit poll,Before that,Before that,Before that,Before that,Seriously off on the wrong track,Version 1,1.94923973083496,No
78961.0,Dennis Daugaard,Mike Rounds,30-44,30-59,40-44,18-44,30-44,40-49,Non-Black 30-44,White 30-44,White 30-44,Complete,Call 2,1.0,Some college/assoc. degree,No college degree,More than High school graduate,White no college degree,Unfavorable,Favorable,1.0,Government should do more to solve problems,Was about right,100k or more,"$30,000 or more",50k or more,100 thousand or more,"$100,000-$199,999","$100,000-$199,999","Over $50,000 and white",No,Yes,Worried,Somewhat worried,Approve,Strongly approve,18-44,18-64,Independent/Something else,Non-black non-Democrat,White Independent,Independent,Independent Men,White Independent,Conservative,56.0,Moderate/Liberal Republicans,Conservative Independents,White,White,State questionnaire,White,White,Midwest,Approve,The Republican Party,Male,White men,Married men,,,South Dakota,Election day exit poll,Before that,In the last month,Before that,In the last month,Generally going in the right direction,Version 1,1.28519976139069,No
79118.0,Dennis Daugaard,Mike Rounds,18-29,18-29,18-24,18-44,18-29,18-24,Non-Black 18-29,White 18-29,White 18-29,Complete,Call 2,1.0,High school graduate,No college degree,High school graduate or less,White no college degree,Unfavorable,Favorable,2.0,Government should do more to solve problems,Was about right,Less than 100k,"$30,000 or more",Less than 50k,Less than 50 thousand,"Under $50,000","$30,000-$49,999","Under $50,000 and white",No,No,Not worried,Not too worried,Disapprove,Somewhat disapprove,18-44,18-64,Republican,Non-black non-Democrat,All Republicans,Republican,Republican Women,White Republican,Conservative,82.0,Independent/Something else,Conservative Republicans,White,White,State questionnaire,White,White,Midwest,Approve,The Republican Party,Female,White women,Non married women,,,South Dakota,Election day exit poll,In the last three days,In the last month,In the last week,In the last three days,Generally going in the right direction,Version 1,1.30153727531433,Yes
79304.0,Dennis Daugaard,Mike Rounds,45-65,30-59,50-59,45+,45-59,50-64,Non-Black 45-59,White 45-59,White 45-64,Complete,Call 2,1.0,Some college/assoc. degree,No college degree,More than High school graduate,White no college degree,Unfavorable,Favorable,3.0,Government should do more to solve problems,Was about right,Less than 100k,"Under $30,000",Less than 50k,Less than 50 thousand,"Under $50,000","Under $30,000","Under $50,000 and white",No,No,Worried,Somewhat worried,Disapprove,Somewhat disapprove,45+,18-64,Republican,Non-black non-Democrat,All Republicans,Republican,Republican Men,White Republican,Conservative,7.0,Independent/Something else,Conservative Republicans,White,White,State questionnaire,White,White,Midwest,Approve,The Republican Party,Male,White men,Non married men,,,South Dakota,Election day exit poll,Before that,Before that,Before that,Before that,Seriously off on the wrong track,Version 1,1.05577123165131,Yes
80740.0,Dennis Daugaard,Mike Rounds,45-65,30-59,45-49,45+,45-59,40-49,Non-Black 45-59,White 45-59,White 45-64,Complete,Call 2,1.0,College graduate,College graduate,More than High school graduate,White college degree,Unfavorable,Favorable,3.0,Government should do more to solve problems,Went too far,Less than 100k,"$30,000 or more",Less than 50k,Less than 50 thousand,"Under $50,000","$30,000-$49,999","Under $50,000 and white",No,No,Worried,Very worried,Disapprove,Somewhat disapprove,45+,18-64,Republican,Non-black non-Democrat,All Republicans,Republican,Republican Men,White Republican,Moderate,26.0,Conservative Republicans,Mod./Liberal Republicans,White,White,State questionnaire,White,White,Midwest,Disapprove,The Republican Party,Male,White men,Non married men,,,South Dakota,Election day exit poll,Before that,Before that,Before that,Before that,Seriously off on the wrong track,Version 1,1.13227641582489,No
81509.0,Dennis Daugaard,Mike Rounds,30-44,30-59,40-44,18-44,30-44,40-49,Non-Black 30-44,White 30-44,White 30-44,Complete,Call 2,1.0,Some college/assoc. degree,No college degree,More than High school graduate,White no college degree,Unfavorable,Favorable,2.0,Government should do more to solve problems,Did not go far enough,Less than 100k,"$30,000 or more",50k or more,50 to 100 thousand,"$50,000-$99,999","$50,000-$99,999","Over $50,000 and white",No,No,Worried,Somewhat worried,Disapprove,Somewhat disapprove,18-44,18-64,Republican,Non-black non-Democrat,All Republicans,Republican,Republican Women,White Republican,Moderate,36.0,Conservative Republicans,Mod./Liberal Republicans,White,White,State questionnaire,White,White,Midwest,Omit,The Republican Party,Female,White women,Non married women,,,South Dakota,Election day exit poll,Before that,In the last month,Before that,In the last month,Generally going in the right direction,Version 1,1.1638925075531,No
82347.0,Dennis Daugaard,Mike Rounds,18-29,18-29,18-24,18-44,18-29,18-24,Non-Black 18-29,White 18-29,White 18-29,Complete,Call 2,1.0,Some college/assoc. degree,No college degree,More than High school graduate,White no college degree,Unfavorable,Favorable,2.0,Government should do more to solve problems,Was about right,Less than 100k,"Under $30,000",Less than 50k,Less than 50 thousand,"Under $50,000","Under $30,000","Under $50,000 and white",No,No,Worried,Somewhat worried,Approve,Strongly approve,18-44,18-64,Independent/Something else,Non-black non-Democrat,White Independent,Independent,Independent Women,White Independent,Liberal,5.0,Moderate/Liberal Republicans,Liberal Independents,White,White,State questionnaire,White,White,Midwest,Approve,Does not matter to me,Female,White women,Non married women,,,South Dakota,Election day exit poll,In the last three days,In the last month,In the last week,In the last three days,Seriously off on the wrong track,Version 1,1.94923973083496,Yes
83709.0,Dennis Daugaard,Mike Rounds,45-65,30-59,45-49,45+,45-59,40-49,Non-Black 45-59,White 45-59,White 45-64,Complete,Call 2,1.0,Some college/assoc. degree,No college degree,More than High school graduate,White no college degree,Unfavorable,Favorable,4.0,Government should do more to solve problems,Went too far,100k or more,"$30,000 or more",50k or more,100 thousand or more,"$100,000-$199,999","$100,000-$199,999","Over $50,000 and white",No,Yes,Worried,Somewhat worried,Disapprove,Strongly disapprove,45+,18-64,Republican,Non-black non-Democrat,All Republicans,Republican,Republican Men,White Republican,Conservative,40.0,Independent/Something else,Conservative Republicans,White,White,State questionnaire,White,White,Midwest,Approve,The Republican Party,Male,White men,Married men,,,South Dakota,Election day exit poll,Before that,Before that,Before that,Before that,Seriously off on the wrong track,Version 1,1.73615717887878,No
97776.0,Dennis Daugaard,Mike Rounds,18-29,18-29,18-24,18-44,18-29,18-24,,,,Complete,Call 3,1.0,High school graduate,No college degree,High school graduate or less,,Unfavorable,Favorable,3.0,Government should do more to solve problems,,Less than 100k,"$30,000 or more",50k or more,50 to 100 thousand,"$50,000-$99,999","$50,000-$99,999",,No,,,,,,18-44,18-64,Republican,,,Republican,Republican Women,,Moderate,9.0,Conservative Republicans,Mod./Liberal Republicans,,,National questionnaire,,,Midwest,,,Female,,,Rural,Small Cities/Rural,South Dakota,Election day exit poll,,,,,Seriously off on the wrong track,Version 4,0.921093285083771,No
97983.0,Dennis Daugaard,Mike Rounds,18-29,18-29,18-24,18-44,18-29,18-24,Non-Black 18-29,White 18-29,White 18-29,Complete,Call 3,1.0,Some college/assoc. degree,No college degree,More than High school graduate,White no college degree,Unfavorable,Favorable,4.0,Government should do more to solve problems,Went too far,Less than 100k,"$30,000 or more",Less than 50k,Less than 50 thousand,"Under $50,000","$30,000-$49,999","Under $50,000 and white",No,No,Worried,Very worried,Disapprove,Strongly disapprove,18-44,18-64,Republican,Non-black non-Democrat,All Republicans,Republican,Republican Women,White Republican,Conservative,65.0,Independent/Something else,Conservative Republicans,White,White,State questionnaire,White,White,Midwest,Approve,The Republican Party,Female,White women,Non married women,,,South Dakota,Election day exit poll,Before that,Before that,Before that,Before that,Seriously off on the wrong track,Version 1,1.3669992685318,Yes
98330.0,Dennis Daugaard,Mike Rounds,45-65,30-59,45-49,45+,45-59,40-49,Non-Black 45-59,White 45-59,White 45-64,Complete,Call 3,1.0,Some college/assoc. degree,No college degree,More than High school graduate,White no college degree,Unfavorable,Favorable,2.0,Government should do more to solve problems,Was about right,Less than 100k,"Under $30,000",Less than 50k,Less than 50 thousand,"Under $50,000","Under $30,000","Under $50,000 and white",No,No,Not worried,Not too worried,Disapprove,Somewhat disapprove,45+,18-64,Republican,Non-black non-Democrat,All Republicans,Republican,Republican Women,White Republican,Conservative,36.0,Independent/Something else,Conservative Republicans,White,White,State questionnaire,White,White,Midwest,Approve,The Republican Party,Female,White women,Non married women,,,South Dakota,Election day exit poll,Before that,Before that,Before that,Before that,Seriously off on the wrong track,Version 1,1.1638925075531,Yes
99353.0,Dennis Daugaard,Mike Rounds,18-29,18-29,18-24,18-44,18-29,18-24,Non-Black 18-29,White 18-29,White 18-29,Complete,Call 3,1.0,Some college/assoc. degree,No college degree,More than High school graduate,White no college degree,Unfavorable,Favorable,3.0,Government should do more to solve problems,Went too far,Less than 100k,"$30,000 or more",50k or more,50 to 100 thousand,"$50,000-$99,999","$50,000-$99,999","Over $50,000 and white",No,No,Worried,Somewhat worried,Disapprove,Strongly disapprove,18-44,18-64,Republican,Non-black non-Democrat,All Republicans,Republican,Republican Women,White Republican,Moderate,7.0,Conservative Republicans,Mod./Liberal Republicans,White,White,State questionnaire,White,White,Midwest,Disapprove,The Republican Party,Female,White women,Non married women,,,South Dakota,Election day exit poll,Before that,In the last month,In the last week,In the last week,Seriously off on the wrong track,Version 1,1.42241811752319,No
99975.0,Dennis Daugaard,Mike Rounds,30-44,30-59,30-39,18-44,30-44,30-39,Non-Black 30-44,White 30-44,White 30-44,Complete,Call 3,1.0,Some college/assoc. degree,No college degree,More than High school graduate,White no college degree,Unfavorable,Favorable,4.0,Government should do more to solve problems,Went too far,Less than 100k,"$30,000 or more",Less than 50k,Less than 50 thousand,"Under $50,000","$30,000-$49,999","Under $50,000 and white",No,Yes,Worried,Somewhat worried,Disapprove,Somewhat disapprove,18-44,18-64,Republican,Non-black non-Democrat,All Republicans,Republican,Republican Women,White Republican,Moderate,40.0,Conservative Republicans,Mod./Liberal Republicans,White,White,State questionnaire,White,White,Midwest,Omit,The Republican Party,Female,White women,Married women,,,South Dakota,Election day exit poll,Before that,Before that,Before that,Before that,Seriously off on the wrong track,Version 1,1.65531373023987,Yes
100005.0,Dennis Daugaard,Mike Rounds,30-44,30-59,30-39,18-44,30-44,30-39,Non-Black 30-44,White 30-44,White 30-44,Complete,Call 3,1.0,Some college/assoc. degree,No college degree,More than High school graduate,White no college degree,Unfavorable,Favorable,4.0,Government should do more to solve problems,Went too far,Less than 100k,"$30,000 or more",Less than 50k,Less than 50 thousand,"Under $50,000","$30,000-$49,999","Under $50,000 and white",No,Yes,Worried,Somewhat worried,Disapprove,Somewhat disapprove,18-44,18-64,Republican,Non-black non-Democrat,All Republicans,Republican,Republican Men,White Republican,Moderate,40.0,Conservative Republicans,Mod./Liberal Republicans,White,White,State questionnaire,White,White,Midwest,Omit,The Republican Party,Male,White men,Married men,,,South Dakota,Election day exit poll,Before that,Before that,Before that,Before that,Seriously off on the wrong track,Version 1,1.73615717887878,Yes
100117.0,Dennis Daugaard,Mike Rounds,45-65,30-59,50-59,45+,45-59,50-64,Non-Black 45-59,White 45-59,White 45-64,Complete,Call 3,1.0,High school graduate,No college degree,High school graduate or less,White no college degree,Unfavorable,Favorable,4.0,Government should do more to solve problems,Went too far,Less than 100k,"$30,000 or more",50k or more,50 to 100 thousand,"$50,000-$99,999","$50,000-$99,999","Over $50,000 and white",No,Yes,Worried,Very worried,Disapprove,Strongly disapprove,45+,18-64,Republican,Non-black non-Democrat,All Republicans,Republican,Republican Women,White Republican,Conservative,40.0,Independent/Something else,Conservative Republicans,White,White,State questionnaire,White,White,Midwest,Approve,The Republican Party,Female,White women,Married women,,,South Dakota,Election day exit poll,Before that,Before that,Before that,Before that,Seriously off on the wrong track,Version 1,1.65531373023987,No
65659.0,Dennis Daugaard,Mike Rounds,65+,60+,65 or over,45+,60+,65+,Non-Black 60+,White 60+,White 65+,Complete,Call 1,1.0,No high school diploma,No college degree,High school graduate or less,White no college degree,Omit,Favorable,2.0,Government should do more to solve problems,Went too far,Less than 100k,"$30,000 or more",50k or more,50 to 100 thousand,"$50,000-$99,999","$50,000-$99,999","Over $50,000 and white",No,Yes,Worried,Somewhat worried,Disapprove,Strongly disapprove,45+,65+,Republican,Non-black non-Democrat,All Republicans,Republican,Republican Women,White Republican,Conservative,5.0,Independent/Something else,Conservative Republicans,White,White,State questionnaire,White,White,Midwest,Approve,The Republican Party,Female,White women,Married women,,,South Dakota,Election day exit poll,Before that,Before that,Before that,Before that,Seriously off on the wrong track,Version 1,1.38670980930328,No
62727.0,Dennis Daugaard,Mike Rounds,45-65,30-59,45-49,45+,45-59,40-49,Non-Black 45-59,White 45-59,White 45-64,Complete,Call 1,1.0,Some college/assoc. degree,No college degree,More than High school graduate,White no college degree,Favorable,Unfavorable,3.0,Government should do more to solve problems,Did not go far enough,100k or more,"$30,000 or more",50k or more,100 thousand or more,"$100,000-$199,999","$100,000-$199,999","Over $50,000 and white",No,Yes,Not worried,Not too worried,Approve,Strongly approve,45+,18-64,Democrat,Non-black Democrat,White Democrat,Democrat,Democratic Men,White Democrat,Liberal,26.0,Liberal Democrats,Liberal Democrats,White,White,State questionnaire,White,White,Midwest,Approve,The Democratic Party,Male,White men,Married men,,,South Dakota,Election day exit poll,Before that,Before that,Before that,Before that,Generally going in the right direction,Version 1,1.13227641582489,No
3815.0,Dennis Daugaard,Mike Rounds,45-65,30-59,50-59,45+,45-59,50-64,Non-Black 45-59,White 45-59,White 45-64,Complete,,1.0,No high school diploma,No college degree,High school graduate or less,White no college degree,Unfavorable,Unfavorable,2.0,Government should do more to solve problems,Went too far,Less than 100k,"Under $30,000",Less than 50k,Less than 50 thousand,"Under $50,000","Under $30,000","Under $50,000 and white",No,No,Worried,Somewhat worried,Disapprove,Strongly disapprove,45+,18-64,Independent/Something else,Non-black non-Democrat,White Independent,Something else,Independent Women,White Independent,Conservative,,Moderate/Liberal Republicans,Conservative Independents,White,White,State questionnaire,White,White,Midwest,Approve,Does not matter to me,Female,White women,Non married women,Rural,Small Cities/Rural,South Dakota,Telephone survey,Before that,In the last month,In the last week,In the last week,Seriously off on the wrong track,Version 1,0.627711474895477,Yes
79760.0,Dennis Daugaard,Mike Rounds,45-65,30-59,45-49,45+,45-59,40-49,Non-Black 45-59,White 45-59,White 45-64,Complete,Call 2,1.0,Postgraduate study,College graduate,More than High school graduate,White college degree,Unfavorable,Unfavorable,1.0,Government should do more to solve problems,Went too far,100k or more,"$30,000 or more",50k or more,100 thousand or more,"$100,000-$199,999","$100,000-$199,999","Over $50,000 and white",No,Yes,Worried,Very worried,Disapprove,Strongly disapprove,45+,18-64,Republican,Non-black non-Democrat,All Republicans,Republican,Republican Men,White Republican,Conservative,56.0,Independent/Something else,Conservative Republicans,White,White,State questionnaire,White,White,Midwest,Approve,The Republican Party,Male,White men,Married men,,,South Dakota,Election day exit poll,Before that,Before that,Before that,Before that,Seriously off on the wrong track,Version 1,1.28519976139069,No
97508.0,Dennis Daugaard,Mike Rounds,45-65,60+,60-64,45+,60+,50-64,Non-Black 60+,White 60+,White 45-64,Complete,Call 3,1.0,Some college/assoc. degree,No college degree,More than High school graduate,White no college degree,Unfavorable,Unfavorable,4.0,Government should do more to solve problems,Went too far,100k or more,"$30,000 or more",50k or more,100 thousand or more,"$100,000-$199,999","$100,000-$199,999","Over $50,000 and white",No,Yes,Worried,Somewhat worried,Disapprove,Somewhat disapprove,45+,18-64,Republican,Non-black non-Democrat,All Republicans,Republican,Republican Women,White Republican,Moderate,65.0,Conservative Republicans,Mod./Liberal Republicans,White,White,State questionnaire,White,White,Midwest,Disapprove,The Republican Party,Female,White women,Married women,,,South Dakota,Election day exit poll,In the last three days,In the last month,In the last week,In the last three days,Generally going in the right direction,Version 1,0.972497820854187,No
99941.0,Dennis Daugaard,Mike Rounds,30-44,30-59,30-39,18-44,30-44,30-39,,,,Complete,Call 3,1.0,Postgraduate study,College graduate,More than High school graduate,,Unfavorable,Unfavorable,4.0,Government should do more to solve problems,Was about right,100k or more,"$30,000 or more",50k or more,100 thousand or more,"$100,000-$199,999","$100,000-$199,999",,No,Yes,Worried,Somewhat worried,Disapprove,Strongly disapprove,18-44,18-64,Republican,,,Republican,Republican Women,,Moderate,40.0,Conservative Republicans,Mod./Liberal Republicans,,,State questionnaire,,,Midwest,Omit,The Republican Party,Female,,Married women,,,South Dakota,Election day exit poll,In the last three days,In the last month,In the last week,In the last three days,Seriously off on the wrong track,Version 1,1.5007928609848,No
3798.0,Dennis Daugaard,Mike Rounds,45-65,30-59,50-59,45+,45-59,50-64,Non-Black 45-59,White 45-59,White 45-64,Complete,,1.0,Some college/assoc. degree,No college degree,More than High school graduate,White no college degree,Omit,Omit,4.0,Government should do more to solve problems,Went too far,Less than 100k,"$30,000 or more",50k or more,50 to 100 thousand,"$50,000-$99,999","$50,000-$99,999","Over $50,000 and white",No,Yes,Worried,Very worried,Disapprove,Somewhat disapprove,45+,18-64,Independent/Something else,Non-black non-Democrat,White Independent,Independent,Independent Women,White Independent,Conservative,,Moderate/Liberal Republicans,Conservative Independents,White,White,State questionnaire,White,White,Midwest,Omit,Does not matter to me,Female,White women,Married women,Rural,Small Cities/Rural,South Dakota,Telephone survey,Before that,Before that,Before that,Before that,Seriously off on the wrong track,Version 1,1.02856767177582,No
99258.0,Dennis Daugaard,Mike Rounds,30-44,30-59,40-44,18-44,30-44,40-49,Non-Black 30-44,White 30-44,White 30-44,Complete,Call 3,1.0,High school graduate,No college degree,High school graduate or less,White no college degree,Omit,Omit,3.0,Government should do more to solve problems,Went too far,,,,,,,,No,Yes,Worried,Somewhat worried,Disapprove,Strongly disapprove,18-44,18-64,Republican,Non-black non-Democrat,All Republicans,Republican,Republican Women,White Republican,Conservative,26.0,Independent/Something else,Conservative Republicans,White,White,State questionnaire,White,White,Midwest,Omit,The Republican Party,Female,White women,Married women,,,South Dakota,Election day exit poll,Before that,Before that,Before that,Before that,Seriously off on the wrong track,Version 1,1.07955241203308,
59740.0,Dennis Daugaard,Mike Rounds,30-44,30-59,40-44,18-44,30-44,40-49,Non-Black 30-44,White 30-44,White 30-44,Not complete,Call 1,1.0,,,,,,,1.0,Government is doing too many things better left to businesses and individuals,,,,,,,,,No,,,,,,18-44,18-64,,,,,,,,56.0,,,White,White,State questionnaire,White,White,Midwest,Disapprove,,Male,White men,,,,South Dakota,Election day exit poll,Before that,Before that,Before that,Before that,Seriously off on the wrong track,Version 1,1.28519976139069,
61250.0,Dennis Daugaard,Mike Rounds,45-65,60+,60-64,45+,60+,50-64,Non-Black 60+,White 60+,White 45-64,Not complete,Call 1,1.0,,,,,,,3.0,Government is doing too many things better left to businesses and individuals,,,,,,,,,No,,,,,,45+,18-64,,,,,,,,9.0,,,White,White,National questionnaire,White,White,Midwest,,,Male,White men,,Rural,Small Cities/Rural,South Dakota,Election day exit poll,,,,,Seriously off on the wrong track,Version 4,0.758040249347687,
62647.0,Dennis Daugaard,Mike Rounds,65+,60+,65 or over,45+,60+,65+,Non-Black 60+,White 60+,White 65+,Not complete,Call 1,1.0,,,,,,,3.0,Government is doing too many things better left to businesses and individuals,,,,,,,,,No,,,,,,45+,65+,,,,,,,,26.0,,,White,White,State questionnaire,White,White,Midwest,Approve,,Male,White men,,,,South Dakota,Election day exit poll,Before that,Before that,Before that,Before that,Seriously off on the wrong track,Version 1,1.13825356960297,
3672.0,Dennis Daugaard,Mike Rounds,45-65,30-59,50-59,45+,45-59,50-64,Non-Black 45-59,White 45-59,White 45-64,Complete,,1.0,Some college/assoc. degree,No college degree,More than High school graduate,White no college degree,Favorable,Favorable,4.0,Government is doing too many things better left to businesses and individuals,Went too far,Less than 100k,"$30,000 or more",Less than 50k,Less than 50 thousand,"Under $50,000","$30,000-$49,999","Under $50,000 and white",No,Yes,Worried,Somewhat worried,Disapprove,Strongly disapprove,45+,18-64,Democrat,Non-black Democrat,White Democrat,Democrat,Democratic Women,White Democrat,Conservative,,Moderate/Conservative Democrats,Mod/Conserv. Democrats,White,White,State questionnaire,White,White,Midwest,Approve,Does not matter to me,Female,White women,Married women,Suburbs,Suburbs,South Dakota,Telephone survey,Before that,Before that,Before that,Before that,Seriously off on the wrong track,Version 1,0.358715504407883,Yes
3750.0,Dennis Daugaard,Mike Rounds,45-65,30-59,50-59,45+,45-59,50-64,Non-Black 45-59,White 45-59,White 45-64,Complete,,1.0,College graduate,College graduate,More than High school graduate,White college degree,Favorable,Favorable,2.0,Government is doing too many things better left to businesses and individuals,Went too far,100k or more,"$30,000 or more",50k or more,100 thousand or more,"$200,000 or more","$200,000 or more","Over $50,000 and white",No,Yes,Worried,Somewhat worried,Disapprove,Strongly disapprove,45+,18-64,Republican,Non-black non-Democrat,All Republicans,Republican,Republican Women,White Republican,Conservative,,Independent/Something else,Conservative Republicans,White,White,State questionnaire,White,White,Midwest,Omit,The Republican Party,Female,White women,Married women,Rural,Small Cities/Rural,South Dakota,Telephone survey,Before that,Before that,Before that,Before that,Seriously off on the wrong track,Version 1,1.88313436508179,No
3863.0,Dennis Daugaard,Mike Rounds,65+,60+,65 or over,45+,60+,65+,Non-Black 60+,White 60+,White 65+,Complete,,1.0,High school graduate,No college degree,High school graduate or less,White no college degree,Favorable,Favorable,3.0,Government is doing too many things better left to businesses and individuals,Omit,Less than 100k,"Under $30,000",Less than 50k,Less than 50 thousand,"Under $50,000","Under $30,000","Under $50,000 and white",No,No,Not worried,Not at all worried,Approve,Somewhat approve,45+,65+,Republican,Non-black non-Democrat,All Republicans,Republican,Republican Women,White Republican,Conservative,,Independent/Something else,Conservative Republicans,White,White,State questionnaire,White,White,Midwest,Omit,The Republican Party,Female,White women,Non married women,Rural,Small Cities/Rural,South Dakota,Telephone survey,Before that,Before that,Before that,Before that,Generally going in the right direction,Version 1,0.17920508980751,Yes
3901.0,Dennis Daugaard,Mike Rounds,65+,60+,65 or over,45+,60+,65+,Non-Black 60+,White 60+,White 65+,Complete,,1.0,Some college/assoc. degree,No college degree,More than High school graduate,White no college degree,Favorable,Favorable,3.0,Government is doing too many things better left to businesses and individuals,Went too far,Less than 100k,"$30,000 or more",Less than 50k,Less than 50 thousand,"Under $50,000","$30,000-$49,999","Under $50,000 and white",No,Yes,Worried,Very worried,Disapprove,Strongly disapprove,45+,65+,Republican,Non-black non-Democrat,All Republicans,Republican,Republican Women,White Republican,Moderate,,Conservative Republicans,Mod./Liberal Republicans,White,White,State questionnaire,White,White,Midwest,Disapprove,The Republican Party,Female,White women,Married women,Rural,Small Cities/Rural,South Dakota,Telephone survey,Before that,In the last month,Before that,In the last month,Seriously off on the wrong track,Version 1,0.249992847442627,Yes
59907.0,Dennis Daugaard,Mike Rounds,30-44,30-59,30-39,18-44,30-44,30-39,Non-Black 30-44,White 30-44,White 30-44,Complete,Call 1,1.0,Postgraduate study,College graduate,More than High school graduate,White college degree,Favorable,Favorable,1.0,Government is doing too many things better left to businesses and individuals,Went too far,100k or more,"$30,000 or more",50k or more,100 thousand or more,"$100,000-$199,999","$100,000-$199,999","Over $50,000 and white",No,Yes,Worried,Somewhat worried,Approve,Somewhat approve,18-44,18-64,Republican,Non-black non-Democrat,All Republicans,Republican,Republican Women,White Republican,Conservative,56.0,Independent/Something else,Conservative Republicans,White,White,State questionnaire,White,White,Midwest,Approve,The Republican Party,Female,White women,Married women,,,South Dakota,Election day exit poll,Before that,Before that,Before that,Before that,Generally going in the right direction,Version 1,1.22535502910614,No
61071.0,Dennis Daugaard,Mike Rounds,45-65,30-59,50-59,45+,45-59,50-64,Non-Black 45-59,White 45-59,White 45-64,Complete,Call 1,1.0,College graduate,College graduate,More than High school graduate,White college degree,Favorable,Favorable,1.0,Government is doing too many things better left to businesses and individuals,Went too far,100k or more,"$30,000 or more",50k or more,100 thousand or more,"$100,000-$199,999","$100,000-$199,999","Over $50,000 and white",No,Yes,Worried,Somewhat worried,Disapprove,Strongly disapprove,45+,18-64,Republican,Non-black non-Democrat,All Republicans,Republican,Republican Women,White Republican,Conservative,53.0,Independent/Something else,Conservative Republicans,White,White,State questionnaire,White,White,Midwest,Disapprove,The Republican Party,Female,White women,Married women,,,South Dakota,Election day exit poll,Before that,Before that,Before that,Before that,Generally going in the right direction,Version 1,1.0954282283783,No
64193.0,Dennis Daugaard,Mike Rounds,65+,60+,65 or over,45+,60+,65+,Non-Black 60+,White 60+,White 65+,Complete,Call 1,1.0,High school graduate,No college degree,High school graduate or less,White no college degree,Favorable,Favorable,3.0,Government is doing too many things better left to businesses and individuals,Went too far,Less than 100k,"Under $30,000",Less than 50k,Less than 50 thousand,"Under $50,000","Under $30,000","Under $50,000 and white",No,Yes,Worried,Somewhat worried,Approve,Somewhat approve,45+,65+,Republican,Non-black non-Democrat,All Republicans,Republican,Republican Women,White Republican,Moderate,7.0,Conservative Republicans,Mod./Liberal Republicans,White,White,State questionnaire,White,White,Midwest,Omit,The Democratic Party,Female,White women,Married women,,,South Dakota,Election day exit poll,Omit,Omit,Omit,Omit,Omit,Version 1,1.01192343235016,Yes
66020.0,Dennis Daugaard,Mike Rounds,30-44,30-59,30-39,18-44,30-44,30-39,Non-Black 30-44,White 30-44,White 30-44,Complete,Call 1,1.0,College graduate,College graduate,More than High school graduate,White college degree,Favorable,Favorable,4.0,Government is doing too many things better left to businesses and individuals,Went too far,Less than 100k,"$30,000 or more",Less than 50k,Less than 50 thousand,"Under $50,000","$30,000-$49,999","Under $50,000 and white",No,No,Worried,Very worried,Disapprove,Strongly disapprove,18-44,18-64,Independent/Something else,Non-black non-Democrat,White Independent,Something else,Independent Women,White Independent,Moderate,65.0,Moderate/Liberal Republicans,Moderate Independents,White,White,State questionnaire,White,White,Midwest,Disapprove,Does not matter to me,Female,White women,Non married women,,,South Dakota,Election day exit poll,In the last three days,In the last month,In the last week,In the last three days,Generally going in the right direction,Version 1,0.967391133308411,No
66139.0,Dennis Daugaard,Mike Rounds,65+,60+,65 or over,45+,60+,65+,Non-Black 60+,White 60+,White 65+,Complete,Call 1,1.0,College graduate,College graduate,More than High school graduate,White college degree,Favorable,Favorable,4.0,Government is doing too many things better left to businesses and individuals,Was about right,Less than 100k,"$30,000 or more",50k or more,50 to 100 thousand,"$50,000-$99,999","$50,000-$99,999","Over $50,000 and white",No,No,Worried,Somewhat worried,Disapprove,Strongly disapprove,45+,65+,Democrat,Non-black Democrat,White Democrat,Democrat,Democratic Women,White Democrat,Moderate,65.0,Moderate/Conservative Democrats,Mod/Conserv. Democrats,White,White,State questionnaire,White,White,Midwest,Disapprove,The Republican Party,Female,White women,Non married women,,,South Dakota,Election day exit poll,Before that,In the last month,Before that,In the last month,Seriously off on the wrong track,Version 1,0.972497820854187,No
80304.0,Dennis Daugaard,Mike Rounds,45-65,60+,60-64,45+,60+,50-64,Non-Black 60+,White 60+,White 45-64,Complete,Call 2,1.0,Postgraduate study,College graduate,More than High school graduate,White college degree,Favorable,Favorable,2.0,Government is doing too many things better left to businesses and individuals,Went too far,100k or more,"$30,000 or more",50k or more,100 thousand or more,"$200,000 or more","$200,000 or more","Over $50,000 and white",No,Yes,Not worried,Not too worried,Disapprove,Somewhat disapprove,45+,18-64,Republican,Non-black non-Democrat,All Republicans,Republican,Republican Women,White Republican,Conservative,82.0,Independent/Something else,Conservative Republicans,White,White,State questionnaire,White,White,Midwest,Disapprove,The Republican Party,Female,White women,Married women,,,South Dakota,Election day exit poll,Before that,Before that,Before that,Before that,Generally going in the right direction,Version 1,0.925927460193634,No
96965.0,Dennis Daugaard,Mike Rounds,18-29,18-29,25-29,18-44,18-29,25-29,Non-Black 18-29,White 18-29,White 18-29,Complete,Call 3,1.0,College graduate,College graduate,More than High school graduate,White college degree,Favorable,Favorable,2.0,Government is doing too many things better left to businesses and individuals,Was about right,Less than 100k,"$30,000 or more",50k or more,50 to 100 thousand,"$50,000-$99,999","$50,000-$99,999","Over $50,000 and white",No,Yes,Worried,Somewhat worried,Disapprove,Somewhat disapprove,18-44,18-64,Independent/Something else,Non-black non-Democrat,White Independent,Independent,Independent Women,White Independent,Moderate,36.0,Moderate/Liberal Republicans,Moderate Independents,White,White,State questionnaire,White,White,Midwest,Omit,The Democratic Party,Female,White women,Married women,,,South Dakota,Election day exit poll,In the last three days,In the last month,In the last week,In the last three days,Generally going in the right direction,Version 1,1.64467096328735,No
97479.0,Dennis Daugaard,Mike Rounds,45-65,30-59,50-59,45+,45-59,50-64,Non-Black 45-59,White 45-59,White 45-64,Complete,Call 3,1.0,High school graduate,No college degree,High school graduate or less,White no college degree,Favorable,Favorable,1.0,Government is doing too many things better left to businesses and individuals,Went too far,100k or more,"$30,000 or more",50k or more,100 thousand or more,"$100,000-$199,999","$100,000-$199,999","Over $50,000 and white",No,Yes,Worried,Somewhat worried,Approve,Somewhat approve,45+,18-64,Republican,Non-black non-Democrat,All Republicans,Republican,Republican Men,White Republican,Conservative,56.0,Independent/Something else,Conservative Republicans,White,White,State questionnaire,White,White,Midwest,Approve,The Republican Party,Male,White men,Married men,,,South Dakota,Election day exit poll,Before that,Before that,Before that,Before that,Generally going in the right direction,Version 1,1.28519976139069,No
100185.0,Dennis Daugaard,Mike Rounds,45-65,30-59,50-59,45+,45-59,50-64,Non-Black 45-59,White 45-59,White 45-64,Complete,Call 3,1.0,College graduate,College graduate,More than High school graduate,White college degree,Favorable,Favorable,4.0,Government is doing too many things better left to businesses and individuals,Went too far,100k or more,"$30,000 or more",50k or more,100 thousand or more,"$100,000-$199,999","$100,000-$199,999","Over $50,000 and white",No,No,Worried,Very worried,Disapprove,Strongly disapprove,45+,18-64,Republican,Non-black non-Democrat,All Republicans,Republican,Republican Women,White Republican,Conservative,40.0,Independent/Something else,Conservative Republicans,White,White,State questionnaire,White,White,Midwest,Omit,The Republican Party,Female,White women,Non married women,,,South Dakota,Election day exit poll,Before that,In the last month,Before that,In the last month,Seriously off on the wrong track,Version 1,1.65531373023987,No
3674.0,Dennis Daugaard,Mike Rounds,45-65,30-59,50-59,45+,45-59,50-64,Non-Black 45-59,White 45-59,White 45-64,Complete,,1.0,Some college/assoc. degree,No college degree,More than High school graduate,White no college degree,Unfavorable,Favorable,4.0,Government is doing too many things better left to businesses and individuals,Went too far,,,,,,,,No,No,Worried,Very worried,Disapprove,Strongly disapprove,45+,18-64,Republican,Non-black non-Democrat,All Republicans,Republican,Republican Women,White Republican,Conservative,,Independent/Something else,Conservative Republicans,White,White,State questionnaire,White,White,Midwest,Omit,The Republican Party,Female,White women,Non married women,Rural,Small Cities/Rural,South Dakota,Telephone survey,Before that,Before that,Before that,Before that,Seriously off on the wrong track,Version 1,0.358715504407883,
3677.0,Dennis Daugaard,Mike Rounds,65+,60+,65 or over,45+,60+,65+,Non-Black 60+,White 60+,White 65+,Complete,,1.0,Some college/assoc. degree,No college degree,More than High school graduate,White no college degree,Unfavorable,Favorable,4.0,Government is doing too many things better left to businesses and individuals,Went too far,Less than 100k,"Under $30,000",Less than 50k,Less than 50 thousand,"Under $50,000","Under $30,000","Under $50,000 and white",No,No,Worried,Very worried,Disapprove,Strongly disapprove,45+,65+,Republican,Non-black non-Democrat,All Republicans,Republican,Republican Men,White Republican,Moderate,,Conservative Republicans,Mod./Liberal Republicans,White,White,State questionnaire,White,White,Midwest,Approve,The Republican Party,Male,White men,Non married men,Rural,Small Cities/Rural,South Dakota,Telephone survey,Before that,Before that,Before that,Before that,Seriously off on the wrong track,Version 1,0.215667650103569,Yes
3678.0,Dennis Daugaard,Mike Rounds,65+,60+,65 or over,45+,60+,65+,Non-Black 60+,White 60+,White 65+,Complete,,1.0,College graduate,College graduate,More than High school graduate,White college degree,Unfavorable,Favorable,4.0,Government is doing too many things better left to businesses and individuals,Went too far,Less than 100k,"$30,000 or more",50k or more,50 to 100 thousand,"$50,000-$99,999","$50,000-$99,999","Over $50,000 and white",No,Yes,Worried,Very worried,Disapprove,Strongly disapprove,45+,65+,Republican,Non-black non-Democrat,All Republicans,Republican,Republican Men,White Republican,Conservative,,Independent/Something else,Conservative Republicans,White,White,State questionnaire,White,White,Midwest,Approve,The Republican Party,Male,White men,Married men,Rural,Small Cities/Rural,South Dakota,Telephone survey,Before that,Before that,Before that,Before that,Seriously off on the wrong track,Version 1,0.436714440584183,No
3679.0,Dennis Daugaard,Mike Rounds,18-29,18-29,25-29,18-44,18-29,25-29,Non-Black 18-29,White 18-29,White 18-29,Complete,,1.0,College graduate,College graduate,More than High school graduate,White college degree,Unfavorable,Favorable,4.0,Government is doing too many things better left to businesses and individuals,Went too far,Less than 100k,"$30,000 or more",50k or more,50 to 100 thousand,"$50,000-$99,999","$50,000-$99,999","Over $50,000 and white",No,Yes,Worried,Very worried,Disapprove,Strongly disapprove,18-44,18-64,Republican,Non-black non-Democrat,All Republicans,Republican,Republican Men,White Republican,,,,,White,White,State questionnaire,White,White,Midwest,Approve,The Republican Party,Male,White men,Married men,Rural,Small Cities/Rural,South Dakota,Telephone survey,Before that,Before that,Before that,Before that,Seriously off on the wrong track,Version 1,1.23213994503021,No
3685.0,Dennis Daugaard,Mike Rounds,45-65,30-59,45-49,45+,45-59,40-49,Non-Black 45-59,White 45-59,White 45-64,Complete,,1.0,College graduate,College graduate,More than High school graduate,White college degree,Unfavorable,Favorable,4.0,Government is doing too many things better left to businesses and individuals,Went too far,100k or more,"$30,000 or more",50k or more,100 thousand or more,"$100,000-$199,999","$100,000-$199,999","Over $50,000 and white",No,No,Not worried,Not too worried,Disapprove,Strongly disapprove,45+,18-64,Republican,Non-black non-Democrat,All Republicans,Republican,Republican Men,White Republican,Moderate,,Conservative Republicans,Mod./Liberal Republicans,White,White,State questionnaire,White,White,Midwest,Approve,The Republican Party,Male,White men,Non married men,"Cities 50,000-500,000","Cities over 50,000",South Dakota,Telephone survey,Before that,In the last month,In the last week,In the last week,Seriously off on the wrong track,Version 1,0.984040856361389,No
3690.0,Dennis Daugaard,Mike Rounds,45-65,30-59,50-59,45+,45-59,50-64,Non-Black 45-59,White 45-59,White 45-64,Complete,,1.0,Some college/assoc. degree,No college degree,More than High school graduate,White no college degree,Unfavorable,Favorable,4.0,Government is doing too many things better left to businesses and individuals,Went too far,100k or more,"$30,000 or more",50k or more,100 thousand or more,"$200,000 or more","$200,000 or more","Over $50,000 and white",No,Yes,Worried,Very worried,Disapprove,Strongly disapprove,45+,18-64,Republican,Non-black non-Democrat,All Republicans,Republican,Republican Men,White Republican,Conservative,,Independent/Something else,Conservative Republicans,White,White,State questionnaire,White,White,Midwest,Approve,The Republican Party,Male,White men,Married men,"Cities 50,000-500,000","Cities over 50,000",South Dakota,Telephone survey,Before that,Before that,Before that,Before that,Seriously off on the wrong track,Version 1,0.664182603359222,No
3691.0,Dennis Daugaard,Mike Rounds,65+,60+,65 or over,45+,60+,65+,Non-Black 60+,White 60+,White 65+,Complete,,1.0,Postgraduate study,College graduate,More than High school graduate,White college degree,Unfavorable,Favorable,4.0,Government is doing too many things better left to businesses and individuals,Went too far,Less than 100k,"$30,000 or more",50k or more,50 to 100 thousand,"$50,000-$99,999","$50,000-$99,999","Over $50,000 and white",No,Yes,Worried,Somewhat worried,Disapprove,Strongly disapprove,45+,65+,Republican,Non-black non-Democrat,All Republicans,Republican,Republican Men,White Republican,Conservative,,Independent/Something else,Conservative Republicans,White,White,State questionnaire,White,White,Midwest,Approve,The Republican Party,Male,White men,Married men,"Cities 50,000-500,000","Cities over 50,000",South Dakota,Telephone survey,Before that,Before that,Before that,Before that,Seriously off on the wrong track,Version 1,0.436714440584183,No
3697.0,Dennis Daugaard,Mike Rounds,30-44,30-59,40-44,18-44,30-44,40-49,Non-Black 30-44,White 30-44,White 30-44,Complete,,1.0,High school graduate,No college degree,High school graduate or less,White no college degree,Unfavorable,Favorable,4.0,Government is doing too many things better left to businesses and individuals,Went too far,100k or more,"$30,000 or more",50k or more,100 thousand or more,"$100,000-$199,999","$100,000-$199,999","Over $50,000 and white",No,Yes,Not worried,Not too worried,Disapprove,Strongly disapprove,18-44,18-64,Independent/Something else,Non-black non-Democrat,White Independent,Independent,Independent Men,White Independent,Conservative,,Moderate/Liberal Republicans,Conservative Independents,White,White,State questionnaire,White,White,Midwest,Omit,The Republican Party,Male,White men,Married men,"Cities 50,000-500,000","Cities over 50,000",South Dakota,Telephone survey,Before that,In the last month,Before that,In the last month,Seriously off on the wrong track,Version 1,0.926747143268585,No
3704.0,Dennis Daugaard,Mike Rounds,30-44,30-59,30-39,18-44,30-44,30-39,Non-Black 30-44,White 30-44,White 30-44,Complete,,1.0,College graduate,College graduate,More than High school graduate,White college degree,Unfavorable,Favorable,3.0,Government is doing too many things better left to businesses and individuals,Was about right,Less than 100k,"$30,000 or more",50k or more,50 to 100 thousand,"$50,000-$99,999","$50,000-$99,999","Over $50,000 and white",No,Yes,Worried,Somewhat worried,Disapprove,Strongly disapprove,18-44,18-64,Republican,Non-black non-Democrat,All Republicans,Republican,Republican Men,White Republican,Liberal,,Conservative Republicans,Mod./Liberal Republicans,White,White,State questionnaire,White,White,Midwest,Disapprove,The Republican Party,Male,White men,Married men,Rural,Small Cities/Rural,South Dakota,Telephone survey,Before that,Before that,Before that,Before that,Seriously off on the wrong track,Version 1,1.07343792915344,No
3706.0,Dennis Daugaard,Mike Rounds,45-65,30-59,45-49,45+,45-59,40-49,Non-Black 45-59,White 45-59,White 45-64,Complete,,1.0,College graduate,College graduate,More than High school graduate,White college degree,Unfavorable,Favorable,3.0,Government is doing too many things better left to businesses and individuals,Went too far,Less than 100k,"$30,000 or more",50k or more,50 to 100 thousand,"$50,000-$99,999","$50,000-$99,999","Over $50,000 and white",No,No,Worried,Very worried,Disapprove,Strongly disapprove,45+,18-64,Republican,Non-black non-Democrat,All Republicans,Republican,Republican Men,White Republican,Conservative,,Independent/Something else,Conservative Republicans,White,White,State questionnaire,White,White,Midwest,Omit,The Republican Party,Male,White men,Non married men,Rural,Small Cities/Rural,South Dakota,Telephone survey,Before that,Before that,Before that,Before that,Seriously off on the wrong track,Version 1,0.260747760534287,No
3710.0,Dennis Daugaard,Mike Rounds,18-29,18-29,25-29,18-44,18-29,25-29,Non-Black 18-29,White 18-29,White 18-29,Complete,,1.0,College graduate,College graduate,More than High school graduate,White college degree,Unfavorable,Favorable,3.0,Government is doing too many things better left to businesses and individuals,Went too far,100k or more,"$30,000 or more",50k or more,100 thousand or more,"$200,000 or more","$200,000 or more","Over $50,000 and white",No,Yes,Worried,Very worried,Disapprove,Strongly disapprove,18-44,18-64,Republican,Non-black non-Democrat,All Republicans,Republican,Republican Women,White Republican,Conservative,,Independent/Something else,Conservative Republicans,White,White,State questionnaire,White,White,Midwest,Approve,The Republican Party,Female,White women,Married women,Rural,Small Cities/Rural,South Dakota,Telephone survey,Before that,Before that,Before that,Before that,Seriously off on the wrong track,Version 1,1.33092224597931,No
3711.0,Dennis Daugaard,Mike Rounds,45-65,60+,60-64,45+,60+,50-64,Non-Black 60+,White 60+,White 45-64,Complete,,1.0,High school graduate,No college degree,High school graduate or less,White no college degree,Unfavorable,Favorable,3.0,Government is doing too many things better left to businesses and individuals,Went too far,Less than 100k,"$30,000 or more",50k or more,50 to 100 thousand,"$50,000-$99,999","$50,000-$99,999","Over $50,000 and white",No,No,Worried,Somewhat worried,Disapprove,Strongly disapprove,45+,18-64,Republican,Non-black non-Democrat,All Republicans,Republican,Republican Men,White Republican,Conservative,,Independent/Something else,Conservative Republicans,White,White,State questionnaire,White,White,Midwest,Disapprove,The Republican Party,Male,White men,Non married men,Rural,Small Cities/Rural,South Dakota,Telephone survey,Before that,In the last month,Before that,In the last month,Seriously off on the wrong track,Version 1,0.422764539718628,No
3714.0,Dennis Daugaard,Mike Rounds,45-65,60+,60-64,45+,60+,50-64,Non-Black 60+,White 60+,White 45-64,Complete,,1.0,Postgraduate study,College graduate,More than High school graduate,White college degree,Unfavorable,Favorable,3.0,Government is doing too many things better left to businesses and individuals,Went too far,Less than 100k,"$30,000 or more",50k or more,50 to 100 thousand,"$50,000-$99,999","$50,000-$99,999","Over $50,000 and white",No,Yes,Worried,Somewhat worried,Disapprove,Strongly disapprove,45+,18-64,Republican,Non-black non-Democrat,All Republicans,Republican,Republican Men,White Republican,Moderate,,Conservative Republicans,Mod./Liberal Republicans,White,White,State questionnaire,White,White,Midwest,Approve,The Republican Party,Male,White men,Married men,Rural,Small Cities/Rural,South Dakota,Telephone survey,Before that,In the last month,Before that,In the last month,Seriously off on the wrong track,Version 1,0.422764539718628,No
3716.0,Dennis Daugaard,Mike Rounds,30-44,30-59,30-39,18-44,30-44,30-39,Non-Black 30-44,White 30-44,White 30-44,Complete,,1.0,High school graduate,No college degree,High school graduate or less,White no college degree,Unfavorable,Favorable,3.0,Government is doing too many things better left to businesses and individuals,Went too far,Less than 100k,"$30,000 or more",Less than 50k,Less than 50 thousand,"Under $50,000","$30,000-$49,999","Under $50,000 and white",No,Yes,Worried,Very worried,Disapprove,Strongly disapprove,18-44,18-64,Republican,Non-black non-Democrat,All Republicans,Republican,Republican Men,White Republican,Conservative,,Independent/Something else,Conservative Republicans,White,White,State questionnaire,White,White,Midwest,Disapprove,The Republican Party,Male,White men,Married men,Rural,Small Cities/Rural,South Dakota,Telephone survey,Before that,Before that,Before that,Before that,Seriously off on the wrong track,Version 1,1.06021618843079,Yes
3719.0,Dennis Daugaard,Mike Rounds,30-44,30-59,40-44,18-44,30-44,40-49,Non-Black 30-44,White 30-44,White 30-44,Complete,,1.0,Postgraduate study,College graduate,More than High school graduate,White college degree,Unfavorable,Favorable,2.0,Government is doing too many things better left to businesses and individuals,Went too far,Less than 100k,"$30,000 or more",50k or more,50 to 100 thousand,"$50,000-$99,999","$50,000-$99,999","Over $50,000 and white",No,Yes,Worried,Somewhat worried,Disapprove,Strongly disapprove,18-44,18-64,Independent/Something else,Non-black non-Democrat,White Independent,Independent,Independent Men,White Independent,Conservative,,Moderate/Liberal Republicans,Conservative Independents,White,White,State questionnaire,White,White,Midwest,Disapprove,The Republican Party,Male,White men,Married men,Rural,Small Cities/Rural,South Dakota,Telephone survey,Before that,Before that,Before that,Before that,Seriously off on the wrong track,Version 1,1.64192628860474,No
3722.0,Dennis Daugaard,Mike Rounds,65+,60+,65 or over,45+,60+,65+,Non-Black 60+,White 60+,White 65+,Complete,,1.0,College graduate,College graduate,More than High school graduate,White college degree,Unfavorable,Favorable,2.0,Government is doing too many things better left to businesses and individuals,Went too far,Less than 100k,"$30,000 or more",50k or more,50 to 100 thousand,"$50,000-$99,999","$50,000-$99,999","Over $50,000 and white",No,Yes,Not worried,Not too worried,Disapprove,Strongly disapprove,45+,65+,Republican,Non-black non-Democrat,All Republicans,Republican,Republican Men,White Republican,Conservative,,Independent/Something else,Conservative Republicans,White,White,State questionnaire,White,White,Midwest,Approve,The Republican Party,Male,White men,Married men,"Cities 50,000-500,000","Cities over 50,000",South Dakota,Telephone survey,Before that,Before that,Before that,Before that,Seriously off on the wrong track,Version 1,0.468648761510849,No
3725.0,Dennis Daugaard,Mike Rounds,30-44,30-59,40-44,18-44,30-44,40-49,Non-Black 30-44,White 30-44,White 30-44,Complete,,1.0,College graduate,College graduate,More than High school graduate,White college degree,Unfavorable,Favorable,1.0,Government is doing too many things better left to businesses and individuals,Went too far,100k or more,"$30,000 or more",50k or more,100 thousand or more,"$200,000 or more","$200,000 or more","Over $50,000 and white",No,No,Not worried,Not too worried,Disapprove,Somewhat disapprove,18-44,18-64,Republican,Non-black non-Democrat,All Republicans,Republican,Republican Women,White Republican,Moderate,,Conservative Republicans,Mod./Liberal Republicans,White,White,State questionnaire,White,White,Midwest,Approve,The Republican Party,Female,White women,Non married women,"Cities 50,000-500,000","Cities over 50,000",South Dakota,Telephone survey,Before that,Before that,Before that,Before that,Generally going in the right direction,Version 1,0.241164565086365,No
3732.0,Dennis Daugaard,Mike Rounds,65+,60+,65 or over,45+,60+,65+,Non-Black 60+,White 60+,White 65+,Complete,,1.0,Some college/assoc. degree,No college degree,More than High school graduate,White no college degree,Unfavorable,Favorable,3.0,Government is doing too many things better left to businesses and individuals,Was about right,100k or more,"$30,000 or more",50k or more,100 thousand or more,"$100,000-$199,999","$100,000-$199,999","Over $50,000 and white",No,Yes,Worried,Somewhat worried,Disapprove,Somewhat disapprove,45+,65+,Republican,Non-black non-Democrat,All Republicans,Republican,Republican Women,White Republican,Moderate,,Conservative Republicans,Mod./Liberal Republicans,White,White,State questionnaire,White,White,Midwest,Approve,The Republican Party,Female,White women,Married women,Rural,Small Cities/Rural,South Dakota,Telephone survey,Before that,In the last month,Before that,In the last month,Generally going in the right direction,Version 1,0.499985694885254,No
3737.0,Dennis Daugaard,Mike Rounds,45-65,30-59,45-49,45+,45-59,40-49,Non-Black 45-59,White 45-59,White 45-64,Complete,,1.0,College graduate,College graduate,More than High school graduate,White college degree,Unfavorable,Favorable,2.0,Government is doing too many things better left to businesses and individuals,Went too far,Less than 100k,"$30,000 or more",50k or more,50 to 100 thousand,"$50,000-$99,999","$50,000-$99,999","Over $50,000 and white",No,Yes,Worried,Very worried,Disapprove,Strongly disapprove,45+,18-64,Independent/Something else,Non-black non-Democrat,White Independent,Independent,Independent Women,White Independent,Conservative,,Moderate/Liberal Republicans,Conservative Independents,White,White,State questionnaire,White,White,Midwest,Omit,The Republican Party,Female,White women,Married women,Rural,Small Cities/Rural,South Dakota,Telephone survey,Before that,Before that,Before that,Before that,Seriously off on the wrong track,Version 1,2.75565218925476,No
3739.0,Dennis Daugaard,Mike Rounds,18-29,18-29,18-24,18-44,18-29,18-24,,,,Complete,,1.0,Some college/assoc. degree,No college degree,More than High school graduate,,Unfavorable,Favorable,2.0,Government is doing too many things better left to businesses and individuals,Omit,Less than 100k,"Under $30,000",Less than 50k,Less than 50 thousand,"Under $50,000","Under $30,000",,,No,Worried,Very worried,Disapprove,Somewhat disapprove,18-44,18-64,Republican,,,Republican,Republican Men,,Moderate,,Conservative Republicans,Mod./Liberal Republicans,,,State questionnaire,,,Midwest,Approve,Does not matter to me,Male,,Non married men,Rural,Small Cities/Rural,South Dakota,Telephone survey,Omit,Omit,Omit,Omit,Seriously off on the wrong track,Version 1,1.52438604831696,
3740.0,Dennis Daugaard,Mike Rounds,18-29,18-29,18-24,18-44,18-29,18-24,,,,Complete,,1.0,Some college/assoc. degree,No college degree,More than High school graduate,,Unfavorable,Favorable,2.0,Government is doing too many things better left to businesses and individuals,Went too far,,,,,,,,,No,Worried,Very worried,Disapprove,Strongly disapprove,18-44,18-64,Republican,,,Republican,Republican Men,,Conservative,,Independent/Something else,Conservative Republicans,,,State questionnaire,,,Midwest,Approve,The Republican Party,Male,,Non married men,Rural,Small Cities/Rural,South Dakota,Telephone survey,Before that,Before that,Before that,Before that,Seriously off on the wrong track,Version 1,1.36887753009796,
3741.0,Dennis Daugaard,Mike Rounds,45-65,30-59,50-59,45+,45-59,50-64,Non-Black 45-59,White 45-59,White 45-64,Complete,,1.0,Postgraduate study,College graduate,More than High school graduate,White college degree,Unfavorable,Favorable,2.0,Government is doing too many things better left to businesses and individuals,Went too far,100k or more,"$30,000 or more",50k or more,100 thousand or more,"$200,000 or more","$200,000 or more","Over $50,000 and white",No,Yes,Worried,Somewhat worried,Disapprove,Strongly disapprove,45+,18-64,Republican,Non-black non-Democrat,All Republicans,Republican,Republican Men,White Republican,Conservative,,Independent/Something else,Conservative Republicans,White,White,State questionnaire,White,White,Midwest,Approve,The Republican Party,Male,White men,Married men,Suburbs,Suburbs,South Dakota,Telephone survey,Before that,Before that,Before that,Before that,Seriously off on the wrong track,Version 1,0.64003998041153,No
3744.0,Dennis Daugaard,Mike Rounds,45-65,60+,60-64,45+,60+,50-64,Non-Black 60+,White 60+,White 45-64,Complete,,1.0,Postgraduate study,College graduate,More than High school graduate,White college degree,Unfavorable,Favorable,2.0,Government is doing too many things better left to businesses and individuals,Omit,Less than 100k,"Under $30,000",Less than 50k,Less than 50 thousand,"Under $50,000","Under $30,000","Under $50,000 and white",No,No,Not worried,Not at all worried,Disapprove,Somewhat disapprove,45+,18-64,Republican,Non-black non-Democrat,All Republicans,Republican,Republican Men,White Republican,Moderate,,Conservative Republicans,Mod./Liberal Republicans,White,White,State questionnaire,White,White,Midwest,Approve,The Republican Party,Male,White men,Non married men,Suburbs,Suburbs,South Dakota,Telephone survey,Before that,Before that,Before that,Before that,Omit,Version 1,0.379636704921722,No
3753.0,Dennis Daugaard,Mike Rounds,65+,60+,65 or over,45+,60+,65+,Non-Black 60+,White 60+,White 65+,Complete,,1.0,High school graduate,No college degree,High school graduate or less,White no college degree,Unfavorable,Favorable,3.0,Government is doing too many things better left to businesses and individuals,Went too far,Less than 100k,"Under $30,000",Less than 50k,Less than 50 thousand,"Under $50,000","Under $30,000","Under $50,000 and white",No,No,Worried,Somewhat worried,Disapprove,Strongly disapprove,45+,65+,Republican,Non-black non-Democrat,All Republicans,Republican,Republican Men,White Republican,Conservative,,Independent/Something else,Conservative Republicans,White,White,State questionnaire,White,White,Midwest,Disapprove,The Republican Party,Male,White men,Non married men,Rural,Small Cities/Rural,South Dakota,Telephone survey,Before that,In the last month,Before that,In the last month,Seriously off on the wrong track,Version 1,0.165904313325882,Yes
3756.0,Dennis Daugaard,Mike Rounds,45-65,60+,60-64,45+,60+,50-64,Non-Black 60+,White 60+,White 45-64,Complete,,1.0,Some college/assoc. degree,No college degree,More than High school graduate,White no college degree,Unfavorable,Favorable,4.0,Government is doing too many things better left to businesses and individuals,Went too far,Less than 100k,"$30,000 or more",50k or more,50 to 100 thousand,"$50,000-$99,999","$50,000-$99,999","Over $50,000 and white",No,Yes,Worried,Very worried,Disapprove,Strongly disapprove,45+,18-64,Republican,Non-black non-Democrat,All Republicans,Republican,Republican Men,White Republican,Conservative,,Independent/Something else,Conservative Republicans,White,White,State questionnaire,White,White,Midwest,Approve,The Republican Party,Male,White men,Married men,"Cities 50,000-500,000","Cities over 50,000",South Dakota,Telephone survey,Before that,In the last month,Before that,In the last month,Seriously off on the wrong track,Version 1,0.389104336500168,No
3760.0,Dennis Daugaard,Mike Rounds,65+,60+,65 or over,45+,60+,65+,Non-Black 60+,White 60+,White 65+,Complete,,1.0,High school graduate,No college degree,High school graduate or less,White no college degree,Unfavorable,Favorable,3.0,Government is doing too many things better left to businesses and individuals,Went too far,Less than 100k,"$30,000 or more",Less than 50k,Less than 50 thousand,"Under $50,000","$30,000-$49,999","Under $50,000 and white",No,Yes,Worried,Somewhat worried,Disapprove,Strongly disapprove,45+,65+,Republican,Non-black non-Democrat,All Republicans,Republican,Republican Men,White Republican,Conservative,,Independent/Something else,Conservative Republicans,White,White,State questionnaire,White,White,Midwest,Omit,The Republican Party,Male,White men,Married men,Rural,Small Cities/Rural,South Dakota,Telephone survey,Before that,Before that,Before that,Before that,Seriously off on the wrong track,Version 1,0.462876290082932,Yes
3763.0,Dennis Daugaard,Mike Rounds,45-65,30-59,50-59,45+,45-59,50-64,Non-Black 45-59,White 45-59,White 45-64,Complete,,1.0,Some college/assoc. degree,No college degree,More than High school graduate,White no college degree,Unfavorable,Favorable,4.0,Government is doing too many things better left to businesses and individuals,Went too far,100k or more,"$30,000 or more",50k or more,100 thousand or more,"$100,000-$199,999","$100,000-$199,999","Over $50,000 and white",No,Yes,Worried,Very worried,Disapprove,Strongly disapprove,45+,18-64,Independent/Something else,Non-black non-Democrat,White Independent,Something else,Independent Women,White Independent,Conservative,,Moderate/Liberal Republicans,Conservative Independents,White,White,State questionnaire,White,White,Midwest,Omit,The Republican Party,Female,White women,Married women,Rural,Small Cities/Rural,South Dakota,Telephone survey,Before that,Before that,Before that,Before that,Seriously off on the wrong track,Version 1,1.43486201763153,No
3768.0,Dennis Daugaard,Mike Rounds,65+,60+,65 or over,45+,60+,65+,Non-Black 60+,White 60+,White 65+,Complete,,1.0,Some college/assoc. degree,No college degree,More than High school graduate,White no college degree,Unfavorable,Favorable,4.0,Government is doing too many things better left to businesses and individuals,Went too far,Less than 100k,"$30,000 or more",Less than 50k,Less than 50 thousand,"Under $50,000","$30,000-$49,999","Under $50,000 and white",No,Yes,Worried,Very worried,Disapprove,Strongly disapprove,45+,65+,Republican,Non-black non-Democrat,All Republicans,Republican,Republican Women,White Republican,Conservative,,Independent/Something else,Conservative Republicans,White,White,State questionnaire,White,White,Midwest,Omit,The Republican Party,Female,White women,Married women,"Cities 50,000-500,000","Cities over 50,000",South Dakota,Telephone survey,Before that,Before that,Before that,Before that,Seriously off on the wrong track,Version 1,0.465916007757187,Yes
3770.0,Dennis Daugaard,Mike Rounds,65+,60+,65 or over,45+,60+,65+,Non-Black 60+,White 60+,White 65+,Complete,,1.0,High school graduate,No college degree,High school graduate or less,White no college degree,Unfavorable,Favorable,1.0,Government is doing too many things better left to businesses and individuals,Went too far,Less than 100k,"$30,000 or more",50k or more,50 to 100 thousand,"$50,000-$99,999","$50,000-$99,999","Over $50,000 and white",No,Yes,Worried,Very worried,Disapprove,Strongly disapprove,45+,65+,Independent/Something else,Non-black non-Democrat,White Independent,Something else,Independent Men,White Independent,Conservative,,Moderate/Liberal Republicans,Conservative Independents,White,White,State questionnaire,White,White,Midwest,Approve,The Republican Party,Male,White men,Married men,"Cities 50,000-500,000","Cities over 50,000",South Dakota,Telephone survey,Omit,Omit,Omit,Omit,Seriously off on the wrong track,Version 1,0.415656536817551,No
3772.0,Dennis Daugaard,Mike Rounds,65+,60+,65 or over,45+,60+,65+,Non-Black 60+,White 60+,White 65+,Complete,,1.0,College graduate,College graduate,More than High school graduate,White college degree,Unfavorable,Favorable,1.0,Government is doing too many things better left to businesses and individuals,Was about right,,,,,,,,No,No,Omit,Omit,Disapprove,Strongly disapprove,45+,65+,Republican,Non-black non-Democrat,All Republicans,Republican,Republican Women,White Republican,Conservative,,Independent/Something else,Conservative Republicans,White,White,State questionnaire,White,White,Midwest,Disapprove,The Republican Party,Female,White women,Non married women,"Cities 50,000-500,000","Cities over 50,000",South Dakota,Telephone survey,Before that,Before that,Before that,Before that,Seriously off on the wrong track,Version 1,0.224490121006966,No
3779.0,Dennis Daugaard,Mike Rounds,65+,60+,65 or over,45+,60+,65+,Non-Black 60+,White 60+,White 65+,Complete,,1.0,College graduate,College graduate,More than High school graduate,White college degree,Unfavorable,Favorable,4.0,Government is doing too many things better left to businesses and individuals,Went too far,Less than 100k,"$30,000 or more",Less than 50k,Less than 50 thousand,"Under $50,000","$30,000-$49,999","Under $50,000 and white",No,Yes,Worried,Very worried,Disapprove,Strongly disapprove,45+,65+,Republican,Non-black non-Democrat,All Republicans,Republican,Republican Men,White Republican,Conservative,,Independent/Something else,Conservative Republicans,White,White,State questionnaire,White,White,Midwest,Approve,The Republican Party,Male,White men,Married men,Suburbs,Suburbs,South Dakota,Telephone survey,Before that,Before that,Before that,Before that,Seriously off on the wrong track,Version 1,0.215667650103569,No
3781.0,Dennis Daugaard,Mike Rounds,65+,60+,65 or over,45+,60+,65+,Non-Black 60+,White 60+,White 65+,Complete,,1.0,Postgraduate study,College graduate,More than High school graduate,White college degree,Unfavorable,Favorable,4.0,Government is doing too many things better left to businesses and individuals,Went too far,Less than 100k,"$30,000 or more",50k or more,50 to 100 thousand,"$50,000-$99,999","$50,000-$99,999","Over $50,000 and white",No,Yes,Worried,Somewhat worried,Disapprove,Strongly disapprove,45+,65+,Republican,Non-black non-Democrat,All Republicans,Republican,Republican Men,White Republican,Conservative,,Independent/Something else,Conservative Republicans,White,White,State questionnaire,White,White,Midwest,Approve,The Republican Party,Male,White men,Married men,"Cities 50,000-500,000","Cities over 50,000",South Dakota,Telephone survey,Before that,Before that,Before that,Before that,Seriously off on the wrong track,Version 1,0.431335300207138,No
3783.0,Dennis Daugaard,Mike Rounds,65+,60+,65 or over,45+,60+,65+,Non-Black 60+,Latino 60+,Latino 65+,Complete,,1.0,Some college/assoc. degree,No college degree,More than High school graduate,Non white no college degree,Unfavorable,Favorable,4.0,Government is doing too many things better left to businesses and individuals,Went too far,Less than 100k,"$30,000 or more",50k or more,50 to 100 thousand,"$50,000-$99,999","$50,000-$99,999","Over $50,000 and non white",Yes,No,Worried,Very worried,Disapprove,Strongly disapprove,45+,65+,Republican,Non-black non-Democrat,All Republicans,Republican,Republican Women,All others,Conservative,,Independent/Something else,Conservative Republicans,Other,White,State questionnaire,Hispanic/Latino,Hispanic/Latino,Midwest,Approve,The Republican Party,Female,Latino women,Non married women,Suburbs,Suburbs,South Dakota,Telephone survey,Before that,Before that,Before that,Before that,Seriously off on the wrong track,Version 1,0.148833960294724,No
3785.0,Dennis Daugaard,Mike Rounds,45-65,60+,60-64,45+,60+,50-64,Non-Black 60+,White 60+,White 45-64,Complete,,1.0,Some college/assoc. degree,No college degree,More than High school graduate,White no college degree,Unfavorable,Favorable,3.0,Government is doing too many things better left to businesses and individuals,Went too far,Less than 100k,"$30,000 or more",50k or more,50 to 100 thousand,"$50,000-$99,999","$50,000-$99,999","Over $50,000 and white",No,Yes,Worried,Somewhat worried,Disapprove,Strongly disapprove,45+,18-64,,,,,,,Conservative,,,,White,White,State questionnaire,White,White,Midwest,Approve,The Republican Party,Female,White women,Married women,Rural,Small Cities/Rural,South Dakota,Telephone survey,Before that,In the last month,Before that,In the last month,Seriously off on the wrong track,Version 1,0.225516676902771,No
3786.0,Dennis Daugaard,Mike Rounds,65+,60+,65 or over,45+,60+,65+,Non-Black 60+,White 60+,White 65+,Complete,,1.0,High school graduate,No college degree,High school graduate or less,White no college degree,Unfavorable,Favorable,2.0,Government is doing too many things better left to businesses and individuals,Went too far,Less than 100k,"$30,000 or more",50k or more,50 to 100 thousand,"$50,000-$99,999","$50,000-$99,999","Over $50,000 and white",No,No,Worried,Somewhat worried,Disapprove,Somewhat disapprove,45+,65+,Republican,Non-black non-Democrat,All Republicans,Republican,Republican Women,White Republican,Conservative,,Independent/Something else,Conservative Republicans,White,White,State questionnaire,White,White,Midwest,Approve,The Republican Party,Female,White women,Non married women,Suburbs,Suburbs,South Dakota,Telephone survey,Before that,Before that,Before that,Before that,Generally going in the right direction,Version 1,0.407650083303452,No
3787.0,Dennis Daugaard,Mike Rounds,45-65,30-59,50-59,45+,45-59,50-64,Non-Black 45-59,White 45-59,White 45-64,Complete,,1.0,College graduate,College graduate,More than High school graduate,White college degree,Unfavorable,Favorable,1.0,Government is doing too many things better left to businesses and individuals,Went too far,100k or more,"$30,000 or more",50k or more,100 thousand or more,"$100,000-$199,999","$100,000-$199,999","Over $50,000 and white",No,Yes,Worried,Somewhat worried,Disapprove,Strongly disapprove,45+,18-64,Republican,Non-black non-Democrat,All Republicans,Republican,Republican Men,White Republican,Conservative,,Independent/Something else,Conservative Republicans,White,White,State questionnaire,White,White,Midwest,Approve,The Republican Party,Male,White men,Married men,"Cities 50,000-500,000","Cities over 50,000",South Dakota,Telephone survey,Before that,Before that,Before that,Before that,Seriously off on the wrong track,Version 1,0.320019990205765,No
3793.0,Dennis Daugaard,Mike Rounds,65+,60+,65 or over,45+,60+,65+,Non-Black 60+,White 60+,White 65+,Complete,,1.0,High school graduate,No college degree,High school graduate or less,White no college degree,Unfavorable,Favorable,4.0,Government is doing too many things better left to businesses and individuals,Went too far,,,,,,,,No,Yes,Worried,Very worried,Disapprove,Strongly disapprove,45+,65+,Republican,Non-black non-Democrat,All Republicans,Republican,Republican Men,White Republican,Conservative,,Independent/Something else,Conservative Republicans,White,White,State questionnaire,White,White,Midwest,Approve,The Republican Party,Male,White men,Married men,"Cities 50,000-500,000","Cities over 50,000",South Dakota,Telephone survey,Before that,Before that,Before that,Before that,Seriously off on the wrong track,Version 1,0.215667650103569,
3799.0,Dennis Daugaard,Mike Rounds,45-65,30-59,50-59,45+,45-59,50-64,Non-Black 45-59,White 45-59,White 45-64,Complete,,1.0,High school graduate,No college degree,High school graduate or less,White no college degree,Unfavorable,Favorable,2.0,Government is doing too many things better left to businesses and individuals,Went too far,Less than 100k,"$30,000 or more",Less than 50k,Less than 50 thousand,"Under $50,000","$30,000-$49,999","Under $50,000 and white",No,No,Worried,Very worried,Disapprove,Strongly disapprove,45+,18-64,Republican,Non-black non-Democrat,All Republicans,Republican,Republican Men,White Republican,Conservative,,Independent/Something else,Conservative Republicans,White,White,State questionnaire,White,White,Midwest,Approve,The Republican Party,Male,White men,Non married men,Suburbs,Suburbs,South Dakota,Telephone survey,Before that,In the last month,Before that,In the last month,Seriously off on the wrong track,Version 1,0.581122159957886,Yes
3822.0,Dennis Daugaard,Mike Rounds,65+,60+,65 or over,45+,60+,65+,Non-Black 60+,White 60+,White 65+,Complete,,1.0,High school graduate,No college degree,High school graduate or less,White no college degree,Unfavorable,Favorable,4.0,Government is doing too many things better left to businesses and individuals,Omit,Less than 100k,"Under $30,000",Less than 50k,Less than 50 thousand,"Under $50,000","Under $30,000","Under $50,000 and white",No,No,Not worried,Not at all worried,Disapprove,Strongly disapprove,45+,65+,Republican,Non-black non-Democrat,All Republicans,Republican,Republican Men,White Republican,Conservative,,Independent/Something else,Conservative Republicans,White,White,State questionnaire,White,White,Midwest,Approve,The Republican Party,Male,White men,Non married men,Rural,Small Cities/Rural,South Dakota,Telephone survey,Before that,Before that,Before that,Before that,Seriously off on the wrong track,Version 1,0.215667650103569,Yes
3824.0,Dennis Daugaard,Mike Rounds,65+,60+,65 or over,45+,60+,65+,Non-Black 60+,White 60+,White 65+,Complete,,1.0,High school graduate,No college degree,High school graduate or less,White no college degree,Unfavorable,Favorable,4.0,Government is doing too many things better left to businesses and individuals,Went too far,Less than 100k,"Under $30,000",Less than 50k,Less than 50 thousand,"Under $50,000","Under $30,000","Under $50,000 and white",No,Yes,Worried,Very worried,Disapprove,Strongly disapprove,45+,65+,Republican,Non-black non-Democrat,All Republicans,Republican,Republican Men,White Republican,Conservative,,Independent/Something else,Conservative Republicans,White,White,State questionnaire,White,White,Midwest,Omit,The Republican Party,Male,White men,Married men,Suburbs,Suburbs,South Dakota,Telephone survey,Before that,Before that,Before that,Before that,Seriously off on the wrong track,Version 1,0.431335300207138,Yes
3828.0,Dennis Daugaard,Mike Rounds,45-65,60+,60-64,45+,60+,50-64,Non-Black 60+,White 60+,White 45-64,Complete,,1.0,Some college/assoc. degree,No college degree,More than High school graduate,White no college degree,Unfavorable,Favorable,3.0,Government is doing too many things better left to businesses and individuals,Went too far,100k or more,"$30,000 or more",50k or more,100 thousand or more,"$100,000-$199,999","$100,000-$199,999","Over $50,000 and white",No,Yes,Worried,Somewhat worried,Disapprove,Strongly disapprove,45+,18-64,Independent/Something else,Non-black non-Democrat,White Independent,Independent,Independent Men,White Independent,Moderate,,Moderate/Liberal Republicans,Moderate Independents,White,White,State questionnaire,White,White,Midwest,Approve,The Republican Party,Male,White men,Married men,Rural,Small Cities/Rural,South Dakota,Telephone survey,Before that,Before that,Before that,Before that,Seriously off on the wrong track,Version 1,0.417557239532471,No
3829.0,Dennis Daugaard,Mike Rounds,65+,60+,65 or over,45+,60+,65+,Non-Black 60+,White 60+,White 65+,Complete,,1.0,Some college/assoc. degree,No college degree,More than High school graduate,White no college degree,Unfavorable,Favorable,3.0,Government is doing too many things better left to businesses and individuals,Omit,Less than 100k,"$30,000 or more",Less than 50k,Less than 50 thousand,"Under $50,000","$30,000-$49,999","Under $50,000 and white",No,Yes,Worried,Somewhat worried,Disapprove,Strongly disapprove,45+,65+,Republican,Non-black non-Democrat,All Republicans,Republican,Republican Women,White Republican,Conservative,,Independent/Something else,Conservative Republicans,White,White,State questionnaire,White,White,Midwest,Omit,The Republican Party,Female,White women,Married women,Rural,Small Cities/Rural,South Dakota,Telephone survey,Before that,Before that,Before that,Before that,Seriously off on the wrong track,Version 1,0.499985694885254,Yes
3833.0,Dennis Daugaard,Mike Rounds,65+,60+,65 or over,45+,60+,65+,Non-Black 60+,White 60+,White 65+,Complete,,1.0,Some college/assoc. degree,No college degree,More than High school graduate,White no college degree,Unfavorable,Favorable,4.0,Government is doing too many things better left to businesses and individuals,Went too far,Less than 100k,"$30,000 or more",50k or more,50 to 100 thousand,"$50,000-$99,999","$50,000-$99,999","Over $50,000 and white",No,No,Not worried,Not too worried,Disapprove,Strongly disapprove,45+,65+,Republican,Non-black non-Democrat,All Republicans,Republican,Republican Women,White Republican,Moderate,,Conservative Republicans,Mod./Liberal Republicans,White,White,State questionnaire,White,White,Midwest,Approve,The Republican Party,Female,White women,Non married women,"Cities 50,000-500,000","Cities over 50,000",South Dakota,Telephone survey,Before that,Before that,Before that,Before that,Seriously off on the wrong track,Version 1,0.116479001939297,No
3839.0,Dennis Daugaard,Mike Rounds,45-65,30-59,50-59,45+,45-59,50-64,Non-Black 45-59,All others,All others,Complete,,1.0,Some college/assoc. degree,No college degree,More than High school graduate,Non white no college degree,Unfavorable,Favorable,4.0,Government is doing too many things better left to businesses and individuals,Omit,,,,,,,,No,No,Worried,Very worried,Disapprove,Strongly disapprove,45+,18-64,Independent/Something else,Non-black non-Democrat,All Other,Something else,Independent Men,All others,Conservative,,Moderate/Liberal Republicans,Conservative Independents,Other,Other,State questionnaire,Other,Other,Midwest,Omit,Omit,Male,All other races,Non married men,Suburbs,Suburbs,South Dakota,Telephone survey,Before that,Before that,Before that,Before that,Seriously off on the wrong track,Version 1,0.708963096141815,No
3840.0,Dennis Daugaard,Mike Rounds,65+,60+,65 or over,45+,60+,65+,,,,Complete,,1.0,Postgraduate study,College graduate,More than High school graduate,,Unfavorable,Favorable,3.0,Government is doing too many things better left to businesses and individuals,Went too far,,,,,,,,No,Yes,Worried,Very worried,Disapprove,Strongly disapprove,45+,65+,Republican,,,Republican,Republican Men,,Conservative,,Independent/Something else,Conservative Republicans,,,State questionnaire,,,Midwest,Approve,The Republican Party,Male,,Married men,Rural,Small Cities/Rural,South Dakota,Telephone survey,Before that,Before that,Before that,Before that,Seriously off on the wrong track,Version 1,0.210592523217201,
3841.0,Dennis Daugaard,Mike Rounds,65+,60+,65 or over,45+,60+,65+,Non-Black 60+,White 60+,White 65+,Complete,,1.0,High school graduate,No college degree,High school graduate or less,White no college degree,Unfavorable,Favorable,4.0,Government is doing too many things better left to businesses and individuals,Went too far,Less than 100k,"$30,000 or more",50k or more,50 to 100 thousand,"$50,000-$99,999","$50,000-$99,999","Over $50,000 and white",No,No,Worried,Very worried,Disapprove,Strongly disapprove,45+,65+,Republican,Non-black non-Democrat,All Republicans,Republican,Republican Women,White Republican,Conservative,,Independent/Something else,Conservative Republicans,White,White,State questionnaire,White,White,Midwest,Approve,The Republican Party,Female,White women,Non married women,Rural,Small Cities/Rural,South Dakota,Telephone survey,Before that,Before that,Before that,Before that,Seriously off on the wrong track,Version 1,0.166993796825409,No
3843.0,Dennis Daugaard,Mike Rounds,65+,60+,65 or over,45+,60+,65+,Non-Black 60+,White 60+,White 65+,Complete,,1.0,College graduate,College graduate,More than High school graduate,White college degree,Unfavorable,Favorable,2.0,Government is doing too many things better left to businesses and individuals,Went too far,Less than 100k,"Under $30,000",Less than 50k,Less than 50 thousand,"Under $50,000","Under $30,000","Under $50,000 and white",No,No,Worried,Very worried,Disapprove,Strongly disapprove,45+,65+,Republican,Non-black non-Democrat,All Republicans,Republican,Republican Women,White Republican,Conservative,,Independent/Something else,Conservative Republicans,White,White,State questionnaire,White,White,Midwest,Omit,The Republican Party,Female,White women,Non married women,Suburbs,Suburbs,South Dakota,Telephone survey,Before that,Before that,Before that,Before that,Seriously off on the wrong track,Version 1,0.407650083303452,No
3844.0,Dennis Daugaard,Mike Rounds,65+,60+,65 or over,45+,60+,65+,Non-Black 60+,White 60+,White 65+,Complete,,1.0,Some college/assoc. degree,No college degree,More than High school graduate,White no college degree,Unfavorable,Favorable,1.0,Government is doing too many things better left to businesses and individuals,Went too far,Less than 100k,"$30,000 or more",50k or more,50 to 100 thousand,"$50,000-$99,999","$50,000-$99,999","Over $50,000 and white",No,Yes,Worried,Somewhat worried,Disapprove,Strongly disapprove,45+,65+,Republican,Non-black non-Democrat,All Republicans,Republican,Republican Men,White Republican,Conservative,,Independent/Something else,Conservative Republicans,White,White,State questionnaire,White,White,Midwest,Omit,The Republican Party,Male,White men,Married men,Suburbs,Suburbs,South Dakota,Telephone survey,Before that,Before that,Before that,Before that,Seriously off on the wrong track,Version 1,0.415656536817551,No
3852.0,Dennis Daugaard,Mike Rounds,30-44,30-59,40-44,18-44,30-44,40-49,Non-Black 30-44,White 30-44,White 30-44,Complete,,1.0,College graduate,College graduate,More than High school graduate,White college degree,Unfavorable,Favorable,3.0,Government is doing too many things better left to businesses and individuals,Went too far,Less than 100k,"$30,000 or more",Less than 50k,Less than 50 thousand,"Under $50,000","$30,000-$49,999","Under $50,000 and white",No,Yes,Worried,Very worried,Disapprove,Strongly disapprove,18-44,18-64,Republican,Non-black non-Democrat,All Republicans,Republican,Republican Women,White Republican,Conservative,,Independent/Something else,Conservative Republicans,White,White,State questionnaire,White,White,Midwest,Approve,The Republican Party,Female,White women,Married women,Rural,Small Cities/Rural,South Dakota,Telephone survey,Before that,Before that,Before that,Before that,Seriously off on the wrong track,Version 1,1.0742461681366,No
3856.0,Dennis Daugaard,Mike Rounds,65+,60+,65 or over,45+,60+,65+,Non-Black 60+,White 60+,White 65+,Complete,,1.0,Some college/assoc. degree,No college degree,More than High school graduate,White no college degree,Unfavorable,Favorable,4.0,Government is doing too many things better left to businesses and individuals,Omit,Less than 100k,"$30,000 or more",Less than 50k,Less than 50 thousand,"Under $50,000","$30,000-$49,999","Under $50,000 and white",No,Yes,Worried,Very worried,Disapprove,Strongly disapprove,45+,65+,Independent/Something else,Non-black non-Democrat,White Independent,Something else,Independent Men,White Independent,Conservative,,Moderate/Liberal Republicans,Conservative Independents,White,White,State questionnaire,White,White,Midwest,Disapprove,The Republican Party,Male,White men,Married men,"Cities 50,000-500,000","Cities over 50,000",South Dakota,Telephone survey,Before that,Before that,Before that,Before that,Seriously off on the wrong track,Version 1,0.30919873714447,Yes
3873.0,Dennis Daugaard,Mike Rounds,45-65,60+,60-64,45+,60+,50-64,Non-Black 60+,White 60+,White 45-64,Complete,,1.0,Some college/assoc. degree,No college degree,More than High school graduate,White no college degree,Unfavorable,Favorable,2.0,Government is doing too many things better left to businesses and individuals,Went too far,Less than 100k,"Under $30,000",Less than 50k,Less than 50 thousand,"Under $50,000","Under $30,000","Under $50,000 and white",No,No,Worried,Somewhat worried,Disapprove,Strongly disapprove,45+,18-64,Independent/Something else,Non-black non-Democrat,White Independent,Independent,Independent Women,White Independent,Conservative,,Moderate/Liberal Republicans,Conservative Independents,White,White,State questionnaire,White,White,Midwest,Approve,The Republican Party,Female,White women,Non married women,Rural,Small Cities/Rural,South Dakota,Telephone survey,Before that,In the last month,In the last week,In the last week,Seriously off on the wrong track,Version 1,0.367738097906113,Yes
3874.0,Dennis Daugaard,Mike Rounds,65+,60+,65 or over,45+,60+,65+,Non-Black 60+,White 60+,White 65+,Complete,,1.0,College graduate,College graduate,More than High school graduate,White college degree,Unfavorable,Favorable,3.0,Government is doing too many things better left to businesses and individuals,Went too far,Less than 100k,"$30,000 or more",Less than 50k,Less than 50 thousand,"Under $50,000","$30,000-$49,999","Under $50,000 and white",No,Yes,Not worried,Not too worried,Disapprove,Strongly disapprove,45+,65+,Republican,Non-black non-Democrat,All Republicans,Republican,Republican Men,White Republican,Conservative,,Independent/Something else,Conservative Republicans,White,White,State questionnaire,White,White,Midwest,Disapprove,The Republican Party,Male,White men,Married men,Rural,Small Cities/Rural,South Dakota,Telephone survey,Before that,Before that,Before that,Before that,Seriously off on the wrong track,Version 1,0.231438145041466,No
3875.0,Dennis Daugaard,Mike Rounds,45-65,30-59,50-59,45+,45-59,50-64,Non-Black 45-59,White 45-59,White 45-64,Complete,,1.0,College graduate,College graduate,More than High school graduate,White college degree,Unfavorable,Favorable,3.0,Government is doing too many things better left to businesses and individuals,Omit,Less than 100k,"$30,000 or more",Less than 50k,Less than 50 thousand,"Under $50,000","$30,000-$49,999","Under $50,000 and white",No,Yes,Worried,Very worried,Disapprove,Strongly disapprove,45+,18-64,Republican,Non-black non-Democrat,All Republicans,Republican,Republican Women,White Republican,Moderate,,Conservative Republicans,Mod./Liberal Republicans,White,White,State questionnaire,White,White,Midwest,Omit,The Republican Party,Female,White women,Married women,Rural,Small Cities/Rural,South Dakota,Telephone survey,Before that,Before that,Before that,Before that,Seriously off on the wrong track,Version 1,0.384946256875992,No
3879.0,Dennis Daugaard,Mike Rounds,45-65,60+,60-64,45+,60+,50-64,Non-Black 60+,White 60+,White 45-64,Complete,,1.0,College graduate,College graduate,More than High school graduate,White college degree,Unfavorable,Favorable,4.0,Government is doing too many things better left to businesses and individuals,Went too far,100k or more,"$30,000 or more",50k or more,100 thousand or more,"$100,000-$199,999","$100,000-$199,999","Over $50,000 and white",No,Yes,Worried,Somewhat worried,Disapprove,Strongly disapprove,45+,18-64,Republican,Non-black non-Democrat,All Republicans,Republican,Republican Women,White Republican,Conservative,,Independent/Something else,Conservative Republicans,White,White,State questionnaire,White,White,Midwest,Omit,The Republican Party,Female,White women,Married women,Rural,Small Cities/Rural,South Dakota,Telephone survey,Before that,Before that,Before that,Before that,Seriously off on the wrong track,Version 1,0.210149675607681,No
3880.0,Dennis Daugaard,Mike Rounds,65+,60+,65 or over,45+,60+,65+,,,,Complete,,1.0,College graduate,College graduate,More than High school graduate,,Unfavorable,Favorable,4.0,Government is doing too many things better left to businesses and individuals,Went too far,,,,,,,,,Yes,Worried,Very worried,Disapprove,Strongly disapprove,45+,65+,Republican,,,Republican,Republican Women,,Conservative,,Independent/Something else,Conservative Republicans,,,State questionnaire,,,Midwest,Approve,The Republican Party,Female,,Married women,Rural,Small Cities/Rural,South Dakota,Telephone survey,Before that,Before that,Before that,Before that,Seriously off on the wrong track,Version 1,0.423950999975204,
3883.0,Dennis Daugaard,Mike Rounds,45-65,60+,60-64,45+,60+,50-64,Non-Black 60+,White 60+,White 45-64,Complete,,1.0,High school graduate,No college degree,High school graduate or less,White no college degree,Unfavorable,Favorable,2.0,Government is doing too many things better left to businesses and individuals,Went too far,100k or more,"$30,000 or more",50k or more,100 thousand or more,"$200,000 or more","$200,000 or more","Over $50,000 and white",No,Yes,Worried,Somewhat worried,Disapprove,Strongly disapprove,45+,18-64,Independent/Something else,Non-black non-Democrat,White Independent,Independent,Independent Men,White Independent,Moderate,,Moderate/Liberal Republicans,Moderate Independents,White,White,State questionnaire,White,White,Midwest,Omit,The Republican Party,Male,White men,Married men,Rural,Small Cities/Rural,South Dakota,Telephone survey,Before that,Before that,Before that,Before that,Seriously off on the wrong track,Version 1,0.680888473987579,No
3893.0,Dennis Daugaard,Mike Rounds,45-65,60+,60-64,45+,60+,50-64,Non-Black 60+,White 60+,White 45-64,Complete,,1.0,Some college/assoc. degree,No college degree,More than High school graduate,White no college degree,Unfavorable,Favorable,2.0,Government is doing too many things better left to businesses and individuals,Went too far,,,,,,,,No,Yes,Worried,Somewhat worried,Disapprove,Somewhat disapprove,45+,18-64,Independent/Something else,Non-black non-Democrat,White Independent,Independent,Independent Women,White Independent,Conservative,,Moderate/Liberal Republicans,Conservative Independents,White,White,State questionnaire,White,White,Midwest,Omit,The Republican Party,Female,White women,Married women,Suburbs,Suburbs,South Dakota,Telephone survey,Before that,Before that,Before that,Before that,Seriously off on the wrong track,Version 1,0.735476195812225,
3904.0,Dennis Daugaard,Mike Rounds,45-65,30-59,50-59,45+,45-59,50-64,Non-Black 45-59,White 45-59,White 45-64,Complete,,1.0,College graduate,College graduate,More than High school graduate,White college degree,Unfavorable,Favorable,4.0,Government is doing too many things better left to businesses and individuals,Went too far,,,,,,,,No,Yes,Worried,Somewhat worried,Disapprove,Strongly disapprove,45+,18-64,Independent/Something else,Non-black non-Democrat,White Independent,Something else,Independent Men,White Independent,Moderate,,Moderate/Liberal Republicans,Moderate Independents,White,White,State questionnaire,White,White,Midwest,Omit,The Republican Party,Male,White men,Married men,Suburbs,Suburbs,South Dakota,Telephone survey,Before that,In the last month,Before that,In the last month,Omit,Version 1,0.664182603359222,No
3913.0,Dennis Daugaard,Mike Rounds,65+,60+,65 or over,45+,60+,65+,Non-Black 60+,White 60+,White 65+,Complete,,1.0,Some college/assoc. degree,No college degree,More than High school graduate,White no college degree,Unfavorable,Favorable,2.0,Government is doing too many things better left to businesses and individuals,Went too far,100k or more,"$30,000 or more",50k or more,100 thousand or more,"$100,000-$199,999","$100,000-$199,999","Over $50,000 and white",No,Yes,Worried,Somewhat worried,Disapprove,Strongly disapprove,45+,65+,Republican,Non-black non-Democrat,All Republicans,Republican,Republican Men,White Republican,Conservative,,Independent/Something else,Conservative Republicans,White,White,State questionnaire,White,White,Midwest,Omit,The Republican Party,Male,White men,Married men,Suburbs,Suburbs,South Dakota,Telephone survey,Before that,Before that,Before that,Before that,Seriously off on the wrong track,Version 1,0.566090881824493,No
3919.0,Dennis Daugaard,Mike Rounds,65+,60+,65 or over,45+,60+,65+,Non-Black 60+,White 60+,White 65+,Complete,,1.0,College graduate,College graduate,More than High school graduate,White college degree,Unfavorable,Favorable,4.0,Government is doing too many things better left to businesses and individuals,Omit,Less than 100k,"$30,000 or more",Less than 50k,Less than 50 thousand,"Under $50,000","$30,000-$49,999","Under $50,000 and white",No,Yes,Worried,Very worried,Disapprove,Strongly disapprove,45+,65+,Republican,Non-black non-Democrat,All Republicans,Republican,Republican Men,White Republican,Conservative,,Independent/Something else,Conservative Republicans,White,White,State questionnaire,White,White,Midwest,Omit,The Republican Party,Male,White men,Married men,"Cities 50,000-500,000","Cities over 50,000",South Dakota,Telephone survey,Before that,In the last month,Before that,In the last month,Seriously off on the wrong track,Version 1,0.431335300207138,No
3922.0,Dennis Daugaard,Mike Rounds,65+,60+,65 or over,45+,60+,65+,,,,Complete,,1.0,Postgraduate study,College graduate,More than High school graduate,,Unfavorable,Favorable,3.0,Government is doing too many things better left to businesses and individuals,Went too far,100k or more,"$30,000 or more",50k or more,100 thousand or more,"$200,000 or more","$200,000 or more",,No,No,Worried,Very worried,Disapprove,Strongly disapprove,45+,65+,Republican,,,Republican,Republican Men,,Conservative,,Independent/Something else,Conservative Republicans,,,State questionnaire,,,Midwest,Approve,The Republican Party,Male,,Non married men,Rural,Small Cities/Rural,South Dakota,Telephone survey,Before that,Before that,Before that,Before that,Seriously off on the wrong track,Version 1,0.210592523217201,No
3923.0,Dennis Daugaard,Mike Rounds,65+,60+,65 or over,45+,60+,65+,Non-Black 60+,White 60+,White 65+,Complete,,1.0,High school graduate,No college degree,High school graduate or less,White no college degree,Unfavorable,Favorable,1.0,Government is doing too many things better left to businesses and individuals,Went too far,100k or more,"$30,000 or more",50k or more,100 thousand or more,"$100,000-$199,999","$100,000-$199,999","Over $50,000 and white",No,Yes,Worried,Somewhat worried,Disapprove,Strongly disapprove,45+,65+,Republican,Non-black non-Democrat,All Republicans,Republican,Republican Men,White Republican,Conservative,,Independent/Something else,Conservative Republicans,White,White,State questionnaire,White,White,Midwest,Disapprove,The Republican Party,Male,White men,Married men,"Cities 50,000-500,000","Cities over 50,000",South Dakota,Telephone survey,Before that,In the last month,In the last week,In the last week,Seriously off on the wrong track,Version 1,0.297959595918655,No
59625.0,Dennis Daugaard,Mike Rounds,45-65,30-59,50-59,45+,45-59,50-64,Non-Black 45-59,White 45-59,White 45-64,Complete,Call 1,1.0,College graduate,College graduate,More than High school graduate,White college degree,Unfavorable,Favorable,1.0,Government is doing too many things better left to businesses and individuals,Went too far,Less than 100k,"$30,000 or more",50k or more,50 to 100 thousand,"$50,000-$99,999","$50,000-$99,999","Over $50,000 and white",,No,Worried,Very worried,Disapprove,Strongly disapprove,45+,18-64,Independent/Something else,Non-black non-Democrat,White Independent,Something else,Independent Men,White Independent,Conservative,56.0,Moderate/Liberal Republicans,Conservative Independents,White,White,State questionnaire,White,White,Midwest,Approve,The Republican Party,Male,White men,Non married men,,,South Dakota,Election day exit poll,Before that,Before that,Before that,Before that,Seriously off on the wrong track,Version 1,1.28519976139069,No
59677.0,Dennis Daugaard,Mike Rounds,45-65,30-59,50-59,45+,45-59,50-64,Non-Black 45-59,White 45-59,White 45-64,Complete,Call 1,1.0,High school graduate,No college degree,High school graduate or less,White no college degree,Unfavorable,Favorable,1.0,Government is doing too many things better left to businesses and individuals,Went too far,Less than 100k,"$30,000 or more",Less than 50k,Less than 50 thousand,"Under $50,000","$30,000-$49,999","Under $50,000 and white",No,Yes,Worried,Very worried,Disapprove,Strongly disapprove,45+,18-64,Republican,Non-black non-Democrat,All Republicans,Republican,Republican Women,White Republican,Conservative,56.0,Independent/Something else,Conservative Republicans,White,White,State questionnaire,White,White,Midwest,Approve,The Republican Party,Female,White women,Married women,,,South Dakota,Election day exit poll,Before that,Before that,Before that,Before that,Seriously off on the wrong track,Version 1,1.22535502910614,Yes
59710.0,Dennis Daugaard,Mike Rounds,45-65,30-59,50-59,45+,45-59,50-64,Non-Black 45-59,White 45-59,White 45-64,Complete,Call 1,1.0,College graduate,College graduate,More than High school graduate,White college degree,Unfavorable,Favorable,1.0,Government is doing too many things better left to businesses and individuals,Went too far,100k or more,"$30,000 or more",50k or more,100 thousand or more,"$100,000-$199,999","$100,000-$199,999","Over $50,000 and white",No,Yes,Not worried,Not too worried,Disapprove,Strongly disapprove,45+,18-64,Republican,Non-black non-Democrat,All Republicans,Republican,Republican Men,White Republican,Conservative,56.0,Independent/Something else,Conservative Republicans,White,White,State questionnaire,White,White,Midwest,Approve,The Republican Party,Male,White men,Married men,,,South Dakota,Election day exit poll,Before that,Before that,Before that,Before that,Omit,Version 1,1.28519976139069,No
59822.0,Dennis Daugaard,Mike Rounds,30-44,30-59,30-39,18-44,30-44,30-39,Non-Black 30-44,White 30-44,White 30-44,Complete,Call 1,1.0,Some college/assoc. degree,No college degree,More than High school graduate,White no college degree,Unfavorable,Favorable,1.0,Government is doing too many things better left to businesses and individuals,Went too far,Less than 100k,"$30,000 or more",Less than 50k,Less than 50 thousand,"Under $50,000","$30,000-$49,999","Under $50,000 and white",No,Yes,Worried,Very worried,Disapprove,Strongly disapprove,18-44,18-64,Republican,Non-black non-Democrat,All Republicans,Republican,Republican Men,White Republican,Moderate,56.0,Conservative Republicans,Mod./Liberal Republicans,White,White,State questionnaire,White,White,Midwest,Approve,The Republican Party,Male,White men,Married men,,,South Dakota,Election day exit poll,Before that,Before that,Before that,Before that,Seriously off on the wrong track,Version 1,1.28519976139069,Yes
59943.0,Dennis Daugaard,Mike Rounds,45-65,60+,60-64,45+,60+,50-64,Non-Black 60+,White 60+,White 45-64,Complete,Call 1,1.0,Some college/assoc. degree,No college degree,More than High school graduate,White no college degree,Unfavorable,Favorable,1.0,Government is doing too many things better left to businesses and individuals,Went too far,100k or more,"$30,000 or more",50k or more,100 thousand or more,"$100,000-$199,999","$100,000-$199,999","Over $50,000 and white",No,Yes,Worried,Very worried,Disapprove,Strongly disapprove,45+,18-64,Independent/Something else,Non-black non-Democrat,White Independent,Something else,Independent Women,White Independent,Conservative,56.0,Moderate/Liberal Republicans,Conservative Independents,White,White,State questionnaire,White,White,Midwest,Disapprove,The Republican Party,Female,White women,Married women,,,South Dakota,Election day exit poll,Before that,Before that,Before that,Before that,Seriously off on the wrong track,Version 1,1.23182332515717,No
59972.0,Dennis Daugaard,Mike Rounds,65+,60+,65 or over,45+,60+,65+,Non-Black 60+,White 60+,White 65+,Complete,Call 1,1.0,College graduate,College graduate,More than High school graduate,White college degree,Unfavorable,Favorable,1.0,Government is doing too many things better left to businesses and individuals,Went too far,Less than 100k,"$30,000 or more",50k or more,50 to 100 thousand,"$50,000-$99,999","$50,000-$99,999","Over $50,000 and white",No,Yes,Worried,Very worried,Disapprove,Strongly disapprove,45+,65+,Republican,Non-black non-Democrat,All Republicans,Republican,Republican Men,White Republican,Conservative,56.0,Independent/Something else,Conservative Republicans,White,White,State questionnaire,White,White,Midwest,Disapprove,The Republican Party,Male,White men,Married men,,,South Dakota,Election day exit poll,Before that,Before that,Before that,Before that,Seriously off on the wrong track,Version 1,1.29198408126831,No
60016.0,Dennis Daugaard,Mike Rounds,45-65,30-59,45-49,45+,45-59,40-49,Non-Black 45-59,White 45-59,White 45-64,Complete,Call 1,1.0,Some college/assoc. degree,No college degree,More than High school graduate,White no college degree,Unfavorable,Favorable,1.0,Government is doing too many things better left to businesses and individuals,Went too far,Less than 100k,"$30,000 or more",50k or more,50 to 100 thousand,"$50,000-$99,999","$50,000-$99,999","Over $50,000 and white",No,Yes,Worried,Very worried,Disapprove,Strongly disapprove,45+,18-64,Republican,Non-black non-Democrat,All Republicans,Republican,Republican Men,White Republican,Conservative,56.0,Independent/Something else,Conservative Republicans,White,White,State questionnaire,White,White,Midwest,Approve,The Republican Party,Male,White men,Married men,,,South Dakota,Election day exit poll,Before that,Before that,Before that,Before that,Seriously off on the wrong track,Version 1,1.28519976139069,No
60519.0,Dennis Daugaard,Mike Rounds,30-44,30-59,40-44,18-44,30-44,40-49,Non-Black 30-44,White 30-44,White 30-44,Complete,Call 1,1.0,College graduate,College graduate,More than High school graduate,White college degree,Unfavorable,Favorable,2.0,Government is doing too many things better left to businesses and individuals,Went too far,100k or more,"$30,000 or more",50k or more,100 thousand or more,"$100,000-$199,999","$100,000-$199,999","Over $50,000 and white",No,Yes,Worried,Very worried,Disapprove,Strongly disapprove,18-44,18-64,Republican,Non-black non-Democrat,All Republicans,Republican,Republican Men,White Republican,Moderate,82.0,Conservative Republicans,Mod./Liberal Republicans,White,White,State questionnaire,White,White,Midwest,Omit,The Republican Party,Male,White men,Married men,,,South Dakota,Election day exit poll,Before that,Before that,Before that,Before that,Seriously off on the wrong track,Version 1,0.966049015522003,No
61132.0,Dennis Daugaard,Mike Rounds,30-44,30-59,40-44,18-44,30-44,40-49,Non-Black 30-44,All others,All others,Complete,Call 1,1.0,College graduate,College graduate,More than High school graduate,Non white college degree,Unfavorable,Favorable,2.0,Government is doing too many things better left to businesses and individuals,Went too far,100k or more,"$30,000 or more",50k or more,100 thousand or more,"$100,000-$199,999","$100,000-$199,999","Over $50,000 and non white",No,Yes,Worried,Somewhat worried,Disapprove,Strongly disapprove,18-44,18-64,Republican,Non-black non-Democrat,All Republicans,Republican,Republican Men,All others,Moderate,82.0,Conservative Republicans,Mod./Liberal Republicans,Other,Asian,State questionnaire,Asian,Asian,Midwest,Approve,The Republican Party,Male,All other races,Married men,,,South Dakota,Election day exit poll,Before that,Before that,Before that,Before that,Seriously off on the wrong track,Version 1,0.966049015522003,No
61240.0,Dennis Daugaard,Mike Rounds,30-44,30-59,40-44,18-44,30-44,40-49,Non-Black 30-44,White 30-44,White 30-44,Complete,Call 1,1.0,College graduate,College graduate,More than High school graduate,White college degree,Unfavorable,Favorable,2.0,Government is doing too many things better left to businesses and individuals,Went too far,100k or more,"$30,000 or more",50k or more,100 thousand or more,"$200,000 or more","$200,000 or more","Over $50,000 and white",No,Yes,Worried,Somewhat worried,Disapprove,Strongly disapprove,18-44,18-64,Republican,Non-black non-Democrat,All Republicans,Republican,Republican Men,White Republican,Conservative,82.0,Independent/Something else,Conservative Republicans,White,White,State questionnaire,White,White,Midwest,Approve,The Republican Party,Male,White men,Married men,,,South Dakota,Election day exit poll,Before that,Before that,Before that,Before that,Seriously off on the wrong track,Version 1,0.966049015522003,No
61458.0,Dennis Daugaard,Mike Rounds,45-65,30-59,50-59,45+,45-59,50-64,Non-Black 45-59,White 45-59,White 45-64,Complete,Call 1,1.0,Postgraduate study,College graduate,More than High school graduate,White college degree,Unfavorable,Favorable,2.0,Government is doing too many things better left to businesses and individuals,Went too far,100k or more,"$30,000 or more",50k or more,100 thousand or more,"$100,000-$199,999","$100,000-$199,999","Over $50,000 and white",No,Yes,Worried,Very worried,Disapprove,Strongly disapprove,45+,18-64,Independent/Something else,Non-black non-Democrat,White Independent,Independent,Independent Women,White Independent,Moderate,82.0,Moderate/Liberal Republicans,Moderate Independents,White,White,State questionnaire,White,White,Midwest,Omit,The Republican Party,Female,White women,Married women,,,South Dakota,Election day exit poll,Before that,Before that,Before that,Before that,Seriously off on the wrong track,Version 1,0.921065330505371,No
61469.0,Dennis Daugaard,Mike Rounds,45-65,30-59,50-59,45+,45-59,50-64,Non-Black 45-59,White 45-59,White 45-64,Complete,Call 1,1.0,College graduate,College graduate,More than High school graduate,White college degree,Unfavorable,Favorable,1.0,Government is doing too many things better left to businesses and individuals,Went too far,100k or more,"$30,000 or more",50k or more,100 thousand or more,"$100,000-$199,999","$100,000-$199,999","Over $50,000 and white",No,Yes,Worried,Somewhat worried,Disapprove,Strongly disapprove,45+,18-64,Independent/Something else,Non-black non-Democrat,White Independent,Independent,Independent Men,White Independent,Conservative,53.0,Moderate/Liberal Republicans,Conservative Independents,White,White,State questionnaire,White,White,Midwest,Disapprove,The Republican Party,Male,White men,Married men,,,South Dakota,Election day exit poll,Before that,Before that,Before that,Before that,Seriously off on the wrong track,Version 1,1.14892756938934,No
61571.0,Dennis Daugaard,Mike Rounds,30-44,30-59,30-39,18-44,30-44,30-39,Non-Black 30-44,White 30-44,White 30-44,Complete,Call 1,1.0,College graduate,College graduate,More than High school graduate,White college degree,Unfavorable,Favorable,1.0,Government is doing too many things better left to businesses and individuals,Went too far,Less than 100k,"$30,000 or more",50k or more,50 to 100 thousand,"$50,000-$99,999","$50,000-$99,999","Over $50,000 and white",No,No,Worried,Somewhat worried,Disapprove,Somewhat disapprove,18-44,18-64,Republican,Non-black non-Democrat,All Republicans,Republican,Republican Women,White Republican,Moderate,53.0,Conservative Republicans,Mod./Liberal Republicans,White,White,State questionnaire,White,White,Midwest,Approve,The Republican Party,Female,White women,Non married women,,,South Dakota,Election day exit poll,Before that,In the last month,Before that,In the last month,Seriously off on the wrong track,Version 1,1.0954282283783,No
61658.0,Dennis Daugaard,Mike Rounds,45-65,30-59,50-59,45+,45-59,50-64,Non-Black 45-59,White 45-59,White 45-64,Complete,Call 1,1.0,College graduate,College graduate,More than High school graduate,White college degree,Unfavorable,Favorable,2.0,Government is doing too many things better left to businesses and individuals,Went too far,100k or more,"$30,000 or more",50k or more,100 thousand or more,"$100,000-$199,999","$100,000-$199,999","Over $50,000 and white",No,Yes,Worried,Very worried,Disapprove,Strongly disapprove,45+,18-64,Republican,Non-black non-Democrat,All Republicans,Republican,Republican Men,White Republican,Conservative,82.0,Independent/Something else,Conservative Republicans,White,White,State questionnaire,White,White,Midwest,Disapprove,The Republican Party,Male,White men,Married men,,,South Dakota,Election day exit poll,Before that,Before that,Before that,Before that,Seriously off on the wrong track,Version 1,0.966049015522003,No
61740.0,Dennis Daugaard,Mike Rounds,45-65,60+,60-64,45+,60+,50-64,Non-Black 60+,White 60+,White 45-64,Complete,Call 1,1.0,Some college/assoc. degree,No college degree,More than High school graduate,White no college degree,Unfavorable,Favorable,2.0,Government is doing too many things better left to businesses and individuals,Went too far,100k or more,"$30,000 or more",50k or more,100 thousand or more,"$200,000 or more","$200,000 or more","Over $50,000 and white",No,Yes,Worried,Very worried,Disapprove,Strongly disapprove,45+,18-64,Republican,Non-black non-Democrat,All Republicans,Republican,Republican Men,White Republican,Conservative,82.0,Independent/Something else,Conservative Republicans,White,White,State questionnaire,White,White,Midwest,Approve,The Republican Party,Male,White men,Married men,,,South Dakota,Election day exit poll,Before that,Before that,Before that,Before that,Seriously off on the wrong track,Version 1,0.971148610115051,No
61817.0,Dennis Daugaard,Mike Rounds,18-29,18-29,25-29,18-44,18-29,25-29,Non-Black 18-29,White 18-29,White 18-29,Complete,Call 1,1.0,College graduate,College graduate,More than High school graduate,White college degree,Unfavorable,Favorable,1.0,Government is doing too many things better left to businesses and individuals,Went too far,Less than 100k,"$30,000 or more",50k or more,50 to 100 thousand,"$50,000-$99,999","$50,000-$99,999","Over $50,000 and white",No,No,Worried,Somewhat worried,Disapprove,Somewhat disapprove,18-44,18-64,Republican,Non-black non-Democrat,All Republicans,Republican,Republican Women,White Republican,Moderate,53.0,Conservative Republicans,Mod./Liberal Republicans,White,White,State questionnaire,White,White,Midwest,Approve,The Republican Party,Female,White women,Non married women,,,South Dakota,Election day exit poll,Before that,Before that,Before that,Before that,Generally going in the right direction,Version 1,1.54792559146881,No
61931.0,Dennis Daugaard,Mike Rounds,45-65,30-59,45-49,45+,45-59,40-49,Non-Black 45-59,White 45-59,White 45-64,Complete,Call 1,1.0,Postgraduate study,College graduate,More than High school graduate,White college degree,Unfavorable,Favorable,2.0,Government is doing too many things better left to businesses and individuals,Went too far,100k or more,"$30,000 or more",50k or more,100 thousand or more,"$100,000-$199,999","$100,000-$199,999","Over $50,000 and white",No,Yes,Worried,Somewhat worried,Disapprove,Strongly disapprove,45+,18-64,Republican,Non-black non-Democrat,All Republicans,Republican,Republican Men,White Republican,Conservative,82.0,Independent/Something else,Conservative Republicans,White,White,State questionnaire,White,White,Midwest,Approve,The Republican Party,Male,White men,Married men,,,South Dakota,Election day exit poll,Before that,Before that,Before that,Before that,Seriously off on the wrong track,Version 1,0.966049015522003,No
61999.0,Dennis Daugaard,Mike Rounds,45-65,30-59,45-49,45+,45-59,40-49,Non-Black 45-59,White 45-59,White 45-64,Complete,Call 1,1.0,College graduate,College graduate,More than High school graduate,White college degree,Unfavorable,Favorable,1.0,Government is doing too many things better left to businesses and individuals,Went too far,100k or more,"$30,000 or more",50k or more,100 thousand or more,"$200,000 or more","$200,000 or more","Over $50,000 and white",No,Yes,Worried,Somewhat worried,Disapprove,Somewhat disapprove,45+,18-64,Republican,Non-black non-Democrat,All Republicans,Republican,Republican Men,White Republican,Conservative,53.0,Independent/Something else,Conservative Republicans,White,White,State questionnaire,White,White,Midwest,Approve,The Republican Party,Male,White men,Married men,,,South Dakota,Election day exit poll,Before that,Before that,Before that,Before that,Seriously off on the wrong track,Version 1,1.14892756938934,No
62087.0,Dennis Daugaard,Mike Rounds,30-44,30-59,40-44,18-44,30-44,40-49,Non-Black 30-44,White 30-44,White 30-44,Complete,Call 1,1.0,College graduate,College graduate,More than High school graduate,White college degree,Unfavorable,Favorable,2.0,Government is doing too many things better left to businesses and individuals,Went too far,100k or more,"$30,000 or more",50k or more,100 thousand or more,"$100,000-$199,999","$100,000-$199,999","Over $50,000 and white",No,Yes,Worried,Very worried,Disapprove,Strongly disapprove,18-44,18-64,Republican,Non-black non-Democrat,All Republicans,Republican,Republican Men,White Republican,Conservative,82.0,Independent/Something else,Conservative Republicans,White,White,State questionnaire,White,White,Midwest,Approve,The Republican Party,Male,White men,Married men,,,South Dakota,Election day exit poll,Before that,Before that,Before that,Before that,Seriously off on the wrong track,Version 1,0.966049015522003,No
62163.0,Dennis Daugaard,Mike Rounds,30-44,30-59,30-39,18-44,30-44,30-39,Non-Black 30-44,White 30-44,White 30-44,Complete,Call 1,1.0,College graduate,College graduate,More than High school graduate,White college degree,Unfavorable,Favorable,2.0,Government is doing too many things better left to businesses and individuals,Omit,100k or more,"$30,000 or more",50k or more,100 thousand or more,"$200,000 or more","$200,000 or more","Over $50,000 and white",No,Yes,Worried,Somewhat worried,Disapprove,Somewhat disapprove,18-44,18-64,Republican,Non-black non-Democrat,All Republicans,Republican,Republican Women,White Republican,Conservative,82.0,Independent/Something else,Conservative Republicans,White,White,State questionnaire,White,White,Midwest,Omit,The Republican Party,Female,White women,Married women,,,South Dakota,Election day exit poll,Before that,In the last month,Before that,In the last month,Seriously off on the wrong track,Version 1,0.921065330505371,No
62232.0,Dennis Daugaard,Mike Rounds,65+,60+,65 or over,45+,60+,65+,Non-Black 60+,White 60+,White 65+,Complete,Call 1,1.0,Postgraduate study,College graduate,More than High school graduate,White college degree,Unfavorable,Favorable,1.0,Government is doing too many things better left to businesses and individuals,Went too far,Less than 100k,"Under $30,000",Less than 50k,Less than 50 thousand,"Under $50,000","Under $30,000","Under $50,000 and white",No,No,Worried,Very worried,Disapprove,Strongly disapprove,45+,65+,Independent/Something else,Non-black non-Democrat,White Independent,Independent,Independent Women,White Independent,Moderate,53.0,Moderate/Liberal Republicans,Moderate Independents,White,White,State questionnaire,White,White,Midwest,Disapprove,The Republican Party,Female,White women,Non married women,,,South Dakota,Election day exit poll,In the last three days,In the last month,In the last week,In the last three days,Seriously off on the wrong track,Version 1,1.10121071338654,No
62331.0,Dennis Daugaard,Mike Rounds,45-65,30-59,50-59,45+,45-59,50-64,Non-Black 45-59,White 45-59,White 45-64,Complete,Call 1,1.0,College graduate,College graduate,More than High school graduate,White college degree,Unfavorable,Favorable,2.0,Government is doing too many things better left to businesses and individuals,Went too far,Less than 100k,"$30,000 or more",50k or more,50 to 100 thousand,"$50,000-$99,999","$50,000-$99,999","Over $50,000 and white",No,Yes,Worried,Somewhat worried,Disapprove,Strongly disapprove,45+,18-64,Independent/Something else,Non-black non-Democrat,White Independent,Independent,Independent Men,White Independent,Moderate,82.0,Moderate/Liberal Republicans,Moderate Independents,White,White,State questionnaire,White,White,Midwest,Omit,The Republican Party,Male,White men,Married men,,,South Dakota,Election day exit poll,Before that,In the last month,Before that,In the last month,Seriously off on the wrong track,Version 1,0.966049015522003,No
62406.0,Dennis Daugaard,Mike Rounds,65+,60+,65 or over,45+,60+,65+,Non-Black 60+,White 60+,White 65+,Complete,Call 1,1.0,College graduate,College graduate,More than High school graduate,White college degree,Unfavorable,Favorable,2.0,Government is doing too many things better left to businesses and individuals,Went too far,Less than 100k,"$30,000 or more",50k or more,50 to 100 thousand,"$50,000-$99,999","$50,000-$99,999","Over $50,000 and white",No,Yes,Worried,Somewhat worried,Disapprove,Strongly disapprove,45+,65+,Republican,Non-black non-Democrat,All Republicans,Republican,Republican Men,White Republican,Conservative,82.0,Independent/Something else,Conservative Republicans,White,White,State questionnaire,White,White,Midwest,Omit,The Republican Party,Male,White men,Married men,,,South Dakota,Election day exit poll,Before that,Before that,Before that,Before that,Seriously off on the wrong track,Version 1,0.971148610115051,No
62433.0,Dennis Daugaard,Mike Rounds,45-65,30-59,50-59,45+,45-59,50-64,Non-Black 45-59,White 45-59,White 45-64,Complete,Call 1,1.0,Some college/assoc. degree,No college degree,More than High school graduate,White no college degree,Unfavorable,Favorable,1.0,Government is doing too many things better left to businesses and individuals,Went too far,100k or more,"$30,000 or more",50k or more,100 thousand or more,"$100,000-$199,999","$100,000-$199,999","Over $50,000 and white",No,Yes,Worried,Very worried,Disapprove,Strongly disapprove,45+,18-64,Republican,Non-black non-Democrat,All Republicans,Republican,Republican Men,White Republican,Moderate,53.0,Conservative Republicans,Mod./Liberal Republicans,White,White,State questionnaire,White,White,Midwest,Omit,The Republican Party,Male,White men,Married men,,,South Dakota,Election day exit poll,Before that,Before that,Before that,Before that,Seriously off on the wrong track,Version 1,1.14892756938934,No
62494.0,Dennis Daugaard,Mike Rounds,65+,60+,65 or over,45+,60+,65+,Non-Black 60+,White 60+,White 65+,Complete,Call 1,1.0,Postgraduate study,College graduate,More than High school graduate,White college degree,Unfavorable,Favorable,1.0,Government is doing too many things better left to businesses and individuals,Went too far,,,,,,,,No,Yes,Worried,Somewhat worried,Disapprove,Strongly disapprove,45+,65+,Republican,Non-black non-Democrat,All Republicans,Republican,Republican Men,White Republican,Conservative,53.0,Independent/Something else,Conservative Republicans,White,White,State questionnaire,White,White,Midwest,Approve,The Republican Party,Male,White men,Married men,,,South Dakota,Election day exit poll,Before that,In the last month,Before that,In the last month,Seriously off on the wrong track,Version 1,1.15499258041382,No
62583.0,Dennis Daugaard,Mike Rounds,45-65,30-59,50-59,45+,45-59,50-64,Non-Black 45-59,White 45-59,White 45-64,Complete,Call 1,1.0,College graduate,College graduate,More than High school graduate,White college degree,Unfavorable,Favorable,3.0,Government is doing too many things better left to businesses and individuals,Went too far,Less than 100k,"$30,000 or more",50k or more,50 to 100 thousand,"$50,000-$99,999","$50,000-$99,999","Over $50,000 and white",No,Yes,Worried,Very worried,Disapprove,Strongly disapprove,45+,18-64,Republican,Non-black non-Democrat,All Republicans,Republican,Republican Women,White Republican,Conservative,26.0,Independent/Something else,Conservative Republicans,White,White,State questionnaire,White,White,Midwest,Approve,The Republican Party,Female,White women,Married women,,,South Dakota,Election day exit poll,Before that,Before that,Before that,Before that,Seriously off on the wrong track,Version 1,1.07955241203308,No
62604.0,Dennis Daugaard,Mike Rounds,45-65,30-59,50-59,45+,45-59,50-64,Non-Black 45-59,White 45-59,White 45-64,Complete,Call 1,1.0,College graduate,College graduate,More than High school graduate,White college degree,Unfavorable,Favorable,2.0,Government is doing too many things better left to businesses and individuals,Went too far,100k or more,"$30,000 or more",50k or more,100 thousand or more,"$200,000 or more","$200,000 or more","Over $50,000 and white",No,Yes,Worried,Very worried,Disapprove,Strongly disapprove,45+,18-64,Republican,Non-black non-Democrat,All Republicans,Republican,Republican Women,White Republican,Conservative,82.0,Independent/Something else,Conservative Republicans,White,White,State questionnaire,White,White,Midwest,Approve,The Republican Party,Female,White women,Married women,,,South Dakota,Election day exit poll,Before that,Before that,Before that,Before that,Seriously off on the wrong track,Version 1,0.921065330505371,No
62606.0,Dennis Daugaard,Mike Rounds,45-65,30-59,50-59,45+,45-59,50-64,Non-Black 45-59,White 45-59,White 45-64,Complete,Call 1,1.0,College graduate,College graduate,More than High school graduate,White college degree,Unfavorable,Favorable,2.0,Government is doing too many things better left to businesses and individuals,Went too far,100k or more,"$30,000 or more",50k or more,100 thousand or more,"$200,000 or more","$200,000 or more","Over $50,000 and white",No,Yes,Worried,Very worried,Disapprove,Strongly disapprove,45+,18-64,Republican,Non-black non-Democrat,All Republicans,Republican,Republican Women,White Republican,Conservative,82.0,Independent/Something else,Conservative Republicans,White,White,State questionnaire,White,White,Midwest,Approve,The Republican Party,Female,White women,Married women,,,South Dakota,Election day exit poll,Before that,Before that,Before that,Before that,Seriously off on the wrong track,Version 1,0.921065330505371,No
63107.0,Dennis Daugaard,Mike Rounds,65+,60+,65 or over,45+,60+,65+,Non-Black 60+,White 60+,White 65+,Complete,Call 1,1.0,Postgraduate study,College graduate,More than High school graduate,White college degree,Unfavorable,Favorable,3.0,Government is doing too many things better left to businesses and individuals,Went too far,100k or more,"$30,000 or more",50k or more,100 thousand or more,"$100,000-$199,999","$100,000-$199,999","Over $50,000 and white",No,No,Worried,Somewhat worried,Disapprove,Strongly disapprove,45+,65+,Republican,Non-black non-Democrat,All Republicans,Republican,Republican Women,White Republican,Conservative,26.0,Independent/Something else,Conservative Republicans,White,White,State questionnaire,White,White,Midwest,Approve,The Republican Party,Female,White women,Non married women,,,South Dakota,Election day exit poll,In the last three days,In the last month,In the last week,In the last three days,Generally going in the right direction,Version 1,1.08525121212006,No
63259.0,Dennis Daugaard,Mike Rounds,30-44,30-59,30-39,18-44,30-44,30-39,Non-Black 30-44,White 30-44,White 30-44,Complete,Call 1,1.0,College graduate,College graduate,More than High school graduate,White college degree,Unfavorable,Favorable,2.0,Government is doing too many things better left to businesses and individuals,Went too far,100k or more,"$30,000 or more",50k or more,100 thousand or more,"$200,000 or more","$200,000 or more","Over $50,000 and white",No,Yes,Worried,Somewhat worried,Disapprove,Strongly disapprove,18-44,18-64,Republican,Non-black non-Democrat,All Republicans,Republican,Republican Women,White Republican,Moderate,36.0,Conservative Republicans,Mod./Liberal Republicans,White,White,State questionnaire,White,White,Midwest,Omit,The Republican Party,Female,White women,Married women,,,South Dakota,Election day exit poll,Before that,In the last month,Before that,In the last month,Seriously off on the wrong track,Version 1,1.1638925075531,No
63287.0,Dennis Daugaard,Mike Rounds,45-65,30-59,50-59,45+,45-59,50-64,Non-Black 45-59,White 45-59,White 45-64,Complete,Call 1,1.0,Postgraduate study,College graduate,More than High school graduate,White college degree,Unfavorable,Favorable,3.0,Government is doing too many things better left to businesses and individuals,Went too far,100k or more,"$30,000 or more",50k or more,100 thousand or more,"$100,000-$199,999","$100,000-$199,999","Over $50,000 and white",No,Yes,Worried,Somewhat worried,Disapprove,Strongly disapprove,45+,18-64,Republican,Non-black non-Democrat,All Republicans,Republican,Republican Men,White Republican,Conservative,26.0,Independent/Something else,Conservative Republicans,White,White,State questionnaire,White,White,Midwest,Approve,The Republican Party,Male,White men,Married men,,,South Dakota,Election day exit poll,Before that,Before that,Before that,Before that,Seriously off on the wrong track,Version 1,1.13227641582489,No
63332.0,Dennis Daugaard,Mike Rounds,45-65,30-59,50-59,45+,45-59,50-64,Non-Black 45-59,White 45-59,White 45-64,Complete,Call 1,1.0,High school graduate,No college degree,High school graduate or less,White no college degree,Unfavorable,Favorable,2.0,Government is doing too many things better left to businesses and individuals,Went too far,100k or more,"$30,000 or more",50k or more,100 thousand or more,"$100,000-$199,999","$100,000-$199,999","Over $50,000 and white",No,Yes,Worried,Somewhat worried,Disapprove,Strongly disapprove,45+,18-64,Republican,Non-black non-Democrat,All Republicans,Republican,Republican Women,White Republican,Moderate,36.0,Conservative Republicans,Mod./Liberal Republicans,White,White,State questionnaire,White,White,Midwest,Omit,The Republican Party,Female,White women,Married women,,,South Dakota,Election day exit poll,Before that,Before that,Before that,Before that,Seriously off on the wrong track,Version 1,1.1638925075531,No
63404.0,Dennis Daugaard,Mike Rounds,65+,60+,65 or over,45+,60+,65+,Non-Black 60+,White 60+,White 65+,Complete,Call 1,1.0,High school graduate,No college degree,High school graduate or less,White no college degree,Unfavorable,Favorable,3.0,Government is doing too many things better left to businesses and individuals,Did not go far enough,Less than 100k,"$30,000 or more",Less than 50k,Less than 50 thousand,"Under $50,000","$30,000-$49,999","Under $50,000 and white",No,No,Worried,Somewhat worried,Disapprove,Strongly disapprove,45+,65+,Republican,Non-black non-Democrat,All Republicans,Republican,Republican Women,White Republican,Moderate,7.0,Conservative Republicans,Mod./Liberal Republicans,White,White,State questionnaire,White,White,Midwest,Approve,The Republican Party,Female,White women,Non married women,,,South Dakota,Election day exit poll,Before that,Before that,Before that,Before that,Seriously off on the wrong track,Version 1,1.01192343235016,Yes
63642.0,Dennis Daugaard,Mike Rounds,65+,60+,65 or over,45+,60+,65+,Non-Black 60+,White 60+,White 65+,Complete,Call 1,1.0,Postgraduate study,College graduate,More than High school graduate,White college degree,Unfavorable,Favorable,2.0,Government is doing too many things better left to businesses and individuals,Went too far,Less than 100k,"$30,000 or more",50k or more,50 to 100 thousand,"$50,000-$99,999","$50,000-$99,999","Over $50,000 and white",No,Yes,Worried,Somewhat worried,Disapprove,Strongly disapprove,45+,65+,Republican,Non-black non-Democrat,All Republicans,Republican,Republican Women,White Republican,Conservative,36.0,Independent/Something else,Conservative Republicans,White,White,State questionnaire,White,White,Midwest,Omit,The Republican Party,Female,White women,Married women,,,South Dakota,Election day exit poll,Before that,Before that,Before that,Before that,Seriously off on the wrong track,Version 1,1.17003643512726,No
63707.0,Dennis Daugaard,Mike Rounds,45-65,30-59,50-59,45+,45-59,50-64,Non-Black 45-59,White 45-59,White 45-64,Complete,Call 1,1.0,College graduate,College graduate,More than High school graduate,White college degree,Unfavorable,Favorable,3.0,Government is doing too many things better left to businesses and individuals,Went too far,Less than 100k,"$30,000 or more",50k or more,50 to 100 thousand,"$50,000-$99,999","$50,000-$99,999","Over $50,000 and white",No,Yes,Worried,Very worried,Disapprove,Strongly disapprove,45+,18-64,Republican,Non-black non-Democrat,All Republicans,Republican,Republican Men,White Republican,Conservative,7.0,Independent/Something else,Conservative Republicans,White,White,State questionnaire,White,White,Midwest,Approve,The Republican Party,Male,White men,Married men,,,South Dakota,Election day exit poll,Before that,Before that,Before that,Before that,Seriously off on the wrong track,Version 1,1.05577123165131,No
63862.0,Dennis Daugaard,Mike Rounds,30-44,30-59,40-44,18-44,30-44,40-49,Non-Black 30-44,White 30-44,White 30-44,Complete,Call 1,1.0,Postgraduate study,College graduate,More than High school graduate,White college degree,Unfavorable,Favorable,2.0,Government is doing too many things better left to businesses and individuals,Went too far,100k or more,"$30,000 or more",50k or more,100 thousand or more,"$100,000-$199,999","$100,000-$199,999","Over $50,000 and white",No,Yes,Not worried,Not at all worried,Disapprove,Somewhat disapprove,18-44,18-64,Independent/Something else,Non-black non-Democrat,White Independent,Independent,Independent Men,White Independent,Conservative,36.0,Moderate/Liberal Republicans,Conservative Independents,White,White,State questionnaire,White,White,Midwest,Disapprove,The Republican Party,Male,White men,Married men,,,South Dakota,Election day exit poll,Before that,Before that,Before that,Before that,Generally going in the right direction,Version 1,1.22073554992676,No
63928.0,Dennis Daugaard,Mike Rounds,65+,60+,65 or over,45+,60+,65+,Non-Black 60+,White 60+,White 65+,Complete,Call 1,1.0,Postgraduate study,College graduate,More than High school graduate,White college degree,Unfavorable,Favorable,2.0,Government is doing too many things better left to businesses and individuals,Went too far,100k or more,"$30,000 or more",50k or more,100 thousand or more,"$200,000 or more","$200,000 or more","Over $50,000 and white",No,Yes,Worried,Somewhat worried,Disapprove,Strongly disapprove,45+,65+,Independent/Something else,Non-black non-Democrat,White Independent,Independent,Independent Men,White Independent,Conservative,36.0,Moderate/Liberal Republicans,Conservative Independents,White,White,State questionnaire,White,White,Midwest,Approve,The Republican Party,Male,White men,Married men,,,South Dakota,Election day exit poll,Before that,Before that,Before that,Before that,Seriously off on the wrong track,Version 1,1.22717952728271,No
63970.0,Dennis Daugaard,Mike Rounds,65+,60+,65 or over,45+,60+,65+,Non-Black 60+,White 60+,White 65+,Complete,Call 1,1.0,College graduate,College graduate,More than High school graduate,White college degree,Unfavorable,Favorable,3.0,Government is doing too many things better left to businesses and individuals,Went too far,100k or more,"$30,000 or more",50k or more,100 thousand or more,"$100,000-$199,999","$100,000-$199,999","Over $50,000 and white",No,Yes,Worried,Somewhat worried,Disapprove,Strongly disapprove,45+,65+,Republican,Non-black non-Democrat,All Republicans,Republican,Republican Men,White Republican,Conservative,26.0,Independent/Something else,Conservative Republicans,White,White,State questionnaire,White,White,Midwest,Approve,The Republican Party,Male,White men,Married men,,,South Dakota,Election day exit poll,Before that,Before that,Before that,Before that,Seriously off on the wrong track,Version 1,1.13825356960297,No
64058.0,Dennis Daugaard,Mike Rounds,65+,60+,65 or over,45+,60+,65+,Non-Black 60+,White 60+,White 65+,Complete,Call 1,1.0,College graduate,College graduate,More than High school graduate,White college degree,Unfavorable,Favorable,3.0,Government is doing too many things better left to businesses and individuals,Went too far,Less than 100k,"$30,000 or more",Less than 50k,Less than 50 thousand,"Under $50,000","$30,000-$49,999","Under $50,000 and white",,Yes,Worried,Very worried,Disapprove,Strongly disapprove,45+,65+,Republican,Non-black non-Democrat,All Republicans,Republican,Republican Women,White Republican,Conservative,26.0,Independent/Something else,Conservative Republicans,White,White,State questionnaire,White,White,Midwest,Approve,The Republican Party,Female,White women,Married women,,,South Dakota,Election day exit poll,Before that,In the last month,Before that,In the last month,Seriously off on the wrong track,Version 1,1.08525121212006,No
64128.0,Dennis Daugaard,Mike Rounds,65+,60+,65 or over,45+,60+,65+,Non-Black 60+,White 60+,White 65+,Complete,Call 1,1.0,Postgraduate study,College graduate,More than High school graduate,White college degree,Unfavorable,Favorable,3.0,Government is doing too many things better left to businesses and individuals,Went too far,100k or more,"$30,000 or more",50k or more,100 thousand or more,"$100,000-$199,999","$100,000-$199,999","Over $50,000 and white",No,Yes,Worried,Very worried,Disapprove,Strongly disapprove,45+,65+,Republican,Non-black non-Democrat,All Republicans,Republican,Republican Men,White Republican,Conservative,7.0,Independent/Something else,Conservative Republicans,White,White,State questionnaire,White,White,Midwest,Approve,The Republican Party,Male,White men,Married men,,,South Dakota,Election day exit poll,Before that,Before that,Before that,Before that,Seriously off on the wrong track,Version 1,1.06134450435638,No
64222.0,Dennis Daugaard,Mike Rounds,45-65,30-59,50-59,45+,45-59,50-64,Non-Black 45-59,White 45-59,White 45-64,Complete,Call 1,1.0,Some college/assoc. degree,No college degree,More than High school graduate,White no college degree,Unfavorable,Favorable,3.0,Government is doing too many things better left to businesses and individuals,Went too far,Less than 100k,"$30,000 or more",50k or more,50 to 100 thousand,"$50,000-$99,999","$50,000-$99,999","Over $50,000 and white",No,Yes,Worried,Very worried,Disapprove,Strongly disapprove,45+,18-64,Republican,Non-black non-Democrat,All Republicans,Republican,Republican Men,White Republican,Moderate,26.0,Conservative Republicans,Mod./Liberal Republicans,White,White,State questionnaire,White,White,Midwest,Approve,The Republican Party,Male,White men,Married men,,,South Dakota,Election day exit poll,Before that,Before that,Before that,Before that,Seriously off on the wrong track,Version 1,1.13227641582489,No
64244.0,Dennis Daugaard,Mike Rounds,45-65,30-59,50-59,45+,45-59,50-64,Non-Black 45-59,White 45-59,White 45-64,Complete,Call 1,1.0,Some college/assoc. degree,No college degree,More than High school graduate,White no college degree,Unfavorable,Favorable,3.0,Government is doing too many things better left to businesses and individuals,Went too far,Less than 100k,"$30,000 or more",50k or more,50 to 100 thousand,"$50,000-$99,999","$50,000-$99,999","Over $50,000 and white",No,Yes,Worried,Very worried,Disapprove,Strongly disapprove,45+,18-64,Republican,Non-black non-Democrat,All Republicans,Republican,Republican Men,White Republican,Conservative,7.0,Independent/Something else,Conservative Republicans,White,White,State questionnaire,White,White,Midwest,Approve,The Republican Party,Male,White men,Married men,,,South Dakota,Election day exit poll,Before that,Before that,Before that,Before that,Seriously off on the wrong track,Version 1,1.05577123165131,No
64279.0,Dennis Daugaard,Mike Rounds,65+,60+,65 or over,45+,60+,65+,Non-Black 60+,White 60+,White 65+,Complete,Call 1,1.0,College graduate,College graduate,More than High school graduate,White college degree,Unfavorable,Favorable,2.0,Government is doing too many things better left to businesses and individuals,Went too far,100k or more,"$30,000 or more",50k or more,100 thousand or more,"$200,000 or more","$200,000 or more","Over $50,000 and white",No,Yes,Worried,Very worried,Disapprove,Strongly disapprove,45+,65+,Republican,Non-black non-Democrat,All Republicans,Republican,Republican Women,White Republican,Moderate,36.0,Conservative Republicans,Mod./Liberal Republicans,White,White,State questionnaire,White,White,Midwest,Omit,The Republican Party,Female,White women,Married women,,,South Dakota,Election day exit poll,Before that,Before that,Before that,Before that,Seriously off on the wrong track,Version 1,1.17003643512726,No
64311.0,Dennis Daugaard,Mike Rounds,30-44,30-59,40-44,18-44,30-44,40-49,Non-Black 30-44,White 30-44,White 30-44,Complete,Call 1,1.0,Some college/assoc. degree,No college degree,More than High school graduate,White no college degree,Unfavorable,Favorable,3.0,Government is doing too many things better left to businesses and individuals,Went too far,Less than 100k,"$30,000 or more",50k or more,50 to 100 thousand,"$50,000-$99,999","$50,000-$99,999","Over $50,000 and white",No,Yes,Worried,Somewhat worried,Disapprove,Somewhat disapprove,18-44,18-64,Republican,Non-black non-Democrat,All Republicans,Republican,Republican Women,White Republican,Moderate,7.0,Conservative Republicans,Mod./Liberal Republicans,White,White,State questionnaire,White,White,Midwest,Disapprove,The Republican Party,Female,White women,Married women,,,South Dakota,Election day exit poll,In the last three days,In the last month,In the last week,In the last three days,Seriously off on the wrong track,Version 1,1.00660967826843,No
64354.0,Dennis Daugaard,Mike Rounds,45-65,30-59,50-59,45+,45-59,50-64,Non-Black 45-59,White 45-59,White 45-64,Complete,Call 1,1.0,Some college/assoc. degree,No college degree,More than High school graduate,White no college degree,Unfavorable,Favorable,3.0,Government is doing too many things better left to businesses and individuals,Went too far,Less than 100k,"$30,000 or more",50k or more,50 to 100 thousand,"$50,000-$99,999","$50,000-$99,999","Over $50,000 and white",No,Yes,Worried,Very worried,Disapprove,Strongly disapprove,45+,18-64,Republican,Non-black non-Democrat,All Republicans,Republican,Republican Women,White Republican,Moderate,26.0,Conservative Republicans,Mod./Liberal Republicans,White,White,State questionnaire,White,White,Midwest,Approve,The Republican Party,Female,White women,Married women,,,South Dakota,Election day exit poll,Before that,Before that,Before that,Before that,Seriously off on the wrong track,Version 1,1.07955241203308,No
64418.0,Dennis Daugaard,Mike Rounds,45-65,30-59,50-59,45+,45-59,50-64,Non-Black 45-59,White 45-59,White 45-64,Complete,Call 1,1.0,College graduate,College graduate,More than High school graduate,White college degree,Unfavorable,Favorable,3.0,Government is doing too many things better left to businesses and individuals,Went too far,100k or more,"$30,000 or more",50k or more,100 thousand or more,"$100,000-$199,999","$100,000-$199,999","Over $50,000 and white",,Yes,Not worried,Not too worried,Disapprove,Strongly disapprove,45+,18-64,Independent/Something else,Non-black non-Democrat,White Independent,Independent,Independent Men,White Independent,Moderate,7.0,Moderate/Liberal Republicans,Moderate Independents,White,White,State questionnaire,White,White,Midwest,Approve,The Republican Party,Male,White men,Married men,,,South Dakota,Election day exit poll,Before that,Before that,Before that,Before that,Seriously off on the wrong track,Version 1,1.05577123165131,No
64546.0,Dennis Daugaard,Mike Rounds,18-29,18-29,18-24,18-44,18-29,18-24,Non-Black 18-29,White 18-29,White 18-29,Complete,Call 1,1.0,Some college/assoc. degree,No college degree,More than High school graduate,White no college degree,Unfavorable,Favorable,3.0,Government is doing too many things better left to businesses and individuals,Went too far,Less than 100k,"Under $30,000",Less than 50k,Less than 50 thousand,"Under $50,000","Under $30,000","Under $50,000 and white",No,No,Worried,Somewhat worried,Disapprove,Strongly disapprove,18-44,18-64,Republican,Non-black non-Democrat,All Republicans,Republican,Republican Women,White Republican,Conservative,7.0,Independent/Something else,Conservative Republicans,White,White,State questionnaire,White,White,Midwest,Approve,The Republican Party,Female,White women,Non married women,,,South Dakota,Election day exit poll,Before that,In the last month,Before that,In the last month,Seriously off on the wrong track,Version 1,1.42241811752319,Yes
64655.0,Dennis Daugaard,Mike Rounds,45-65,30-59,50-59,45+,45-59,50-64,Non-Black 45-59,White 45-59,White 45-64,Complete,Call 1,1.0,High school graduate,No college degree,High school graduate or less,White no college degree,Unfavorable,Favorable,4.0,Government is doing too many things better left to businesses and individuals,Went too far,Less than 100k,"$30,000 or more",50k or more,50 to 100 thousand,"$50,000-$99,999","$50,000-$99,999","Over $50,000 and white",No,Yes,Worried,Somewhat worried,Disapprove,Strongly disapprove,45+,18-64,Republican,Non-black non-Democrat,All Republicans,Republican,Republican Men,White Republican,Conservative,40.0,Independent/Something else,Conservative Republicans,White,White,State questionnaire,White,White,Midwest,Approve,The Republican Party,Male,White men,Married men,,,South Dakota,Election day exit poll,Before that,In the last month,In the last week,In the last week,Generally going in the right direction,Version 1,1.73615717887878,No
64736.0,Dennis Daugaard,Mike Rounds,18-29,18-29,18-24,18-44,18-29,18-24,Non-Black 18-29,White 18-29,White 18-29,Complete,Call 1,1.0,Some college/assoc. degree,No college degree,More than High school graduate,White no college degree,Unfavorable,Favorable,3.0,Government is doing too many things better left to businesses and individuals,Went too far,Less than 100k,"Under $30,000",Less than 50k,Less than 50 thousand,"Under $50,000","Under $30,000","Under $50,000 and white",No,No,Worried,Very worried,Disapprove,Strongly disapprove,18-44,18-64,Republican,Non-black non-Democrat,All Republicans,Republican,Republican Women,White Republican,Conservative,7.0,Independent/Something else,Conservative Republicans,White,White,State questionnaire,White,White,Midwest,Approve,The Republican Party,Female,White women,Non married women,,,South Dakota,Election day exit poll,Before that,Before that,Before that,Before that,Seriously off on the wrong track,Version 1,1.42241811752319,Yes
64783.0,Dennis Daugaard,Mike Rounds,45-65,30-59,45-49,45+,45-59,40-49,Non-Black 45-59,White 45-59,White 45-64,Complete,Call 1,1.0,College graduate,College graduate,More than High school graduate,White college degree,Unfavorable,Favorable,4.0,Government is doing too many things better left to businesses and individuals,Went too far,Less than 100k,"$30,000 or more",50k or more,50 to 100 thousand,"$50,000-$99,999","$50,000-$99,999","Over $50,000 and white",No,No,Worried,Somewhat worried,Disapprove,Strongly disapprove,45+,18-64,Independent/Something else,Non-black non-Democrat,White Independent,Independent,Independent Men,White Independent,Conservative,40.0,Moderate/Liberal Republicans,Conservative Independents,White,White,State questionnaire,White,White,Midwest,Approve,The Republican Party,Male,White men,Non married men,,,South Dakota,Election day exit poll,Before that,Before that,Before that,Before that,Seriously off on the wrong track,Version 1,1.73615717887878,No
64837.0,Dennis Daugaard,Mike Rounds,65+,60+,65 or over,45+,60+,65+,Non-Black 60+,White 60+,White 65+,Complete,Call 1,1.0,High school graduate,No college degree,High school graduate or less,White no college degree,Unfavorable,Favorable,4.0,Government is doing too many things better left to businesses and individuals,Went too far,,,,,,,,No,No,Worried,Very worried,Disapprove,Strongly disapprove,45+,65+,Independent/Something else,Non-black non-Democrat,White Independent,Independent,Independent Men,White Independent,Liberal,40.0,Moderate/Liberal Republicans,Liberal Independents,White,White,State questionnaire,White,White,Midwest,Approve,The Republican Party,Male,White men,Non married men,,,South Dakota,Election day exit poll,Before that,In the last month,Before that,In the last month,Seriously off on the wrong track,Version 1,1.74532210826874,
64874.0,Dennis Daugaard,Mike Rounds,45-65,30-59,45-49,45+,45-59,40-49,Non-Black 45-59,White 45-59,White 45-64,Complete,Call 1,1.0,Postgraduate study,College graduate,More than High school graduate,White college degree,Unfavorable,Favorable,3.0,Government is doing too many things better left to businesses and individuals,Went too far,100k or more,"$30,000 or more",50k or more,100 thousand or more,"$100,000-$199,999","$100,000-$199,999","Over $50,000 and white",No,Yes,Worried,Very worried,Disapprove,Strongly disapprove,45+,18-64,Republican,Non-black non-Democrat,All Republicans,Republican,Republican Men,White Republican,Conservative,7.0,Independent/Something else,Conservative Republicans,White,White,State questionnaire,White,White,Midwest,Approve,The Republican Party,Male,White men,Married men,,,South Dakota,Election day exit poll,Before that,Before that,Before that,Before that,Seriously off on the wrong track,Version 1,1.05577123165131,No
64889.0,Dennis Daugaard,Mike Rounds,65+,60+,65 or over,45+,60+,65+,Non-Black 60+,White 60+,White 65+,Complete,Call 1,1.0,Some college/assoc. degree,No college degree,More than High school graduate,White no college degree,Unfavorable,Favorable,4.0,Government is doing too many things better left to businesses and individuals,Went too far,Less than 100k,"$30,000 or more",Less than 50k,Less than 50 thousand,"Under $50,000","$30,000-$49,999","Under $50,000 and white",No,No,Worried,Very worried,Disapprove,Strongly disapprove,45+,65+,Republican,Non-black non-Democrat,All Republicans,Republican,Republican Men,White Republican,Moderate,40.0,Conservative Republicans,Mod./Liberal Republicans,White,White,State questionnaire,White,White,Midwest,Omit,The Republican Party,Male,White men,Non married men,,,South Dakota,Election day exit poll,Before that,Before that,Before that,Before that,Seriously off on the wrong track,Version 1,1.74532210826874,Yes
65093.0,Dennis Daugaard,Mike Rounds,65+,60+,65 or over,45+,60+,65+,Non-Black 60+,White 60+,White 65+,Complete,Call 1,1.0,Some college/assoc. degree,No college degree,More than High school graduate,White no college degree,Unfavorable,Favorable,4.0,Government is doing too many things better left to businesses and individuals,Went too far,Less than 100k,"Under $30,000",Less than 50k,Less than 50 thousand,"Under $50,000","Under $30,000","Under $50,000 and white",No,No,Worried,Very worried,Disapprove,Strongly disapprove,45+,65+,Independent/Something else,Non-black non-Democrat,White Independent,Independent,Independent Men,White Independent,Conservative,40.0,Moderate/Liberal Republicans,Conservative Independents,White,White,State questionnaire,White,White,Midwest,Disapprove,The Republican Party,Male,White men,Non married men,,,South Dakota,Election day exit poll,Before that,Before that,Before that,Before that,Seriously off on the wrong track,Version 1,1.74532210826874,Yes
65134.0,Dennis Daugaard,Mike Rounds,45-65,30-59,50-59,45+,45-59,50-64,Non-Black 45-59,White 45-59,White 45-64,Complete,Call 1,1.0,Some college/assoc. degree,No college degree,More than High school graduate,White no college degree,Unfavorable,Favorable,4.0,Government is doing too many things better left to businesses and individuals,Went too far,100k or more,"$30,000 or more",50k or more,100 thousand or more,"$200,000 or more","$200,000 or more","Over $50,000 and white",No,Yes,Worried,Very worried,Disapprove,Strongly disapprove,45+,18-64,Republican,Non-black non-Democrat,All Republicans,Republican,Republican Men,White Republican,Moderate,40.0,Conservative Republicans,Mod./Liberal Republicans,White,White,State questionnaire,White,White,Midwest,Disapprove,The Republican Party,Male,White men,Married men,,,South Dakota,Election day exit poll,Before that,Before that,Before that,Before that,Seriously off on the wrong track,Version 1,1.73615717887878,No
65548.0,Dennis Daugaard,Mike Rounds,30-44,30-59,40-44,18-44,30-44,40-49,Non-Black 30-44,White 30-44,White 30-44,Complete,Call 1,1.0,College graduate,College graduate,More than High school graduate,White college degree,Unfavorable,Favorable,2.0,Government is doing too many things better left to businesses and individuals,Went too far,100k or more,"$30,000 or more",50k or more,100 thousand or more,"$200,000 or more","$200,000 or more","Over $50,000 and white",No,Yes,Worried,Somewhat worried,Disapprove,Strongly disapprove,18-44,18-64,Republican,Non-black non-Democrat,All Republicans,Republican,Republican Women,White Republican,Conservative,5.0,Independent/Something else,Conservative Republicans,White,White,State questionnaire,White,White,Midwest,Approve,The Republican Party,Female,White women,Married women,,,South Dakota,Election day exit poll,Before that,Before that,Before that,Before that,Seriously off on the wrong track,Version 1,1.37942814826965,No
65606.0,Dennis Daugaard,Mike Rounds,45-65,30-59,45-49,45+,45-59,40-49,Non-Black 45-59,White 45-59,White 45-64,Complete,Call 1,1.0,Postgraduate study,College graduate,More than High school graduate,White college degree,Unfavorable,Favorable,2.0,Government is doing too many things better left to businesses and individuals,Went too far,100k or more,"$30,000 or more",50k or more,100 thousand or more,"$100,000-$199,999","$100,000-$199,999","Over $50,000 and white",No,Yes,Worried,Somewhat worried,Disapprove,Strongly disapprove,45+,18-64,Republican,Non-black non-Democrat,All Republicans,Republican,Republican Men,White Republican,Conservative,5.0,Independent/Something else,Conservative Republicans,White,White,State questionnaire,White,White,Midwest,Approve,The Republican Party,Male,White men,Married men,,,South Dakota,Election day exit poll,Before that,Before that,Before that,Before that,Seriously off on the wrong track,Version 1,1.44679772853851,No
65626.0,Dennis Daugaard,Mike Rounds,65+,60+,65 or over,45+,60+,65+,Non-Black 60+,White 60+,White 65+,Complete,Call 1,1.0,Some college/assoc. degree,No college degree,More than High school graduate,White no college degree,Unfavorable,Favorable,2.0,Government is doing too many things better left to businesses and individuals,Went too far,Less than 100k,"$30,000 or more",Less than 50k,Less than 50 thousand,"Under $50,000","$30,000-$49,999","Under $50,000 and white",No,Yes,Worried,Very worried,Disapprove,Strongly disapprove,45+,65+,Republican,Non-black non-Democrat,All Republicans,Republican,Republican Men,White Republican,Moderate,5.0,Conservative Republicans,Mod./Liberal Republicans,White,White,State questionnaire,White,White,Midwest,Approve,The Republican Party,Male,White men,Married men,,,South Dakota,Election day exit poll,Before that,Before that,Before that,Before that,Seriously off on the wrong track,Version 1,1.45443499088287,Yes
65644.0,Dennis Daugaard,Mike Rounds,45-65,60+,60-64,45+,60+,50-64,Non-Black 60+,White 60+,White 45-64,Complete,Call 1,1.0,Postgraduate study,College graduate,More than High school graduate,White college degree,Unfavorable,Favorable,2.0,Government is doing too many things better left to businesses and individuals,Went too far,100k or more,"$30,000 or more",50k or more,100 thousand or more,"$100,000-$199,999","$100,000-$199,999","Over $50,000 and white",No,Yes,Worried,Very worried,Disapprove,Strongly disapprove,45+,18-64,Republican,Non-black non-Democrat,All Republicans,Republican,Republican Men,White Republican,Conservative,5.0,Independent/Something else,Conservative Republicans,White,White,State questionnaire,White,White,Midwest,Omit,The Republican Party,Male,White men,Married men,,,South Dakota,Election day exit poll,Before that,Before that,Before that,Before that,Seriously off on the wrong track,Version 1,1.45443499088287,No
65692.0,Dennis Daugaard,Mike Rounds,30-44,30-59,30-39,18-44,30-44,30-39,Non-Black 30-44,White 30-44,White 30-44,Complete,Call 1,1.0,Postgraduate study,College graduate,More than High school graduate,White college degree,Unfavorable,Favorable,2.0,Government is doing too many things better left to businesses and individuals,Went too far,Less than 100k,"$30,000 or more",50k or more,50 to 100 thousand,"$50,000-$99,999","$50,000-$99,999","Over $50,000 and white",No,Yes,Worried,Very worried,Disapprove,Strongly disapprove,18-44,18-64,Republican,Non-black non-Democrat,All Republicans,Republican,Republican Men,White Republican,Conservative,5.0,Independent/Something else,Conservative Republicans,White,White,State questionnaire,White,White,Midwest,Omit,The Republican Party,Male,White men,Married men,,,South Dakota,Election day exit poll,Before that,Before that,Before that,Before that,Seriously off on the wrong track,Version 1,1.44679772853851,No
65724.0,Dennis Daugaard,Mike Rounds,45-65,60+,60-64,45+,60+,50-64,Non-Black 60+,White 60+,White 45-64,Complete,Call 1,1.0,Some college/assoc. degree,No college degree,More than High school graduate,White no college degree,Unfavorable,Favorable,2.0,Government is doing too many things better left to businesses and individuals,Went too far,100k or more,"$30,000 or more",50k or more,100 thousand or more,"$100,000-$199,999","$100,000-$199,999","Over $50,000 and white",No,Yes,Worried,Somewhat worried,Disapprove,Strongly disapprove,45+,18-64,Independent/Something else,Non-black non-Democrat,White Independent,Independent,Independent Men,White Independent,Moderate,5.0,Moderate/Liberal Republicans,Moderate Independents,White,White,State questionnaire,White,White,Midwest,Approve,The Republican Party,Male,White men,Married men,,,South Dakota,Election day exit poll,Before that,Before that,Before that,Before that,Seriously off on the wrong track,Version 1,1.45443499088287,No
65757.0,Dennis Daugaard,Mike Rounds,30-44,30-59,40-44,18-44,30-44,40-49,Non-Black 30-44,White 30-44,White 30-44,Complete,Call 1,1.0,College graduate,College graduate,More than High school graduate,White college degree,Unfavorable,Favorable,2.0,Government is doing too many things better left to businesses and individuals,Went too far,Less than 100k,"$30,000 or more",50k or more,50 to 100 thousand,"$50,000-$99,999","$50,000-$99,999","Over $50,000 and white",No,Yes,Worried,Somewhat worried,Disapprove,Strongly disapprove,18-44,18-64,Republican,Non-black non-Democrat,All Republicans,Republican,Republican Women,White Republican,Conservative,5.0,Independent/Something else,Conservative Republicans,White,White,State questionnaire,White,White,Midwest,Approve,The Republican Party,Female,White women,Married women,,,South Dakota,Election day exit poll,Before that,Before that,Before that,Before that,Seriously off on the wrong track,Version 1,1.37942814826965,No
65776.0,Dennis Daugaard,Mike Rounds,65+,60+,65 or over,45+,60+,65+,Non-Black 60+,White 60+,White 65+,Complete,Call 1,1.0,High school graduate,No college degree,High school graduate or less,White no college degree,Unfavorable,Favorable,2.0,Government is doing too many things better left to businesses and individuals,Went too far,Less than 100k,"$30,000 or more",Less than 50k,Less than 50 thousand,"Under $50,000","$30,000-$49,999","Under $50,000 and white",No,Yes,Worried,Somewhat worried,Disapprove,Somewhat disapprove,45+,65+,Republican,Non-black non-Democrat,All Republicans,Republican,Republican Women,White Republican,Conservative,5.0,Independent/Something else,Conservative Republicans,White,White,State questionnaire,White,White,Midwest,Approve,The Republican Party,Female,White women,Married women,,,South Dakota,Election day exit poll,Before that,In the last month,Before that,In the last month,Seriously off on the wrong track,Version 1,1.38670980930328,Yes
65793.0,Dennis Daugaard,Mike Rounds,45-65,30-59,45-49,45+,45-59,40-49,Non-Black 45-59,White 45-59,White 45-64,Complete,Call 1,1.0,Some college/assoc. degree,No college degree,More than High school graduate,White no college degree,Unfavorable,Favorable,2.0,Government is doing too many things better left to businesses and individuals,Went too far,Less than 100k,"$30,000 or more",50k or more,50 to 100 thousand,"$50,000-$99,999","$50,000-$99,999","Over $50,000 and white",No,Yes,Worried,Somewhat worried,Disapprove,Strongly disapprove,45+,18-64,Republican,Non-black non-Democrat,All Republicans,Republican,Republican Men,White Republican,Conservative,5.0,Independent/Something else,Conservative Republicans,White,White,State questionnaire,White,White,Midwest,Disapprove,The Republican Party,Male,White men,Married men,,,South Dakota,Election day exit poll,Before that,In the last month,In the last week,In the last week,Generally going in the right direction,Version 1,1.44679772853851,No
65886.0,Dennis Daugaard,Mike Rounds,30-44,30-59,30-39,18-44,30-44,30-39,Non-Black 30-44,White 30-44,White 30-44,Complete,Call 1,1.0,College graduate,College graduate,More than High school graduate,White college degree,Unfavorable,Favorable,2.0,Government is doing too many things better left to businesses and individuals,Did not go far enough,100k or more,"$30,000 or more",50k or more,100 thousand or more,"$100,000-$199,999","$100,000-$199,999","Over $50,000 and white",No,Yes,Worried,Somewhat worried,Approve,Somewhat approve,18-44,18-64,Republican,Non-black non-Democrat,All Republicans,Republican,Republican Women,White Republican,Conservative,5.0,Independent/Something else,Conservative Republicans,White,White,State questionnaire,White,White,Midwest,Approve,The Republican Party,Female,White women,Married women,,,South Dakota,Election day exit poll,In the last three days,In the last month,In the last week,In the last three days,Seriously off on the wrong track,Version 1,1.37942814826965,No
65984.0,Dennis Daugaard,Mike Rounds,65+,60+,65 or over,45+,60+,65+,Non-Black 60+,White 60+,White 65+,Complete,Call 1,1.0,Some college/assoc. degree,No college degree,More than High school graduate,White no college degree,Unfavorable,Favorable,4.0,Government is doing too many things better left to businesses and individuals,Went too far,Less than 100k,"$30,000 or more",50k or more,50 to 100 thousand,"$50,000-$99,999","$50,000-$99,999","Over $50,000 and white",No,Yes,Worried,Very worried,Disapprove,Strongly disapprove,45+,65+,Republican,Non-black non-Democrat,All Republicans,Republican,Republican Women,White Republican,Conservative,65.0,Independent/Something else,Conservative Republicans,White,White,State questionnaire,White,White,Midwest,Approve,The Republican Party,Female,White women,Married women,,,South Dakota,Election day exit poll,Before that,Before that,Before that,Before that,Seriously off on the wrong track,Version 1,0.972497820854187,No
66108.0,Dennis Daugaard,Mike Rounds,45-65,30-59,50-59,45+,45-59,50-64,Non-Black 45-59,White 45-59,White 45-64,Complete,Call 1,1.0,No high school diploma,No college degree,High school graduate or less,White no college degree,Unfavorable,Favorable,4.0,Government is doing too many things better left to businesses and individuals,Went too far,Less than 100k,"$30,000 or more",50k or more,50 to 100 thousand,"$50,000-$99,999","$50,000-$99,999","Over $50,000 and white",No,Yes,Worried,Very worried,Disapprove,Strongly disapprove,45+,18-64,Republican,Non-black non-Democrat,All Republicans,Republican,Republican Men,White Republican,Moderate,65.0,Conservative Republicans,Mod./Liberal Republicans,White,White,State questionnaire,White,White,Midwest,Omit,The Republican Party,Male,White men,Married men,,,South Dakota,Election day exit poll,Before that,Before that,Before that,Before that,Seriously off on the wrong track,Version 1,1.01463735103607,No
66203.0,Dennis Daugaard,Mike Rounds,45-65,30-59,50-59,45+,45-59,50-64,Non-Black 45-59,White 45-59,White 45-64,Complete,Call 1,1.0,Some college/assoc. degree,No college degree,More than High school graduate,White no college degree,Unfavorable,Favorable,4.0,Government is doing too many things better left to businesses and individuals,Went too far,Less than 100k,"Under $30,000",Less than 50k,Less than 50 thousand,"Under $50,000","Under $30,000","Under $50,000 and white",No,No,Worried,Somewhat worried,Disapprove,Strongly disapprove,45+,18-64,Republican,Non-black non-Democrat,All Republicans,Republican,Republican Men,White Republican,Conservative,65.0,Independent/Something else,Conservative Republicans,White,White,State questionnaire,White,White,Midwest,Disapprove,The Republican Party,Male,White men,Non married men,,,South Dakota,Election day exit poll,In the last three days,In the last month,In the last week,In the last three days,Seriously off on the wrong track,Version 1,1.01463735103607,Yes
66258.0,Dennis Daugaard,Mike Rounds,65+,60+,65 or over,45+,60+,65+,Non-Black 60+,White 60+,White 65+,Complete,Call 1,1.0,High school graduate,No college degree,High school graduate or less,White no college degree,Unfavorable,Favorable,4.0,Government is doing too many things better left to businesses and individuals,Went too far,Less than 100k,"$30,000 or more",50k or more,50 to 100 thousand,"$50,000-$99,999","$50,000-$99,999","Over $50,000 and white",No,Yes,Worried,Very worried,Disapprove,Strongly disapprove,45+,65+,Republican,Non-black non-Democrat,All Republicans,Republican,Republican Women,White Republican,Conservative,65.0,Independent/Something else,Conservative Republicans,White,White,State questionnaire,White,White,Midwest,Approve,The Republican Party,Female,White women,Married women,,,South Dakota,Election day exit poll,Before that,In the last month,Before that,In the last month,Seriously off on the wrong track,Version 1,0.972497820854187,No
66304.0,Dennis Daugaard,Mike Rounds,45-65,30-59,50-59,45+,45-59,50-64,Non-Black 45-59,White 45-59,White 45-64,Complete,Call 1,1.0,College graduate,College graduate,More than High school graduate,White college degree,Unfavorable,Favorable,4.0,Government is doing too many things better left to businesses and individuals,Went too far,Less than 100k,"Under $30,000",Less than 50k,Less than 50 thousand,"Under $50,000","Under $30,000","Under $50,000 and white",,Yes,Worried,Very worried,Disapprove,Strongly disapprove,45+,18-64,Republican,Non-black non-Democrat,All Republicans,Republican,Republican Men,White Republican,Conservative,65.0,Independent/Something else,Conservative Republicans,White,White,State questionnaire,White,White,Midwest,Approve,The Republican Party,Male,White men,Married men,,,South Dakota,Election day exit poll,Before that,In the last month,In the last week,In the last week,Seriously off on the wrong track,Version 1,1.01463735103607,No
66339.0,Dennis Daugaard,Mike Rounds,30-44,30-59,40-44,18-44,30-44,40-49,Non-Black 30-44,White 30-44,White 30-44,Complete,Call 1,1.0,Some college/assoc. degree,No college degree,More than High school graduate,White no college degree,Unfavorable,Favorable,4.0,Government is doing too many things better left to businesses and individuals,Went too far,Less than 100k,"$30,000 or more",Less than 50k,Less than 50 thousand,"Under $50,000","$30,000-$49,999","Under $50,000 and white",No,Yes,Worried,Very worried,Disapprove,Strongly disapprove,18-44,18-64,Democrat,Non-black Democrat,White Democrat,Democrat,Democratic Women,White Democrat,Liberal,65.0,Liberal Democrats,Liberal Democrats,White,White,State questionnaire,White,White,Midwest,Disapprove,The Republican Party,Female,White women,Married women,,,South Dakota,Election day exit poll,In the last three days,In the last month,In the last week,In the last three days,Seriously off on the wrong track,Version 1,0.967391133308411,Yes
66419.0,Dennis Daugaard,Mike Rounds,65+,60+,65 or over,45+,60+,65+,Non-Black 60+,White 60+,White 65+,Complete,Call 1,1.0,Some college/assoc. degree,No college degree,More than High school graduate,White no college degree,Unfavorable,Favorable,4.0,Government is doing too many things better left to businesses and individuals,Went too far,Less than 100k,"$30,000 or more",Less than 50k,Less than 50 thousand,"Under $50,000","$30,000-$49,999","Under $50,000 and white",No,Yes,Worried,Somewhat worried,Disapprove,Strongly disapprove,45+,65+,Republican,Non-black non-Democrat,All Republicans,Republican,Republican Men,White Republican,Conservative,65.0,Independent/Something else,Conservative Republicans,White,White,State questionnaire,White,White,Midwest,Disapprove,The Republican Party,Male,White men,Married men,,,South Dakota,Election day exit poll,Before that,In the last month,Before that,In the last month,Seriously off on the wrong track,Version 1,1.01999342441559,Yes
78469.0,Dennis Daugaard,Mike Rounds,45-65,60+,60-64,45+,60+,50-64,Non-Black 60+,White 60+,White 45-64,Complete,Call 2,1.0,College graduate,College graduate,More than High school graduate,White college degree,Unfavorable,Favorable,1.0,Government is doing too many things better left to businesses and individuals,Went too far,100k or more,"$30,000 or more",50k or more,100 thousand or more,"$100,000-$199,999","$100,000-$199,999","Over $50,000 and white",No,Yes,Worried,Very worried,Disapprove,Strongly disapprove,45+,18-64,Independent/Something else,Non-black non-Democrat,White Independent,Something else,Independent Women,White Independent,Moderate,53.0,Moderate/Liberal Republicans,Moderate Independents,White,White,State questionnaire,White,White,Midwest,Disapprove,The Republican Party,Female,White women,Married women,,,South Dakota,Election day exit poll,Before that,Before that,Before that,Before that,Seriously off on the wrong track,Version 1,1.10121071338654,No
78636.0,Dennis Daugaard,Mike Rounds,65+,60+,65 or over,45+,60+,65+,Non-Black 60+,White 60+,White 65+,Complete,Call 2,1.0,High school graduate,No college degree,High school graduate or less,White no college degree,Unfavorable,Favorable,3.0,Government is doing too many things better left to businesses and individuals,,Less than 100k,"Under $30,000",Less than 50k,Less than 50 thousand,"Under $50,000","Under $30,000","Under $50,000 and white",No,,,,,,45+,65+,Independent/Something else,Non-black non-Democrat,White Independent,Independent,Independent Men,White Independent,Moderate,9.0,Moderate/Liberal Republicans,Moderate Independents,White,White,National questionnaire,White,White,Midwest,,,Male,White men,,Rural,Small Cities/Rural,South Dakota,Election day exit poll,,,,,Seriously off on the wrong track,Version 4,0.758040249347687,Yes
78745.0,Dennis Daugaard,Mike Rounds,30-44,30-59,40-44,18-44,30-44,40-49,Non-Black 30-44,White 30-44,White 30-44,Complete,Call 2,1.0,College graduate,College graduate,More than High school graduate,White college degree,Unfavorable,Favorable,1.0,Government is doing too many things better left to businesses and individuals,Went too far,100k or more,"$30,000 or more",50k or more,100 thousand or more,"$100,000-$199,999","$100,000-$199,999","Over $50,000 and white",No,Yes,Worried,Very worried,Disapprove,Strongly disapprove,18-44,18-64,Republican,Non-black non-Democrat,All Republicans,Republican,Republican Women,White Republican,Moderate,53.0,Conservative Republicans,Mod./Liberal Republicans,White,White,State questionnaire,White,White,Midwest,Approve,The Republican Party,Female,White women,Married women,,,South Dakota,Election day exit poll,Before that,In the last month,Before that,In the last month,Seriously off on the wrong track,Version 1,1.0954282283783,No
78830.0,Dennis Daugaard,Mike Rounds,30-44,30-59,30-39,18-44,30-44,30-39,Non-Black 30-44,Latino 30-44,Latino 30-44,Complete,Call 2,1.0,Some college/assoc. degree,No college degree,More than High school graduate,Non white no college degree,Unfavorable,Favorable,1.0,Government is doing too many things better left to businesses and individuals,Did not go far enough,Less than 100k,"$30,000 or more",Less than 50k,Less than 50 thousand,"Under $50,000","$30,000-$49,999","Under $50,000 and non white",Yes,Yes,Worried,Very worried,Disapprove,Strongly disapprove,18-44,18-64,Republican,Non-black non-Democrat,All Republicans,Republican,Republican Women,All others,Moderate,53.0,Conservative Republicans,Mod./Liberal Republicans,Other,Hispanic/Latino,State questionnaire,Hispanic/Latino,Hispanic/Latino,Midwest,Approve,The Republican Party,Female,Latino women,Married women,,,South Dakota,Election day exit poll,Before that,In the last month,Before that,In the last month,Seriously off on the wrong track,Version 1,1.0954282283783,No
79000.0,Dennis Daugaard,Mike Rounds,45-65,30-59,45-49,45+,45-59,40-49,Non-Black 45-59,White 45-59,White 45-64,Complete,Call 2,1.0,College graduate,College graduate,More than High school graduate,White college degree,Unfavorable,Favorable,1.0,Government is doing too many things better left to businesses and individuals,Went too far,Less than 100k,"$30,000 or more",Less than 50k,Less than 50 thousand,"Under $50,000","$30,000-$49,999","Under $50,000 and white",No,Yes,Worried,Very worried,Disapprove,Strongly disapprove,45+,18-64,Republican,Non-black non-Democrat,All Republicans,Republican,Republican Women,White Republican,Conservative,53.0,Independent/Something else,Conservative Republicans,White,White,State questionnaire,White,White,Midwest,Approve,The Republican Party,Female,White women,Married women,,,South Dakota,Election day exit poll,Before that,Before that,Before that,Before that,Seriously off on the wrong track,Version 1,1.0954282283783,No
79035.0,Dennis Daugaard,Mike Rounds,45-65,30-59,45-49,45+,45-59,40-49,Non-Black 45-59,White 45-59,White 45-64,Complete,Call 2,1.0,College graduate,College graduate,More than High school graduate,White college degree,Unfavorable,Favorable,2.0,Government is doing too many things better left to businesses and individuals,Went too far,100k or more,"$30,000 or more",50k or more,100 thousand or more,"$100,000-$199,999","$100,000-$199,999","Over $50,000 and white",No,Yes,Worried,Very worried,Disapprove,Strongly disapprove,45+,18-64,Republican,Non-black non-Democrat,All Republicans,Republican,Republican Women,White Republican,Moderate,82.0,Conservative Republicans,Mod./Liberal Republicans,White,White,State questionnaire,White,White,Midwest,Omit,The Republican Party,Female,White women,Married women,,,South Dakota,Election day exit poll,Before that,In the last month,Before that,In the last month,Seriously off on the wrong track,Version 1,0.921065330505371,No
79224.0,Dennis Daugaard,Mike Rounds,30-44,30-59,30-39,18-44,30-44,30-39,Non-Black 30-44,White 30-44,White 30-44,Complete,Call 2,1.0,Some college/assoc. degree,No college degree,More than High school graduate,White no college degree,Unfavorable,Favorable,1.0,Government is doing too many things better left to businesses and individuals,Went too far,Less than 100k,"$30,000 or more",50k or more,50 to 100 thousand,"$50,000-$99,999","$50,000-$99,999","Over $50,000 and white",No,Yes,Worried,Very worried,Disapprove,Strongly disapprove,18-44,18-64,Republican,Non-black non-Democrat,All Republicans,Republican,Republican Men,White Republican,Conservative,56.0,Independent/Something else,Conservative Republicans,White,White,State questionnaire,White,White,Midwest,Omit,The Republican Party,Male,White men,Married men,,,South Dakota,Election day exit poll,Before that,Before that,Before that,Before that,Seriously off on the wrong track,Version 1,1.28519976139069,No
79284.0,Dennis Daugaard,Mike Rounds,65+,60+,65 or over,45+,60+,65+,Non-Black 60+,White 60+,White 65+,Complete,Call 2,1.0,Postgraduate study,College graduate,More than High school graduate,White college degree,Unfavorable,Favorable,2.0,Government is doing too many things better left to businesses and individuals,Went too far,Less than 100k,"$30,000 or more",50k or more,50 to 100 thousand,"$50,000-$99,999","$50,000-$99,999","Over $50,000 and white",No,Yes,Worried,Very worried,Disapprove,Strongly disapprove,45+,65+,Republican,Non-black non-Democrat,All Republicans,Republican,Republican Women,White Republican,Conservative,82.0,Independent/Something else,Conservative Republicans,White,White,State questionnaire,White,White,Midwest,Approve,The Republican Party,Female,White women,Married women,,,South Dakota,Election day exit poll,Before that,Before that,Before that,Before that,Seriously off on the wrong track,Version 1,0.925927460193634,No
79356.0,Dennis Daugaard,Mike Rounds,45-65,60+,60-64,45+,60+,50-64,Non-Black 60+,White 60+,White 45-64,Complete,Call 2,1.0,Some college/assoc. degree,No college degree,More than High school graduate,White no college degree,Unfavorable,Favorable,1.0,Government is doing too many things better left to businesses and individuals,Went too far,Less than 100k,"$30,000 or more",50k or more,50 to 100 thousand,"$50,000-$99,999","$50,000-$99,999","Over $50,000 and white",No,Yes,Worried,Very worried,Disapprove,Strongly disapprove,45+,18-64,Republican,Non-black non-Democrat,All Republicans,Republican,Republican Men,White Republican,Conservative,56.0,Independent/Something else,Conservative Republicans,White,White,State questionnaire,White,White,Midwest,Approve,The Republican Party,Male,White men,Married men,,,South Dakota,Election day exit poll,Before that,Before that,Before that,Before that,Seriously off on the wrong track,Version 1,1.29198408126831,No
79442.0,Dennis Daugaard,Mike Rounds,45-65,60+,60-64,45+,60+,50-64,Non-Black 60+,White 60+,White 45-64,Complete,Call 2,1.0,Some college/assoc. degree,No college degree,More than High school graduate,White no college degree,Unfavorable,Favorable,2.0,Government is doing too many things better left to businesses and individuals,Went too far,100k or more,"$30,000 or more",50k or more,100 thousand or more,"$200,000 or more","$200,000 or more","Over $50,000 and white",No,Yes,Worried,Very worried,Disapprove,Strongly disapprove,45+,18-64,Independent/Something else,Non-black non-Democrat,White Independent,Independent,Independent Women,White Independent,Conservative,82.0,Moderate/Liberal Republicans,Conservative Independents,White,White,State questionnaire,White,White,Midwest,Omit,The Republican Party,Female,White women,Married women,,,South Dakota,Election day exit poll,Before that,Before that,Before that,Before that,Seriously off on the wrong track,Version 1,0.925927460193634,No
79493.0,Dennis Daugaard,Mike Rounds,30-44,30-59,30-39,18-44,30-44,30-39,Non-Black 30-44,White 30-44,White 30-44,Complete,Call 2,1.0,College graduate,College graduate,More than High school graduate,White college degree,Unfavorable,Favorable,1.0,Government is doing too many things better left to businesses and individuals,Went too far,Less than 100k,"$30,000 or more",50k or more,50 to 100 thousand,"$50,000-$99,999","$50,000-$99,999","Over $50,000 and white",No,Yes,Worried,Somewhat worried,Disapprove,Strongly disapprove,18-44,18-64,Republican,Non-black non-Democrat,All Republicans,Republican,Republican Women,White Republican,Conservative,56.0,Independent/Something else,Conservative Republicans,White,White,State questionnaire,White,White,Midwest,Approve,The Republican Party,Female,White women,Married women,,,South Dakota,Election day exit poll,In the last three days,In the last month,In the last week,In the last three days,Seriously off on the wrong track,Version 1,1.22535502910614,No
79537.0,Dennis Daugaard,Mike Rounds,30-44,30-59,30-39,18-44,30-44,30-39,Non-Black 30-44,White 30-44,White 30-44,Complete,Call 2,1.0,College graduate,College graduate,More than High school graduate,White college degree,Unfavorable,Favorable,2.0,Government is doing too many things better left to businesses and individuals,Went too far,Less than 100k,"$30,000 or more",50k or more,50 to 100 thousand,"$50,000-$99,999","$50,000-$99,999","Over $50,000 and white",No,Yes,Not worried,Not too worried,Disapprove,Strongly disapprove,18-44,18-64,Independent/Something else,Non-black non-Democrat,White Independent,Independent,Independent Men,White Independent,Conservative,82.0,Moderate/Liberal Republicans,Conservative Independents,White,White,State questionnaire,White,White,Midwest,Approve,The Republican Party,Male,White men,Married men,,,South Dakota,Election day exit poll,Before that,Before that,Before that,Before that,Seriously off on the wrong track,Version 1,0.966049015522003,No
79556.0,Dennis Daugaard,Mike Rounds,30-44,30-59,40-44,18-44,30-44,40-49,Non-Black 30-44,White 30-44,White 30-44,Complete,Call 2,1.0,,,,,Unfavorable,Favorable,1.0,Government is doing too many things better left to businesses and individuals,Went too far,100k or more,"$30,000 or more",50k or more,100 thousand or more,"$200,000 or more","$200,000 or more","Over $50,000 and white",No,Yes,Worried,Somewhat worried,Disapprove,Strongly disapprove,18-44,18-64,Republican,Non-black non-Democrat,All Republicans,Republican,Republican Women,White Republican,Moderate,53.0,Conservative Republicans,Mod./Liberal Republicans,White,White,State questionnaire,White,White,Midwest,Disapprove,The Republican Party,Female,White women,Married women,,,South Dakota,Election day exit poll,Before that,Before that,Before that,Before that,Seriously off on the wrong track,Version 1,1.0954282283783,No
79626.0,Dennis Daugaard,Mike Rounds,65+,60+,65 or over,45+,60+,65+,Non-Black 60+,White 60+,White 65+,Complete,Call 2,1.0,College graduate,College graduate,More than High school graduate,White college degree,Unfavorable,Favorable,2.0,Government is doing too many things better left to businesses and individuals,Went too far,Less than 100k,"$30,000 or more",50k or more,50 to 100 thousand,"$50,000-$99,999","$50,000-$99,999","Over $50,000 and white",No,Yes,Worried,Very worried,Disapprove,Strongly disapprove,45+,65+,Republican,Non-black non-Democrat,All Republicans,Republican,Republican Women,White Republican,Conservative,82.0,Independent/Something else,Conservative Republicans,White,White,State questionnaire,White,White,Midwest,Omit,The Republican Party,Female,White women,Married women,,,South Dakota,Election day exit poll,In the last three days,In the last month,In the last week,In the last three days,Seriously off on the wrong track,Version 1,0.925927460193634,No
79747.0,Dennis Daugaard,Mike Rounds,45-65,60+,60-64,45+,60+,50-64,Non-Black 60+,White 60+,White 45-64,Complete,Call 2,1.0,College graduate,College graduate,More than High school graduate,White college degree,Unfavorable,Favorable,1.0,Government is doing too many things better left to businesses and individuals,Went too far,100k or more,"$30,000 or more",50k or more,100 thousand or more,"$100,000-$199,999","$100,000-$199,999","Over $50,000 and white",No,Yes,Worried,Very worried,Disapprove,Strongly disapprove,45+,18-64,Republican,Non-black non-Democrat,All Republicans,Republican,Republican Men,White Republican,Moderate,53.0,Conservative Republicans,Mod./Liberal Republicans,White,White,State questionnaire,White,White,Midwest,Disapprove,The Republican Party,Male,White men,Married men,,,South Dakota,Election day exit poll,Before that,Before that,Before that,Before that,Seriously off on the wrong track,Version 1,1.15499258041382,No
79793.0,Dennis Daugaard,Mike Rounds,65+,60+,65 or over,45+,60+,65+,Non-Black 60+,White 60+,White 65+,Complete,Call 2,1.0,Some college/assoc. degree,No college degree,More than High school graduate,White no college degree,Unfavorable,Favorable,2.0,Government is doing too many things better left to businesses and individuals,Went too far,Less than 100k,"$30,000 or more",50k or more,50 to 100 thousand,"$50,000-$99,999","$50,000-$99,999","Over $50,000 and white",No,Yes,Worried,Very worried,Disapprove,Strongly disapprove,45+,65+,Independent/Something else,Non-black non-Democrat,White Independent,Independent,Independent Women,White Independent,Moderate,36.0,Moderate/Liberal Republicans,Moderate Independents,White,White,State questionnaire,White,White,Midwest,Omit,The Republican Party,Female,White women,Married women,,,South Dakota,Election day exit poll,Before that,In the last month,Before that,In the last month,Seriously off on the wrong track,Version 1,1.17003643512726,No
79897.0,Dennis Daugaard,Mike Rounds,65+,60+,65 or over,45+,60+,65+,Non-Black 60+,White 60+,White 65+,Complete,Call 2,1.0,High school graduate,No college degree,High school graduate or less,White no college degree,Unfavorable,Favorable,2.0,Government is doing too many things better left to businesses and individuals,Went too far,,,,,,,,No,No,Worried,Somewhat worried,Disapprove,Strongly disapprove,45+,65+,Republican,Non-black non-Democrat,All Republicans,Republican,Republican Women,White Republican,Conservative,36.0,Independent/Something else,Conservative Republicans,White,White,State questionnaire,White,White,Midwest,Approve,The Republican Party,Female,White women,Non married women,,,South Dakota,Election day exit poll,Before that,Before that,Before that,Before that,Seriously off on the wrong track,Version 1,1.17003643512726,
79921.0,Dennis Daugaard,Mike Rounds,45-65,30-59,50-59,45+,45-59,50-64,Non-Black 45-59,White 45-59,White 45-64,Complete,Call 2,1.0,Postgraduate study,College graduate,More than High school graduate,White college degree,Unfavorable,Favorable,1.0,Government is doing too many things better left to businesses and individuals,Went too far,100k or more,"$30,000 or more",50k or more,100 thousand or more,"$200,000 or more","$200,000 or more","Over $50,000 and white",No,Yes,Worried,Somewhat worried,Disapprove,Somewhat disapprove,45+,18-64,Republican,Non-black non-Democrat,All Republicans,Republican,Republican Men,White Republican,Conservative,56.0,Independent/Something else,Conservative Republicans,White,White,State questionnaire,White,White,Midwest,Disapprove,The Republican Party,Male,White men,Married men,,,South Dakota,Election day exit poll,Before that,In the last month,In the last week,In the last week,Generally going in the right direction,Version 1,1.28519976139069,No
80057.0,Dennis Daugaard,Mike Rounds,45-65,30-59,50-59,45+,45-59,50-64,Non-Black 45-59,White 45-59,White 45-64,Complete,Call 2,1.0,Some college/assoc. degree,No college degree,More than High school graduate,White no college degree,Unfavorable,Favorable,3.0,Government is doing too many things better left to businesses and individuals,Went too far,Less than 100k,"$30,000 or more",50k or more,50 to 100 thousand,"$50,000-$99,999","$50,000-$99,999","Over $50,000 and white",No,Yes,Worried,Very worried,Disapprove,Strongly disapprove,45+,18-64,Republican,Non-black non-Democrat,All Republicans,Republican,Republican Women,White Republican,Conservative,7.0,Independent/Something else,Conservative Republicans,White,White,State questionnaire,White,White,Midwest,Approve,The Republican Party,Female,White women,Married women,,,South Dakota,Election day exit poll,Before that,Before that,Before that,Before that,Seriously off on the wrong track,Version 1,1.00660967826843,No
80092.0,Dennis Daugaard,Mike Rounds,65+,60+,65 or over,45+,60+,65+,Non-Black 60+,White 60+,White 65+,Complete,Call 2,1.0,Postgraduate study,College graduate,More than High school graduate,White college degree,Unfavorable,Favorable,2.0,Government is doing too many things better left to businesses and individuals,Went too far,Less than 100k,"$30,000 or more",Less than 50k,Less than 50 thousand,"Under $50,000","$30,000-$49,999","Under $50,000 and white",No,No,Worried,Somewhat worried,Disapprove,Strongly disapprove,45+,65+,Republican,Non-black non-Democrat,All Republicans,Republican,Republican Women,White Republican,Conservative,36.0,Independent/Something else,Conservative Republicans,White,White,State questionnaire,White,White,Midwest,Disapprove,The Republican Party,Female,White women,Non married women,,,South Dakota,Election day exit poll,Before that,Before that,Before that,Before that,Seriously off on the wrong track,Version 1,1.17003643512726,No
80216.0,Dennis Daugaard,Mike Rounds,45-65,30-59,50-59,45+,45-59,50-64,Non-Black 45-59,White 45-59,White 45-64,Complete,Call 2,1.0,College graduate,College graduate,More than High school graduate,White college degree,Unfavorable,Favorable,2.0,Government is doing too many things better left to businesses and individuals,Went too far,100k or more,"$30,000 or more",50k or more,100 thousand or more,"$200,000 or more","$200,000 or more","Over $50,000 and white",No,Yes,Worried,Very worried,Disapprove,Strongly disapprove,45+,18-64,Republican,Non-black non-Democrat,All Republicans,Republican,Republican Women,White Republican,Conservative,82.0,Independent/Something else,Conservative Republicans,White,White,State questionnaire,White,White,Midwest,Omit,The Republican Party,Female,White women,Married women,,,South Dakota,Election day exit poll,Before that,Before that,Before that,Before that,Seriously off on the wrong track,Version 1,0.921065330505371,No
80232.0,Dennis Daugaard,Mike Rounds,45-65,30-59,45-49,45+,45-59,40-49,Non-Black 45-59,White 45-59,White 45-64,Complete,Call 2,1.0,Some college/assoc. degree,No college degree,More than High school graduate,White no college degree,Unfavorable,Favorable,2.0,Government is doing too many things better left to businesses and individuals,Went too far,Less than 100k,"$30,000 or more",50k or more,50 to 100 thousand,"$50,000-$99,999","$50,000-$99,999","Over $50,000 and white",No,Yes,Worried,Somewhat worried,Disapprove,Strongly disapprove,45+,18-64,Republican,Non-black non-Democrat,All Republicans,Republican,Republican Men,White Republican,Conservative,36.0,Independent/Something else,Conservative Republicans,White,White,State questionnaire,White,White,Midwest,Approve,The Republican Party,Male,White men,Married men,,,South Dakota,Election day exit poll,Before that,In the last month,Before that,In the last month,Seriously off on the wrong track,Version 1,1.22073554992676,No
80337.0,Dennis Daugaard,Mike Rounds,65+,60+,65 or over,45+,60+,65+,Non-Black 60+,White 60+,White 65+,Complete,Call 2,1.0,College graduate,College graduate,More than High school graduate,White college degree,Unfavorable,Favorable,3.0,Government is doing too many things better left to businesses and individuals,Was about right,Less than 100k,"$30,000 or more",50k or more,50 to 100 thousand,"$50,000-$99,999","$50,000-$99,999","Over $50,000 and white",No,Yes,Worried,Somewhat worried,Approve,Somewhat approve,45+,65+,Republican,Non-black non-Democrat,All Republicans,Republican,Republican Men,White Republican,Moderate,26.0,Conservative Republicans,Mod./Liberal Republicans,White,White,State questionnaire,White,White,Midwest,Approve,The Republican Party,Male,White men,Married men,,,South Dakota,Election day exit poll,Before that,Before that,Before that,Before that,Generally going in the right direction,Version 1,1.13825356960297,No
80373.0,Dennis Daugaard,Mike Rounds,30-44,30-59,30-39,18-44,30-44,30-39,Non-Black 30-44,White 30-44,White 30-44,Complete,Call 2,1.0,College graduate,College graduate,More than High school graduate,White college degree,Unfavorable,Favorable,2.0,Government is doing too many things better left to businesses and individuals,Went too far,Less than 100k,"$30,000 or more",50k or more,50 to 100 thousand,"$50,000-$99,999","$50,000-$99,999","Over $50,000 and white",No,Yes,Worried,Very worried,Disapprove,Strongly disapprove,18-44,18-64,Republican,Non-black non-Democrat,All Republicans,Republican,Republican Women,White Republican,Conservative,82.0,Independent/Something else,Conservative Republicans,White,White,State questionnaire,White,White,Midwest,Disapprove,The Republican Party,Female,White women,Married women,,,South Dakota,Election day exit poll,Before that,Before that,Before that,Before that,Seriously off on the wrong track,Version 1,0.921065330505371,No
80403.0,Dennis Daugaard,Mike Rounds,65+,60+,65 or over,45+,60+,65+,Non-Black 60+,White 60+,White 65+,Complete,Call 2,1.0,College graduate,College graduate,More than High school graduate,White college degree,Unfavorable,Favorable,3.0,Government is doing too many things better left to businesses and individuals,Went too far,Less than 100k,"$30,000 or more",50k or more,50 to 100 thousand,"$50,000-$99,999","$50,000-$99,999","Over $50,000 and white",No,,Not worried,Not too worried,Disapprove,Strongly disapprove,45+,65+,Republican,Non-black non-Democrat,All Republicans,Republican,Republican Men,White Republican,Moderate,26.0,Conservative Republicans,Mod./Liberal Republicans,White,White,State questionnaire,White,White,Midwest,Approve,The Republican Party,Male,White men,,,,South Dakota,Election day exit poll,Before that,Before that,Before that,Before that,Generally going in the right direction,Version 1,1.13825356960297,No
80409.0,Dennis Daugaard,Mike Rounds,45-65,60+,60-64,45+,60+,50-64,Non-Black 60+,White 60+,White 45-64,Complete,Call 2,1.0,High school graduate,No college degree,High school graduate or less,White no college degree,Unfavorable,Favorable,2.0,Government is doing too many things better left to businesses and individuals,Went too far,Less than 100k,"Under $30,000",Less than 50k,Less than 50 thousand,"Under $50,000","Under $30,000","Under $50,000 and white",No,No,Worried,Very worried,Disapprove,Strongly disapprove,45+,18-64,Republican,Non-black non-Democrat,All Republicans,Republican,Republican Women,White Republican,Conservative,36.0,Independent/Something else,Conservative Republicans,White,White,State questionnaire,White,White,Midwest,Disapprove,The Republican Party,Female,White women,Non married women,,,South Dakota,Election day exit poll,Before that,Before that,Before that,Before that,Seriously off on the wrong track,Version 1,1.17003643512726,Yes
80456.0,Dennis Daugaard,Mike Rounds,45-65,30-59,50-59,45+,45-59,50-64,Non-Black 45-59,White 45-59,White 45-64,Complete,Call 2,1.0,Postgraduate study,College graduate,More than High school graduate,White college degree,Unfavorable,Favorable,3.0,Government is doing too many things better left to businesses and individuals,Did not go far enough,100k or more,"$30,000 or more",50k or more,100 thousand or more,"$100,000-$199,999","$100,000-$199,999","Over $50,000 and white",No,No,Worried,Very worried,Disapprove,Strongly disapprove,45+,18-64,Republican,Non-black non-Democrat,All Republicans,Republican,Republican Men,White Republican,Conservative,7.0,Independent/Something else,Conservative Republicans,White,White,State questionnaire,White,White,Midwest,Approve,The Republican Party,Male,White men,Non married men,,,South Dakota,Election day exit poll,Before that,In the last month,Before that,In the last month,Seriously off on the wrong track,Version 1,1.05577123165131,No
80461.0,Dennis Daugaard,Mike Rounds,45-65,30-59,45-49,45+,45-59,40-49,Non-Black 45-59,White 45-59,White 45-64,Complete,Call 2,1.0,College graduate,College graduate,More than High school graduate,White college degree,Unfavorable,Favorable,3.0,Government is doing too many things better left to businesses and individuals,Went too far,100k or more,"$30,000 or more",50k or more,100 thousand or more,"$100,000-$199,999","$100,000-$199,999","Over $50,000 and white",No,Yes,Worried,Very worried,Disapprove,Strongly disapprove,45+,18-64,Republican,Non-black non-Democrat,All Republicans,Republican,Republican Men,White Republican,Moderate,26.0,Conservative Republicans,Mod./Liberal Republicans,White,White,State questionnaire,White,White,Midwest,Omit,The Republican Party,Male,White men,Married men,,,South Dakota,Election day exit poll,In the last three days,In the last month,In the last week,In the last three days,Seriously off on the wrong track,Version 1,1.13227641582489,No
80532.0,Dennis Daugaard,Mike Rounds,18-29,18-29,25-29,18-44,18-29,25-29,Non-Black 18-29,White 18-29,White 18-29,Complete,Call 2,1.0,Some college/assoc. degree,No college degree,More than High school graduate,White no college degree,Unfavorable,Favorable,3.0,Government is doing too many things better left to businesses and individuals,Went too far,100k or more,"$30,000 or more",50k or more,100 thousand or more,"$100,000-$199,999","$100,000-$199,999","Over $50,000 and white",No,Yes,Worried,Somewhat worried,Disapprove,Strongly disapprove,18-44,18-64,Independent/Something else,Non-black non-Democrat,White Independent,Independent,Independent Men,White Independent,Conservative,26.0,Moderate/Liberal Republicans,Conservative Independents,White,White,State questionnaire,White,White,Midwest,Disapprove,The Republican Party,Male,White men,Married men,,,South Dakota,Election day exit poll,Before that,In the last month,Before that,In the last month,Seriously off on the wrong track,Version 1,1.59999513626099,No
80583.0,Dennis Daugaard,Mike Rounds,45-65,30-59,50-59,45+,45-59,50-64,Non-Black 45-59,White 45-59,White 45-64,Complete,Call 2,1.0,Postgraduate study,College graduate,More than High school graduate,White college degree,Unfavorable,Favorable,3.0,Government is doing too many things better left to businesses and individuals,Went too far,100k or more,"$30,000 or more",50k or more,100 thousand or more,"$100,000-$199,999","$100,000-$199,999","Over $50,000 and white",No,Yes,Worried,Very worried,Disapprove,Strongly disapprove,45+,18-64,Republican,Non-black non-Democrat,All Republicans,Republican,Republican Women,White Republican,Moderate,26.0,Conservative Republicans,Mod./Liberal Republicans,White,White,State questionnaire,White,White,Midwest,Disapprove,The Republican Party,Female,White women,Married women,,,South Dakota,Election day exit poll,Before that,Before that,Before that,Before that,Seriously off on the wrong track,Version 1,1.07955241203308,No
80651.0,Dennis Daugaard,Mike Rounds,18-29,18-29,25-29,18-44,18-29,25-29,Non-Black 18-29,White 18-29,White 18-29,Complete,Call 2,1.0,College graduate,College graduate,More than High school graduate,White college degree,Unfavorable,Favorable,3.0,Government is doing too many things better left to businesses and individuals,Went too far,Less than 100k,"$30,000 or more",50k or more,50 to 100 thousand,"$50,000-$99,999","$50,000-$99,999","Over $50,000 and white",No,No,Worried,Somewhat worried,Disapprove,Strongly disapprove,18-44,18-64,Republican,Non-black non-Democrat,All Republicans,Republican,Republican Men,White Republican,Conservative,7.0,Independent/Something else,Conservative Republicans,White,White,State questionnaire,White,White,Midwest,Approve,The Republican Party,Male,White men,Non married men,,,South Dakota,Election day exit poll,Before that,In the last month,Before that,In the last month,Seriously off on the wrong track,Version 1,1.49188733100891,No
80693.0,Dennis Daugaard,Mike Rounds,18-29,18-29,25-29,18-44,18-29,25-29,Non-Black 18-29,White 18-29,White 18-29,Complete,Call 2,1.0,College graduate,College graduate,More than High school graduate,White college degree,Unfavorable,Favorable,3.0,Government is doing too many things better left to businesses and individuals,Went too far,100k or more,"$30,000 or more",50k or more,100 thousand or more,"$100,000-$199,999","$100,000-$199,999","Over $50,000 and white",No,Yes,Worried,Very worried,Disapprove,Strongly disapprove,18-44,18-64,Republican,Non-black non-Democrat,All Republicans,Republican,Republican Men,White Republican,Conservative,26.0,Independent/Something else,Conservative Republicans,White,White,State questionnaire,White,White,Midwest,Approve,The Republican Party,Male,White men,Married men,,,South Dakota,Election day exit poll,Before that,In the last month,Before that,In the last month,Seriously off on the wrong track,Version 1,1.59999513626099,No
80744.0,Dennis Daugaard,Mike Rounds,30-44,30-59,30-39,18-44,30-44,30-39,Non-Black 30-44,White 30-44,White 30-44,Complete,Call 2,1.0,College graduate,College graduate,More than High school graduate,White college degree,Unfavorable,Favorable,2.0,Government is doing too many things better left to businesses and individuals,Went too far,100k or more,"$30,000 or more",50k or more,100 thousand or more,"$100,000-$199,999","$100,000-$199,999","Over $50,000 and white",No,Yes,Worried,Somewhat worried,Disapprove,Somewhat disapprove,18-44,18-64,Republican,Non-black non-Democrat,All Republicans,Republican,Republican Women,White Republican,Liberal,36.0,Conservative Republicans,Mod./Liberal Republicans,White,White,State questionnaire,White,White,Midwest,Disapprove,The Republican Party,Female,White women,Married women,,,South Dakota,Election day exit poll,Before that,Before that,Before that,Before that,Seriously off on the wrong track,Version 1,1.1638925075531,No
80784.0,Dennis Daugaard,Mike Rounds,45-65,30-59,50-59,45+,45-59,50-64,Non-Black 45-59,White 45-59,White 45-64,Complete,Call 2,1.0,Some college/assoc. degree,No college degree,More than High school graduate,White no college degree,Unfavorable,Favorable,3.0,Government is doing too many things better left to businesses and individuals,Went too far,Less than 100k,"$30,000 or more",Less than 50k,Less than 50 thousand,"Under $50,000","$30,000-$49,999","Under $50,000 and white",No,No,Worried,Very worried,Disapprove,Strongly disapprove,45+,18-64,Republican,Non-black non-Democrat,All Republicans,Republican,Republican Women,White Republican,Conservative,26.0,Independent/Something else,Conservative Republicans,White,White,State questionnaire,White,White,Midwest,Approve,The Republican Party,Female,White women,Non married women,,,South Dakota,Election day exit poll,Before that,Before that,Before that,Before that,Seriously off on the wrong track,Version 1,1.07955241203308,Yes
80821.0,Dennis Daugaard,Mike Rounds,45-65,30-59,50-59,45+,45-59,50-64,Non-Black 45-59,White 45-59,White 45-64,Complete,Call 2,1.0,Some college/assoc. degree,No college degree,More than High school graduate,White no college degree,Unfavorable,Favorable,3.0,Government is doing too many things better left to businesses and individuals,Went too far,Less than 100k,"Under $30,000",Less than 50k,Less than 50 thousand,"Under $50,000","Under $30,000","Under $50,000 and white",No,No,Worried,Very worried,Disapprove,Strongly disapprove,45+,18-64,Republican,Non-black non-Democrat,All Republicans,Republican,Republican Women,White Republican,Conservative,26.0,Independent/Something else,Conservative Republicans,White,White,State questionnaire,White,White,Midwest,Disapprove,The Republican Party,Female,White women,Non married women,,,South Dakota,Election day exit poll,Before that,In the last month,Before that,In the last month,Seriously off on the wrong track,Version 1,1.07955241203308,Yes
80984.0,Dennis Daugaard,Mike Rounds,45-65,30-59,45-49,45+,45-59,40-49,Non-Black 45-59,White 45-59,White 45-64,Complete,Call 2,1.0,College graduate,College graduate,More than High school graduate,White college degree,Unfavorable,Favorable,3.0,Government is doing too many things better left to businesses and individuals,Went too far,100k or more,"$30,000 or more",50k or more,100 thousand or more,"$100,000-$199,999","$100,000-$199,999","Over $50,000 and white",No,Yes,Not worried,Not too worried,Disapprove,Strongly disapprove,45+,18-64,Republican,Non-black non-Democrat,All Republicans,Republican,Republican Women,White Republican,Conservative,26.0,Independent/Something else,Conservative Republicans,White,White,State questionnaire,White,White,Midwest,Disapprove,The Republican Party,Female,White women,Married women,,,South Dakota,Election day exit poll,In the last three days,In the last month,In the last week,In the last three days,Omit,Version 1,1.07955241203308,No
81034.0,Dennis Daugaard,Mike Rounds,45-65,30-59,50-59,45+,45-59,50-64,Non-Black 45-59,White 45-59,White 45-64,Complete,Call 2,1.0,Some college/assoc. degree,No college degree,More than High school graduate,White no college degree,Unfavorable,Favorable,3.0,Government is doing too many things better left to businesses and individuals,Went too far,Less than 100k,"$30,000 or more",Less than 50k,Less than 50 thousand,"Under $50,000","$30,000-$49,999","Under $50,000 and white",No,No,Worried,Very worried,Disapprove,Strongly disapprove,45+,18-64,Republican,Non-black non-Democrat,All Republicans,Republican,Republican Men,White Republican,Conservative,26.0,Independent/Something else,Conservative Republicans,White,White,State questionnaire,White,White,Midwest,Omit,The Republican Party,Male,White men,Non married men,,,South Dakota,Election day exit poll,In the last three days,In the last month,In the last week,In the last three days,Seriously off on the wrong track,Version 1,1.13227641582489,Yes
81035.0,Dennis Daugaard,Mike Rounds,18-29,18-29,18-24,18-44,18-29,18-24,Non-Black 18-29,White 18-29,White 18-29,Complete,Call 2,1.0,Some college/assoc. degree,No college degree,More than High school graduate,White no college degree,Unfavorable,Favorable,2.0,Government is doing too many things better left to businesses and individuals,Went too far,100k or more,"$30,000 or more",50k or more,100 thousand or more,"$100,000-$199,999","$100,000-$199,999","Over $50,000 and white",No,No,Worried,Somewhat worried,Disapprove,Strongly disapprove,18-44,18-64,Republican,Non-black non-Democrat,All Republicans,Republican,Republican Women,White Republican,Conservative,5.0,Independent/Something else,Conservative Republicans,White,White,State questionnaire,White,White,Midwest,Omit,The Republican Party,Female,White women,Non married women,,,South Dakota,Election day exit poll,Before that,Before that,Before that,Before that,Seriously off on the wrong track,Version 1,1.94923973083496,No
81076.0,Dennis Daugaard,Mike Rounds,45-65,60+,60-64,45+,60+,50-64,Non-Black 60+,White 60+,White 45-64,Complete,Call 2,1.0,High school graduate,No college degree,High school graduate or less,White no college degree,Unfavorable,Favorable,3.0,Government is doing too many things better left to businesses and individuals,Went too far,Less than 100k,"$30,000 or more",50k or more,50 to 100 thousand,"$50,000-$99,999","$50,000-$99,999","Over $50,000 and white",No,Yes,Worried,Somewhat worried,Disapprove,Strongly disapprove,45+,18-64,Republican,Non-black non-Democrat,All Republicans,Republican,Republican Women,White Republican,Conservative,26.0,Independent/Something else,Conservative Republicans,White,White,State questionnaire,White,White,Midwest,Approve,The Republican Party,Female,White women,Married women,,,South Dakota,Election day exit poll,Before that,In the last month,Before that,In the last month,Generally going in the right direction,Version 1,1.08525121212006,No
81104.0,Dennis Daugaard,Mike Rounds,65+,60+,65 or over,45+,60+,65+,Non-Black 60+,White 60+,White 65+,Complete,Call 2,1.0,College graduate,College graduate,More than High school graduate,White college degree,Unfavorable,Favorable,2.0,Government is doing too many things better left to businesses and individuals,Went too far,Less than 100k,"$30,000 or more",50k or more,50 to 100 thousand,"$50,000-$99,999","$50,000-$99,999","Over $50,000 and white",No,Yes,Worried,Somewhat worried,Disapprove,Somewhat disapprove,45+,65+,Republican,Non-black non-Democrat,All Republicans,Republican,Republican Men,White Republican,Conservative,5.0,Independent/Something else,Conservative Republicans,White,White,State questionnaire,White,White,Midwest,Approve,The Republican Party,Male,White men,Married men,,,South Dakota,Election day exit poll,Before that,Before that,Before that,Before that,Seriously off on the wrong track,Version 1,1.45443499088287,No
81141.0,Dennis Daugaard,Mike Rounds,45-65,30-59,45-49,45+,45-59,40-49,Non-Black 45-59,White 45-59,White 45-64,Complete,Call 2,1.0,Some college/assoc. degree,No college degree,More than High school graduate,White no college degree,Unfavorable,Favorable,3.0,Government is doing too many things better left to businesses and individuals,Went too far,Less than 100k,"$30,000 or more",Less than 50k,Less than 50 thousand,"Under $50,000","$30,000-$49,999","Under $50,000 and white",No,Yes,Worried,Very worried,Disapprove,Strongly disapprove,45+,18-64,Independent/Something else,Non-black non-Democrat,White Independent,Independent,Independent Men,White Independent,Moderate,7.0,Moderate/Liberal Republicans,Moderate Independents,White,White,State questionnaire,White,White,Midwest,Omit,The Republican Party,Male,White men,Married men,,,South Dakota,Election day exit poll,Before that,Before that,Before that,Before that,Seriously off on the wrong track,Version 1,1.05577123165131,Yes
81142.0,Dennis Daugaard,Mike Rounds,45-65,30-59,45-49,45+,45-59,40-49,Non-Black 45-59,White 45-59,White 45-64,Complete,Call 2,1.0,Some college/assoc. degree,No college degree,More than High school graduate,White no college degree,Unfavorable,Favorable,3.0,Government is doing too many things better left to businesses and individuals,Went too far,Less than 100k,"$30,000 or more",Less than 50k,Less than 50 thousand,"Under $50,000","$30,000-$49,999","Under $50,000 and white",No,Yes,Worried,Very worried,Disapprove,Strongly disapprove,45+,18-64,Independent/Something else,Non-black non-Democrat,White Independent,Independent,Independent Men,White Independent,Moderate,7.0,Moderate/Liberal Republicans,Moderate Independents,White,White,State questionnaire,White,White,Midwest,Omit,The Republican Party,Male,White men,Married men,,,South Dakota,Election day exit poll,Before that,Before that,Before that,Before that,Seriously off on the wrong track,Version 1,1.05577123165131,Yes
81160.0,Dennis Daugaard,Mike Rounds,65+,60+,65 or over,45+,60+,65+,Non-Black 60+,White 60+,White 65+,Complete,Call 2,1.0,Some college/assoc. degree,No college degree,More than High school graduate,White no college degree,Unfavorable,Favorable,2.0,Government is doing too many things better left to businesses and individuals,Went too far,Less than 100k,"$30,000 or more",Less than 50k,Less than 50 thousand,"Under $50,000","$30,000-$49,999","Under $50,000 and white",No,Yes,Worried,Very worried,Disapprove,Strongly disapprove,45+,65+,Republican,Non-black non-Democrat,All Republicans,Republican,Republican Men,White Republican,Conservative,36.0,Independent/Something else,Conservative Republicans,White,White,State questionnaire,White,White,Midwest,Approve,The Republican Party,Male,White men,Married men,,,South Dakota,Election day exit poll,Before that,Before that,Before that,Before that,Seriously off on the wrong track,Version 1,1.22717952728271,Yes
81229.0,Dennis Daugaard,Mike Rounds,30-44,30-59,40-44,18-44,30-44,40-49,Non-Black 30-44,White 30-44,White 30-44,Complete,Call 2,1.0,College graduate,College graduate,More than High school graduate,White college degree,Unfavorable,Favorable,2.0,Government is doing too many things better left to businesses and individuals,Went too far,100k or more,"$30,000 or more",50k or more,100 thousand or more,"$100,000-$199,999","$100,000-$199,999","Over $50,000 and white",No,Yes,Worried,Somewhat worried,Disapprove,Strongly disapprove,18-44,18-64,Republican,Non-black non-Democrat,All Republicans,Republican,Republican Women,White Republican,Conservative,5.0,Independent/Something else,Conservative Republicans,White,White,State questionnaire,White,White,Midwest,Disapprove,The Republican Party,Female,White women,Married women,,,South Dakota,Election day exit poll,Before that,Before that,Before that,Before that,Seriously off on the wrong track,Version 1,1.37942814826965,No
81329.0,Dennis Daugaard,Mike Rounds,65+,60+,65 or over,45+,60+,65+,Non-Black 60+,White 60+,White 65+,Complete,Call 2,1.0,High school graduate,No college degree,High school graduate or less,White no college degree,Unfavorable,Favorable,2.0,Government is doing too many things better left to businesses and individuals,Went too far,Less than 100k,"$30,000 or more",50k or more,50 to 100 thousand,"$50,000-$99,999","$50,000-$99,999","Over $50,000 and white",No,Yes,Worried,Very worried,Disapprove,Strongly disapprove,45+,65+,Republican,Non-black non-Democrat,All Republicans,Republican,Republican Women,White Republican,Conservative,36.0,Independent/Something else,Conservative Republicans,White,White,State questionnaire,White,White,Midwest,Approve,The Republican Party,Female,White women,Married women,,,South Dakota,Election day exit poll,Before that,Before that,Before that,Before that,Seriously off on the wrong track,Version 1,1.17003643512726,No
81416.0,Dennis Daugaard,Mike Rounds,30-44,30-59,30-39,18-44,30-44,30-39,Non-Black 30-44,White 30-44,White 30-44,Complete,Call 2,1.0,Postgraduate study,College graduate,More than High school graduate,White college degree,Unfavorable,Favorable,2.0,Government is doing too many things better left to businesses and individuals,Went too far,Less than 100k,"$30,000 or more",50k or more,50 to 100 thousand,"$50,000-$99,999","$50,000-$99,999","Over $50,000 and white",No,Yes,Worried,Very worried,Disapprove,Strongly disapprove,18-44,18-64,Republican,Non-black non-Democrat,All Republicans,Republican,Republican Women,White Republican,Moderate,36.0,Conservative Republicans,Mod./Liberal Republicans,White,White,State questionnaire,White,White,Midwest,Omit,The Republican Party,Female,White women,Married women,,,South Dakota,Election day exit poll,Before that,In the last month,In the last week,In the last week,Seriously off on the wrong track,Version 1,1.1638925075531,No
81430.0,Dennis Daugaard,Mike Rounds,30-44,30-59,30-39,18-44,30-44,30-39,Non-Black 30-44,White 30-44,White 30-44,Complete,Call 2,1.0,College graduate,College graduate,More than High school graduate,White college degree,Unfavorable,Favorable,2.0,Government is doing too many things better left to businesses and individuals,Went too far,Less than 100k,"$30,000 or more",50k or more,50 to 100 thousand,"$50,000-$99,999","$50,000-$99,999","Over $50,000 and white",No,Yes,Worried,Very worried,Disapprove,Strongly disapprove,18-44,18-64,Republican,Non-black non-Democrat,All Republicans,Republican,Republican Women,White Republican,Conservative,5.0,Independent/Something else,Conservative Republicans,White,White,State questionnaire,White,White,Midwest,Approve,The Republican Party,Female,White women,Married women,,,South Dakota,Election day exit poll,Before that,Before that,Before that,Before that,Seriously off on the wrong track,Version 1,1.37942814826965,No
81672.0,Dennis Daugaard,Mike Rounds,18-29,18-29,18-24,18-44,18-29,18-24,Non-Black 18-29,White 18-29,White 18-29,Complete,Call 2,1.0,College graduate,College graduate,More than High school graduate,White college degree,Unfavorable,Favorable,2.0,Government is doing too many things better left to businesses and individuals,Was about right,Less than 100k,"$30,000 or more",Less than 50k,Less than 50 thousand,"Under $50,000","$30,000-$49,999","Under $50,000 and white",No,No,Not worried,Not too worried,Disapprove,Somewhat disapprove,18-44,18-64,Republican,Non-black non-Democrat,All Republicans,Republican,Republican Women,White Republican,Moderate,36.0,Conservative Republicans,Mod./Liberal Republicans,White,White,State questionnaire,White,White,Midwest,Disapprove,The Republican Party,Female,White women,Non married women,,,South Dakota,Election day exit poll,Before that,In the last month,Before that,In the last month,Generally going in the right direction,Version 1,1.64467096328735,No
81674.0,Dennis Daugaard,Mike Rounds,18-29,18-29,18-24,18-44,18-29,18-24,Non-Black 18-29,White 18-29,White 18-29,Complete,Call 2,1.0,College graduate,College graduate,More than High school graduate,White college degree,Unfavorable,Favorable,2.0,Government is doing too many things better left to businesses and individuals,Was about right,Less than 100k,"$30,000 or more",Less than 50k,Less than 50 thousand,"Under $50,000","$30,000-$49,999","Under $50,000 and white",No,No,Not worried,Not too worried,Disapprove,Somewhat disapprove,18-44,18-64,Republican,Non-black non-Democrat,All Republicans,Republican,Republican Women,White Republican,Moderate,36.0,Conservative Republicans,Mod./Liberal Republicans,White,White,State questionnaire,White,White,Midwest,Disapprove,The Republican Party,Female,White women,Non married women,,,South Dakota,Election day exit poll,Before that,In the last month,Before that,In the last month,Generally going in the right direction,Version 1,1.64467096328735,No
82151.0,Dennis Daugaard,Mike Rounds,45-65,30-59,50-59,45+,45-59,50-64,Non-Black 45-59,White 45-59,White 45-64,Complete,Call 2,1.0,Some college/assoc. degree,No college degree,More than High school graduate,White no college degree,Unfavorable,Favorable,2.0,Government is doing too many things better left to businesses and individuals,Did not go far enough,100k or more,"$30,000 or more",50k or more,100 thousand or more,"$100,000-$199,999","$100,000-$199,999","Over $50,000 and white",No,Yes,Worried,Very worried,Disapprove,Strongly disapprove,45+,18-64,Republican,Non-black non-Democrat,All Republicans,Republican,Republican Men,White Republican,Conservative,5.0,Independent/Something else,Conservative Republicans,White,White,State questionnaire,White,White,Midwest,Disapprove,The Republican Party,Male,White men,Married men,,,South Dakota,Election day exit poll,Before that,In the last month,Before that,In the last month,Generally going in the right direction,Version 1,1.44679772853851,No
82305.0,Dennis Daugaard,Mike Rounds,45-65,30-59,45-49,45+,45-59,40-49,Non-Black 45-59,White 45-59,White 45-64,Complete,Call 2,1.0,Postgraduate study,College graduate,More than High school graduate,White college degree,Unfavorable,Favorable,2.0,Government is doing too many things better left to businesses and individuals,Went too far,100k or more,"$30,000 or more",50k or more,100 thousand or more,"$200,000 or more","$200,000 or more","Over $50,000 and white",No,Yes,Not worried,Not too worried,Disapprove,Somewhat disapprove,45+,18-64,Republican,Non-black non-Democrat,All Republicans,Republican,Republican Women,White Republican,Conservative,5.0,Independent/Something else,Conservative Republicans,White,White,State questionnaire,White,White,Midwest,Omit,The Republican Party,Female,White women,Married women,,,South Dakota,Election day exit poll,Before that,Before that,Before that,Before that,Seriously off on the wrong track,Version 1,1.37942814826965,No
83011.0,Dennis Daugaard,Mike Rounds,65+,60+,65 or over,45+,60+,65+,Non-Black 60+,White 60+,White 65+,Complete,Call 2,1.0,No high school diploma,No college degree,High school graduate or less,White no college degree,Unfavorable,Favorable,4.0,Government is doing too many things better left to businesses and individuals,Went too far,Less than 100k,"Under $30,000",Less than 50k,Less than 50 thousand,"Under $50,000","Under $30,000","Under $50,000 and white",No,Yes,Worried,Very worried,Disapprove,Strongly disapprove,45+,65+,Republican,Non-black non-Democrat,All Republicans,Republican,Republican Men,White Republican,Moderate,40.0,Conservative Republicans,Mod./Liberal Republicans,White,White,State questionnaire,White,White,Midwest,Disapprove,The Republican Party,Male,White men,Married men,,,South Dakota,Election day exit poll,Before that,In the last month,In the last week,In the last week,Seriously off on the wrong track,Version 1,1.74532210826874,Yes
83096.0,Dennis Daugaard,Mike Rounds,65+,60+,65 or over,45+,60+,65+,Non-Black 60+,White 60+,White 65+,Complete,Call 2,1.0,Some college/assoc. degree,No college degree,More than High school graduate,White no college degree,Unfavorable,Favorable,4.0,Government is doing too many things better left to businesses and individuals,Went too far,Less than 100k,"$30,000 or more",Less than 50k,Less than 50 thousand,"Under $50,000","$30,000-$49,999","Under $50,000 and white",No,Yes,Worried,Very worried,Disapprove,Strongly disapprove,45+,65+,Republican,Non-black non-Democrat,All Republicans,Republican,Republican Men,White Republican,Moderate,40.0,Conservative Republicans,Mod./Liberal Republicans,White,White,State questionnaire,White,White,Midwest,Disapprove,The Republican Party,Male,White men,Married men,,,South Dakota,Election day exit poll,Before that,In the last month,Before that,In the last month,Seriously off on the wrong track,Version 1,1.74532210826874,Yes
83123.0,Dennis Daugaard,Mike Rounds,65+,60+,65 or over,45+,60+,65+,Non-Black 60+,White 60+,White 65+,Complete,Call 2,1.0,Some college/assoc. degree,No college degree,More than High school graduate,White no college degree,Unfavorable,Favorable,4.0,Government is doing too many things better left to businesses and individuals,Went too far,Less than 100k,"$30,000 or more",Less than 50k,Less than 50 thousand,"Under $50,000","$30,000-$49,999","Under $50,000 and white",No,Yes,Worried,Very worried,Disapprove,Strongly disapprove,45+,65+,Republican,Non-black non-Democrat,All Republicans,Republican,Republican Men,White Republican,Moderate,40.0,Conservative Republicans,Mod./Liberal Republicans,White,White,State questionnaire,White,White,Midwest,Disapprove,The Republican Party,Male,White men,Married men,,,South Dakota,Election day exit poll,Before that,In the last month,Before that,In the last month,Seriously off on the wrong track,Version 1,1.74532210826874,Yes
83149.0,Dennis Daugaard,Mike Rounds,45-65,60+,60-64,45+,60+,50-64,Non-Black 60+,White 60+,White 45-64,Complete,Call 2,1.0,High school graduate,No college degree,High school graduate or less,White no college degree,Unfavorable,Favorable,4.0,Government is doing too many things better left to businesses and individuals,Went too far,Less than 100k,"Under $30,000",Less than 50k,Less than 50 thousand,"Under $50,000","Under $30,000","Under $50,000 and white",No,Yes,Worried,Very worried,Disapprove,Strongly disapprove,45+,18-64,Republican,Non-black non-Democrat,All Republicans,Republican,Republican Women,White Republican,Moderate,40.0,Conservative Republicans,Mod./Liberal Republicans,White,White,State questionnaire,White,White,Midwest,Disapprove,The Republican Party,Female,White women,Married women,,,South Dakota,Election day exit poll,Before that,In the last month,In the last week,In the last week,Seriously off on the wrong track,Version 1,1.66405177116394,Yes
83172.0,Dennis Daugaard,Mike Rounds,65+,60+,65 or over,45+,60+,65+,Non-Black 60+,White 60+,White 65+,Complete,Call 2,1.0,Some college/assoc. degree,No college degree,More than High school graduate,White no college degree,Unfavorable,Favorable,4.0,Government is doing too many things better left to businesses and individuals,Went too far,Less than 100k,"Under $30,000",Less than 50k,Less than 50 thousand,"Under $50,000","Under $30,000","Under $50,000 and white",No,,Worried,Very worried,Disapprove,Strongly disapprove,45+,65+,Republican,Non-black non-Democrat,All Republicans,Republican,Republican Women,White Republican,Conservative,65.0,Independent/Something else,Conservative Republicans,White,White,State questionnaire,White,White,Midwest,Approve,The Republican Party,Female,White women,,,,South Dakota,Election day exit poll,Before that,Before that,Before that,Before that,Seriously off on the wrong track,Version 1,0.972497820854187,Yes
83180.0,Dennis Daugaard,Mike Rounds,65+,60+,65 or over,45+,60+,65+,Non-Black 60+,White 60+,White 65+,Complete,Call 2,1.0,High school graduate,No college degree,High school graduate or less,White no college degree,Unfavorable,Favorable,4.0,Government is doing too many things better left to businesses and individuals,Went too far,Less than 100k,"$30,000 or more",Less than 50k,Less than 50 thousand,"Under $50,000","$30,000-$49,999","Under $50,000 and white",No,Yes,Worried,Very worried,Disapprove,Strongly disapprove,45+,65+,Republican,Non-black non-Democrat,All Republicans,Republican,Republican Women,White Republican,Conservative,40.0,Independent/Something else,Conservative Republicans,White,White,State questionnaire,White,White,Midwest,Disapprove,The Republican Party,Female,White women,Married women,,,South Dakota,Election day exit poll,Before that,Before that,Before that,Before that,Seriously off on the wrong track,Version 1,1.66405177116394,Yes
83266.0,Dennis Daugaard,Mike Rounds,45-65,30-59,45-49,45+,45-59,40-49,Non-Black 45-59,White 45-59,White 45-64,Complete,Call 2,1.0,Some college/assoc. degree,No college degree,More than High school graduate,White no college degree,Unfavorable,Favorable,4.0,Government is doing too many things better left to businesses and individuals,Went too far,Less than 100k,"$30,000 or more",50k or more,50 to 100 thousand,"$50,000-$99,999","$50,000-$99,999","Over $50,000 and white",No,Yes,Worried,Very worried,Disapprove,Strongly disapprove,45+,18-64,Republican,Non-black non-Democrat,All Republicans,Republican,Republican Women,White Republican,Conservative,40.0,Independent/Something else,Conservative Republicans,White,White,State questionnaire,White,White,Midwest,Omit,The Republican Party,Female,White women,Married women,,,South Dakota,Election day exit poll,Before that,Before that,Before that,Before that,Seriously off on the wrong track,Version 1,1.65531373023987,No
83434.0,Dennis Daugaard,Mike Rounds,65+,60+,65 or over,45+,60+,65+,Non-Black 60+,White 60+,White 65+,Complete,Call 2,1.0,High school graduate,No college degree,High school graduate or less,White no college degree,Unfavorable,Favorable,4.0,Government is doing too many things better left to businesses and individuals,Went too far,100k or more,"$30,000 or more",50k or more,100 thousand or more,"$200,000 or more","$200,000 or more","Over $50,000 and white",No,Yes,Worried,Very worried,Disapprove,Strongly disapprove,45+,65+,Republican,Non-black non-Democrat,All Republicans,Republican,Republican Men,White Republican,Conservative,40.0,Independent/Something else,Conservative Republicans,White,White,State questionnaire,White,White,Midwest,Omit,The Republican Party,Male,White men,Married men,,,South Dakota,Election day exit poll,Before that,Before that,Before that,Before that,Seriously off on the wrong track,Version 1,1.74532210826874,No
83541.0,Dennis Daugaard,Mike Rounds,65+,60+,65 or over,45+,60+,65+,Non-Black 60+,White 60+,White 65+,Complete,Call 2,1.0,College graduate,College graduate,More than High school graduate,White college degree,Unfavorable,Favorable,4.0,Government is doing too many things better left to businesses and individuals,Went too far,100k or more,"$30,000 or more",50k or more,100 thousand or more,"$100,000-$199,999","$100,000-$199,999","Over $50,000 and white",No,Yes,Not worried,Not too worried,Disapprove,Somewhat disapprove,45+,65+,Republican,Non-black non-Democrat,All Republicans,Republican,Republican Men,White Republican,Moderate,40.0,Conservative Republicans,Mod./Liberal Republicans,White,White,State questionnaire,White,White,Midwest,Approve,The Republican Party,Male,White men,Married men,,,South Dakota,Election day exit poll,Before that,Before that,Before that,Before that,Seriously off on the wrong track,Version 1,1.74532210826874,No
83651.0,Dennis Daugaard,Mike Rounds,65+,60+,65 or over,45+,60+,65+,Non-Black 60+,White 60+,White 65+,Complete,Call 2,1.0,High school graduate,No college degree,High school graduate or less,White no college degree,Unfavorable,Favorable,4.0,Government is doing too many things better left to businesses and individuals,Went too far,Less than 100k,"$30,000 or more",50k or more,50 to 100 thousand,"$50,000-$99,999","$50,000-$99,999","Over $50,000 and white",No,Yes,Worried,Very worried,Disapprove,Strongly disapprove,45+,65+,Republican,Non-black non-Democrat,All Republicans,Republican,Republican Women,White Republican,Conservative,40.0,Independent/Something else,Conservative Republicans,White,White,State questionnaire,White,White,Midwest,Disapprove,The Republican Party,Female,White women,Married women,,,South Dakota,Election day exit poll,Before that,In the last month,Before that,In the last month,Seriously off on the wrong track,Version 1,1.66405177116394,No
84059.0,Dennis Daugaard,Mike Rounds,18-29,18-29,25-29,18-44,18-29,25-29,Non-Black 18-29,White 18-29,White 18-29,Complete,Call 2,1.0,Some college/assoc. degree,No college degree,More than High school graduate,White no college degree,Unfavorable,Favorable,4.0,Government is doing too many things better left to businesses and individuals,Went too far,Less than 100k,"$30,000 or more",Less than 50k,Less than 50 thousand,"Under $50,000","$30,000-$49,999","Under $50,000 and white",No,Yes,Worried,Very worried,Disapprove,Strongly disapprove,18-44,18-64,Republican,Non-black non-Democrat,All Republicans,Republican,Republican Men,White Republican,Conservative,65.0,Independent/Something else,Conservative Republicans,White,White,State questionnaire,White,White,Midwest,Approve,The Republican Party,Male,White men,Married men,,,South Dakota,Election day exit poll,Before that,Before that,Before that,Before that,Seriously off on the wrong track,Version 1,1.43376183509827,Yes
84456.0,Dennis Daugaard,Mike Rounds,45-65,30-59,50-59,45+,45-59,50-64,Non-Black 45-59,White 45-59,White 45-64,Complete,Call 2,1.0,Some college/assoc. degree,No college degree,More than High school graduate,White no college degree,Unfavorable,Favorable,4.0,Government is doing too many things better left to businesses and individuals,Went too far,Less than 100k,"Under $30,000",Less than 50k,Less than 50 thousand,"Under $50,000","Under $30,000","Under $50,000 and white",No,No,Worried,Very worried,Disapprove,Strongly disapprove,45+,18-64,Republican,Non-black non-Democrat,All Republicans,Republican,Republican Women,White Republican,Conservative,65.0,Independent/Something else,Conservative Republicans,White,White,State questionnaire,White,White,Midwest,Omit,The Republican Party,Female,White women,Non married women,,,South Dakota,Election day exit poll,Before that,In the last month,Before that,In the last month,Seriously off on the wrong track,Version 1,0.967391133308411,Yes
84606.0,Dennis Daugaard,Mike Rounds,45-65,30-59,50-59,45+,45-59,50-64,Non-Black 45-59,White 45-59,White 45-64,Complete,Call 2,1.0,Some college/assoc. degree,No college degree,More than High school graduate,White no college degree,Unfavorable,Favorable,4.0,Government is doing too many things better left to businesses and individuals,Went too far,Less than 100k,"$30,000 or more",50k or more,50 to 100 thousand,"$50,000-$99,999","$50,000-$99,999","Over $50,000 and white",No,Yes,Worried,Very worried,Disapprove,Strongly disapprove,45+,18-64,Republican,Non-black non-Democrat,All Republicans,Republican,Republican Women,White Republican,Conservative,65.0,Independent/Something else,Conservative Republicans,White,White,State questionnaire,White,White,Midwest,Omit,The Republican Party,Female,White women,Married women,,,South Dakota,Election day exit poll,Before that,In the last month,Before that,In the last month,Seriously off on the wrong track,Version 1,0.967391133308411,No
95497.0,Dennis Daugaard,Mike Rounds,45-65,60+,60-64,45+,60+,50-64,Non-Black 60+,Latino 60+,Latino 45-64,Complete,Call 3,1.0,College graduate,College graduate,More than High school graduate,Non white college degree,Unfavorable,Favorable,1.0,Government is doing too many things better left to businesses and individuals,Went too far,Less than 100k,"$30,000 or more",Less than 50k,Less than 50 thousand,"Under $50,000","$30,000-$49,999","Under $50,000 and non white",Yes,,Worried,Very worried,Disapprove,Strongly disapprove,45+,18-64,Republican,Non-black non-Democrat,All Republicans,Republican,Republican Men,All others,Conservative,53.0,Independent/Something else,Conservative Republicans,Other,Hispanic/Latino,State questionnaire,Hispanic/Latino,Hispanic/Latino,Midwest,Disapprove,The Republican Party,Male,Latino men,,,,South Dakota,Election day exit poll,Before that,Before that,Before that,Before that,Seriously off on the wrong track,Version 1,1.15499258041382,No
95548.0,Dennis Daugaard,Mike Rounds,45-65,60+,60-64,45+,60+,50-64,Non-Black 60+,White 60+,White 45-64,Complete,Call 3,1.0,Some college/assoc. degree,No college degree,More than High school graduate,White no college degree,Unfavorable,Favorable,1.0,Government is doing too many things better left to businesses and individuals,Went too far,Less than 100k,"Under $30,000",Less than 50k,Less than 50 thousand,"Under $50,000","Under $30,000","Under $50,000 and white",No,No,Worried,Very worried,Disapprove,Strongly disapprove,45+,18-64,Republican,Non-black non-Democrat,All Republicans,Republican,Republican Women,White Republican,Conservative,53.0,Independent/Something else,Conservative Republicans,White,White,State questionnaire,White,White,Midwest,Approve,The Republican Party,Female,White women,Non married women,,,South Dakota,Election day exit poll,Before that,Before that,Before that,Before that,Seriously off on the wrong track,Version 1,1.10121071338654,Yes
95568.0,Dennis Daugaard,Mike Rounds,45-65,30-59,50-59,45+,45-59,50-64,Black 45-59,Black 45-59,Black 45-64,Complete,Call 3,1.0,College graduate,College graduate,More than High school graduate,Non white college degree,Unfavorable,Favorable,2.0,Government is doing too many things better left to businesses and individuals,Went too far,100k or more,"$30,000 or more",50k or more,100 thousand or more,"$200,000 or more","$200,000 or more","Over $50,000 and non white",No,Yes,Worried,Somewhat worried,Disapprove,Strongly disapprove,45+,18-64,Independent/Something else,Black non-Democrat,Black Independent,Independent,Independent Women,All others,Moderate,82.0,Moderate/Liberal Republicans,Moderate Independents,Black,Black,State questionnaire,Black,Black,Midwest,Omit,The Republican Party,Female,Black women,Married women,,,South Dakota,Election day exit poll,Before that,Before that,Before that,Before that,Seriously off on the wrong track,Version 1,0.683885455131531,No
95669.0,Dennis Daugaard,Mike Rounds,30-44,30-59,30-39,18-44,30-44,30-39,Non-Black 30-44,White 30-44,White 30-44,Complete,Call 3,1.0,College graduate,College graduate,More than High school graduate,White college degree,Unfavorable,Favorable,2.0,Government is doing too many things better left to businesses and individuals,Went too far,Less than 100k,"$30,000 or more",50k or more,50 to 100 thousand,"$50,000-$99,999","$50,000-$99,999","Over $50,000 and white",No,Yes,Worried,Very worried,Disapprove,Strongly disapprove,18-44,18-64,Republican,Non-black non-Democrat,All Republicans,Republican,Republican Men,White Republican,Conservative,82.0,Independent/Something else,Conservative Republicans,White,White,State questionnaire,White,White,Midwest,Approve,The Republican Party,Male,White men,Married men,,,South Dakota,Election day exit poll,Before that,Before that,Before that,Before that,Seriously off on the wrong track,Version 1,0.966049015522003,No
95751.0,Dennis Daugaard,Mike Rounds,45-65,30-59,45-49,45+,45-59,40-49,Non-Black 45-59,White 45-59,White 45-64,Complete,Call 3,1.0,Some college/assoc. degree,No college degree,More than High school graduate,White no college degree,Unfavorable,Favorable,2.0,Government is doing too many things better left to businesses and individuals,Went too far,Less than 100k,"$30,000 or more",50k or more,50 to 100 thousand,"$50,000-$99,999","$50,000-$99,999","Over $50,000 and white",No,Yes,Worried,Very worried,Disapprove,Strongly disapprove,45+,18-64,Independent/Something else,Non-black non-Democrat,White Independent,Independent,Independent Men,White Independent,Moderate,82.0,Moderate/Liberal Republicans,Moderate Independents,White,White,State questionnaire,White,White,Midwest,Approve,The Republican Party,Male,White men,Married men,,,South Dakota,Election day exit poll,Before that,Before that,Before that,Before that,Seriously off on the wrong track,Version 1,0.966049015522003,No
95991.0,Dennis Daugaard,Mike Rounds,45-65,30-59,50-59,45+,45-59,50-64,Non-Black 45-59,White 45-59,White 45-64,Complete,Call 3,1.0,College graduate,College graduate,More than High school graduate,White college degree,Unfavorable,Favorable,1.0,Government is doing too many things better left to businesses and individuals,Went too far,Less than 100k,"$30,000 or more",Less than 50k,Less than 50 thousand,"Under $50,000","$30,000-$49,999","Under $50,000 and white",No,No,Worried,Somewhat worried,Disapprove,Strongly disapprove,45+,18-64,Republican,Non-black non-Democrat,All Republicans,Republican,Republican Men,White Republican,Conservative,53.0,Independent/Something else,Conservative Republicans,White,White,State questionnaire,White,White,Midwest,Approve,The Republican Party,Male,White men,Non married men,,,South Dakota,Election day exit poll,Before that,Before that,Before that,Before that,Seriously off on the wrong track,Version 1,1.14892756938934,No
96081.0,Dennis Daugaard,Mike Rounds,30-44,30-59,40-44,18-44,30-44,40-49,Non-Black 30-44,White 30-44,White 30-44,Complete,Call 3,1.0,College graduate,College graduate,More than High school graduate,White college degree,Unfavorable,Favorable,2.0,Government is doing too many things better left to businesses and individuals,Omit,100k or more,"$30,000 or more",50k or more,100 thousand or more,"$100,000-$199,999","$100,000-$199,999","Over $50,000 and white",No,Yes,Worried,Somewhat worried,Disapprove,Strongly disapprove,18-44,18-64,Republican,Non-black non-Democrat,All Republicans,Republican,Republican Women,White Republican,Moderate,82.0,Conservative Republicans,Mod./Liberal Republicans,White,White,State questionnaire,White,White,Midwest,Omit,The Republican Party,Female,White women,Married women,,,South Dakota,Election day exit poll,Before that,In the last month,In the last week,In the last week,Seriously off on the wrong track,Version 1,0.921065330505371,No
96114.0,Dennis Daugaard,Mike Rounds,65+,60+,65 or over,45+,60+,65+,Non-Black 60+,White 60+,White 65+,Complete,Call 3,1.0,Postgraduate study,College graduate,More than High school graduate,White college degree,Unfavorable,Favorable,1.0,Government is doing too many things better left to businesses and individuals,Went too far,Less than 100k,"$30,000 or more",50k or more,50 to 100 thousand,"$50,000-$99,999","$50,000-$99,999","Over $50,000 and white",,Yes,Worried,Somewhat worried,Disapprove,Strongly disapprove,45+,65+,Independent/Something else,Non-black non-Democrat,White Independent,Independent,Independent Men,White Independent,Conservative,53.0,Moderate/Liberal Republicans,Conservative Independents,White,White,State questionnaire,White,White,Midwest,Approve,The Republican Party,Male,White men,Married men,,,South Dakota,Election day exit poll,Before that,In the last month,Before that,In the last month,Seriously off on the wrong track,Version 1,1.15499258041382,No
96184.0,Dennis Daugaard,Mike Rounds,18-29,18-29,18-24,18-44,18-29,18-24,Non-Black 18-29,White 18-29,White 18-29,Complete,Call 3,1.0,Postgraduate study,College graduate,More than High school graduate,White college degree,Unfavorable,Favorable,2.0,Government is doing too many things better left to businesses and individuals,Went too far,Less than 100k,"$30,000 or more",Less than 50k,Less than 50 thousand,"Under $50,000","$30,000-$49,999","Under $50,000 and white",No,No,Worried,Very worried,Disapprove,Strongly disapprove,18-44,18-64,Republican,Non-black non-Democrat,All Republicans,Republican,Republican Women,White Republican,Conservative,82.0,Independent/Something else,Conservative Republicans,White,White,State questionnaire,White,White,Midwest,Omit,The Republican Party,Female,White women,Non married women,,,South Dakota,Election day exit poll,Before that,Before that,Before that,Before that,Seriously off on the wrong track,Version 1,1.30153727531433,No
96258.0,Dennis Daugaard,Mike Rounds,45-65,30-59,50-59,45+,45-59,50-64,Non-Black 45-59,White 45-59,White 45-64,Complete,Call 3,1.0,College graduate,College graduate,More than High school graduate,White college degree,Unfavorable,Favorable,2.0,Government is doing too many things better left to businesses and individuals,Went too far,100k or more,"$30,000 or more",50k or more,100 thousand or more,"$100,000-$199,999","$100,000-$199,999","Over $50,000 and white",No,Yes,Worried,Very worried,Disapprove,Strongly disapprove,45+,18-64,Republican,Non-black non-Democrat,All Republicans,Republican,Republican Men,White Republican,Conservative,82.0,Independent/Something else,Conservative Republicans,White,White,State questionnaire,White,White,Midwest,Approve,The Republican Party,Male,White men,Married men,,,South Dakota,Election day exit poll,Before that,In the last month,Before that,In the last month,Seriously off on the wrong track,Version 1,0.966049015522003,No
96330.0,Dennis Daugaard,Mike Rounds,30-44,30-59,30-39,18-44,30-44,30-39,Non-Black 30-44,White 30-44,White 30-44,Complete,Call 3,1.0,Postgraduate study,College graduate,More than High school graduate,White college degree,Unfavorable,Favorable,2.0,Government is doing too many things better left to businesses and individuals,Went too far,100k or more,"$30,000 or more",50k or more,100 thousand or more,"$200,000 or more","$200,000 or more","Over $50,000 and white",No,Yes,Worried,Very worried,Disapprove,Strongly disapprove,18-44,18-64,Republican,Non-black non-Democrat,All Republicans,Republican,Republican Men,White Republican,Conservative,82.0,Independent/Something else,Conservative Republicans,White,White,State questionnaire,White,White,Midwest,Disapprove,The Republican Party,Male,White men,Married men,,,South Dakota,Election day exit poll,Before that,In the last month,In the last week,In the last week,Seriously off on the wrong track,Version 1,0.966049015522003,No
96385.0,Dennis Daugaard,Mike Rounds,45-65,30-59,50-59,45+,45-59,50-64,Non-Black 45-59,White 45-59,White 45-64,Complete,Call 3,1.0,Some college/assoc. degree,No college degree,More than High school graduate,White no college degree,Unfavorable,Favorable,1.0,Government is doing too many things better left to businesses and individuals,Went too far,Less than 100k,"$30,000 or more",50k or more,50 to 100 thousand,"$50,000-$99,999","$50,000-$99,999","Over $50,000 and white",No,Yes,Worried,Very worried,Disapprove,Strongly disapprove,45+,18-64,Republican,Non-black non-Democrat,All Republicans,Republican,Republican Women,White Republican,Conservative,53.0,Independent/Something else,Conservative Republicans,White,White,State questionnaire,White,White,Midwest,Approve,The Republican Party,Female,White women,Married women,,,South Dakota,Election day exit poll,Before that,Before that,Before that,Before that,Seriously off on the wrong track,Version 1,1.0954282283783,No
96441.0,Dennis Daugaard,Mike Rounds,65+,60+,65 or over,45+,60+,65+,Non-Black 60+,White 60+,White 65+,Complete,Call 3,1.0,Some college/assoc. degree,No college degree,More than High school graduate,White no college degree,Unfavorable,Favorable,1.0,Government is doing too many things better left to businesses and individuals,Went too far,Less than 100k,"$30,000 or more",Less than 50k,Less than 50 thousand,"Under $50,000","$30,000-$49,999","Under $50,000 and white",No,,Worried,Very worried,Disapprove,Strongly disapprove,45+,65+,Republican,Non-black non-Democrat,All Republicans,Republican,Republican Women,White Republican,Conservative,53.0,Independent/Something else,Conservative Republicans,White,White,State questionnaire,White,White,Midwest,Approve,The Republican Party,Female,White women,,,,South Dakota,Election day exit poll,Before that,Before that,Before that,Before that,Generally going in the right direction,Version 1,1.10121071338654,Yes
96465.0,Dennis Daugaard,Mike Rounds,30-44,30-59,40-44,18-44,30-44,40-49,Non-Black 30-44,White 30-44,White 30-44,Complete,Call 3,1.0,College graduate,College graduate,More than High school graduate,White college degree,Unfavorable,Favorable,2.0,Government is doing too many things better left to businesses and individuals,Did not go far enough,100k or more,"$30,000 or more",50k or more,100 thousand or more,"$100,000-$199,999","$100,000-$199,999","Over $50,000 and white",No,Yes,Worried,Very worried,Disapprove,Strongly disapprove,18-44,18-64,Republican,Non-black non-Democrat,All Republicans,Republican,Republican Women,White Republican,Conservative,82.0,Independent/Something else,Conservative Republicans,White,White,State questionnaire,White,White,Midwest,Approve,The Republican Party,Female,White women,Married women,,,South Dakota,Election day exit poll,Before that,Before that,Before that,Before that,Seriously off on the wrong track,Version 1,0.921065330505371,No
96539.0,Dennis Daugaard,Mike Rounds,30-44,30-59,40-44,18-44,30-44,40-49,Non-Black 30-44,White 30-44,White 30-44,Complete,Call 3,1.0,Some college/assoc. degree,No college degree,More than High school graduate,White no college degree,Unfavorable,Favorable,2.0,Government is doing too many things better left to businesses and individuals,Went too far,100k or more,"$30,000 or more",50k or more,100 thousand or more,"$200,000 or more","$200,000 or more","Over $50,000 and white",No,No,Worried,Somewhat worried,Disapprove,Strongly disapprove,18-44,18-64,Republican,Non-black non-Democrat,All Republicans,Republican,Republican Women,White Republican,Moderate,82.0,Conservative Republicans,Mod./Liberal Republicans,White,White,State questionnaire,White,White,Midwest,Approve,The Republican Party,Female,White women,Non married women,,,South Dakota,Election day exit poll,Before that,In the last month,Before that,In the last month,Generally going in the right direction,Version 1,0.921065330505371,No
96570.0,Dennis Daugaard,Mike Rounds,30-44,30-59,30-39,18-44,30-44,30-39,Non-Black 30-44,White 30-44,White 30-44,Complete,Call 3,1.0,College graduate,College graduate,More than High school graduate,White college degree,Unfavorable,Favorable,3.0,Government is doing too many things better left to businesses and individuals,,Less than 100k,"$30,000 or more",50k or more,50 to 100 thousand,"$50,000-$99,999","$50,000-$99,999","Over $50,000 and white",No,,,,,,18-44,18-64,Republican,Non-black non-Democrat,All Republicans,Republican,Republican Men,White Republican,Conservative,9.0,Independent/Something else,Conservative Republicans,White,White,National questionnaire,White,White,Midwest,,,Male,White men,,Rural,Small Cities/Rural,South Dakota,Election day exit poll,,,,,Seriously off on the wrong track,Version 4,0.754059672355652,No
96620.0,Dennis Daugaard,Mike Rounds,45-65,30-59,45-49,45+,45-59,40-49,Non-Black 45-59,White 45-59,White 45-64,Complete,Call 3,1.0,College graduate,College graduate,More than High school graduate,White college degree,Unfavorable,Favorable,2.0,Government is doing too many things better left to businesses and individuals,Went too far,100k or more,"$30,000 or more",50k or more,100 thousand or more,"$100,000-$199,999","$100,000-$199,999","Over $50,000 and white",No,Yes,Worried,Somewhat worried,Disapprove,Strongly disapprove,45+,18-64,Republican,Non-black non-Democrat,All Republicans,Republican,Republican Men,White Republican,Conservative,82.0,Independent/Something else,Conservative Republicans,White,White,State questionnaire,White,White,Midwest,Omit,The Republican Party,Male,White men,Married men,,,South Dakota,Election day exit poll,Before that,Before that,Before that,Before that,Seriously off on the wrong track,Version 1,0.966049015522003,No
96696.0,Dennis Daugaard,Mike Rounds,30-44,30-59,30-39,18-44,30-44,30-39,Non-Black 30-44,White 30-44,White 30-44,Complete,Call 3,1.0,College graduate,College graduate,More than High school graduate,White college degree,Unfavorable,Favorable,2.0,Government is doing too many things better left to businesses and individuals,Went too far,100k or more,"$30,000 or more",50k or more,100 thousand or more,"$100,000-$199,999","$100,000-$199,999","Over $50,000 and white",No,Yes,Worried,Very worried,Disapprove,Strongly disapprove,18-44,18-64,Republican,Non-black non-Democrat,All Republicans,Republican,Republican Women,White Republican,Conservative,82.0,Independent/Something else,Conservative Republicans,White,White,State questionnaire,White,White,Midwest,Omit,The Republican Party,Female,White women,Married women,,,South Dakota,Election day exit poll,Before that,Before that,Before that,Before that,Seriously off on the wrong track,Version 1,0.921065330505371,No
96796.0,Dennis Daugaard,Mike Rounds,45-65,30-59,45-49,45+,45-59,40-49,Non-Black 45-59,White 45-59,White 45-64,Complete,Call 3,1.0,Postgraduate study,College graduate,More than High school graduate,White college degree,Unfavorable,Favorable,2.0,Government is doing too many things better left to businesses and individuals,Went too far,100k or more,"$30,000 or more",50k or more,100 thousand or more,"$200,000 or more","$200,000 or more","Over $50,000 and white",No,Yes,Worried,Somewhat worried,Disapprove,Strongly disapprove,45+,18-64,Republican,Non-black non-Democrat,All Republicans,Republican,Republican Women,White Republican,Moderate,82.0,Conservative Republicans,Mod./Liberal Republicans,White,White,State questionnaire,White,White,Midwest,Approve,The Republican Party,Female,White women,Married women,,,South Dakota,Election day exit poll,Before that,Before that,Before that,Before that,Seriously off on the wrong track,Version 1,0.921065330505371,No
97199.0,Dennis Daugaard,Mike Rounds,45-65,30-59,45-49,45+,45-59,40-49,Non-Black 45-59,White 45-59,White 45-64,Complete,Call 3,1.0,Postgraduate study,College graduate,More than High school graduate,White college degree,Unfavorable,Favorable,1.0,Government is doing too many things better left to businesses and individuals,Went too far,Less than 100k,"Under $30,000",Less than 50k,Less than 50 thousand,"Under $50,000","Under $30,000","Under $50,000 and white",No,Yes,Worried,Very worried,Disapprove,Strongly disapprove,45+,18-64,Republican,Non-black non-Democrat,All Republicans,Republican,Republican Men,White Republican,Conservative,56.0,Independent/Something else,Conservative Republicans,White,White,State questionnaire,White,White,Midwest,Approve,The Republican Party,Male,White men,Married men,,,South Dakota,Election day exit poll,In the last three days,In the last month,In the last week,In the last three days,Seriously off on the wrong track,Version 1,1.28519976139069,No
97239.0,Dennis Daugaard,Mike Rounds,45-65,30-59,50-59,45+,45-59,50-64,Non-Black 45-59,White 45-59,White 45-64,Complete,Call 3,1.0,Some college/assoc. degree,No college degree,More than High school graduate,White no college degree,Unfavorable,Favorable,4.0,Government is doing too many things better left to businesses and individuals,Went too far,Less than 100k,"$30,000 or more",50k or more,50 to 100 thousand,"$50,000-$99,999","$50,000-$99,999","Over $50,000 and white",No,Yes,Worried,Very worried,Disapprove,Strongly disapprove,45+,18-64,Republican,Non-black non-Democrat,All Republicans,Republican,Republican Women,White Republican,Moderate,65.0,Conservative Republicans,Mod./Liberal Republicans,White,White,State questionnaire,White,White,Midwest,Disapprove,The Republican Party,Female,White women,Married women,,,South Dakota,Election day exit poll,Before that,Before that,Before that,Before that,Seriously off on the wrong track,Version 1,0.967391133308411,No
97248.0,Dennis Daugaard,Mike Rounds,30-44,30-59,40-44,18-44,30-44,40-49,Non-Black 30-44,White 30-44,White 30-44,Complete,Call 3,1.0,College graduate,College graduate,More than High school graduate,White college degree,Unfavorable,Favorable,1.0,Government is doing too many things better left to businesses and individuals,Went too far,100k or more,"$30,000 or more",50k or more,100 thousand or more,"$100,000-$199,999","$100,000-$199,999","Over $50,000 and white",No,Yes,Worried,Somewhat worried,Disapprove,Somewhat disapprove,18-44,18-64,Independent/Something else,Non-black non-Democrat,White Independent,Independent,Independent Men,White Independent,Moderate,56.0,Moderate/Liberal Republicans,Moderate Independents,White,White,State questionnaire,White,White,Midwest,Disapprove,The Republican Party,Male,White men,Married men,,,South Dakota,Election day exit poll,Before that,In the last month,In the last week,In the last week,Generally going in the right direction,Version 1,1.28519976139069,No
97278.0,Dennis Daugaard,Mike Rounds,18-29,18-29,25-29,18-44,18-29,25-29,Non-Black 18-29,White 18-29,White 18-29,Complete,Call 3,1.0,Postgraduate study,College graduate,More than High school graduate,White college degree,Unfavorable,Favorable,2.0,Government is doing too many things better left to businesses and individuals,Went too far,100k or more,"$30,000 or more",50k or more,100 thousand or more,"$100,000-$199,999","$100,000-$199,999","Over $50,000 and white",No,Yes,Worried,Somewhat worried,Disapprove,Somewhat disapprove,18-44,18-64,Republican,Non-black non-Democrat,All Republicans,Republican,Republican Women,White Republican,Conservative,36.0,Independent/Something else,Conservative Republicans,White,White,State questionnaire,White,White,Midwest,Approve,The Republican Party,Female,White women,Married women,,,South Dakota,Election day exit poll,Before that,Before that,Before that,Before that,Seriously off on the wrong track,Version 1,1.64467096328735,No
97297.0,Dennis Daugaard,Mike Rounds,30-44,30-59,40-44,18-44,30-44,40-49,Non-Black 30-44,White 30-44,White 30-44,Complete,Call 3,1.0,Some college/assoc. degree,No college degree,More than High school graduate,White no college degree,Unfavorable,Favorable,4.0,Government is doing too many things better left to businesses and individuals,Went too far,Less than 100k,"$30,000 or more",50k or more,50 to 100 thousand,"$50,000-$99,999","$50,000-$99,999","Over $50,000 and white",No,No,Worried,Somewhat worried,Disapprove,Somewhat disapprove,18-44,18-64,Republican,Non-black non-Democrat,All Republicans,Republican,Republican Men,White Republican,Conservative,65.0,Independent/Something else,Conservative Republicans,White,White,State questionnaire,White,White,Midwest,Approve,The Republican Party,Male,White men,Non married men,,,South Dakota,Election day exit poll,Before that,In the last month,Before that,In the last month,Seriously off on the wrong track,Version 1,1.01463735103607,No
97421.0,Dennis Daugaard,Mike Rounds,18-29,18-29,25-29,18-44,18-29,25-29,Non-Black 18-29,White 18-29,White 18-29,Complete,Call 3,1.0,College graduate,College graduate,More than High school graduate,White college degree,Unfavorable,Favorable,1.0,Government is doing too many things better left to businesses and individuals,Went too far,Less than 100k,"$30,000 or more",50k or more,50 to 100 thousand,"$50,000-$99,999","$50,000-$99,999","Over $50,000 and white",No,Yes,Worried,Somewhat worried,Disapprove,Strongly disapprove,18-44,18-64,Democrat,Non-black Democrat,White Democrat,Democrat,Democratic Men,White Democrat,Moderate,56.0,Moderate/Conservative Democrats,Mod/Conserv. Democrats,White,White,State questionnaire,White,White,Midwest,Disapprove,The Republican Party,Male,White men,Married men,,,South Dakota,Election day exit poll,Before that,In the last month,Before that,In the last month,Seriously off on the wrong track,Version 1,1.81608772277832,No
97504.0,Dennis Daugaard,Mike Rounds,18-29,18-29,18-24,18-44,18-29,18-24,Non-Black 18-29,White 18-29,White 18-29,Complete,Call 3,1.0,College graduate,College graduate,More than High school graduate,White college degree,Unfavorable,Favorable,2.0,Government is doing too many things better left to businesses and individuals,Went too far,Less than 100k,"$30,000 or more",Less than 50k,Less than 50 thousand,"Under $50,000","$30,000-$49,999","Under $50,000 and white",No,No,Worried,Somewhat worried,Disapprove,Strongly disapprove,18-44,18-64,Republican,Non-black non-Democrat,All Republicans,Republican,Republican Men,White Republican,Conservative,36.0,Independent/Something else,Conservative Republicans,White,White,State questionnaire,White,White,Midwest,Approve,The Republican Party,Male,White men,Non married men,,,South Dakota,Election day exit poll,Before that,Before that,Before that,Before that,Seriously off on the wrong track,Version 1,1.72499465942383,No
97519.0,Dennis Daugaard,Mike Rounds,30-44,30-59,40-44,18-44,30-44,40-49,Non-Black 30-44,White 30-44,White 30-44,Complete,Call 3,1.0,College graduate,College graduate,More than High school graduate,White college degree,Unfavorable,Favorable,1.0,Government is doing too many things better left to businesses and individuals,Was about right,Less than 100k,"$30,000 or more",50k or more,50 to 100 thousand,"$50,000-$99,999","$50,000-$99,999","Over $50,000 and white",No,No,Worried,Somewhat worried,Disapprove,Strongly disapprove,18-44,18-64,Republican,Non-black non-Democrat,All Republicans,Republican,Republican Women,White Republican,Conservative,56.0,Independent/Something else,Conservative Republicans,White,White,State questionnaire,White,White,Midwest,Approve,The Republican Party,Female,White women,Non married women,,,South Dakota,Election day exit poll,Before that,Before that,Before that,Before that,Seriously off on the wrong track,Version 1,1.22535502910614,No
97587.0,Dennis Daugaard,Mike Rounds,45-65,30-59,50-59,45+,45-59,50-64,Non-Black 45-59,White 45-59,White 45-64,Complete,Call 3,1.0,College graduate,College graduate,More than High school graduate,White college degree,Unfavorable,Favorable,1.0,Government is doing too many things better left to businesses and individuals,Went too far,100k or more,"$30,000 or more",50k or more,100 thousand or more,"$100,000-$199,999","$100,000-$199,999","Over $50,000 and white",No,Yes,Worried,Somewhat worried,Disapprove,Strongly disapprove,45+,18-64,Republican,Non-black non-Democrat,All Republicans,Republican,Republican Women,White Republican,Conservative,56.0,Independent/Something else,Conservative Republicans,White,White,State questionnaire,White,White,Midwest,Approve,The Republican Party,Female,White women,Married women,,,South Dakota,Election day exit poll,Before that,Before that,Before that,Before that,Seriously off on the wrong track,Version 1,1.22535502910614,No
97589.0,Dennis Daugaard,Mike Rounds,45-65,30-59,50-59,45+,45-59,50-64,Non-Black 45-59,White 45-59,White 45-64,Complete,Call 3,1.0,College graduate,College graduate,More than High school graduate,White college degree,Unfavorable,Favorable,1.0,Government is doing too many things better left to businesses and individuals,Went too far,100k or more,"$30,000 or more",50k or more,100 thousand or more,"$100,000-$199,999","$100,000-$199,999","Over $50,000 and white",No,Yes,Worried,Somewhat worried,Disapprove,Strongly disapprove,45+,18-64,Republican,Non-black non-Democrat,All Republicans,Republican,Republican Women,White Republican,Conservative,56.0,Independent/Something else,Conservative Republicans,White,White,State questionnaire,White,White,Midwest,Approve,The Republican Party,Female,White women,Married women,,,South Dakota,Election day exit poll,Before that,Before that,Before that,Before that,Seriously off on the wrong track,Version 1,1.22535502910614,No
97673.0,Dennis Daugaard,Mike Rounds,30-44,30-59,30-39,18-44,30-44,30-39,Black 30-44,Black 30-44,Black 30-44,Complete,Call 3,1.0,Some college/assoc. degree,No college degree,More than High school graduate,Non white no college degree,Unfavorable,Favorable,2.0,Government is doing too many things better left to businesses and individuals,Went too far,100k or more,"$30,000 or more",50k or more,100 thousand or more,"$100,000-$199,999","$100,000-$199,999","Over $50,000 and non white",No,Yes,Worried,Very worried,Disapprove,Strongly disapprove,18-44,18-64,Republican,Black non-Democrat,All Republicans,Republican,Republican Men,All others,Conservative,36.0,Independent/Something else,Conservative Republicans,Black,Black,State questionnaire,Black,Black,Midwest,Approve,The Republican Party,Male,Black men,Married men,,,South Dakota,Election day exit poll,Before that,Before that,Before that,Before that,Seriously off on the wrong track,Version 1,0.906388759613037,No
98122.0,Dennis Daugaard,Mike Rounds,45-65,30-59,50-59,45+,45-59,50-64,Non-Black 45-59,White 45-59,White 45-64,Complete,Call 3,1.0,High school graduate,No college degree,High school graduate or less,White no college degree,Unfavorable,Favorable,3.0,Government is doing too many things better left to businesses and individuals,Went too far,Less than 100k,"$30,000 or more",Less than 50k,Less than 50 thousand,"Under $50,000","$30,000-$49,999","Under $50,000 and white",No,Yes,Worried,Very worried,Disapprove,Strongly disapprove,45+,18-64,Republican,Non-black non-Democrat,All Republicans,Republican,Republican Women,White Republican,Conservative,7.0,Independent/Something else,Conservative Republicans,White,White,State questionnaire,White,White,Midwest,Approve,The Republican Party,Female,White women,Married women,,,South Dakota,Election day exit poll,Before that,Before that,Before that,Before that,Seriously off on the wrong track,Version 1,1.00660967826843,Yes
98667.0,Dennis Daugaard,Mike Rounds,30-44,30-59,30-39,18-44,30-44,30-39,Non-Black 30-44,White 30-44,White 30-44,Complete,Call 3,1.0,High school graduate,No college degree,High school graduate or less,White no college degree,Unfavorable,Favorable,3.0,Government is doing too many things better left to businesses and individuals,Went too far,Less than 100k,"$30,000 or more",50k or more,50 to 100 thousand,"$50,000-$99,999","$50,000-$99,999","Over $50,000 and white",No,Yes,Worried,Very worried,Disapprove,Strongly disapprove,18-44,18-64,Republican,Non-black non-Democrat,All Republicans,Republican,Republican Men,White Republican,Conservative,7.0,Independent/Something else,Conservative Republicans,White,White,State questionnaire,White,White,Midwest,Approve,The Republican Party,Male,White men,Married men,,,South Dakota,Election day exit poll,Before that,Before that,Before that,Before that,Seriously off on the wrong track,Version 1,1.05577123165131,No
98727.0,Dennis Daugaard,Mike Rounds,45-65,30-59,45-49,45+,45-59,40-49,Non-Black 45-59,White 45-59,White 45-64,Complete,Call 3,1.0,College graduate,College graduate,More than High school graduate,White college degree,Unfavorable,Favorable,3.0,Government is doing too many things better left to businesses and individuals,Went too far,,,,,,,,No,Yes,Worried,Somewhat worried,Disapprove,Strongly disapprove,45+,18-64,Republican,Non-black non-Democrat,All Republicans,Republican,Republican Men,White Republican,Conservative,26.0,Independent/Something else,Conservative Republicans,White,White,State questionnaire,White,White,Midwest,Disapprove,The Republican Party,Male,White men,Married men,,,South Dakota,Election day exit poll,Before that,Before that,Before that,Before that,Seriously off on the wrong track,Version 1,1.13227641582489,No
98988.0,Dennis Daugaard,Mike Rounds,30-44,30-59,30-39,18-44,30-44,30-39,Non-Black 30-44,White 30-44,White 30-44,Complete,Call 3,1.0,Postgraduate study,College graduate,More than High school graduate,White college degree,Unfavorable,Favorable,3.0,Government is doing too many things better left to businesses and individuals,Went too far,Less than 100k,"$30,000 or more",50k or more,50 to 100 thousand,"$50,000-$99,999","$50,000-$99,999","Over $50,000 and white",No,No,Worried,Very worried,Disapprove,Strongly disapprove,18-44,18-64,Independent/Something else,Non-black non-Democrat,White Independent,Something else,Independent Women,White Independent,Conservative,7.0,Moderate/Liberal Republicans,Conservative Independents,White,White,State questionnaire,White,White,Midwest,Approve,The Republican Party,Female,White women,Non married women,,,South Dakota,Election day exit poll,Before that,Before that,Before that,Before that,Seriously off on the wrong track,Version 1,1.00660967826843,No
99068.0,Dennis Daugaard,Mike Rounds,30-44,30-59,30-39,18-44,30-44,30-39,Non-Black 30-44,White 30-44,White 30-44,Complete,Call 3,1.0,Some college/assoc. degree,No college degree,More than High school graduate,White no college degree,Unfavorable,Favorable,3.0,Government is doing too many things better left to businesses and individuals,Went too far,Less than 100k,"$30,000 or more",50k or more,50 to 100 thousand,"$50,000-$99,999","$50,000-$99,999","Over $50,000 and white",No,Yes,Worried,Somewhat worried,Disapprove,Strongly disapprove,18-44,18-64,Republican,Non-black non-Democrat,All Republicans,Republican,Republican Men,White Republican,Conservative,7.0,Independent/Something else,Conservative Republicans,White,White,State questionnaire,White,White,Midwest,Approve,The Republican Party,Male,White men,Married men,,,South Dakota,Election day exit poll,Before that,Before that,Before that,Before that,Seriously off on the wrong track,Version 1,1.05577123165131,No
99141.0,Dennis Daugaard,Mike Rounds,45-65,30-59,50-59,45+,45-59,50-64,Non-Black 45-59,White 45-59,White 45-64,Complete,Call 3,1.0,College graduate,College graduate,More than High school graduate,White college degree,Unfavorable,Favorable,3.0,Government is doing too many things better left to businesses and individuals,Went too far,Less than 100k,"$30,000 or more",Less than 50k,Less than 50 thousand,"Under $50,000","$30,000-$49,999","Under $50,000 and white",No,No,Worried,Somewhat worried,Disapprove,Strongly disapprove,45+,18-64,Republican,Non-black non-Democrat,All Republicans,Republican,Republican Men,White Republican,Moderate,7.0,Conservative Republicans,Mod./Liberal Republicans,White,White,State questionnaire,White,White,Midwest,Disapprove,The Republican Party,Male,White men,Non married men,,,South Dakota,Election day exit poll,Before that,Before that,Before that,Before that,Seriously off on the wrong track,Version 1,1.05577123165131,No
99210.0,Dennis Daugaard,Mike Rounds,18-29,18-29,25-29,18-44,18-29,25-29,Non-Black 18-29,White 18-29,White 18-29,Complete,Call 3,1.0,High school graduate,No college degree,High school graduate or less,White no college degree,Unfavorable,Favorable,3.0,Government is doing too many things better left to businesses and individuals,Went too far,Less than 100k,"$30,000 or more",50k or more,50 to 100 thousand,"$50,000-$99,999","$50,000-$99,999","Over $50,000 and white",No,Yes,Worried,Somewhat worried,Disapprove,Somewhat disapprove,18-44,18-64,Republican,Non-black non-Democrat,All Republicans,Republican,Republican Men,White Republican,Moderate,26.0,Conservative Republicans,Mod./Liberal Republicans,White,White,State questionnaire,White,White,Midwest,Approve,The Republican Party,Male,White men,Married men,,,South Dakota,Election day exit poll,Before that,Before that,Before that,Before that,Generally going in the right direction,Version 1,1.59999513626099,No
99378.0,Dennis Daugaard,Mike Rounds,30-44,30-59,30-39,18-44,30-44,30-39,Non-Black 30-44,White 30-44,White 30-44,Complete,Call 3,1.0,College graduate,College graduate,More than High school graduate,White college degree,Unfavorable,Favorable,3.0,Government is doing too many things better left to businesses and individuals,Went too far,100k or more,"$30,000 or more",50k or more,100 thousand or more,"$100,000-$199,999","$100,000-$199,999","Over $50,000 and white",No,Yes,Worried,Somewhat worried,Disapprove,Strongly disapprove,18-44,18-64,Republican,Non-black non-Democrat,All Republicans,Republican,Republican Men,White Republican,Moderate,26.0,Conservative Republicans,Mod./Liberal Republicans,White,White,State questionnaire,White,White,Midwest,Approve,The Republican Party,Male,White men,Married men,,,South Dakota,Election day exit poll,Before that,In the last month,Before that,In the last month,Seriously off on the wrong track,Version 1,1.13227641582489,No
99478.0,Dennis Daugaard,Mike Rounds,30-44,30-59,40-44,18-44,30-44,40-49,Non-Black 30-44,White 30-44,White 30-44,Complete,Call 3,1.0,Some college/assoc. degree,No college degree,More than High school graduate,White no college degree,Unfavorable,Favorable,3.0,Government is doing too many things better left to businesses and individuals,Went too far,Less than 100k,"$30,000 or more",50k or more,50 to 100 thousand,"$50,000-$99,999","$50,000-$99,999","Over $50,000 and white",No,No,Worried,Very worried,Disapprove,Strongly disapprove,18-44,18-64,Republican,Non-black non-Democrat,All Republicans,Republican,Republican Women,White Republican,Conservative,26.0,Independent/Something else,Conservative Republicans,White,White,State questionnaire,White,White,Midwest,Disapprove,The Republican Party,Female,White women,Non married women,,,South Dakota,Election day exit poll,Before that,Before that,Before that,Before that,Seriously off on the wrong track,Version 1,1.07955241203308,No
99571.0,Dennis Daugaard,Mike Rounds,65+,60+,65 or over,45+,60+,65+,Non-Black 60+,White 60+,White 65+,Complete,Call 3,1.0,Some college/assoc. degree,No college degree,More than High school graduate,White no college degree,Unfavorable,Favorable,3.0,Government is doing too many things better left to businesses and individuals,Went too far,100k or more,"$30,000 or more",50k or more,100 thousand or more,"$100,000-$199,999","$100,000-$199,999","Over $50,000 and white",No,Yes,Worried,Somewhat worried,Disapprove,Strongly disapprove,45+,65+,Republican,Non-black non-Democrat,All Republicans,Republican,Republican Men,White Republican,Conservative,26.0,Independent/Something else,Conservative Republicans,White,White,State questionnaire,White,White,Midwest,Approve,The Republican Party,Male,White men,Married men,,,South Dakota,Election day exit poll,Before that,Before that,Before that,Before that,Seriously off on the wrong track,Version 1,1.13825356960297,No
99617.0,Dennis Daugaard,Mike Rounds,30-44,30-59,30-39,18-44,30-44,30-39,Non-Black 30-44,White 30-44,White 30-44,Complete,Call 3,1.0,Some college/assoc. degree,No college degree,More than High school graduate,White no college degree,Unfavorable,Favorable,3.0,Government is doing too many things better left to businesses and individuals,Went too far,100k or more,"$30,000 or more",50k or more,100 thousand or more,"$100,000-$199,999","$100,000-$199,999","Over $50,000 and white",No,,Worried,Somewhat worried,Approve,Somewhat approve,18-44,18-64,Republican,Non-black non-Democrat,All Republicans,Republican,Republican Women,White Republican,Conservative,26.0,Independent/Something else,Conservative Republicans,White,White,State questionnaire,White,White,Midwest,Approve,Omit,Female,White women,,,,South Dakota,Election day exit poll,Before that,Before that,Before that,Before that,Generally going in the right direction,Version 1,1.07955241203308,No
99763.0,Dennis Daugaard,Mike Rounds,65+,60+,65 or over,45+,60+,65+,Non-Black 60+,White 60+,White 65+,Complete,Call 3,1.0,College graduate,College graduate,More than High school graduate,White college degree,Unfavorable,Favorable,3.0,Government is doing too many things better left to businesses and individuals,Went too far,Less than 100k,"$30,000 or more",Less than 50k,Less than 50 thousand,"Under $50,000","$30,000-$49,999","Under $50,000 and white",No,No,Worried,Somewhat worried,Disapprove,Strongly disapprove,45+,65+,Republican,Non-black non-Democrat,All Republicans,Republican,Republican Women,White Republican,Conservative,26.0,Independent/Something else,Conservative Republicans,White,White,State questionnaire,White,White,Midwest,Approve,The Republican Party,Female,White women,Non married women,,,South Dakota,Election day exit poll,Before that,Before that,Before that,Before that,Seriously off on the wrong track,Version 1,1.08525121212006,No
99861.0,Dennis Daugaard,Mike Rounds,30-44,30-59,40-44,18-44,30-44,40-49,Non-Black 30-44,White 30-44,White 30-44,Complete,Call 3,1.0,College graduate,College graduate,More than High school graduate,White college degree,Unfavorable,Favorable,3.0,Government is doing too many things better left to businesses and individuals,Went too far,Less than 100k,"$30,000 or more",50k or more,50 to 100 thousand,"$50,000-$99,999","$50,000-$99,999","Over $50,000 and white",No,Yes,Worried,Very worried,Disapprove,Strongly disapprove,18-44,18-64,Republican,Non-black non-Democrat,All Republicans,Republican,Republican Men,White Republican,Moderate,7.0,Conservative Republicans,Mod./Liberal Republicans,White,White,State questionnaire,White,White,Midwest,Disapprove,The Republican Party,Male,White men,Married men,,,South Dakota,Election day exit poll,Before that,In the last month,Before that,In the last month,Seriously off on the wrong track,Version 1,1.05577123165131,No
100217.0,Dennis Daugaard,Mike Rounds,45-65,30-59,50-59,45+,45-59,50-64,Non-Black 45-59,White 45-59,White 45-64,Complete,Call 3,1.0,Postgraduate study,College graduate,More than High school graduate,White college degree,Unfavorable,Favorable,4.0,Government is doing too many things better left to businesses and individuals,Went too far,100k or more,"$30,000 or more",50k or more,100 thousand or more,"$100,000-$199,999","$100,000-$199,999","Over $50,000 and white",No,Yes,Worried,Somewhat worried,Disapprove,Strongly disapprove,45+,18-64,Republican,Non-black non-Democrat,All Republicans,Republican,Republican Men,White Republican,Conservative,40.0,Independent/Something else,Conservative Republicans,White,White,State questionnaire,White,White,Midwest,Omit,The Republican Party,Male,White men,Married men,,,South Dakota,Election day exit poll,Before that,Before that,Before that,Before that,Seriously off on the wrong track,Version 1,1.73615717887878,No
3687.0,Dennis Daugaard,Mike Rounds,18-29,18-29,18-24,18-44,18-29,18-24,Non-Black 18-29,White 18-29,White 18-29,Complete,,1.0,Postgraduate study,College graduate,More than High school graduate,White college degree,Omit,Favorable,4.0,Government is doing too many things better left to businesses and individuals,Went too far,Less than 100k,"$30,000 or more",50k or more,50 to 100 thousand,"$50,000-$99,999","$50,000-$99,999","Over $50,000 and white",No,No,Worried,Somewhat worried,Disapprove,Somewhat disapprove,18-44,18-64,Republican,Non-black non-Democrat,All Republicans,Republican,Republican Men,White Republican,Conservative,,Independent/Something else,Conservative Republicans,White,White,State questionnaire,White,White,Midwest,Omit,The Republican Party,Male,White men,Non married men,"Cities 50,000-500,000","Cities over 50,000",South Dakota,Telephone survey,Before that,Before that,Before that,Before that,Generally going in the right direction,Version 1,1.56112253665924,No
3832.0,Dennis Daugaard,Mike Rounds,65+,60+,65 or over,45+,60+,65+,Non-Black 60+,White 60+,White 65+,Complete,,1.0,Some college/assoc. degree,No college degree,More than High school graduate,White no college degree,Omit,Favorable,4.0,Government is doing too many things better left to businesses and individuals,Went too far,Less than 100k,"$30,000 or more",Less than 50k,Less than 50 thousand,"Under $50,000","$30,000-$49,999","Under $50,000 and white",No,Yes,Worried,Very worried,Disapprove,Strongly disapprove,45+,65+,Republican,Non-black non-Democrat,All Republicans,Republican,Republican Women,White Republican,Conservative,,Independent/Something else,Conservative Republicans,White,White,State questionnaire,White,White,Midwest,Approve,The Republican Party,Female,White women,Married women,Suburbs,Suburbs,South Dakota,Telephone survey,Before that,Before that,Before that,Before that,Seriously off on the wrong track,Version 1,0.232958003878593,Yes
79913.0,Dennis Daugaard,Mike Rounds,65+,60+,65 or over,45+,60+,65+,Non-Black 60+,White 60+,White 65+,Complete,Call 2,1.0,Postgraduate study,College graduate,More than High school graduate,White college degree,Omit,Favorable,2.0,Government is doing too many things better left to businesses and individuals,Went too far,Less than 100k,"$30,000 or more",50k or more,50 to 100 thousand,"$50,000-$99,999","$50,000-$99,999","Over $50,000 and white",,Yes,Worried,Very worried,Disapprove,Strongly disapprove,45+,65+,Independent/Something else,Non-black non-Democrat,White Independent,Independent,Independent Women,White Independent,Moderate,82.0,Moderate/Liberal Republicans,Moderate Independents,White,White,State questionnaire,White,White,Midwest,Omit,The Republican Party,Female,White women,Married women,,,South Dakota,Election day exit poll,Before that,In the last month,In the last week,In the last week,Seriously off on the wrong track,Version 1,0.925927460193634,No
79916.0,Dennis Daugaard,Mike Rounds,65+,60+,65 or over,45+,60+,65+,Non-Black 60+,White 60+,White 65+,Complete,Call 2,1.0,No high school diploma,No college degree,High school graduate or less,White no college degree,Omit,Favorable,3.0,Government is doing too many things better left to businesses and individuals,Did not go far enough,Less than 100k,"Under $30,000",Less than 50k,Less than 50 thousand,"Under $50,000","Under $30,000","Under $50,000 and white",,Yes,Worried,Very worried,Disapprove,Strongly disapprove,45+,65+,Republican,Non-black non-Democrat,All Republicans,Republican,Republican Women,White Republican,Moderate,7.0,Conservative Republicans,Mod./Liberal Republicans,White,White,State questionnaire,White,White,Midwest,Disapprove,Omit,Female,White women,Married women,,,South Dakota,Election day exit poll,In the last three days,In the last month,In the last week,In the last three days,Seriously off on the wrong track,Version 1,1.01192343235016,Yes
95833.0,Dennis Daugaard,Mike Rounds,18-29,18-29,25-29,18-44,18-29,25-29,Non-Black 18-29,White 18-29,White 18-29,Complete,Call 3,1.0,Some college/assoc. degree,No college degree,More than High school graduate,White no college degree,Omit,Favorable,2.0,Government is doing too many things better left to businesses and individuals,Went too far,Less than 100k,"Under $30,000",Less than 50k,Less than 50 thousand,"Under $50,000","Under $30,000","Under $50,000 and white",No,No,Worried,Somewhat worried,Disapprove,Strongly disapprove,18-44,18-64,Republican,Non-black non-Democrat,All Republicans,Republican,Republican Men,White Republican,Conservative,82.0,Independent/Something else,Conservative Republicans,White,White,State questionnaire,White,White,Midwest,Omit,The Republican Party,Male,White men,Non married men,,,South Dakota,Election day exit poll,Before that,In the last month,Before that,In the last month,Omit,Version 1,1.36510276794434,Yes
99930.0,Dennis Daugaard,Mike Rounds,18-29,18-29,25-29,18-44,18-29,25-29,Non-Black 18-29,White 18-29,White 18-29,Complete,Call 3,1.0,College graduate,College graduate,More than High school graduate,White college degree,Omit,Favorable,3.0,Government is doing too many things better left to businesses and individuals,Omit,Less than 100k,"$30,000 or more",50k or more,50 to 100 thousand,"$50,000-$99,999","$50,000-$99,999","Over $50,000 and white",No,Yes,Worried,Somewhat worried,Disapprove,Somewhat disapprove,18-44,18-64,Republican,Non-black non-Democrat,All Republicans,Republican,Republican Women,White Republican,Conservative,26.0,Independent/Something else,Conservative Republicans,White,White,State questionnaire,White,White,Midwest,Omit,The Republican Party,Female,White women,Married women,,,South Dakota,Election day exit poll,Before that,In the last month,In the last week,In the last week,Generally going in the right direction,Version 1,1.52549195289612,No
100241.0,Dennis Daugaard,Mike Rounds,45-65,30-59,45-49,45+,45-59,40-49,Non-Black 45-59,White 45-59,White 45-64,Complete,Call 3,1.0,College graduate,College graduate,More than High school graduate,White college degree,Omit,Favorable,4.0,Government is doing too many things better left to businesses and individuals,Went too far,,,,,,,,No,Yes,Worried,Somewhat worried,Disapprove,Strongly disapprove,45+,18-64,Republican,Non-black non-Democrat,All Republicans,Republican,Republican Women,White Republican,Conservative,40.0,Independent/Something else,Conservative Republicans,White,White,State questionnaire,White,White,Midwest,Omit,The Republican Party,Female,White women,Married women,,,South Dakota,Election day exit poll,Before that,Before that,Before that,Before that,Seriously off on the wrong track,Version 1,1.65531373023987,No
3749.0,Dennis Daugaard,Mike Rounds,30-44,30-59,40-44,18-44,30-44,40-49,Non-Black 30-44,All others,All others,Complete,,1.0,High school graduate,No college degree,High school graduate or less,Non white no college degree,Favorable,Unfavorable,1.0,Government is doing too many things better left to businesses and individuals,Was about right,100k or more,"$30,000 or more",50k or more,100 thousand or more,"$200,000 or more","$200,000 or more","Over $50,000 and non white",No,No,Not worried,Not too worried,Approve,Somewhat approve,18-44,18-64,Independent/Something else,Non-black non-Democrat,All Other,Independent,Independent Men,All others,Conservative,,Moderate/Liberal Republicans,Conservative Independents,Other,Asian,State questionnaire,Asian,Asian,Midwest,Approve,The Republican Party,Male,All other races,Non married men,Suburbs,Suburbs,South Dakota,Telephone survey,Before that,In the last month,Before that,In the last month,Generally going in the right direction,Version 1,2.23031878471375,No
79184.0,Dennis Daugaard,Mike Rounds,65+,60+,65 or over,45+,60+,65+,Non-Black 60+,White 60+,White 65+,Complete,Call 2,1.0,High school graduate,No college degree,High school graduate or less,White no college degree,Favorable,Unfavorable,3.0,Government is doing too many things better left to businesses and individuals,Went too far,Less than 100k,"$30,000 or more",Less than 50k,Less than 50 thousand,"Under $50,000","$30,000-$49,999","Under $50,000 and white",No,Yes,Worried,Very worried,Disapprove,Strongly disapprove,45+,65+,Democrat,Non-black Democrat,White Democrat,Democrat,Democratic Women,White Democrat,Moderate,7.0,Moderate/Conservative Democrats,Mod/Conserv. Democrats,White,White,State questionnaire,White,White,Midwest,Approve,The Democratic Party,Female,White women,Married women,,,South Dakota,Election day exit poll,In the last three days,In the last month,In the last week,In the last three days,Seriously off on the wrong track,Version 1,1.01192343235016,Yes
80487.0,Dennis Daugaard,Mike Rounds,18-29,18-29,25-29,18-44,18-29,25-29,Non-Black 18-29,White 18-29,White 18-29,Complete,Call 2,1.0,High school graduate,No college degree,High school graduate or less,White no college degree,Favorable,Unfavorable,2.0,Government is doing too many things better left to businesses and individuals,Was about right,Less than 100k,"$30,000 or more",Less than 50k,Less than 50 thousand,"Under $50,000","$30,000-$49,999","Under $50,000 and white",No,No,Worried,Somewhat worried,Approve,Somewhat approve,18-44,18-64,Democrat,Non-black Democrat,White Democrat,Democrat,Democratic Men,White Democrat,Moderate,36.0,Moderate/Conservative Democrats,Mod/Conserv. Democrats,White,White,State questionnaire,White,White,Midwest,Disapprove,The Democratic Party,Male,White men,Non married men,,,South Dakota,Election day exit poll,Before that,In the last month,Before that,In the last month,Generally going in the right direction,Version 1,1.72499465942383,Yes
82250.0,Dennis Daugaard,Mike Rounds,30-44,30-59,40-44,18-44,30-44,40-49,Non-Black 30-44,White 30-44,White 30-44,Complete,Call 2,1.0,High school graduate,No college degree,High school graduate or less,White no college degree,Favorable,Unfavorable,2.0,Government is doing too many things better left to businesses and individuals,Went too far,Less than 100k,"Under $30,000",Less than 50k,Less than 50 thousand,"Under $50,000","Under $30,000","Under $50,000 and white",No,Yes,Worried,Somewhat worried,Approve,Somewhat approve,18-44,18-64,Democrat,Non-black Democrat,White Democrat,Democrat,Democratic Men,White Democrat,Liberal,5.0,Liberal Democrats,Liberal Democrats,White,White,State questionnaire,White,White,Midwest,Approve,The Democratic Party,Male,White men,Married men,,,South Dakota,Election day exit poll,In the last three days,In the last month,In the last week,In the last three days,Seriously off on the wrong track,Version 1,1.44679772853851,Yes
3683.0,Dennis Daugaard,Mike Rounds,30-44,30-59,30-39,18-44,30-44,30-39,,,,Complete,,1.0,Some college/assoc. degree,No college degree,More than High school graduate,,Unfavorable,Unfavorable,4.0,Government is doing too many things better left to businesses and individuals,Went too far,,,,,,,,No,Yes,Worried,Very worried,Disapprove,Strongly disapprove,18-44,18-64,Republican,,,Republican,Republican Men,,,,,,,,State questionnaire,,,Midwest,Omit,The Republican Party,Male,,Married men,Suburbs,Suburbs,South Dakota,Telephone survey,Before that,Before that,Before that,Before that,Seriously off on the wrong track,Version 1,0.786561012268066,
3686.0,Dennis Daugaard,Mike Rounds,65+,60+,65 or over,45+,60+,65+,Non-Black 60+,White 60+,White 65+,Complete,,1.0,Postgraduate study,College graduate,More than High school graduate,White college degree,Unfavorable,Unfavorable,4.0,Government is doing too many things better left to businesses and individuals,Went too far,100k or more,"$30,000 or more",50k or more,100 thousand or more,"$100,000-$199,999","$100,000-$199,999","Over $50,000 and white",No,Yes,Worried,Very worried,Disapprove,Strongly disapprove,45+,65+,Independent/Something else,Non-black non-Democrat,White Independent,Independent,Independent Men,White Independent,Conservative,,Moderate/Liberal Republicans,Conservative Independents,White,White,State questionnaire,White,White,Midwest,Omit,The Republican Party,Male,White men,Married men,"Cities 50,000-500,000","Cities over 50,000",South Dakota,Telephone survey,Before that,In the last month,Before that,In the last month,Seriously off on the wrong track,Version 1,0.436714440584183,No
3712.0,Dennis Daugaard,Mike Rounds,65+,60+,65 or over,45+,60+,65+,Non-Black 60+,White 60+,White 65+,Complete,,1.0,High school graduate,No college degree,High school graduate or less,White no college degree,Unfavorable,Unfavorable,3.0,Government is doing too many things better left to businesses and individuals,Went too far,Less than 100k,"Under $30,000",Less than 50k,Less than 50 thousand,"Under $50,000","Under $30,000","Under $50,000 and white",No,No,Worried,Somewhat worried,Disapprove,Somewhat disapprove,45+,65+,Independent/Something else,Non-black non-Democrat,White Independent,Something else,Independent Women,White Independent,Conservative,,Moderate/Liberal Republicans,Conservative Independents,White,White,State questionnaire,White,White,Midwest,Disapprove,Does not matter to me,Female,White women,Non married women,Rural,Small Cities/Rural,South Dakota,Telephone survey,Before that,In the last month,In the last week,In the last week,Seriously off on the wrong track,Version 1,0.249992847442627,Yes
3721.0,Dennis Daugaard,Mike Rounds,30-44,30-59,40-44,18-44,30-44,40-49,Non-Black 30-44,Latino 30-44,Latino 30-44,Complete,,1.0,No high school diploma,No college degree,High school graduate or less,Non white no college degree,Unfavorable,Unfavorable,2.0,Government is doing too many things better left to businesses and individuals,Was about right,Less than 100k,"$30,000 or more",50k or more,50 to 100 thousand,"$50,000-$99,999","$50,000-$99,999","Over $50,000 and non white",Yes,Yes,Worried,Very worried,Approve,Somewhat approve,18-44,18-64,Republican,Non-black non-Democrat,All Republicans,Republican,Republican Men,All others,Moderate,,Conservative Republicans,Mod./Liberal Republicans,Other,Hispanic/Latino,State questionnaire,Hispanic/Latino,Hispanic/Latino,Midwest,Approve,The Republican Party,Male,Latino men,Married men,Rural,Small Cities/Rural,South Dakota,Telephone survey,Before that,In the last month,Before that,In the last month,Seriously off on the wrong track,Version 1,0.518042683601379,No
3736.0,Dennis Daugaard,Mike Rounds,45-65,30-59,50-59,45+,45-59,50-64,Non-Black 45-59,White 45-59,White 45-64,Complete,,1.0,College graduate,College graduate,More than High school graduate,White college degree,Unfavorable,Unfavorable,2.0,Government is doing too many things better left to businesses and individuals,Went too far,Less than 100k,"$30,000 or more",50k or more,50 to 100 thousand,"$50,000-$99,999","$50,000-$99,999","Over $50,000 and white",No,Yes,Not worried,Not too worried,Disapprove,Somewhat disapprove,45+,18-64,Republican,Non-black non-Democrat,All Republicans,Republican,Republican Men,White Republican,Moderate,,Conservative Republicans,Mod./Liberal Republicans,White,White,State questionnaire,White,White,Midwest,Omit,The Republican Party,Male,White men,Married men,Rural,Small Cities/Rural,South Dakota,Telephone survey,Before that,Before that,Before that,Before that,Seriously off on the wrong track,Version 1,0.648021817207336,No
3738.0,Dennis Daugaard,Mike Rounds,65+,60+,65 or over,45+,60+,65+,Non-Black 60+,White 60+,White 65+,Complete,,1.0,Postgraduate study,College graduate,More than High school graduate,White college degree,Unfavorable,Unfavorable,2.0,Government is doing too many things better left to businesses and individuals,Went too far,Less than 100k,"$30,000 or more",50k or more,50 to 100 thousand,"$50,000-$99,999","$50,000-$99,999","Over $50,000 and white",No,Yes,Worried,Somewhat worried,Disapprove,Strongly disapprove,45+,65+,Republican,Non-black non-Democrat,All Republicans,Republican,Republican Men,White Republican,Conservative,,Independent/Something else,Conservative Republicans,White,White,State questionnaire,White,White,Midwest,Approve,The Republican Party,Male,White men,Married men,Rural,Small Cities/Rural,South Dakota,Telephone survey,Before that,Before that,Before that,Before that,Seriously off on the wrong track,Version 1,0.377393901348114,No
3757.0,Dennis Daugaard,Mike Rounds,65+,60+,65 or over,45+,60+,65+,Non-Black 60+,White 60+,White 65+,Complete,,1.0,Postgraduate study,College graduate,More than High school graduate,White college degree,Unfavorable,Unfavorable,3.0,Government is doing too many things better left to businesses and individuals,Went too far,Less than 100k,"Under $30,000",Less than 50k,Less than 50 thousand,"Under $50,000","Under $30,000","Under $50,000 and white",No,Yes,Not worried,Not too worried,Disapprove,Strongly disapprove,45+,65+,Independent/Something else,Non-black non-Democrat,White Independent,Independent,Independent Men,White Independent,Conservative,,Moderate/Liberal Republicans,Conservative Independents,White,White,State questionnaire,White,White,Midwest,Approve,The Republican Party,Male,White men,Married men,Rural,Small Cities/Rural,South Dakota,Telephone survey,Before that,Before that,Before that,Before that,Seriously off on the wrong track,Version 1,0.462876290082932,No
3800.0,Dennis Daugaard,Mike Rounds,45-65,60+,60-64,45+,60+,50-64,Non-Black 60+,White 60+,White 45-64,Complete,,1.0,Some college/assoc. degree,No college degree,More than High school graduate,White no college degree,Unfavorable,Unfavorable,4.0,Government is doing too many things better left to businesses and individuals,Went too far,Less than 100k,"$30,000 or more",50k or more,50 to 100 thousand,"$50,000-$99,999","$50,000-$99,999","Over $50,000 and white",No,Yes,Worried,Very worried,Disapprove,Strongly disapprove,45+,18-64,Independent/Something else,Non-black non-Democrat,White Independent,Independent,Independent Men,White Independent,Conservative,,Moderate/Liberal Republicans,Conservative Independents,White,White,State questionnaire,White,White,Midwest,Omit,The Republican Party,Male,White men,Married men,Suburbs,Suburbs,South Dakota,Telephone survey,Before that,Before that,Before that,Before that,Seriously off on the wrong track,Version 1,0.389104336500168,No
3801.0,Dennis Daugaard,Mike Rounds,45-65,30-59,50-59,45+,45-59,50-64,Non-Black 45-59,White 45-59,White 45-64,Complete,,1.0,Postgraduate study,College graduate,More than High school graduate,White college degree,Unfavorable,Unfavorable,2.0,Government is doing too many things better left to businesses and individuals,Went too far,100k or more,"$30,000 or more",50k or more,100 thousand or more,"$100,000-$199,999","$100,000-$199,999","Over $50,000 and white",No,Yes,Worried,Somewhat worried,Disapprove,Strongly disapprove,45+,18-64,Republican,Non-black non-Democrat,All Republicans,Republican,Republican Women,White Republican,Conservative,,Independent/Something else,Conservative Republicans,White,White,State questionnaire,White,White,Midwest,Approve,The Republican Party,Female,White women,Married women,Suburbs,Suburbs,South Dakota,Telephone survey,Before that,Before that,Before that,Before that,Omit,Version 1,0.941567182540894,No
3816.0,Dennis Daugaard,Mike Rounds,45-65,60+,60-64,45+,60+,50-64,Non-Black 60+,White 60+,White 45-64,Complete,,1.0,High school graduate,No college degree,High school graduate or less,White no college degree,Unfavorable,Unfavorable,2.0,Government is doing too many things better left to businesses and individuals,Went too far,Less than 100k,"$30,000 or more",Less than 50k,Less than 50 thousand,"Under $50,000","$30,000-$49,999","Under $50,000 and white",No,Yes,Worried,Somewhat worried,Disapprove,Strongly disapprove,45+,18-64,Independent/Something else,Non-black non-Democrat,White Independent,Something else,Independent Men,White Independent,Conservative,,Moderate/Liberal Republicans,Conservative Independents,White,White,State questionnaire,White,White,Midwest,Approve,The Republican Party,Male,White men,Married men,Rural,Small Cities/Rural,South Dakota,Telephone survey,Before that,In the last month,Before that,In the last month,Seriously off on the wrong track,Version 1,0.680888473987579,Yes
3826.0,Dennis Daugaard,Mike Rounds,45-65,30-59,45-49,45+,45-59,40-49,,,,Complete,,1.0,Some college/assoc. degree,No college degree,More than High school graduate,,Unfavorable,Unfavorable,3.0,Government is doing too many things better left to businesses and individuals,Went too far,Less than 100k,"$30,000 or more",Less than 50k,Less than 50 thousand,"Under $50,000","$30,000-$49,999",,,Yes,Worried,Very worried,Disapprove,Strongly disapprove,45+,18-64,Independent/Something else,,,Something else,Independent Women,,Conservative,,Moderate/Liberal Republicans,Conservative Independents,,,State questionnaire,,,Midwest,Approve,The Republican Party,Female,,Married women,Rural,Small Cities/Rural,South Dakota,Telephone survey,Before that,Before that,Before that,Before that,Seriously off on the wrong track,Version 1,0.734858930110931,
3842.0,Dennis Daugaard,Mike Rounds,65+,60+,65 or over,45+,60+,65+,Non-Black 60+,White 60+,White 65+,Complete,,1.0,High school graduate,No college degree,High school graduate or less,White no college degree,Unfavorable,Unfavorable,2.0,Government is doing too many things better left to businesses and individuals,Went too far,Less than 100k,"Under $30,000",Less than 50k,Less than 50 thousand,"Under $50,000","Under $30,000","Under $50,000 and white",No,Yes,Not worried,Not too worried,Disapprove,Strongly disapprove,45+,65+,Democrat,Non-black Democrat,White Democrat,Democrat,Democratic Men,White Democrat,Liberal,,Liberal Democrats,Liberal Democrats,White,White,State questionnaire,White,White,Midwest,Disapprove,The Democratic Party,Male,White men,Married men,Rural,Small Cities/Rural,South Dakota,Telephone survey,Before that,In the last month,Before that,In the last month,Seriously off on the wrong track,Version 1,0.541062712669373,Yes
3849.0,Dennis Daugaard,Mike Rounds,45-65,30-59,45-49,45+,45-59,40-49,Non-Black 45-59,White 45-59,White 45-64,Complete,,1.0,College graduate,College graduate,More than High school graduate,White college degree,Unfavorable,Unfavorable,4.0,Government is doing too many things better left to businesses and individuals,Went too far,,,,,,,,No,Yes,Worried,Very worried,Disapprove,Strongly disapprove,45+,18-64,Independent/Something else,Non-black non-Democrat,White Independent,Independent,Independent Women,White Independent,Conservative,,Moderate/Liberal Republicans,Conservative Independents,White,White,State questionnaire,White,White,Midwest,Disapprove,The Republican Party,Female,White women,Married women,"Cities 50,000-500,000","Cities over 50,000",South Dakota,Telephone survey,Before that,Before that,Before that,Before that,Seriously off on the wrong track,Version 1,0.524920165538788,No
3853.0,Dennis Daugaard,Mike Rounds,65+,60+,65 or over,45+,60+,65+,Non-Black 60+,White 60+,White 65+,Complete,,1.0,Some college/assoc. degree,No college degree,More than High school graduate,White no college degree,Unfavorable,Unfavorable,3.0,Government is doing too many things better left to businesses and individuals,Went too far,Less than 100k,"$30,000 or more",50k or more,50 to 100 thousand,"$50,000-$99,999","$50,000-$99,999","Over $50,000 and white",No,Yes,Not worried,Not at all worried,Disapprove,Strongly disapprove,45+,65+,Independent/Something else,Non-black non-Democrat,White Independent,Independent,Independent Women,White Independent,Conservative,,Moderate/Liberal Republicans,Conservative Independents,White,White,State questionnaire,White,White,Midwest,Omit,The Republican Party,Female,White women,Married women,Rural,Small Cities/Rural,South Dakota,Telephone survey,Before that,Before that,Before that,Before that,Seriously off on the wrong track,Version 1,0.249992847442627,No
3881.0,Dennis Daugaard,Mike Rounds,65+,60+,65 or over,45+,60+,65+,,,,Complete,,1.0,,,,,Unfavorable,Unfavorable,4.0,Government is doing too many things better left to businesses and individuals,Went too far,,,,,,,,,,Worried,Very worried,Disapprove,Strongly disapprove,45+,65+,Independent/Something else,,,Independent,Independent Women,,Conservative,,Moderate/Liberal Republicans,Conservative Independents,,,State questionnaire,,,Midwest,Omit,The Republican Party,Female,,,"Cities 50,000-500,000","Cities over 50,000",South Dakota,Telephone survey,Before that,In the last month,Before that,In the last month,Seriously off on the wrong track,Version 1,0.211975499987602,
3882.0,Dennis Daugaard,Mike Rounds,65+,60+,65 or over,45+,60+,65+,Non-Black 60+,White 60+,White 65+,Complete,,1.0,Postgraduate study,College graduate,More than High school graduate,White college degree,Unfavorable,Unfavorable,4.0,Government is doing too many things better left to businesses and individuals,Was about right,100k or more,"$30,000 or more",50k or more,100 thousand or more,"$100,000-$199,999","$100,000-$199,999","Over $50,000 and white",No,Yes,Worried,Somewhat worried,Disapprove,Somewhat disapprove,45+,65+,Republican,Non-black non-Democrat,All Republicans,Republican,Republican Men,White Republican,Moderate,,Conservative Republicans,Mod./Liberal Republicans,White,White,State questionnaire,White,White,Midwest,Disapprove,The Republican Party,Male,White men,Married men,"Cities 50,000-500,000","Cities over 50,000",South Dakota,Telephone survey,Before that,In the last month,In the last week,In the last week,Seriously off on the wrong track,Version 1,0.431335300207138,No
3885.0,Dennis Daugaard,Mike Rounds,65+,60+,65 or over,45+,60+,65+,Non-Black 60+,White 60+,White 65+,Complete,,1.0,Some college/assoc. degree,No college degree,More than High school graduate,White no college degree,Unfavorable,Unfavorable,3.0,Government is doing too many things better left to businesses and individuals,Went too far,,,,,,,,No,No,Worried,Very worried,Disapprove,Strongly disapprove,45+,65+,Republican,Non-black non-Democrat,All Republicans,Republican,Republican Women,White Republican,Moderate,,Conservative Republicans,Mod./Liberal Republicans,White,White,State questionnaire,White,White,Midwest,Omit,The Republican Party,Female,White women,Non married women,Rural,Small Cities/Rural,South Dakota,Telephone survey,Before that,In the last month,In the last week,In the last week,Seriously off on the wrong track,Version 1,0.17920508980751,
3905.0,Dennis Daugaard,Mike Rounds,30-44,30-59,30-39,18-44,30-44,30-39,Non-Black 30-44,White 30-44,White 30-44,Complete,,1.0,Some college/assoc. degree,No college degree,More than High school graduate,White no college degree,Unfavorable,Unfavorable,4.0,Government is doing too many things better left to businesses and individuals,Went too far,100k or more,"$30,000 or more",50k or more,100 thousand or more,"$100,000-$199,999","$100,000-$199,999","Over $50,000 and white",No,Yes,Worried,Somewhat worried,Disapprove,Strongly disapprove,18-44,18-64,Independent/Something else,Non-black non-Democrat,White Independent,Independent,Independent Men,White Independent,Moderate,,Moderate/Liberal Republicans,Moderate Independents,White,White,State questionnaire,White,White,Midwest,Approve,The Republican Party,Male,White men,Married men,Rural,Small Cities/Rural,South Dakota,Telephone survey,Before that,Before that,Before that,Before that,Seriously off on the wrong track,Version 1,0.987971663475037,No
3910.0,Dennis Daugaard,Mike Rounds,65+,60+,65 or over,45+,60+,65+,Non-Black 60+,White 60+,White 65+,Complete,,1.0,College graduate,College graduate,More than High school graduate,White college degree,Unfavorable,Unfavorable,3.0,Government is doing too many things better left to businesses and individuals,Went too far,,,,,,,,No,Yes,Worried,Somewhat worried,Disapprove,Strongly disapprove,45+,65+,Republican,Non-black non-Democrat,All Republicans,Republican,Republican Men,White Republican,Conservative,,Independent/Something else,Conservative Republicans,White,White,State questionnaire,White,White,Midwest,Approve,The Republican Party,Male,White men,Married men,Rural,Small Cities/Rural,South Dakota,Telephone survey,Before that,Before that,Before that,Before that,Seriously off on the wrong track,Version 1,0.231438145041466,No
59787.0,Dennis Daugaard,Mike Rounds,45-65,30-59,45-49,45+,45-59,40-49,Non-Black 45-59,White 45-59,White 45-64,Complete,Call 1,1.0,College graduate,College graduate,More than High school graduate,White college degree,Unfavorable,Unfavorable,1.0,Government is doing too many things better left to businesses and individuals,Went too far,Less than 100k,"$30,000 or more",50k or more,50 to 100 thousand,"$50,000-$99,999","$50,000-$99,999","Over $50,000 and white",No,Yes,Worried,Somewhat worried,Disapprove,Strongly disapprove,45+,18-64,Independent/Something else,Non-black non-Democrat,White Independent,Independent,Independent Men,White Independent,Conservative,56.0,Moderate/Liberal Republicans,Conservative Independents,White,White,State questionnaire,White,White,Midwest,Approve,The Republican Party,Male,White men,Married men,,,South Dakota,Election day exit poll,Before that,In the last month,Before that,In the last month,Seriously off on the wrong track,Version 1,1.28519976139069,No
59853.0,Dennis Daugaard,Mike Rounds,30-44,30-59,40-44,18-44,30-44,40-49,Non-Black 30-44,White 30-44,White 30-44,Complete,Call 1,1.0,Postgraduate study,College graduate,More than High school graduate,White college degree,Unfavorable,Unfavorable,1.0,Government is doing too many things better left to businesses and individuals,Went too far,100k or more,"$30,000 or more",50k or more,100 thousand or more,"$200,000 or more","$200,000 or more","Over $50,000 and white",No,Yes,Worried,Somewhat worried,Disapprove,Strongly disapprove,18-44,18-64,Republican,Non-black non-Democrat,All Republicans,Republican,Republican Women,White Republican,Conservative,56.0,Independent/Something else,Conservative Republicans,White,White,State questionnaire,White,White,Midwest,Disapprove,The Republican Party,Female,White women,Married women,,,South Dakota,Election day exit poll,Before that,Before that,Before that,Before that,Seriously off on the wrong track,Version 1,1.22535502910614,No
60632.0,Dennis Daugaard,Mike Rounds,30-44,30-59,40-44,18-44,30-44,40-49,Non-Black 30-44,White 30-44,White 30-44,Complete,Call 1,1.0,Postgraduate study,College graduate,More than High school graduate,White college degree,Unfavorable,Unfavorable,2.0,Government is doing too many things better left to businesses and individuals,Went too far,100k or more,"$30,000 or more",50k or more,100 thousand or more,"$200,000 or more","$200,000 or more","Over $50,000 and white",No,Yes,Worried,Very worried,Disapprove,Strongly disapprove,18-44,18-64,Republican,Non-black non-Democrat,All Republicans,Republican,Republican Men,White Republican,Moderate,82.0,Conservative Republicans,Mod./Liberal Republicans,White,White,State questionnaire,White,White,Midwest,Omit,The Republican Party,Male,White men,Married men,,,South Dakota,Election day exit poll,Before that,In the last month,Before that,In the last month,Seriously off on the wrong track,Version 1,0.966049015522003,No
60712.0,Dennis Daugaard,Mike Rounds,45-65,30-59,50-59,45+,45-59,50-64,Non-Black 45-59,White 45-59,White 45-64,Complete,Call 1,1.0,Postgraduate study,College graduate,More than High school graduate,White college degree,Unfavorable,Unfavorable,2.0,Government is doing too many things better left to businesses and individuals,Went too far,100k or more,"$30,000 or more",50k or more,100 thousand or more,"$100,000-$199,999","$100,000-$199,999","Over $50,000 and white",No,Yes,Worried,Very worried,Disapprove,Strongly disapprove,45+,18-64,Republican,Non-black non-Democrat,All Republicans,Republican,Republican Women,White Republican,Moderate,82.0,Conservative Republicans,Mod./Liberal Republicans,White,White,State questionnaire,White,White,Midwest,Disapprove,The Republican Party,Female,White women,Married women,,,South Dakota,Election day exit poll,Before that,Before that,Before that,Before that,Seriously off on the wrong track,Version 1,0.921065330505371,No
60827.0,Dennis Daugaard,Mike Rounds,30-44,30-59,40-44,18-44,30-44,40-49,Non-Black 30-44,White 30-44,White 30-44,Complete,Call 1,1.0,College graduate,College graduate,More than High school graduate,White college degree,Unfavorable,Unfavorable,2.0,Government is doing too many things better left to businesses and individuals,Did not go far enough,100k or more,"$30,000 or more",50k or more,100 thousand or more,"$100,000-$199,999","$100,000-$199,999","Over $50,000 and white",No,Yes,Worried,Very worried,Disapprove,Strongly disapprove,18-44,18-64,Republican,Non-black non-Democrat,All Republicans,Republican,Republican Men,White Republican,Conservative,82.0,Independent/Something else,Conservative Republicans,White,White,State questionnaire,White,White,Midwest,Disapprove,The Republican Party,Male,White men,Married men,,,South Dakota,Election day exit poll,In the last three days,In the last month,In the last week,In the last three days,Seriously off on the wrong track,Version 1,0.966049015522003,No
61034.0,Dennis Daugaard,Mike Rounds,45-65,30-59,50-59,45+,45-59,50-64,Non-Black 45-59,White 45-59,White 45-64,Complete,Call 1,1.0,Postgraduate study,College graduate,More than High school graduate,White college degree,Unfavorable,Unfavorable,2.0,Government is doing too many things better left to businesses and individuals,Went too far,100k or more,"$30,000 or more",50k or more,100 thousand or more,"$100,000-$199,999","$100,000-$199,999","Over $50,000 and white",No,Yes,Worried,Very worried,Disapprove,Strongly disapprove,45+,18-64,Republican,Non-black non-Democrat,All Republicans,Republican,Republican Women,White Republican,Conservative,82.0,Independent/Something else,Conservative Republicans,White,White,State questionnaire,White,White,Midwest,Omit,The Republican Party,Female,White women,Married women,,,South Dakota,Election day exit poll,Before that,Before that,Before that,Before that,Seriously off on the wrong track,Version 1,0.921065330505371,No
61536.0,Dennis Daugaard,Mike Rounds,45-65,30-59,50-59,45+,45-59,50-64,Non-Black 45-59,White 45-59,White 45-64,Complete,Call 1,1.0,Some college/assoc. degree,No college degree,More than High school graduate,White no college degree,Unfavorable,Unfavorable,2.0,Government is doing too many things better left to businesses and individuals,Went too far,Less than 100k,"$30,000 or more",50k or more,50 to 100 thousand,"$50,000-$99,999","$50,000-$99,999","Over $50,000 and white",No,Yes,Worried,Very worried,Disapprove,Strongly disapprove,45+,18-64,Republican,Non-black non-Democrat,All Republicans,Republican,Republican Men,White Republican,Moderate,82.0,Conservative Republicans,Mod./Liberal Republicans,White,White,State questionnaire,White,White,Midwest,Approve,The Republican Party,Male,White men,Married men,,,South Dakota,Election day exit poll,Before that,Before that,Before that,Before that,Seriously off on the wrong track,Version 1,0.966049015522003,No
62252.0,Dennis Daugaard,Mike Rounds,45-65,30-59,45-49,45+,45-59,40-49,Non-Black 45-59,All others,All others,Complete,Call 1,1.0,Postgraduate study,College graduate,More than High school graduate,Non white college degree,Unfavorable,Unfavorable,2.0,Government is doing too many things better left to businesses and individuals,Went too far,100k or more,"$30,000 or more",50k or more,100 thousand or more,"$100,000-$199,999","$100,000-$199,999","Over $50,000 and non white",,No,Omit,Omit,Disapprove,Strongly disapprove,45+,18-64,Independent/Something else,Non-black non-Democrat,All Other,Something else,Independent Men,All others,Conservative,82.0,Moderate/Liberal Republicans,Conservative Independents,Other,Other,State questionnaire,Other,Other,Midwest,Omit,The Republican Party,Male,All other races,Non married men,,,South Dakota,Election day exit poll,Before that,Before that,Before that,Before that,Seriously off on the wrong track,Version 1,0.966049015522003,No
63888.0,Dennis Daugaard,Mike Rounds,65+,60+,65 or over,45+,60+,65+,Non-Black 60+,White 60+,White 65+,Complete,Call 1,1.0,Postgraduate study,College graduate,More than High school graduate,White college degree,Unfavorable,Unfavorable,3.0,Government is doing too many things better left to businesses and individuals,Went too far,100k or more,"$30,000 or more",50k or more,100 thousand or more,"$100,000-$199,999","$100,000-$199,999","Over $50,000 and white",No,Yes,Not worried,Not too worried,Disapprove,Strongly disapprove,45+,65+,Independent/Something else,Non-black non-Democrat,White Independent,Independent,Independent Men,White Independent,Moderate,26.0,Moderate/Liberal Republicans,Moderate Independents,White,White,State questionnaire,White,White,Midwest,Disapprove,The Republican Party,Male,White men,Married men,,,South Dakota,Election day exit poll,Before that,Before that,Before that,Before that,Seriously off on the wrong track,Version 1,1.13825356960297,No
64009.0,Dennis Daugaard,Mike Rounds,30-44,30-59,30-39,18-44,30-44,30-39,Non-Black 30-44,White 30-44,White 30-44,Complete,Call 1,1.0,College graduate,College graduate,More than High school graduate,White college degree,Unfavorable,Unfavorable,3.0,Government is doing too many things better left to businesses and individuals,Went too far,Less than 100k,"$30,000 or more",Less than 50k,Less than 50 thousand,"Under $50,000","$30,000-$49,999","Under $50,000 and white",No,Yes,Worried,Very worried,Disapprove,Strongly disapprove,18-44,18-64,Independent/Something else,Non-black non-Democrat,White Independent,Independent,Independent Men,White Independent,Conservative,7.0,Moderate/Liberal Republicans,Conservative Independents,White,White,State questionnaire,White,White,Midwest,Disapprove,The Republican Party,Male,White men,Married men,,,South Dakota,Election day exit poll,Before that,Before that,Before that,Before that,Seriously off on the wrong track,Version 1,1.05577123165131,No
64137.0,Dennis Daugaard,Mike Rounds,30-44,30-59,30-39,18-44,30-44,30-39,Non-Black 30-44,White 30-44,White 30-44,Complete,Call 1,1.0,Some college/assoc. degree,No college degree,More than High school graduate,White no college degree,Unfavorable,Unfavorable,3.0,Government is doing too many things better left to businesses and individuals,Went too far,100k or more,"$30,000 or more",50k or more,100 thousand or more,"$100,000-$199,999","$100,000-$199,999","Over $50,000 and white",No,Yes,Worried,Very worried,Disapprove,Strongly disapprove,18-44,18-64,Republican,Non-black non-Democrat,All Republicans,Republican,Republican Men,White Republican,Conservative,26.0,Independent/Something else,Conservative Republicans,White,White,State questionnaire,White,White,Midwest,Approve,The Republican Party,Male,White men,Married men,,,South Dakota,Election day exit poll,In the last three days,In the last month,In the last week,In the last three days,Seriously off on the wrong track,Version 1,1.13227641582489,No
64361.0,Dennis Daugaard,Mike Rounds,45-65,30-59,50-59,45+,45-59,50-64,Non-Black 45-59,White 45-59,White 45-64,Complete,Call 1,1.0,Postgraduate study,College graduate,More than High school graduate,White college degree,Unfavorable,Unfavorable,3.0,Government is doing too many things better left to businesses and individuals,Was about right,100k or more,"$30,000 or more",50k or more,100 thousand or more,"$200,000 or more","$200,000 or more","Over $50,000 and white",No,Yes,Worried,Somewhat worried,Disapprove,Strongly disapprove,45+,18-64,Independent/Something else,Non-black non-Democrat,White Independent,Something else,Independent Men,White Independent,Moderate,7.0,Moderate/Liberal Republicans,Moderate Independents,White,White,State questionnaire,White,White,Midwest,Approve,The Republican Party,Male,White men,Married men,,,South Dakota,Election day exit poll,Before that,Before that,Before that,Before that,Seriously off on the wrong track,Version 1,1.05577123165131,No
64434.0,Dennis Daugaard,Mike Rounds,65+,60+,65 or over,45+,60+,65+,Non-Black 60+,White 60+,White 65+,Complete,Call 1,1.0,Some college/assoc. degree,No college degree,More than High school graduate,White no college degree,Unfavorable,Unfavorable,3.0,Government is doing too many things better left to businesses and individuals,Went too far,,,,,,,,No,Yes,Worried,Very worried,Disapprove,Strongly disapprove,45+,65+,Republican,Non-black non-Democrat,All Republicans,Republican,Republican Women,White Republican,Conservative,26.0,Independent/Something else,Conservative Republicans,White,White,State questionnaire,White,White,Midwest,Approve,The Republican Party,Female,White women,Married women,,,South Dakota,Election day exit poll,Before that,Before that,Before that,Before that,Seriously off on the wrong track,Version 1,1.08525121212006,
65223.0,Dennis Daugaard,Mike Rounds,65+,60+,65 or over,45+,60+,65+,Non-Black 60+,White 60+,White 65+,Complete,Call 1,1.0,College graduate,College graduate,More than High school graduate,White college degree,Unfavorable,Unfavorable,4.0,Government is doing too many things better left to businesses and individuals,Went too far,Less than 100k,"$30,000 or more",50k or more,50 to 100 thousand,"$50,000-$99,999","$50,000-$99,999","Over $50,000 and white",No,,Worried,Very worried,Disapprove,Strongly disapprove,45+,65+,Independent/Something else,Non-black non-Democrat,White Independent,Independent,Independent Men,White Independent,Conservative,40.0,Moderate/Liberal Republicans,Conservative Independents,White,White,State questionnaire,White,White,Midwest,Disapprove,The Republican Party,Male,White men,,,,South Dakota,Election day exit poll,Before that,Before that,Before that,Before that,Seriously off on the wrong track,Version 1,1.74532210826874,No
65588.0,Dennis Daugaard,Mike Rounds,45-65,30-59,50-59,45+,45-59,50-64,Non-Black 45-59,White 45-59,White 45-64,Complete,Call 1,1.0,Some college/assoc. degree,No college degree,More than High school graduate,White no college degree,Unfavorable,Unfavorable,2.0,Government is doing too many things better left to businesses and individuals,Went too far,Less than 100k,"$30,000 or more",Less than 50k,Less than 50 thousand,"Under $50,000","$30,000-$49,999","Under $50,000 and white",No,Yes,Worried,Somewhat worried,Disapprove,Strongly disapprove,45+,18-64,Republican,Non-black non-Democrat,All Republicans,Republican,Republican Men,White Republican,Conservative,5.0,Independent/Something else,Conservative Republicans,White,White,State questionnaire,White,White,Midwest,Omit,The Republican Party,Male,White men,Married men,,,South Dakota,Election day exit poll,Before that,Before that,Before that,Before that,Seriously off on the wrong track,Version 1,1.44679772853851,Yes
66052.0,Dennis Daugaard,Mike Rounds,65+,60+,65 or over,45+,60+,65+,Non-Black 60+,White 60+,White 65+,Complete,Call 1,1.0,Some college/assoc. degree,No college degree,More than High school graduate,White no college degree,Unfavorable,Unfavorable,4.0,Government is doing too many things better left to businesses and individuals,Went too far,Less than 100k,"$30,000 or more",50k or more,50 to 100 thousand,"$50,000-$99,999","$50,000-$99,999","Over $50,000 and white",No,Yes,Worried,Very worried,Disapprove,Strongly disapprove,45+,65+,Independent/Something else,Non-black non-Democrat,White Independent,Independent,Independent Men,White Independent,Conservative,65.0,Moderate/Liberal Republicans,Conservative Independents,White,White,State questionnaire,White,White,Midwest,Disapprove,The Republican Party,Male,White men,Married men,,,South Dakota,Election day exit poll,Before that,Before that,Before that,Before that,Seriously off on the wrong track,Version 1,1.01999342441559,No
78541.0,Dennis Daugaard,Mike Rounds,45-65,30-59,45-49,45+,45-59,40-49,Non-Black 45-59,White 45-59,White 45-64,Complete,Call 2,1.0,Some college/assoc. degree,No college degree,More than High school graduate,White no college degree,Unfavorable,Unfavorable,1.0,Government is doing too many things better left to businesses and individuals,Went too far,100k or more,"$30,000 or more",50k or more,100 thousand or more,"$100,000-$199,999","$100,000-$199,999","Over $50,000 and white",No,Yes,Worried,Somewhat worried,Disapprove,Strongly disapprove,45+,18-64,Republican,Non-black non-Democrat,All Republicans,Republican,Republican Men,White Republican,Moderate,53.0,Conservative Republicans,Mod./Liberal Republicans,White,White,State questionnaire,White,White,Midwest,Omit,The Republican Party,Male,White men,Married men,,,South Dakota,Election day exit poll,Before that,Before that,Before that,Before that,Seriously off on the wrong track,Version 1,1.14892756938934,No
78608.0,Dennis Daugaard,Mike Rounds,45-65,30-59,45-49,45+,45-59,40-49,Non-Black 45-59,White 45-59,White 45-64,Complete,Call 2,1.0,College graduate,College graduate,More than High school graduate,White college degree,Unfavorable,Unfavorable,1.0,Government is doing too many things better left to businesses and individuals,Went too far,100k or more,"$30,000 or more",50k or more,100 thousand or more,"$100,000-$199,999","$100,000-$199,999","Over $50,000 and white",No,No,Not worried,Not too worried,Disapprove,Somewhat disapprove,45+,18-64,,,,,,,Moderate,53.0,,,White,White,State questionnaire,White,White,Midwest,Disapprove,The Republican Party,Male,White men,Non married men,,,South Dakota,Election day exit poll,Before that,Before that,Before that,Before that,Seriously off on the wrong track,Version 1,1.14892756938934,No
78852.0,Dennis Daugaard,Mike Rounds,65+,60+,65 or over,45+,60+,65+,Non-Black 60+,White 60+,White 65+,Complete,Call 2,1.0,College graduate,College graduate,More than High school graduate,White college degree,Unfavorable,Unfavorable,1.0,Government is doing too many things better left to businesses and individuals,Went too far,Less than 100k,"$30,000 or more",Less than 50k,Less than 50 thousand,"Under $50,000","$30,000-$49,999","Under $50,000 and white",No,,Worried,Somewhat worried,Disapprove,Strongly disapprove,45+,65+,Independent/Something else,Non-black non-Democrat,White Independent,Independent,Independent Men,White Independent,Conservative,56.0,Moderate/Liberal Republicans,Conservative Independents,White,White,State questionnaire,White,White,Midwest,Approve,The Republican Party,Male,White men,,,,South Dakota,Election day exit poll,Before that,In the last month,Before that,In the last month,Seriously off on the wrong track,Version 1,1.29198408126831,No
79092.0,Dennis Daugaard,Mike Rounds,45-65,60+,60-64,45+,60+,50-64,Non-Black 60+,White 60+,White 45-64,Complete,Call 2,1.0,Postgraduate study,College graduate,More than High school graduate,White college degree,Unfavorable,Unfavorable,1.0,Government is doing too many things better left to businesses and individuals,Went too far,Less than 100k,"$30,000 or more",50k or more,50 to 100 thousand,"$50,000-$99,999","$50,000-$99,999","Over $50,000 and white",No,Yes,Worried,Somewhat worried,Disapprove,Strongly disapprove,45+,18-64,Independent/Something else,Non-black non-Democrat,White Independent,Independent,Independent Men,White Independent,Conservative,56.0,Moderate/Liberal Republicans,Conservative Independents,White,White,State questionnaire,White,White,Midwest,Approve,The Republican Party,Male,White men,Married men,,,South Dakota,Election day exit poll,Before that,In the last month,Before that,In the last month,Seriously off on the wrong track,Version 1,1.29198408126831,No
79342.0,Dennis Daugaard,Mike Rounds,45-65,30-59,50-59,45+,45-59,50-64,Non-Black 45-59,White 45-59,White 45-64,Complete,Call 2,1.0,Some college/assoc. degree,No college degree,More than High school graduate,White no college degree,Unfavorable,Unfavorable,2.0,Government is doing too many things better left to businesses and individuals,Went too far,100k or more,"$30,000 or more",50k or more,100 thousand or more,"$100,000-$199,999","$100,000-$199,999","Over $50,000 and white",No,Yes,Worried,Very worried,Disapprove,Strongly disapprove,45+,18-64,Republican,Non-black non-Democrat,All Republicans,Republican,Republican Men,White Republican,Conservative,82.0,Independent/Something else,Conservative Republicans,White,White,State questionnaire,White,White,Midwest,Approve,The Republican Party,Male,White men,Married men,,,South Dakota,Election day exit poll,Before that,In the last month,In the last week,In the last week,Seriously off on the wrong track,Version 1,0.966049015522003,No
79711.0,Dennis Daugaard,Mike Rounds,30-44,30-59,40-44,18-44,30-44,40-49,Non-Black 30-44,White 30-44,White 30-44,Complete,Call 2,1.0,College graduate,College graduate,More than High school graduate,White college degree,Unfavorable,Unfavorable,2.0,Government is doing too many things better left to businesses and individuals,Went too far,100k or more,"$30,000 or more",50k or more,100 thousand or more,"$100,000-$199,999","$100,000-$199,999","Over $50,000 and white",No,Yes,Worried,Somewhat worried,Disapprove,Strongly disapprove,18-44,18-64,Independent/Something else,Non-black non-Democrat,White Independent,Something else,Independent Men,White Independent,Conservative,82.0,Moderate/Liberal Republicans,Conservative Independents,White,White,State questionnaire,White,White,Midwest,Disapprove,The Republican Party,Male,White men,Married men,,,South Dakota,Election day exit poll,Before that,Before that,Before that,Before that,Seriously off on the wrong track,Version 1,0.966049015522003,No
79777.0,Dennis Daugaard,Mike Rounds,45-65,30-59,45-49,45+,45-59,40-49,Non-Black 45-59,White 45-59,White 45-64,Complete,Call 2,1.0,Postgraduate study,College graduate,More than High school graduate,White college degree,Unfavorable,Unfavorable,2.0,Government is doing too many things better left to businesses and individuals,Went too far,100k or more,"$30,000 or more",50k or more,100 thousand or more,"$200,000 or more","$200,000 or more","Over $50,000 and white",No,Yes,Worried,Very worried,Disapprove,Strongly disapprove,45+,18-64,Independent/Something else,Non-black non-Democrat,White Independent,Independent,Independent Men,White Independent,Conservative,82.0,Moderate/Liberal Republicans,Conservative Independents,White,White,State questionnaire,White,White,Midwest,Disapprove,The Republican Party,Male,White men,Married men,,,South Dakota,Election day exit poll,Before that,Before that,Before that,Before that,Seriously off on the wrong track,Version 1,0.966049015522003,No
80081.0,Dennis Daugaard,Mike Rounds,45-65,30-59,50-59,45+,45-59,50-64,Non-Black 45-59,White 45-59,White 45-64,Complete,Call 2,1.0,College graduate,College graduate,More than High school graduate,White college degree,Unfavorable,Unfavorable,2.0,Government is doing too many things better left to businesses and individuals,Went too far,100k or more,"$30,000 or more",50k or more,100 thousand or more,"$200,000 or more","$200,000 or more","Over $50,000 and white",No,Yes,Worried,Somewhat worried,Disapprove,Somewhat disapprove,45+,18-64,Republican,Non-black non-Democrat,All Republicans,Republican,Republican Women,White Republican,Conservative,82.0,Independent/Something else,Conservative Republicans,White,White,State questionnaire,White,White,Midwest,Omit,The Republican Party,Female,White women,Married women,,,South Dakota,Election day exit poll,Before that,Before that,Before that,Before that,Omit,Version 1,0.921065330505371,No
82113.0,Dennis Daugaard,Mike Rounds,30-44,30-59,40-44,18-44,30-44,40-49,Non-Black 30-44,White 30-44,White 30-44,Complete,Call 2,1.0,College graduate,College graduate,More than High school graduate,White college degree,Unfavorable,Unfavorable,2.0,Government is doing too many things better left to businesses and individuals,Went too far,100k or more,"$30,000 or more",50k or more,100 thousand or more,"$100,000-$199,999","$100,000-$199,999","Over $50,000 and white",No,Yes,Worried,Somewhat worried,Disapprove,Somewhat disapprove,18-44,18-64,Independent/Something else,Non-black non-Democrat,White Independent,Independent,Independent Men,White Independent,Moderate,5.0,Moderate/Liberal Republicans,Moderate Independents,White,White,State questionnaire,White,White,Midwest,Approve,The Republican Party,Male,White men,Married men,,,South Dakota,Election day exit poll,Before that,In the last month,Before that,In the last month,Seriously off on the wrong track,Version 1,1.44679772853851,No
83945.0,Dennis Daugaard,Mike Rounds,30-44,30-59,40-44,18-44,30-44,40-49,Non-Black 30-44,White 30-44,White 30-44,Complete,Call 2,1.0,High school graduate,No college degree,High school graduate or less,White no college degree,Unfavorable,Unfavorable,4.0,Government is doing too many things better left to businesses and individuals,Went too far,Less than 100k,"$30,000 or more",Less than 50k,Less than 50 thousand,"Under $50,000","$30,000-$49,999","Under $50,000 and white",No,No,Worried,Somewhat worried,Disapprove,Somewhat disapprove,18-44,18-64,Independent/Something else,Non-black non-Democrat,White Independent,Independent,Independent Men,White Independent,Liberal,65.0,Moderate/Liberal Republicans,Liberal Independents,White,White,State questionnaire,White,White,Midwest,Disapprove,Does not matter to me,Male,White men,Non married men,,,South Dakota,Election day exit poll,Before that,Before that,Before that,Before that,Seriously off on the wrong track,Version 1,1.01463735103607,Yes
84776.0,Dennis Daugaard,Mike Rounds,65+,60+,65 or over,45+,60+,65+,Non-Black 60+,White 60+,White 65+,Complete,Call 2,1.0,Some college/assoc. degree,No college degree,More than High school graduate,White no college degree,Unfavorable,Unfavorable,4.0,Government is doing too many things better left to businesses and individuals,Went too far,Less than 100k,"Under $30,000",Less than 50k,Less than 50 thousand,"Under $50,000","Under $30,000","Under $50,000 and white",No,No,Not worried,Not too worried,Disapprove,Strongly disapprove,45+,65+,Independent/Something else,Non-black non-Democrat,White Independent,Independent,Independent Men,White Independent,Conservative,65.0,Moderate/Liberal Republicans,Conservative Independents,White,White,State questionnaire,White,White,Midwest,Disapprove,The Republican Party,Male,White men,Non married men,,,South Dakota,Election day exit poll,Before that,In the last month,Before that,In the last month,Seriously off on the wrong track,Version 1,1.01999342441559,Yes
84777.0,Dennis Daugaard,Mike Rounds,65+,60+,65 or over,45+,60+,65+,Non-Black 60+,White 60+,White 65+,Complete,Call 2,1.0,Some college/assoc. degree,No college degree,More than High school graduate,White no college degree,Unfavorable,Unfavorable,4.0,Government is doing too many things better left to businesses and individuals,Went too far,Less than 100k,"Under $30,000",Less than 50k,Less than 50 thousand,"Under $50,000","Under $30,000","Under $50,000 and white",No,No,Not worried,Not too worried,Disapprove,Strongly disapprove,45+,65+,Independent/Something else,Non-black non-Democrat,White Independent,Independent,Independent Men,White Independent,Conservative,65.0,Moderate/Liberal Republicans,Conservative Independents,White,White,State questionnaire,White,White,Midwest,Disapprove,The Republican Party,Male,White men,Non married men,,,South Dakota,Election day exit poll,Before that,In the last month,Before that,In the last month,Seriously off on the wrong track,Version 1,1.01999342441559,Yes
95379.0,Dennis Daugaard,Mike Rounds,45-65,30-59,45-49,45+,45-59,40-49,Non-Black 45-59,White 45-59,White 45-64,Complete,Call 3,1.0,College graduate,College graduate,More than High school graduate,White college degree,Unfavorable,Unfavorable,1.0,Government is doing too many things better left to businesses and individuals,Went too far,100k or more,"$30,000 or more",50k or more,100 thousand or more,"$100,000-$199,999","$100,000-$199,999","Over $50,000 and white",No,Yes,Worried,Somewhat worried,Disapprove,Strongly disapprove,45+,18-64,Independent/Something else,Non-black non-Democrat,White Independent,Independent,Independent Men,White Independent,Conservative,53.0,Moderate/Liberal Republicans,Conservative Independents,White,White,State questionnaire,White,White,Midwest,Approve,The Republican Party,Male,White men,Married men,,,South Dakota,Election day exit poll,Before that,Before that,Before that,Before that,Seriously off on the wrong track,Version 1,1.14892756938934,No
95926.0,Dennis Daugaard,Mike Rounds,45-65,30-59,45-49,45+,45-59,40-49,Non-Black 45-59,White 45-59,White 45-64,Complete,Call 3,1.0,College graduate,College graduate,More than High school graduate,White college degree,Unfavorable,Unfavorable,2.0,Government is doing too many things better left to businesses and individuals,Went too far,100k or more,"$30,000 or more",50k or more,100 thousand or more,"$200,000 or more","$200,000 or more","Over $50,000 and white",No,Yes,Worried,Somewhat worried,Disapprove,Strongly disapprove,45+,18-64,Republican,Non-black non-Democrat,All Republicans,Republican,Republican Men,White Republican,Moderate,82.0,Conservative Republicans,Mod./Liberal Republicans,White,White,State questionnaire,White,White,Midwest,Approve,The Republican Party,Male,White men,Married men,,,South Dakota,Election day exit poll,Before that,Before that,Before that,Before that,Generally going in the right direction,Version 1,0.966049015522003,No
96398.0,Dennis Daugaard,Mike Rounds,45-65,30-59,45-49,45+,45-59,40-49,Non-Black 45-59,White 45-59,White 45-64,Complete,Call 3,1.0,College graduate,College graduate,More than High school graduate,White college degree,Unfavorable,Unfavorable,2.0,Government is doing too many things better left to businesses and individuals,Went too far,,,,,,,,No,,Worried,Very worried,Disapprove,Strongly disapprove,45+,18-64,Republican,Non-black non-Democrat,All Republicans,Republican,Republican Women,White Republican,Moderate,82.0,Conservative Republicans,Mod./Liberal Republicans,White,White,State questionnaire,White,White,Midwest,Omit,The Republican Party,Female,White women,,,,South Dakota,Election day exit poll,Before that,In the last month,Before that,In the last month,Seriously off on the wrong track,Version 1,0.921065330505371,No
97296.0,Dennis Daugaard,Mike Rounds,45-65,30-59,50-59,45+,45-59,50-64,Non-Black 45-59,White 45-59,White 45-64,Complete,Call 3,1.0,Postgraduate study,College graduate,More than High school graduate,White college degree,Unfavorable,Unfavorable,1.0,Government is doing too many things better left to businesses and individuals,Omit,100k or more,"$30,000 or more",50k or more,100 thousand or more,"$100,000-$199,999","$100,000-$199,999","Over $50,000 and white",No,,Worried,Somewhat worried,Disapprove,Somewhat disapprove,45+,18-64,Republican,Non-black non-Democrat,All Republicans,Republican,Republican Women,White Republican,Conservative,56.0,Independent/Something else,Conservative Republicans,White,White,State questionnaire,White,White,Midwest,Omit,The Republican Party,Female,White women,,,,South Dakota,Election day exit poll,In the last three days,In the last month,In the last week,In the last three days,Seriously off on the wrong track,Version 1,1.22535502910614,No
97630.0,Dennis Daugaard,Mike Rounds,45-65,30-59,50-59,45+,45-59,50-64,Non-Black 45-59,White 45-59,White 45-64,Complete,Call 3,1.0,High school graduate,No college degree,High school graduate or less,White no college degree,Unfavorable,Unfavorable,4.0,Government is doing too many things better left to businesses and individuals,Went too far,100k or more,"$30,000 or more",50k or more,100 thousand or more,"$100,000-$199,999","$100,000-$199,999","Over $50,000 and white",No,Yes,Worried,Somewhat worried,Disapprove,Somewhat disapprove,45+,18-64,Independent/Something else,Non-black non-Democrat,White Independent,Independent,Independent Women,White Independent,Conservative,65.0,Moderate/Liberal Republicans,Conservative Independents,White,White,State questionnaire,White,White,Midwest,Omit,The Republican Party,Female,White women,Married women,,,South Dakota,Election day exit poll,In the last three days,In the last month,In the last week,In the last three days,Seriously off on the wrong track,Version 1,0.967391133308411,No
97724.0,Dennis Daugaard,Mike Rounds,45-65,30-59,45-49,45+,45-59,40-49,Non-Black 45-59,White 45-59,White 45-64,Complete,Call 3,1.0,College graduate,College graduate,More than High school graduate,White college degree,Unfavorable,Unfavorable,3.0,Government is doing too many things better left to businesses and individuals,Went too far,Less than 100k,"$30,000 or more",50k or more,50 to 100 thousand,"$50,000-$99,999","$50,000-$99,999","Over $50,000 and white",No,Yes,Worried,Somewhat worried,Disapprove,Strongly disapprove,45+,18-64,Independent/Something else,Non-black non-Democrat,White Independent,Independent,Independent Women,White Independent,Conservative,7.0,Moderate/Liberal Republicans,Conservative Independents,White,White,State questionnaire,White,White,Midwest,Disapprove,The Republican Party,Female,White women,Married women,,,South Dakota,Election day exit poll,Before that,Before that,Before that,Before that,Seriously off on the wrong track,Version 1,1.00660967826843,No
98097.0,Dennis Daugaard,Mike Rounds,45-65,30-59,50-59,45+,45-59,50-64,Non-Black 45-59,White 45-59,White 45-64,Complete,Call 3,1.0,High school graduate,No college degree,High school graduate or less,White no college degree,Unfavorable,Unfavorable,4.0,Government is doing too many things better left to businesses and individuals,Went too far,Less than 100k,"$30,000 or more",Less than 50k,Less than 50 thousand,"Under $50,000","$30,000-$49,999","Under $50,000 and white",No,Yes,Worried,Very worried,Disapprove,Strongly disapprove,45+,18-64,Independent/Something else,Non-black non-Democrat,White Independent,Something else,Independent Women,White Independent,Conservative,65.0,Moderate/Liberal Republicans,Conservative Independents,White,White,State questionnaire,White,White,Midwest,Omit,Omit,Female,White women,Married women,,,South Dakota,Election day exit poll,Omit,Omit,Omit,Omit,Seriously off on the wrong track,Version 1,0.967391133308411,Yes
98182.0,Dennis Daugaard,Mike Rounds,45-65,60+,60-64,45+,60+,50-64,Non-Black 60+,White 60+,White 45-64,Complete,Call 3,1.0,Postgraduate study,College graduate,More than High school graduate,White college degree,Unfavorable,Unfavorable,2.0,Government is doing too many things better left to businesses and individuals,Went too far,,,,,,,,No,Yes,Worried,Very worried,Disapprove,Strongly disapprove,45+,18-64,Republican,Non-black non-Democrat,All Republicans,Republican,Republican Women,White Republican,Conservative,36.0,Independent/Something else,Conservative Republicans,White,White,State questionnaire,White,White,Midwest,Disapprove,The Republican Party,Female,White women,Married women,,,South Dakota,Election day exit poll,Before that,Before that,Before that,Before that,Seriously off on the wrong track,Version 1,1.17003643512726,No
98442.0,Dennis Daugaard,Mike Rounds,18-29,18-29,25-29,18-44,18-29,25-29,Non-Black 18-29,White 18-29,White 18-29,Complete,Call 3,1.0,College graduate,College graduate,More than High school graduate,White college degree,Unfavorable,Unfavorable,4.0,Government is doing too many things better left to businesses and individuals,Went too far,Less than 100k,"$30,000 or more",50k or more,50 to 100 thousand,"$50,000-$99,999","$50,000-$99,999","Over $50,000 and white",No,Yes,Worried,Somewhat worried,Disapprove,Somewhat disapprove,18-44,18-64,Republican,Non-black non-Democrat,All Republicans,Republican,Republican Men,White Republican,Conservative,65.0,Independent/Something else,Conservative Republicans,White,White,State questionnaire,White,White,Midwest,Disapprove,The Republican Party,Male,White men,Married men,,,South Dakota,Election day exit poll,In the last three days,In the last month,In the last week,In the last three days,Seriously off on the wrong track,Version 1,1.43376183509827,No
98633.0,Dennis Daugaard,Mike Rounds,45-65,30-59,50-59,45+,45-59,50-64,Non-Black 45-59,White 45-59,White 45-64,Complete,Call 3,1.0,College graduate,College graduate,More than High school graduate,White college degree,Unfavorable,Unfavorable,2.0,Government is doing too many things better left to businesses and individuals,Went too far,Less than 100k,"$30,000 or more",50k or more,50 to 100 thousand,"$50,000-$99,999","$50,000-$99,999","Over $50,000 and white",No,Yes,Worried,Very worried,Disapprove,Strongly disapprove,45+,18-64,Democrat,Non-black Democrat,White Democrat,Democrat,Democratic Women,White Democrat,Liberal,5.0,Liberal Democrats,Liberal Democrats,White,White,State questionnaire,White,White,Midwest,Approve,The Democratic Party,Female,White women,Married women,,,South Dakota,Election day exit poll,In the last three days,In the last month,In the last week,In the last three days,Seriously off on the wrong track,Version 1,1.37942814826965,No
98659.0,Dennis Daugaard,Mike Rounds,45-65,30-59,50-59,45+,45-59,50-64,Non-Black 45-59,White 45-59,White 45-64,Complete,Call 3,1.0,Postgraduate study,College graduate,More than High school graduate,White college degree,Unfavorable,Unfavorable,3.0,Government is doing too many things better left to businesses and individuals,Went too far,Less than 100k,"$30,000 or more",50k or more,50 to 100 thousand,"$50,000-$99,999","$50,000-$99,999","Over $50,000 and white",No,Yes,Omit,Omit,Disapprove,Strongly disapprove,45+,18-64,Independent/Something else,Non-black non-Democrat,White Independent,Something else,Independent Men,White Independent,Conservative,26.0,Moderate/Liberal Republicans,Conservative Independents,White,White,State questionnaire,White,White,Midwest,Omit,The Republican Party,Male,White men,Married men,,,South Dakota,Election day exit poll,Before that,Before that,Before that,Before that,Seriously off on the wrong track,Version 1,1.13227641582489,No
100033.0,Dennis Daugaard,Mike Rounds,30-44,30-59,30-39,18-44,30-44,30-39,Non-Black 30-44,White 30-44,White 30-44,Complete,Call 3,1.0,Some college/assoc. degree,No college degree,More than High school graduate,White no college degree,Unfavorable,Unfavorable,4.0,Government is doing too many things better left to businesses and individuals,Went too far,100k or more,"$30,000 or more",50k or more,100 thousand or more,"$100,000-$199,999","$100,000-$199,999","Over $50,000 and white",No,Yes,Worried,Somewhat worried,Disapprove,Strongly disapprove,18-44,18-64,Republican,Non-black non-Democrat,All Republicans,Republican,Republican Men,White Republican,Conservative,40.0,Independent/Something else,Conservative Republicans,White,White,State questionnaire,White,White,Midwest,Disapprove,The Republican Party,Male,White men,Married men,,,South Dakota,Election day exit poll,Before that,Before that,Before that,Before that,Seriously off on the wrong track,Version 1,1.73615717887878,No
100055.0,Dennis Daugaard,Mike Rounds,45-65,30-59,50-59,45+,45-59,50-64,Non-Black 45-59,White 45-59,White 45-64,Complete,Call 3,1.0,Some college/assoc. degree,No college degree,More than High school graduate,White no college degree,Unfavorable,Unfavorable,4.0,Government is doing too many things better left to businesses and individuals,Did not go far enough,Less than 100k,"$30,000 or more",50k or more,50 to 100 thousand,"$50,000-$99,999","$50,000-$99,999","Over $50,000 and white",No,Yes,Worried,Somewhat worried,Disapprove,Strongly disapprove,45+,18-64,Republican,Non-black non-Democrat,All Republicans,Republican,Republican Men,White Republican,Conservative,40.0,Independent/Something else,Conservative Republicans,White,White,State questionnaire,White,White,Midwest,Approve,The Republican Party,Male,White men,Married men,,,South Dakota,Election day exit poll,Before that,Before that,Before that,Before that,Seriously off on the wrong track,Version 1,1.73615717887878,No
79598.0,Dennis Daugaard,Mike Rounds,65+,60+,65 or over,45+,60+,65+,Non-Black 60+,White 60+,White 65+,Complete,Call 2,1.0,Some college/assoc. degree,No college degree,More than High school graduate,White no college degree,Favorable,Omit,3.0,Government is doing too many things better left to businesses and individuals,,Less than 100k,"$30,000 or more",50k or more,50 to 100 thousand,"$50,000-$99,999","$50,000-$99,999","Over $50,000 and white",No,,,,,,45+,65+,Republican,Non-black non-Democrat,All Republicans,Republican,Republican Men,White Republican,Conservative,9.0,Independent/Something else,Conservative Republicans,White,White,National questionnaire,White,White,Midwest,,,Male,White men,,Rural,Small Cities/Rural,South Dakota,Election day exit poll,,,,,Generally going in the right direction,Version 4,0.758040249347687,No
3715.0,Dennis Daugaard,Mike Rounds,45-65,30-59,50-59,45+,45-59,50-64,Non-Black 45-59,White 45-59,White 45-64,Complete,,1.0,Postgraduate study,College graduate,More than High school graduate,White college degree,Unfavorable,Omit,2.0,Government is doing too many things better left to businesses and individuals,Went too far,Less than 100k,"$30,000 or more",50k or more,50 to 100 thousand,"$50,000-$99,999","$50,000-$99,999","Over $50,000 and white",No,Yes,Worried,Very worried,Disapprove,Strongly disapprove,45+,18-64,Independent/Something else,Non-black non-Democrat,White Independent,Independent,Independent Men,White Independent,Moderate,,Moderate/Liberal Republicans,Moderate Independents,White,White,State questionnaire,White,White,Midwest,Approve,The Republican Party,Male,White men,Married men,Rural,Small Cities/Rural,South Dakota,Telephone survey,Before that,In the last month,Before that,In the last month,Seriously off on the wrong track,Version 1,1.16224431991577,No
3762.0,Dennis Daugaard,Mike Rounds,,,,,,,,,,Complete,,1.0,Some college/assoc. degree,No college degree,More than High school graduate,White no college degree,Unfavorable,Omit,4.0,Government is doing too many things better left to businesses and individuals,Went too far,100k or more,"$30,000 or more",50k or more,100 thousand or more,"$100,000-$199,999","$100,000-$199,999","Over $50,000 and white",No,No,Worried,Very worried,Disapprove,Strongly disapprove,,,Independent/Something else,Non-black non-Democrat,White Independent,Independent,Independent Women,White Independent,Moderate,,Moderate/Liberal Republicans,Moderate Independents,White,White,State questionnaire,White,White,Midwest,Approve,The Republican Party,Female,White women,Non married women,Suburbs,Suburbs,South Dakota,Telephone survey,Before that,Before that,Before that,Before that,Seriously off on the wrong track,Version 1,0.0355700217187405,No
3821.0,Dennis Daugaard,Mike Rounds,45-65,30-59,50-59,45+,45-59,50-64,Non-Black 45-59,Latino 45-59,Latino 45-64,Complete,,1.0,College graduate,College graduate,More than High school graduate,Non white college degree,Unfavorable,Omit,3.0,Government is doing too many things better left to businesses and individuals,Went too far,100k or more,"$30,000 or more",50k or more,100 thousand or more,"$200,000 or more","$200,000 or more","Over $50,000 and non white",Yes,Yes,Worried,Somewhat worried,Disapprove,Strongly disapprove,45+,18-64,Republican,Non-black non-Democrat,All Republicans,Republican,Republican Men,All others,Conservative,,Independent/Something else,Conservative Republicans,Other,Hispanic/Latino,State questionnaire,Hispanic/Latino,Hispanic/Latino,Midwest,Omit,The Republican Party,Male,Latino men,Married men,Rural,Small Cities/Rural,South Dakota,Telephone survey,Before that,Before that,Before that,Before that,Seriously off on the wrong track,Version 1,0.683050930500031,No
3857.0,Dennis Daugaard,Mike Rounds,45-65,30-59,50-59,45+,45-59,50-64,Non-Black 45-59,White 45-59,White 45-64,Complete,,1.0,College graduate,College graduate,More than High school graduate,White college degree,Unfavorable,Omit,4.0,Government is doing too many things better left to businesses and individuals,Went too far,Less than 100k,"$30,000 or more",50k or more,50 to 100 thousand,"$50,000-$99,999","$50,000-$99,999","Over $50,000 and white",No,No,Not worried,Not too worried,Disapprove,Strongly disapprove,45+,18-64,Independent/Something else,Non-black non-Democrat,White Independent,Something else,Independent Men,White Independent,Conservative,,Moderate/Liberal Republicans,Conservative Independents,White,White,State questionnaire,White,White,Midwest,Approve,The Republican Party,Male,White men,Non married men,"Cities 50,000-500,000","Cities over 50,000",South Dakota,Telephone survey,Before that,Before that,Before that,Before that,Seriously off on the wrong track,Version 1,0.332091301679611,No
3864.0,Dennis Daugaard,Mike Rounds,45-65,60+,60-64,45+,60+,50-64,Non-Black 60+,White 60+,White 45-64,Complete,,1.0,Some college/assoc. degree,No college degree,More than High school graduate,White no college degree,Unfavorable,Omit,4.0,Government is doing too many things better left to businesses and individuals,Went too far,Less than 100k,"$30,000 or more",50k or more,50 to 100 thousand,"$50,000-$99,999","$50,000-$99,999","Over $50,000 and white",No,No,Not worried,Not at all worried,Disapprove,Somewhat disapprove,45+,18-64,Republican,Non-black non-Democrat,All Republicans,Republican,Republican Men,White Republican,Conservative,,Independent/Something else,Conservative Republicans,White,White,State questionnaire,White,White,Midwest,Omit,The Republican Party,Male,White men,Non married men,Suburbs,Suburbs,South Dakota,Telephone survey,Before that,Before that,Before that,Before that,Seriously off on the wrong track,Version 1,0.097276084125042,No
63711.0,Dennis Daugaard,Mike Rounds,65+,60+,65 or over,45+,60+,65+,Non-Black 60+,White 60+,White 65+,Complete,Call 1,1.0,Some college/assoc. degree,No college degree,More than High school graduate,White no college degree,Unfavorable,Omit,2.0,Government is doing too many things better left to businesses and individuals,Went too far,Less than 100k,"$30,000 or more",50k or more,50 to 100 thousand,"$50,000-$99,999","$50,000-$99,999","Over $50,000 and white",No,Yes,Worried,Very worried,Disapprove,Strongly disapprove,45+,65+,Independent/Something else,Non-black non-Democrat,White Independent,Independent,Independent Men,White Independent,Conservative,36.0,Moderate/Liberal Republicans,Conservative Independents,White,White,State questionnaire,White,White,Midwest,Approve,The Republican Party,Male,White men,Married men,,,South Dakota,Election day exit poll,Before that,Before that,Before that,Before that,Seriously off on the wrong track,Version 1,1.22717952728271,No
97480.0,Dennis Daugaard,Mike Rounds,65+,60+,65 or over,45+,60+,65+,Non-Black 60+,White 60+,White 65+,Complete,Call 3,1.0,High school graduate,No college degree,High school graduate or less,White no college degree,Unfavorable,Omit,3.0,Government is doing too many things better left to businesses and individuals,Omit,Less than 100k,"Under $30,000",Less than 50k,Less than 50 thousand,"Under $50,000","Under $30,000","Under $50,000 and white",No,,Worried,Somewhat worried,Disapprove,Strongly disapprove,45+,65+,Republican,Non-black non-Democrat,All Republicans,Republican,Republican Women,White Republican,Conservative,7.0,Independent/Something else,Conservative Republicans,White,White,State questionnaire,White,White,Midwest,Disapprove,The Republican Party,Female,White women,,,,South Dakota,Election day exit poll,Before that,In the last month,Before that,In the last month,Seriously off on the wrong track,Version 1,1.01192343235016,Yes
98047.0,Dennis Daugaard,Mike Rounds,45-65,30-59,45-49,45+,45-59,40-49,Non-Black 45-59,White 45-59,White 45-64,Complete,Call 3,1.0,College graduate,College graduate,More than High school graduate,White college degree,Unfavorable,Omit,4.0,Government is doing too many things better left to businesses and individuals,Went too far,Less than 100k,"Under $30,000",Less than 50k,Less than 50 thousand,"Under $50,000","Under $30,000","Under $50,000 and white",No,No,Worried,Very worried,Disapprove,Strongly disapprove,45+,18-64,Independent/Something else,Non-black non-Democrat,White Independent,Independent,Independent Men,White Independent,Conservative,65.0,Moderate/Liberal Republicans,Conservative Independents,White,White,State questionnaire,White,White,Midwest,Omit,The Republican Party,Male,White men,Non married men,,,South Dakota,Election day exit poll,Before that,Before that,Before that,Before that,Seriously off on the wrong track,Version 1,1.01463735103607,No
3795.0,Dennis Daugaard,Mike Rounds,45-65,30-59,50-59,45+,45-59,50-64,Non-Black 45-59,White 45-59,White 45-64,Complete,,1.0,High school graduate,No college degree,High school graduate or less,White no college degree,Omit,Omit,3.0,Government is doing too many things better left to businesses and individuals,Went too far,Less than 100k,"$30,000 or more",50k or more,50 to 100 thousand,"$50,000-$99,999","$50,000-$99,999","Over $50,000 and white",No,Yes,Worried,Somewhat worried,Disapprove,Somewhat disapprove,45+,18-64,Republican,Non-black non-Democrat,All Republicans,Republican,Republican Women,White Republican,Conservative,,Independent/Something else,Conservative Republicans,White,White,State questionnaire,White,White,Midwest,Omit,The Republican Party,Female,White women,Married women,Rural,Small Cities/Rural,South Dakota,Telephone survey,Before that,In the last month,Before that,In the last month,Seriously off on the wrong track,Version 1,0.827835619449615,No
3912.0,Dennis Daugaard,Mike Rounds,45-65,30-59,50-59,45+,45-59,50-64,Non-Black 45-59,White 45-59,White 45-64,Complete,,1.0,Some college/assoc. degree,No college degree,More than High school graduate,White no college degree,Omit,Omit,2.0,Government is doing too many things better left to businesses and individuals,Went too far,100k or more,"$30,000 or more",50k or more,100 thousand or more,"$100,000-$199,999","$100,000-$199,999","Over $50,000 and white",No,Yes,Worried,Somewhat worried,Disapprove,Somewhat disapprove,45+,18-64,Republican,Non-black non-Democrat,All Republicans,Republican,Republican Men,White Republican,Conservative,,Independent/Something else,Conservative Republicans,White,White,State questionnaire,White,White,Midwest,Disapprove,Does not matter to me,Male,White men,Married men,Suburbs,Suburbs,South Dakota,Telephone survey,Before that,In the last month,In the last week,In the last week,Seriously off on the wrong track,Version 1,0.581122159957886,No
3915.0,Dennis Daugaard,Mike Rounds,65+,60+,65 or over,45+,60+,65+,Non-Black 60+,White 60+,White 65+,Complete,,1.0,High school graduate,No college degree,High school graduate or less,White no college degree,Omit,Omit,4.0,Government is doing too many things better left to businesses and individuals,Went too far,Less than 100k,"$30,000 or more",Less than 50k,Less than 50 thousand,"Under $50,000","$30,000-$49,999","Under $50,000 and white",No,No,Worried,Very worried,Disapprove,Strongly disapprove,45+,65+,Independent/Something else,Non-black non-Democrat,White Independent,Something else,Independent Men,White Independent,Conservative,,Moderate/Liberal Republicans,Conservative Independents,White,White,State questionnaire,White,White,Midwest,Disapprove,The Republican Party,Male,White men,Non married men,Rural,Small Cities/Rural,South Dakota,Telephone survey,Before that,In the last month,Before that,In the last month,Seriously off on the wrong track,Version 1,0.215667650103569,Yes
61347.0,Dennis Daugaard,Mike Rounds,30-44,30-59,30-39,18-44,30-44,30-39,Non-Black 30-44,White 30-44,White 30-44,Complete,Call 1,1.0,Some college/assoc. degree,No college degree,More than High school graduate,White no college degree,Omit,Omit,2.0,Government is doing too many things better left to businesses and individuals,Omit,100k or more,"$30,000 or more",50k or more,100 thousand or more,"$100,000-$199,999","$100,000-$199,999","Over $50,000 and white",No,,Worried,Somewhat worried,Approve,Somewhat approve,18-44,18-64,Republican,Non-black non-Democrat,All Republicans,Republican,Republican Women,White Republican,Moderate,82.0,Conservative Republicans,Mod./Liberal Republicans,White,White,State questionnaire,White,White,Midwest,Omit,Omit,Female,White women,,,,South Dakota,Election day exit poll,Before that,Before that,Before that,Before that,Generally going in the right direction,Version 1,0.921065330505371,No
79998.0,Dennis Daugaard,Mike Rounds,18-29,18-29,25-29,18-44,18-29,25-29,Non-Black 18-29,White 18-29,White 18-29,Complete,Call 2,1.0,Postgraduate study,College graduate,More than High school graduate,White college degree,Omit,Omit,2.0,Government is doing too many things better left to businesses and individuals,Went too far,Less than 100k,"$30,000 or more",50k or more,50 to 100 thousand,"$50,000-$99,999","$50,000-$99,999","Over $50,000 and white",No,Yes,Worried,Somewhat worried,Disapprove,Strongly disapprove,18-44,18-64,Independent/Something else,Non-black non-Democrat,White Independent,Independent,Independent Men,White Independent,Moderate,82.0,Moderate/Liberal Republicans,Moderate Independents,White,White,State questionnaire,White,White,Midwest,Approve,Does not matter to me,Male,White men,Married men,,,South Dakota,Election day exit poll,Before that,Before that,Before that,Before that,Seriously off on the wrong track,Version 1,1.36510276794434,No
80159.0,Dennis Daugaard,Mike Rounds,18-29,18-29,25-29,18-44,18-29,25-29,Non-Black 18-29,White 18-29,White 18-29,Complete,Call 2,1.0,Postgraduate study,College graduate,More than High school graduate,White college degree,Omit,Omit,2.0,Government is doing too many things better left to businesses and individuals,Went too far,100k or more,"$30,000 or more",50k or more,100 thousand or more,"$100,000-$199,999","$100,000-$199,999","Over $50,000 and white",No,Yes,Not worried,Not too worried,Disapprove,Somewhat disapprove,18-44,18-64,Republican,Non-black non-Democrat,All Republicans,Republican,Republican Women,White Republican,Conservative,82.0,Independent/Something else,Conservative Republicans,White,White,State questionnaire,White,White,Midwest,Omit,The Republican Party,Female,White women,Married women,,,South Dakota,Election day exit poll,Before that,Before that,Before that,Before that,Seriously off on the wrong track,Version 1,1.30153727531433,No
81174.0,Dennis Daugaard,Mike Rounds,30-44,30-59,30-39,18-44,30-44,30-39,Non-Black 30-44,White 30-44,White 30-44,Complete,Call 2,1.0,Some college/assoc. degree,No college degree,More than High school graduate,White no college degree,Omit,Omit,2.0,Government is doing too many things better left to businesses and individuals,Did not go far enough,Less than 100k,"$30,000 or more",50k or more,50 to 100 thousand,"$50,000-$99,999","$50,000-$99,999","Over $50,000 and white",No,Yes,Worried,Somewhat worried,Approve,Somewhat approve,18-44,18-64,Independent/Something else,Non-black non-Democrat,White Independent,Independent,Independent Women,White Independent,Conservative,5.0,Moderate/Liberal Republicans,Conservative Independents,White,White,State questionnaire,White,White,Midwest,Omit,Omit,Female,White women,Married women,,,South Dakota,Election day exit poll,Before that,In the last month,In the last week,In the last week,Generally going in the right direction,Version 1,1.37942814826965,No
96008.0,Dennis Daugaard,Mike Rounds,45-65,30-59,50-59,45+,45-59,50-64,Non-Black 45-59,White 45-59,White 45-64,Complete,Call 3,1.0,Postgraduate study,College graduate,More than High school graduate,White college degree,Omit,Omit,2.0,Government is doing too many things better left to businesses and individuals,Went too far,100k or more,"$30,000 or more",50k or more,100 thousand or more,"$100,000-$199,999","$100,000-$199,999","Over $50,000 and white",No,Yes,Not worried,Not too worried,Disapprove,Somewhat disapprove,45+,18-64,,,,,,,Moderate,82.0,,,White,White,State questionnaire,White,White,Midwest,Omit,The Republican Party,Female,White women,Married women,,,South Dakota,Election day exit poll,Before that,Before that,Before that,Before that,Generally going in the right direction,Version 1,0.921065330505371,No
98820.0,Dennis Daugaard,Mike Rounds,30-44,30-59,40-44,18-44,30-44,40-49,Non-Black 30-44,Latino 30-44,Latino 30-44,Complete,Call 3,1.0,High school graduate,No college degree,High school graduate or less,Non white no college degree,Omit,Omit,4.0,Government is doing too many things better left to businesses and individuals,Went too far,Less than 100k,"Under $30,000",Less than 50k,Less than 50 thousand,"Under $50,000","Under $30,000","Under $50,000 and non white",Yes,No,Worried,Somewhat worried,Approve,Somewhat approve,18-44,18-64,Independent/Something else,Non-black non-Democrat,Latino Independent,Independent,Independent Men,All others,Moderate,65.0,Moderate/Liberal Republicans,Moderate Independents,Other,Hispanic/Latino,State questionnaire,Hispanic/Latino,Hispanic/Latino,Midwest,Omit,Omit,Male,Latino men,Non married men,,,South Dakota,Election day exit poll,In the last three days,In the last month,In the last week,In the last three days,Generally going in the right direction,Version 1,1.01463735103607,No
98821.0,Dennis Daugaard,Mike Rounds,30-44,30-59,40-44,18-44,30-44,40-49,Non-Black 30-44,Latino 30-44,Latino 30-44,Complete,Call 3,1.0,High school graduate,No college degree,High school graduate or less,Non white no college degree,Omit,Omit,4.0,Government is doing too many things better left to businesses and individuals,Went too far,Less than 100k,"Under $30,000",Less than 50k,Less than 50 thousand,"Under $50,000","Under $30,000","Under $50,000 and non white",Yes,No,Worried,Somewhat worried,Approve,Somewhat approve,18-44,18-64,Independent/Something else,Non-black non-Democrat,Latino Independent,Independent,Independent Men,All others,Moderate,65.0,Moderate/Liberal Republicans,Moderate Independents,Other,Hispanic/Latino,State questionnaire,Hispanic/Latino,Hispanic/Latino,Midwest,Omit,Omit,Male,Latino men,Non married men,,,South Dakota,Election day exit poll,In the last three days,In the last month,In the last week,In the last three days,Generally going in the right direction,Version 1,1.01463735103607,No
98921.0,Dennis Daugaard,Mike Rounds,45-65,30-59,45-49,45+,45-59,40-49,Non-Black 45-59,White 45-59,White 45-64,Complete,Call 3,1.0,Some college/assoc. degree,No college degree,More than High school graduate,White no college degree,Omit,Omit,3.0,Government is doing too many things better left to businesses and individuals,Went too far,Less than 100k,"$30,000 or more",Less than 50k,Less than 50 thousand,"Under $50,000","$30,000-$49,999","Under $50,000 and white",No,No,Worried,Somewhat worried,Disapprove,Strongly disapprove,45+,18-64,Republican,Non-black non-Democrat,All Republicans,Republican,Republican Women,White Republican,Conservative,26.0,Independent/Something else,Conservative Republicans,White,White,State questionnaire,White,White,Midwest,Omit,The Republican Party,Female,White women,Non married women,,,South Dakota,Election day exit poll,Before that,Before that,Before that,Before that,Seriously off on the wrong track,Version 1,1.07955241203308,Yes
3705.0,Dennis Daugaard,Mike Rounds,65+,60+,65 or over,45+,60+,65+,Non-Black 60+,White 60+,White 65+,Complete,,1.0,No high school diploma,No college degree,High school graduate or less,White no college degree,Unfavorable,Favorable,3.0,Omit,Omit,Less than 100k,"$30,000 or more",Less than 50k,Less than 50 thousand,"Under $50,000","$30,000-$49,999","Under $50,000 and white",No,Yes,Worried,Very worried,Disapprove,Strongly disapprove,45+,65+,Republican,Non-black non-Democrat,All Republicans,Republican,Republican Women,White Republican,Moderate,,Conservative Republicans,Mod./Liberal Republicans,White,White,State questionnaire,White,White,Midwest,Approve,The Republican Party,Female,White women,Married women,Rural,Small Cities/Rural,South Dakota,Telephone survey,Before that,In the last month,Before that,In the last month,Seriously off on the wrong track,Version 1,0.506220936775208,Yes
3707.0,Dennis Daugaard,Mike Rounds,18-29,18-29,18-24,18-44,18-29,18-24,Non-Black 18-29,White 18-29,White 18-29,Complete,,1.0,No high school diploma,No college degree,High school graduate or less,White no college degree,Unfavorable,Favorable,3.0,Omit,Went too far,100k or more,"$30,000 or more",50k or more,100 thousand or more,"$200,000 or more","$200,000 or more","Over $50,000 and white",No,Yes,Not worried,Not at all worried,Disapprove,Strongly disapprove,18-44,18-64,Republican,Non-black non-Democrat,All Republicans,Republican,Republican Men,White Republican,Conservative,,Independent/Something else,Conservative Republicans,White,White,State questionnaire,White,White,Midwest,Omit,The Republican Party,Male,White men,Married men,Rural,Small Cities/Rural,South Dakota,Telephone survey,Before that,In the last month,In the last week,In the last week,Seriously off on the wrong track,Version 1,1.65464329719543,No
3709.0,Dennis Daugaard,Mike Rounds,65+,60+,65 or over,45+,60+,65+,Non-Black 60+,White 60+,White 65+,Complete,,1.0,Some college/assoc. degree,No college degree,More than High school graduate,White no college degree,Unfavorable,Favorable,3.0,Omit,Went too far,Less than 100k,"$30,000 or more",Less than 50k,Less than 50 thousand,"Under $50,000","$30,000-$49,999","Under $50,000 and white",No,Yes,Worried,Very worried,Disapprove,Strongly disapprove,45+,65+,Republican,Non-black non-Democrat,All Republicans,Republican,Republican Women,White Republican,Conservative,,Independent/Something else,Conservative Republicans,White,White,State questionnaire,White,White,Midwest,Approve,The Republican Party,Female,White women,Married women,Rural,Small Cities/Rural,South Dakota,Telephone survey,Before that,Before that,Before that,Before that,Seriously off on the wrong track,Version 1,0.499985694885254,Yes
3850.0,Dennis Daugaard,Mike Rounds,65+,60+,65 or over,45+,60+,65+,Non-Black 60+,White 60+,White 65+,Complete,,1.0,High school graduate,No college degree,High school graduate or less,White no college degree,Unfavorable,Favorable,4.0,Omit,Went too far,Less than 100k,"Under $30,000",Less than 50k,Less than 50 thousand,"Under $50,000","Under $30,000","Under $50,000 and white",No,No,Worried,Very worried,Disapprove,Strongly disapprove,45+,65+,Republican,Non-black non-Democrat,All Republicans,Republican,Republican Women,White Republican,Moderate,,Conservative Republicans,Mod./Liberal Republicans,White,White,State questionnaire,White,White,Midwest,Omit,The Republican Party,Female,White women,Non married women,Suburbs,Suburbs,South Dakota,Telephone survey,Before that,Before that,Before that,Before that,Seriously off on the wrong track,Version 1,0.166993796825409,Yes
62475.0,Dennis Daugaard,Mike Rounds,30-44,30-59,40-44,18-44,30-44,40-49,Non-Black 30-44,White 30-44,White 30-44,Complete,Call 1,1.0,Postgraduate study,College graduate,More than High school graduate,White college degree,Unfavorable,Favorable,2.0,Omit,Went too far,Less than 100k,"$30,000 or more",50k or more,50 to 100 thousand,"$50,000-$99,999","$50,000-$99,999","Over $50,000 and white",No,No,Worried,Very worried,Disapprove,Strongly disapprove,18-44,18-64,Republican,Non-black non-Democrat,All Republicans,Republican,Republican Women,White Republican,Conservative,82.0,Independent/Something else,Conservative Republicans,White,White,State questionnaire,White,White,Midwest,Omit,The Republican Party,Female,White women,Non married women,,,South Dakota,Election day exit poll,Before that,In the last month,Before that,In the last month,Seriously off on the wrong track,Version 1,0.921065330505371,No
64613.0,Dennis Daugaard,Mike Rounds,45-65,30-59,50-59,45+,45-59,50-64,Non-Black 45-59,White 45-59,White 45-64,Complete,Call 1,1.0,College graduate,College graduate,More than High school graduate,White college degree,Unfavorable,Favorable,3.0,Omit,Went too far,Less than 100k,"$30,000 or more",50k or more,50 to 100 thousand,"$50,000-$99,999","$50,000-$99,999","Over $50,000 and white",No,Yes,Worried,Somewhat worried,Disapprove,Strongly disapprove,45+,18-64,Republican,Non-black non-Democrat,All Republicans,Republican,Republican Women,White Republican,Conservative,7.0,Independent/Something else,Conservative Republicans,White,White,State questionnaire,White,White,Midwest,Approve,The Republican Party,Female,White women,Married women,,,South Dakota,Election day exit poll,Before that,Before that,Before that,Before that,Omit,Version 1,1.00660967826843,No
79204.0,Dennis Daugaard,Mike Rounds,30-44,30-59,40-44,18-44,30-44,40-49,Non-Black 30-44,White 30-44,White 30-44,Complete,Call 2,1.0,College graduate,College graduate,More than High school graduate,White college degree,Unfavorable,Favorable,2.0,Omit,Went too far,100k or more,"$30,000 or more",50k or more,100 thousand or more,"$200,000 or more","$200,000 or more","Over $50,000 and white",No,Yes,Worried,Somewhat worried,Disapprove,Somewhat disapprove,18-44,18-64,Republican,Non-black non-Democrat,All Republicans,Republican,Republican Women,White Republican,Conservative,82.0,Independent/Something else,Conservative Republicans,White,White,State questionnaire,White,White,Midwest,Omit,The Republican Party,Female,White women,Married women,,,South Dakota,Election day exit poll,Before that,Before that,Before that,Before that,Seriously off on the wrong track,Version 1,0.921065330505371,No
79614.0,Dennis Daugaard,Mike Rounds,45-65,30-59,45-49,45+,45-59,40-49,Non-Black 45-59,White 45-59,White 45-64,Complete,Call 2,1.0,College graduate,College graduate,More than High school graduate,White college degree,Unfavorable,Favorable,3.0,Omit,Went too far,Less than 100k,"$30,000 or more",50k or more,50 to 100 thousand,"$50,000-$99,999","$50,000-$99,999","Over $50,000 and white",No,Yes,Worried,Somewhat worried,Disapprove,Strongly disapprove,45+,18-64,Republican,Non-black non-Democrat,All Republicans,Republican,Republican Men,White Republican,Conservative,7.0,Independent/Something else,Conservative Republicans,White,White,State questionnaire,White,White,Midwest,Approve,The Republican Party,Male,White men,Married men,,,South Dakota,Election day exit poll,Before that,Before that,Before that,Before that,Seriously off on the wrong track,Version 1,1.05577123165131,No
79979.0,Dennis Daugaard,Mike Rounds,45-65,30-59,45-49,45+,45-59,40-49,Non-Black 45-59,White 45-59,White 45-64,Complete,Call 2,1.0,Some college/assoc. degree,No college degree,More than High school graduate,White no college degree,Unfavorable,Favorable,2.0,Omit,Went too far,Less than 100k,"$30,000 or more",50k or more,50 to 100 thousand,"$50,000-$99,999","$50,000-$99,999","Over $50,000 and white",No,Yes,Worried,Somewhat worried,Disapprove,Strongly disapprove,45+,18-64,Republican,Non-black non-Democrat,All Republicans,Republican,Republican Women,White Republican,Conservative,36.0,Independent/Something else,Conservative Republicans,White,White,State questionnaire,White,White,Midwest,Omit,The Republican Party,Female,White women,Married women,,,South Dakota,Election day exit poll,Before that,Before that,Before that,Before that,Seriously off on the wrong track,Version 1,1.1638925075531,No
80990.0,Dennis Daugaard,Mike Rounds,65+,60+,65 or over,45+,60+,65+,Non-Black 60+,White 60+,White 65+,Complete,Call 2,1.0,Some college/assoc. degree,No college degree,More than High school graduate,White no college degree,Unfavorable,Favorable,3.0,Omit,,,,,,,,,No,,,,,,45+,65+,Democrat,Non-black Democrat,White Democrat,Democrat,Democratic Women,White Democrat,Conservative,9.0,Moderate/Conservative Democrats,Mod/Conserv. Democrats,White,White,National questionnaire,White,White,Midwest,,,Female,White women,,Rural,Small Cities/Rural,South Dakota,Election day exit poll,,,,,Seriously off on the wrong track,Version 4,0.7227423787117,
80991.0,Dennis Daugaard,Mike Rounds,65+,60+,65 or over,45+,60+,65+,Non-Black 60+,White 60+,White 65+,Complete,Call 2,1.0,Some college/assoc. degree,No college degree,More than High school graduate,White no college degree,Unfavorable,Favorable,3.0,Omit,,,,,,,,,No,,,,,,45+,65+,Democrat,Non-black Democrat,White Democrat,Democrat,Democratic Women,White Democrat,Conservative,9.0,Moderate/Conservative Democrats,Mod/Conserv. Democrats,White,White,National questionnaire,White,White,Midwest,,,Female,White women,,Rural,Small Cities/Rural,South Dakota,Election day exit poll,,,,,Seriously off on the wrong track,Version 4,0.7227423787117,
95658.0,Dennis Daugaard,Mike Rounds,45-65,30-59,50-59,45+,45-59,50-64,Non-Black 45-59,White 45-59,White 45-64,Complete,Call 3,1.0,College graduate,College graduate,More than High school graduate,White college degree,Unfavorable,Favorable,1.0,Omit,Went too far,Less than 100k,"$30,000 or more",50k or more,50 to 100 thousand,"$50,000-$99,999","$50,000-$99,999","Over $50,000 and white",No,Yes,Worried,Very worried,Disapprove,Strongly disapprove,45+,18-64,Republican,Non-black non-Democrat,All Republicans,Republican,Republican Women,White Republican,Conservative,53.0,Independent/Something else,Conservative Republicans,White,White,State questionnaire,White,White,Midwest,Approve,The Republican Party,Female,White women,Married women,,,South Dakota,Election day exit poll,Before that,Before that,Before that,Before that,Seriously off on the wrong track,Version 1,1.0954282283783,No
98983.0,Dennis Daugaard,Mike Rounds,45-65,30-59,50-59,45+,45-59,50-64,Non-Black 45-59,White 45-59,White 45-64,Complete,Call 3,1.0,College graduate,College graduate,More than High school graduate,White college degree,Unfavorable,Favorable,3.0,Omit,Went too far,100k or more,"$30,000 or more",50k or more,100 thousand or more,"$100,000-$199,999","$100,000-$199,999","Over $50,000 and white",No,Yes,Worried,Very worried,Disapprove,Strongly disapprove,45+,18-64,Republican,Non-black non-Democrat,All Republicans,Republican,Republican Women,White Republican,Conservative,26.0,Independent/Something else,Conservative Republicans,White,White,State questionnaire,White,White,Midwest,Approve,The Republican Party,Female,White women,Married women,,,South Dakota,Election day exit poll,Before that,Before that,Before that,Before that,Seriously off on the wrong track,Version 1,1.07955241203308,No
3702.0,Dennis Daugaard,Mike Rounds,18-29,18-29,18-24,18-44,18-29,18-24,Non-Black 18-29,White 18-29,White 18-29,Complete,,1.0,College graduate,College graduate,More than High school graduate,White college degree,Omit,Favorable,3.0,Omit,Was about right,Less than 100k,"$30,000 or more",Less than 50k,Less than 50 thousand,"Under $50,000","$30,000-$49,999","Under $50,000 and white",No,Yes,Not worried,Not at all worried,Disapprove,Somewhat disapprove,18-44,18-64,Independent/Something else,Non-black non-Democrat,White Independent,Independent,Independent Men,White Independent,Conservative,,Moderate/Liberal Republicans,Conservative Independents,White,White,State questionnaire,White,White,Midwest,Approve,Does not matter to me,Male,White men,Married men,Rural,Small Cities/Rural,South Dakota,Telephone survey,Before that,Before that,Before that,Before that,Omit,Version 1,1.6752781867981,No
99046.0,Dennis Daugaard,Mike Rounds,65+,60+,65 or over,45+,60+,65+,Non-Black 60+,White 60+,White 65+,Complete,Call 3,1.0,High school graduate,No college degree,High school graduate or less,White no college degree,Omit,Favorable,3.0,Omit,Omit,,,,,,,,,,Not worried,Not at all worried,Disapprove,Strongly disapprove,45+,65+,Republican,Non-black non-Democrat,All Republicans,Republican,Republican Men,White Republican,Moderate,26.0,Conservative Republicans,Mod./Liberal Republicans,White,White,State questionnaire,White,White,Midwest,Approve,The Republican Party,Male,White men,,,,South Dakota,Election day exit poll,Before that,Before that,Before that,Before that,Generally going in the right direction,Version 1,1.13825356960297,
3916.0,Dennis Daugaard,Mike Rounds,45-65,30-59,45-49,45+,45-59,40-49,Non-Black 45-59,White 45-59,White 45-64,Complete,,1.0,High school graduate,No college degree,High school graduate or less,White no college degree,Unfavorable,Unfavorable,4.0,Omit,Went too far,100k or more,"$30,000 or more",50k or more,100 thousand or more,"$100,000-$199,999","$100,000-$199,999","Over $50,000 and white",No,Yes,Worried,Somewhat worried,Disapprove,Strongly disapprove,45+,18-64,Republican,Non-black non-Democrat,All Republicans,Republican,Republican Women,White Republican,Moderate,,Conservative Republicans,Mod./Liberal Republicans,White,White,State questionnaire,White,White,Midwest,Omit,The Republican Party,Female,White women,Married women,"Cities 50,000-500,000","Cities over 50,000",South Dakota,Telephone survey,Before that,In the last month,In the last week,In the last week,Omit,Version 1,1.04984033107758,No
97560.0,Dennis Daugaard,Mike Rounds,30-44,30-59,30-39,18-44,30-44,30-39,Non-Black 30-44,White 30-44,White 30-44,Complete,Call 3,1.0,College graduate,College graduate,More than High school graduate,White college degree,Unfavorable,Unfavorable,2.0,Omit,Went too far,Less than 100k,"$30,000 or more",50k or more,50 to 100 thousand,"$50,000-$99,999","$50,000-$99,999","Over $50,000 and white",No,Yes,Worried,Somewhat worried,Disapprove,Strongly disapprove,18-44,18-64,Republican,Non-black non-Democrat,All Republicans,Republican,Republican Men,White Republican,Conservative,36.0,Independent/Something else,Conservative Republicans,White,White,State questionnaire,White,White,Midwest,Omit,The Republican Party,Male,White men,Married men,,,South Dakota,Election day exit poll,Before that,In the last month,In the last week,In the last week,Seriously off on the wrong track,Version 1,1.22073554992676,No
96496.0,Dennis Daugaard,Mike Rounds,45-65,30-59,50-59,45+,45-59,50-64,Non-Black 45-59,White 45-59,White 45-64,Complete,Call 3,1.0,College graduate,College graduate,More than High school graduate,White college degree,Omit,Omit,1.0,Omit,Omit,Less than 100k,"$30,000 or more",50k or more,50 to 100 thousand,"$50,000-$99,999","$50,000-$99,999","Over $50,000 and white",No,Yes,Worried,Somewhat worried,Omit,Omit,45+,18-64,Republican,Non-black non-Democrat,All Republicans,Republican,Republican Women,White Republican,,53.0,,,White,White,State questionnaire,White,White,Midwest,Omit,Omit,Female,White women,Married women,,,South Dakota,Election day exit poll,Before that,Before that,Before that,Before that,Generally going in the right direction,Version 1,1.0954282283783,No
98567.0,Dennis Daugaard,Mike Rounds,45-65,30-59,50-59,45+,45-59,50-64,Non-Black 45-59,White 45-59,White 45-64,Complete,Call 3,1.0,Some college/assoc. degree,No college degree,More than High school graduate,White no college degree,Omit,Omit,4.0,Omit,Went too far,Less than 100k,"$30,000 or more",Less than 50k,Less than 50 thousand,"Under $50,000","$30,000-$49,999","Under $50,000 and white",No,Yes,Worried,Very worried,Disapprove,Strongly disapprove,45+,18-64,Democrat,Non-black Democrat,White Democrat,Democrat,Democratic Women,White Democrat,Conservative,65.0,Moderate/Conservative Democrats,Mod/Conserv. Democrats,White,White,State questionnaire,White,White,Midwest,Omit,Does not matter to me,Female,White women,Married women,,,South Dakota,Election day exit poll,Before that,In the last month,Before that,In the last month,Seriously off on the wrong track,Version 1,0.967391133308411,Yes
97086.0,Michael Myers,Mike Rounds,45-65,60+,60-64,45+,60+,50-64,Non-Black 60+,White 60+,White 45-64,Complete,Call 3,1.0,Some college/assoc. degree,No college degree,More than High school graduate,White no college degree,Unfavorable,Favorable,2.0,Government should do more to solve problems,Went too far,Less than 100k,"$30,000 or more",Less than 50k,Less than 50 thousand,"Under $50,000","$30,000-$49,999","Under $50,000 and white",No,Yes,Worried,Very worried,Disapprove,Strongly disapprove,45+,18-64,Independent/Something else,Non-black non-Democrat,White Independent,Independent,Independent Women,White Independent,Moderate,82.0,Moderate/Liberal Republicans,Moderate Independents,White,White,State questionnaire,White,White,Midwest,Disapprove,The Republican Party,Female,White women,Married women,,,South Dakota,Election day exit poll,Before that,Before that,Before that,Before that,Seriously off on the wrong track,Version 1,0.504396498203278,Yes
3681.0,Michael Myers,Mike Rounds,65+,60+,65 or over,45+,60+,65+,Non-Black 60+,White 60+,White 65+,Complete,,1.0,Some college/assoc. degree,No college degree,More than High school graduate,White no college degree,Unfavorable,Favorable,4.0,Government is doing too many things better left to businesses and individuals,Went too far,Less than 100k,"$30,000 or more",Less than 50k,Less than 50 thousand,"Under $50,000","$30,000-$49,999","Under $50,000 and white",No,Yes,Worried,Very worried,Disapprove,Strongly disapprove,45+,65+,Republican,Non-black non-Democrat,All Republicans,Republican,Republican Men,White Republican,Conservative,,Independent/Something else,Conservative Republicans,White,White,State questionnaire,White,White,Midwest,Omit,The Republican Party,Male,White men,Married men,Suburbs,Suburbs,South Dakota,Telephone survey,Before that,Before that,Before that,Before that,Seriously off on the wrong track,Version 1,0.23496875166893,Yes
3726.0,Michael Myers,Mike Rounds,30-44,30-59,30-39,18-44,30-44,30-39,Non-Black 30-44,White 30-44,White 30-44,Complete,,1.0,College graduate,College graduate,More than High school graduate,White college degree,Unfavorable,Favorable,1.0,Government is doing too many things better left to businesses and individuals,Went too far,,,,,,,,No,Yes,Worried,Somewhat worried,Disapprove,Strongly disapprove,18-44,18-64,Republican,Non-black non-Democrat,All Republicans,Republican,Republican Men,White Republican,Conservative,,Independent/Something else,Conservative Republicans,White,White,State questionnaire,White,White,Midwest,Approve,The Republican Party,Male,White men,Married men,"Cities 50,000-500,000","Cities over 50,000",South Dakota,Telephone survey,Before that,Before that,Before that,Before that,Omit,Version 1,0.525099694728851,No
3794.0,Michael Myers,Mike Rounds,65+,60+,65 or over,45+,60+,65+,Non-Black 60+,White 60+,White 65+,Complete,,1.0,High school graduate,No college degree,High school graduate or less,White no college degree,Unfavorable,Favorable,4.0,Government is doing too many things better left to businesses and individuals,Did not go far enough,Less than 100k,"Under $30,000",Less than 50k,Less than 50 thousand,"Under $50,000","Under $30,000","Under $50,000 and white",No,No,Worried,Somewhat worried,Disapprove,Somewhat disapprove,45+,65+,Republican,Non-black non-Democrat,All Republicans,Republican,Republican Men,White Republican,Conservative,,Independent/Something else,Conservative Republicans,White,White,State questionnaire,White,White,Midwest,Omit,The Republican Party,Male,White men,Non married men,Suburbs,Suburbs,South Dakota,Telephone survey,Before that,In the last month,Before that,In the last month,Seriously off on the wrong track,Version 1,0.0587421879172325,Yes
81499.0,Michael Myers,Mike Rounds,65+,60+,65 or over,45+,60+,65+,Non-Black 60+,White 60+,White 65+,Complete,Call 2,1.0,Postgraduate study,College graduate,More than High school graduate,White college degree,Unfavorable,Favorable,2.0,Government is doing too many things better left to businesses and individuals,Went too far,Less than 100k,"$30,000 or more",Less than 50k,Less than 50 thousand,"Under $50,000","$30,000-$49,999","Under $50,000 and white",No,Yes,Worried,Very worried,Disapprove,Strongly disapprove,45+,65+,Republican,Non-black non-Democrat,All Republicans,Republican,Republican Men,White Republican,Conservative,5.0,Independent/Something else,Conservative Republicans,White,White,State questionnaire,White,White,Midwest,Disapprove,The Republican Party,Male,White men,Married men,,,South Dakota,Election day exit poll,Before that,Before that,Before that,Before that,Seriously off on the wrong track,Version 1,0.792299628257751,No
96061.0,Michael Myers,Mike Rounds,45-65,60+,60-64,45+,60+,50-64,Non-Black 60+,White 60+,White 45-64,Complete,Call 3,1.0,Postgraduate study,College graduate,More than High school graduate,White college degree,Unfavorable,Favorable,1.0,Government is doing too many things better left to businesses and individuals,Went too far,Less than 100k,"$30,000 or more",Less than 50k,Less than 50 thousand,"Under $50,000","$30,000-$49,999","Under $50,000 and white",No,No,Worried,Somewhat worried,Disapprove,Strongly disapprove,45+,18-64,Republican,Non-black non-Democrat,All Republicans,Republican,Republican Men,White Republican,Conservative,53.0,Independent/Something else,Conservative Republicans,White,White,State questionnaire,White,White,Midwest,Disapprove,The Republican Party,Male,White men,Non married men,,,South Dakota,Election day exit poll,Before that,In the last month,Before that,In the last month,Seriously off on the wrong track,Version 1,0.629179120063782,No
96998.0,Michael Myers,Mike Rounds,45-65,60+,60-64,45+,60+,50-64,Non-Black 60+,White 60+,White 45-64,Complete,Call 3,1.0,Postgraduate study,College graduate,More than High school graduate,White college degree,Unfavorable,Favorable,2.0,Government is doing too many things better left to businesses and individuals,Went too far,100k or more,"$30,000 or more",50k or more,100 thousand or more,"$200,000 or more","$200,000 or more","Over $50,000 and white",No,Yes,Worried,Very worried,Disapprove,Strongly disapprove,45+,18-64,Republican,Non-black non-Democrat,All Republicans,Republican,Republican Men,White Republican,Conservative,82.0,Independent/Something else,Conservative Republicans,White,White,State questionnaire,White,White,Midwest,Approve,The Republican Party,Male,White men,Married men,,,South Dakota,Election day exit poll,Before that,Before that,Before that,Before that,Seriously off on the wrong track,Version 1,0.529030621051788,No
97955.0,Michael Myers,Mike Rounds,30-44,30-59,30-39,18-44,30-44,30-39,Non-Black 30-44,White 30-44,White 30-44,Complete,Call 3,1.0,College graduate,College graduate,More than High school graduate,White college degree,Unfavorable,Favorable,2.0,Government is doing too many things better left to businesses and individuals,Went too far,Less than 100k,"$30,000 or more",50k or more,50 to 100 thousand,"$50,000-$99,999","$50,000-$99,999","Over $50,000 and white",No,Yes,Worried,Very worried,Disapprove,Strongly disapprove,18-44,18-64,Independent/Something else,Non-black non-Democrat,White Independent,Independent,Independent Women,White Independent,Moderate,36.0,Moderate/Liberal Republicans,Moderate Independents,White,White,State questionnaire,White,White,Midwest,Approve,The Republican Party,Female,White women,Married women,,,South Dakota,Election day exit poll,Before that,Before that,Before that,Before that,Seriously off on the wrong track,Version 1,0.634027302265167,No
83054.0,Michael Myers,Mike Rounds,65+,60+,65 or over,45+,60+,65+,Non-Black 60+,White 60+,White 65+,Complete,Call 2,1.0,,,,,Omit,Omit,4.0,Government is doing too many things better left to businesses and individuals,Omit,Less than 100k,"$30,000 or more",Less than 50k,Less than 50 thousand,"Under $50,000","$30,000-$49,999","Under $50,000 and white",No,No,Omit,Omit,Disapprove,Strongly disapprove,45+,65+,Republican,Non-black non-Democrat,All Republicans,Republican,Republican Women,White Republican,Moderate,40.0,Conservative Republicans,Mod./Liberal Republicans,White,White,State questionnaire,White,White,Midwest,Omit,The Republican Party,Female,White women,Non married women,,,South Dakota,Election day exit poll,Before that,Before that,Before that,Before that,Omit,Version 1,0.906487762928009,
97363.0,Other,Mike Rounds,45-65,30-59,50-59,45+,45-59,50-64,Non-Black 45-59,White 45-59,White 45-64,Complete,Call 3,1.0,Some college/assoc. degree,No college degree,More than High school graduate,White no college degree,Unfavorable,Favorable,4.0,Government is doing too many things better left to businesses and individuals,Went too far,Less than 100k,"$30,000 or more",50k or more,50 to 100 thousand,"$50,000-$99,999","$50,000-$99,999","Over $50,000 and white",No,Yes,Worried,Somewhat worried,Disapprove,Strongly disapprove,45+,18-64,Republican,Non-black non-Democrat,All Republicans,Republican,Republican Men,White Republican,Conservative,65.0,Independent/Something else,Conservative Republicans,White,White,State questionnaire,White,White,Midwest,Approve,The Republican Party,Male,White men,Married men,,,South Dakota,Election day exit poll,Before that,Before that,Before that,Before that,Seriously off on the wrong track,Version 1,0.0,No
96958.0,,Larry Pressler,,,,,,,,,,Complete,Call 3,1.0,,,,,Unfavorable,Favorable,1.0,Government should do more to solve problems,Went too far,Less than 100k,"$30,000 or more",Less than 50k,Less than 50 thousand,"Under $50,000","$30,000-$49,999","Under $50,000 and non white",Yes,Yes,Worried,Somewhat worried,Omit,Omit,,,Independent/Something else,Non-black non-Democrat,Latino Independent,Independent,Independent Women,All others,,56.0,,,Other,White,State questionnaire,Hispanic/Latino,Hispanic/Latino,Midwest,Disapprove,Does not matter to me,Female,Latino women,Married women,,,South Dakota,Election day exit poll,In the last three days,In the last month,In the last week,In the last three days,Omit,Version 1,1.18954515457153,
3776.0,,Larry Pressler,65+,60+,65 or over,45+,60+,65+,Non-Black 60+,White 60+,White 65+,Complete,,1.0,Some college/assoc. degree,No college degree,More than High school graduate,White no college degree,Unfavorable,Omit,4.0,Government is doing too many things better left to businesses and individuals,Went too far,Less than 100k,"$30,000 or more",Less than 50k,Less than 50 thousand,"Under $50,000","$30,000-$49,999","Under $50,000 and white",No,No,Worried,Somewhat worried,Disapprove,Strongly disapprove,45+,65+,Independent/Something else,Non-black non-Democrat,White Independent,Independent,Independent Men,White Independent,Moderate,,Moderate/Liberal Republicans,Moderate Independents,White,White,State questionnaire,White,White,Midwest,Disapprove,The Republican Party,Male,White men,Non married men,"Cities 50,000-500,000","Cities over 50,000",South Dakota,Telephone survey,Before that,Before that,Before that,Before that,Seriously off on the wrong track,Version 1,0.15368889272213,Yes
96814.0,,Larry Pressler,45-65,30-59,45-49,45+,45-59,40-49,Non-Black 45-59,White 45-59,White 45-64,Complete,Call 3,1.0,College graduate,College graduate,More than High school graduate,White college degree,Omit,Omit,1.0,Omit,Omit,Less than 100k,"$30,000 or more",50k or more,50 to 100 thousand,"$50,000-$99,999","$50,000-$99,999","Over $50,000 and white",No,Yes,Worried,Somewhat worried,Omit,Omit,45+,18-64,Republican,Non-black non-Democrat,All Republicans,Republican,Republican Women,White Republican,Moderate,56.0,Conservative Republicans,Mod./Liberal Republicans,White,White,State questionnaire,White,White,Midwest,Omit,Does not matter to me,Female,White women,Married women,,,South Dakota,Election day exit poll,In the last three days,In the last month,In the last week,In the last three days,Omit,Version 1,1.2181384563446,No
100090.0,Did not vote,Larry Pressler,65+,60+,65 or over,45+,60+,65+,Non-Black 60+,White 60+,White 65+,Complete,Call 3,1.0,Some college/assoc. degree,No college degree,More than High school graduate,White no college degree,Favorable,Unfavorable,4.0,Government should do more to solve problems,Did not go far enough,Less than 100k,"$30,000 or more",50k or more,50 to 100 thousand,"$50,000-$99,999","$50,000-$99,999","Over $50,000 and white",,Yes,Worried,Very worried,Approve,Somewhat approve,45+,65+,Democrat,Non-black Democrat,White Democrat,Democrat,Democratic Men,White Democrat,Liberal,40.0,Liberal Democrats,Liberal Democrats,White,White,State questionnaire,White,White,Midwest,Disapprove,The Democratic Party,Male,White men,Married men,,,South Dakota,Election day exit poll,Before that,In the last month,In the last week,In the last week,Seriously off on the wrong track,Version 1,1.73504328727722,No
79420.0,Did not vote,Larry Pressler,30-44,30-59,30-39,18-44,30-44,30-39,Non-Black 30-44,White 30-44,White 30-44,Complete,Call 2,1.0,Postgraduate study,College graduate,More than High school graduate,White college degree,Omit,Omit,3.0,Government is doing too many things better left to businesses and individuals,Omit,Less than 100k,"$30,000 or more",50k or more,50 to 100 thousand,"$50,000-$99,999","$50,000-$99,999","Over $50,000 and white",No,Yes,Worried,Somewhat worried,Disapprove,Somewhat disapprove,18-44,18-64,,,,,,,Moderate,7.0,,,White,White,State questionnaire,White,White,Midwest,Omit,Omit,Male,White men,Married men,,,South Dakota,Election day exit poll,Before that,In the last month,In the last week,In the last week,Omit,Version 1,1.04955351352692,No
3902.0,Did not vote,Larry Pressler,65+,60+,65 or over,45+,60+,65+,Non-Black 60+,White 60+,White 65+,Complete,,1.0,Postgraduate study,College graduate,More than High school graduate,White college degree,Favorable,Favorable,3.0,Omit,Was about right,Less than 100k,"$30,000 or more",50k or more,50 to 100 thousand,"$50,000-$99,999","$50,000-$99,999","Over $50,000 and white",No,No,Not worried,Not too worried,Disapprove,Somewhat disapprove,45+,65+,Independent/Something else,Non-black non-Democrat,White Independent,Independent,Independent Men,White Independent,Moderate,,Moderate/Liberal Republicans,Moderate Independents,White,White,State questionnaire,White,White,Midwest,Disapprove,The Democratic Party,Male,White men,Non married men,Rural,Small Cities/Rural,South Dakota,Telephone survey,Before that,Before that,Before that,Before that,Omit,Version 1,0.230075135827065,No
59903.0,Susan Wismer,Larry Pressler,30-44,30-59,30-39,18-44,30-44,30-39,Non-Black 30-44,White 30-44,White 30-44,Complete,Call 1,1.0,Postgraduate study,College graduate,More than High school graduate,White college degree,,,3.0,,,Less than 100k,"$30,000 or more",50k or more,50 to 100 thousand,"$50,000-$99,999","$50,000-$99,999","Over $50,000 and white",No,,Not worried,Not too worried,Disapprove,Strongly disapprove,18-44,18-64,Democrat,Non-black Democrat,White Democrat,Democrat,Democratic Women,White Democrat,Moderate,9.0,Moderate/Conservative Democrats,Mod/Conserv. Democrats,White,White,National questionnaire,White,White,Midwest,,,Female,White women,,Rural,Small Cities/Rural,South Dakota,Election day exit poll,,,,,,Version 1,0.604604423046112,No
60237.0,Susan Wismer,Larry Pressler,30-44,30-59,40-44,18-44,30-44,40-49,Non-Black 30-44,White 30-44,White 30-44,Complete,Call 1,1.0,Some college/assoc. degree,No college degree,More than High school graduate,White no college degree,,,3.0,,,Less than 100k,"$30,000 or more",50k or more,50 to 100 thousand,"$50,000-$99,999","$50,000-$99,999","Over $50,000 and white",No,,,,,,18-44,18-64,Republican,Non-black non-Democrat,All Republicans,Republican,Republican Women,White Republican,Moderate,9.0,Conservative Republicans,Mod./Liberal Republicans,White,White,National questionnaire,White,White,Midwest,,,Female,White women,,Rural,Small Cities/Rural,South Dakota,Election day exit poll,,,,,,Version 5,0.604604423046112,No
60475.0,Susan Wismer,Larry Pressler,65+,60+,65 or over,45+,60+,65+,Non-Black 60+,White 60+,White 65+,Complete,Call 1,1.0,High school graduate,No college degree,High school graduate or less,White no college degree,,,3.0,,,Less than 100k,"$30,000 or more",50k or more,50 to 100 thousand,"$50,000-$99,999","$50,000-$99,999","Over $50,000 and white",No,,Worried,Very worried,Approve,Somewhat approve,45+,65+,Democrat,Non-black Democrat,White Democrat,Democrat,Democratic Men,White Democrat,Liberal,9.0,Liberal Democrats,Liberal Democrats,White,White,National questionnaire,White,White,Midwest,,,Male,White men,,Rural,Small Cities/Rural,South Dakota,Election day exit poll,,,,,,Version 1,0.637480020523071,No
65811.0,Susan Wismer,Larry Pressler,30-44,30-59,30-39,18-44,30-44,30-39,Non-Black 30-44,White 30-44,White 30-44,Complete,Call 1,1.0,College graduate,College graduate,More than High school graduate,White college degree,Favorable,Favorable,2.0,Government should do more to solve problems,Was about right,Less than 100k,"$30,000 or more",50k or more,50 to 100 thousand,"$50,000-$99,999","$50,000-$99,999","Over $50,000 and white",No,Yes,Not worried,Not too worried,Approve,Somewhat approve,18-44,18-64,Democrat,Non-black Democrat,White Democrat,Democrat,Democratic Women,White Democrat,Moderate,5.0,Moderate/Conservative Democrats,Mod/Conserv. Democrats,White,White,State questionnaire,White,White,Midwest,Disapprove,Does not matter to me,Female,White women,Married women,,,South Dakota,Election day exit poll,Before that,In the last month,In the last week,In the last week,Generally going in the right direction,Version 1,1.16004109382629,No
81786.0,Susan Wismer,Larry Pressler,18-29,18-29,18-24,18-44,18-29,18-24,Non-Black 18-29,White 18-29,White 18-29,Complete,Call 2,1.0,High school graduate,No college degree,High school graduate or less,White no college degree,Favorable,Favorable,2.0,Government should do more to solve problems,Did not go far enough,Less than 100k,"Under $30,000",Less than 50k,Less than 50 thousand,"Under $50,000","Under $30,000","Under $50,000 and white",No,No,Not worried,Not too worried,Approve,Somewhat approve,18-44,18-64,Independent/Something else,Non-black non-Democrat,White Independent,Independent,Independent Men,White Independent,Liberal,5.0,Moderate/Liberal Republicans,Liberal Independents,White,White,State questionnaire,White,White,Midwest,Omit,The Democratic Party,Male,White men,Non married men,,,South Dakota,Election day exit poll,In the last three days,In the last month,In the last week,In the last three days,Generally going in the right direction,Version 1,1.71928668022156,Yes
81845.0,Susan Wismer,Larry Pressler,45-65,30-59,50-59,45+,45-59,50-64,Non-Black 45-59,White 45-59,White 45-64,Complete,Call 2,1.0,Some college/assoc. degree,No college degree,More than High school graduate,White no college degree,Favorable,Favorable,2.0,Government should do more to solve problems,Was about right,Less than 100k,"Under $30,000",Less than 50k,Less than 50 thousand,"Under $50,000","Under $30,000","Under $50,000 and white",No,Yes,Worried,Somewhat worried,Approve,Somewhat approve,45+,18-64,Independent/Something else,Non-black non-Democrat,White Independent,Independent,Independent Men,White Independent,Moderate,5.0,Moderate/Liberal Republicans,Moderate Independents,White,White,State questionnaire,White,White,Midwest,Disapprove,The Democratic Party,Male,White men,Married men,,,South Dakota,Election day exit poll,Before that,Before that,Before that,Before that,Seriously off on the wrong track,Version 1,1.21669614315033,Yes
96719.0,Susan Wismer,Larry Pressler,45-65,60+,60-64,45+,60+,50-64,Non-Black 60+,White 60+,White 45-64,Complete,Call 3,1.0,Some college/assoc. degree,No college degree,More than High school graduate,White no college degree,Favorable,Favorable,1.0,Government should do more to solve problems,Was about right,100k or more,"$30,000 or more",50k or more,100 thousand or more,"$100,000-$199,999","$100,000-$199,999","Over $50,000 and white",No,Yes,Worried,Somewhat worried,Approve,Strongly approve,45+,18-64,Democrat,Non-black Democrat,White Democrat,Democrat,Democratic Men,White Democrat,Moderate,56.0,Moderate/Conservative Democrats,Mod/Conserv. Democrats,White,White,State questionnaire,White,White,Midwest,Disapprove,The Democratic Party,Male,White men,Married men,,,South Dakota,Election day exit poll,Before that,In the last month,Before that,In the last month,Generally going in the right direction,Version 1,1.0865044593811,No
3717.0,Susan Wismer,Larry Pressler,45-65,60+,60-64,45+,60+,50-64,Non-Black 60+,White 60+,White 45-64,Complete,,1.0,Postgraduate study,College graduate,More than High school graduate,White college degree,Favorable,Unfavorable,2.0,Government should do more to solve problems,Went too far,Less than 100k,"$30,000 or more",50k or more,50 to 100 thousand,"$50,000-$99,999","$50,000-$99,999","Over $50,000 and white",No,Yes,Not worried,Not too worried,Approve,Somewhat approve,45+,18-64,Democrat,Non-black Democrat,White Democrat,Democrat,Democratic Men,White Democrat,Conservative,,Moderate/Conservative Democrats,Mod/Conserv. Democrats,White,White,State questionnaire,White,White,Midwest,Disapprove,Does not matter to me,Male,White men,Married men,Rural,Small Cities/Rural,South Dakota,Telephone survey,Before that,In the last month,Before that,In the last month,Generally going in the right direction,Version 1,0.57259863615036,No
3758.0,Susan Wismer,Larry Pressler,65+,60+,65 or over,45+,60+,65+,Non-Black 60+,White 60+,White 65+,Complete,,1.0,College graduate,College graduate,More than High school graduate,White college degree,Favorable,Unfavorable,1.0,Government should do more to solve problems,Was about right,Less than 100k,"Under $30,000",Less than 50k,Less than 50 thousand,"Under $50,000","Under $30,000","Under $50,000 and white",No,Yes,Worried,Somewhat worried,Approve,Strongly approve,45+,65+,Democrat,Non-black Democrat,White Democrat,Democrat,Democratic Women,White Democrat,Liberal,,Liberal Democrats,Liberal Democrats,White,White,State questionnaire,White,White,Midwest,Disapprove,The Democratic Party,Female,White women,Married women,"Cities 50,000-500,000","Cities over 50,000",South Dakota,Telephone survey,Before that,Before that,Before that,Before that,Seriously off on the wrong track,Version 1,0.377573549747467,No
3897.0,Susan Wismer,Larry Pressler,45-65,30-59,50-59,45+,45-59,50-64,,,,Complete,,1.0,Postgraduate study,College graduate,More than High school graduate,,Favorable,Unfavorable,4.0,Government should do more to solve problems,Did not go far enough,Less than 100k,"$30,000 or more",Less than 50k,Less than 50 thousand,"Under $50,000","$30,000-$49,999",,No,Yes,Not worried,Not at all worried,Disapprove,Somewhat disapprove,45+,18-64,Independent/Something else,,,Independent,Independent Women,,Moderate,,Moderate/Liberal Republicans,Moderate Independents,,,State questionnaire,,,Midwest,Disapprove,The Democratic Party,Female,,Married women,Suburbs,Suburbs,South Dakota,Telephone survey,Before that,In the last month,Before that,In the last month,Seriously off on the wrong track,Version 1,0.393536686897278,
62681.0,Susan Wismer,Larry Pressler,30-44,30-59,30-39,18-44,30-44,30-39,Non-Black 30-44,White 30-44,White 30-44,Complete,Call 1,1.0,Postgraduate study,College graduate,More than High school graduate,White college degree,Favorable,Unfavorable,1.0,Government should do more to solve problems,Did not go far enough,Less than 100k,"$30,000 or more",50k or more,50 to 100 thousand,"$50,000-$99,999","$50,000-$99,999","Over $50,000 and white",No,Yes,Worried,Somewhat worried,Approve,Somewhat approve,18-44,18-64,Democrat,Non-black Democrat,White Democrat,Democrat,Democratic Women,White Democrat,Liberal,53.0,Liberal Democrats,Liberal Democrats,White,White,State questionnaire,White,White,Midwest,Approve,The Democratic Party,Female,White women,Married women,,,South Dakota,Election day exit poll,Before that,In the last month,Before that,In the last month,Generally going in the right direction,Version 1,0.921209156513214,No
62683.0,Susan Wismer,Larry Pressler,30-44,30-59,30-39,18-44,30-44,30-39,Non-Black 30-44,White 30-44,White 30-44,Complete,Call 1,1.0,Postgraduate study,College graduate,More than High school graduate,White college degree,Favorable,Unfavorable,1.0,Government should do more to solve problems,Did not go far enough,Less than 100k,"$30,000 or more",50k or more,50 to 100 thousand,"$50,000-$99,999","$50,000-$99,999","Over $50,000 and white",No,Yes,Worried,Somewhat worried,Approve,Somewhat approve,18-44,18-64,Democrat,Non-black Democrat,White Democrat,Democrat,Democratic Women,White Democrat,Liberal,53.0,Liberal Democrats,Liberal Democrats,White,White,State questionnaire,White,White,Midwest,Approve,The Democratic Party,Female,White women,Married women,,,South Dakota,Election day exit poll,Before that,In the last month,Before that,In the last month,Generally going in the right direction,Version 1,0.921209156513214,No
63010.0,Susan Wismer,Larry Pressler,45-65,30-59,45-49,45+,45-59,40-49,Non-Black 45-59,White 45-59,White 45-64,Complete,Call 1,1.0,Postgraduate study,College graduate,More than High school graduate,White college degree,Favorable,Unfavorable,3.0,Government should do more to solve problems,Did not go far enough,Less than 100k,"$30,000 or more",50k or more,50 to 100 thousand,"$50,000-$99,999","$50,000-$99,999","Over $50,000 and white",No,No,Not worried,Not too worried,Approve,Strongly approve,45+,18-64,Independent/Something else,Non-black non-Democrat,White Independent,Independent,Independent Men,White Independent,Moderate,26.0,Moderate/Liberal Republicans,Moderate Independents,White,White,State questionnaire,White,White,Midwest,Disapprove,The Democratic Party,Male,White men,Non married men,,,South Dakota,Election day exit poll,Before that,In the last month,In the last week,In the last week,Generally going in the right direction,Version 1,0.952196955680847,No
63202.0,Susan Wismer,Larry Pressler,65+,60+,65 or over,45+,60+,65+,Non-Black 60+,White 60+,White 65+,Complete,Call 1,1.0,College graduate,College graduate,More than High school graduate,White college degree,Favorable,Unfavorable,3.0,Government should do more to solve problems,Did not go far enough,Less than 100k,"$30,000 or more",Less than 50k,Less than 50 thousand,"Under $50,000","$30,000-$49,999","Under $50,000 and white",No,No,Not worried,Not too worried,Approve,Strongly approve,45+,65+,Democrat,Non-black Democrat,White Democrat,Democrat,Democratic Women,White Democrat,Liberal,26.0,Liberal Democrats,Liberal Democrats,White,White,State questionnaire,White,White,Midwest,Disapprove,The Democratic Party,Female,White women,Non married women,,,South Dakota,Election day exit poll,Before that,Before that,Before that,Before that,Generally going in the right direction,Version 1,0.91265070438385,No
64077.0,Susan Wismer,Larry Pressler,65+,60+,65 or over,45+,60+,65+,Non-Black 60+,White 60+,White 65+,Complete,Call 1,1.0,High school graduate,No college degree,High school graduate or less,White no college degree,Favorable,Unfavorable,3.0,Government should do more to solve problems,Was about right,Less than 100k,"$30,000 or more",50k or more,50 to 100 thousand,"$50,000-$99,999","$50,000-$99,999","Over $50,000 and white",No,Yes,Not worried,Not too worried,Approve,Strongly approve,45+,65+,Democrat,Non-black Democrat,White Democrat,Democrat,Democratic Women,White Democrat,Moderate,7.0,Moderate/Conservative Democrats,Mod/Conserv. Democrats,White,White,State questionnaire,White,White,Midwest,Disapprove,The Democratic Party,Female,White women,Married women,,,South Dakota,Election day exit poll,In the last three days,In the last month,In the last week,In the last three days,Generally going in the right direction,Version 1,0.850985109806061,No
78832.0,Susan Wismer,Larry Pressler,45-65,30-59,50-59,45+,45-59,50-64,Non-Black 45-59,White 45-59,White 45-64,Complete,Call 2,1.0,Some college/assoc. degree,No college degree,More than High school graduate,White no college degree,Favorable,Unfavorable,2.0,Government should do more to solve problems,Was about right,100k or more,"$30,000 or more",50k or more,100 thousand or more,"$100,000-$199,999","$100,000-$199,999","Over $50,000 and white",No,Yes,Worried,Somewhat worried,Approve,Strongly approve,45+,18-64,Independent/Something else,Non-black non-Democrat,White Independent,Independent,Independent Men,White Independent,Conservative,82.0,Moderate/Liberal Republicans,Conservative Independents,White,White,State questionnaire,White,White,Midwest,Approve,The Democratic Party,Male,White men,Married men,,,South Dakota,Election day exit poll,Before that,In the last month,Before that,In the last month,Seriously off on the wrong track,Version 1,0.812406659126282,No
79620.0,Susan Wismer,Larry Pressler,45-65,30-59,50-59,45+,45-59,50-64,Non-Black 45-59,White 45-59,White 45-64,Complete,Call 2,1.0,Some college/assoc. degree,No college degree,More than High school graduate,White no college degree,Favorable,Unfavorable,1.0,Government should do more to solve problems,Was about right,100k or more,"$30,000 or more",50k or more,100 thousand or more,"$100,000-$199,999","$100,000-$199,999","Over $50,000 and white",No,Yes,Worried,Somewhat worried,Approve,Somewhat approve,45+,18-64,Independent/Something else,Non-black non-Democrat,White Independent,Independent,Independent Men,White Independent,Moderate,56.0,Moderate/Liberal Republicans,Moderate Independents,White,White,State questionnaire,White,White,Midwest,Disapprove,The Democratic Party,Male,White men,Married men,,,South Dakota,Election day exit poll,Before that,In the last month,Before that,In the last month,Seriously off on the wrong track,Version 1,1.0807991027832,No
80312.0,Susan Wismer,Larry Pressler,30-44,30-59,40-44,18-44,30-44,40-49,Non-Black 30-44,White 30-44,White 30-44,Complete,Call 2,1.0,Some college/assoc. degree,No college degree,More than High school graduate,White no college degree,Favorable,Unfavorable,1.0,Government should do more to solve problems,Did not go far enough,Less than 100k,"$30,000 or more",Less than 50k,Less than 50 thousand,"Under $50,000","$30,000-$49,999","Under $50,000 and white",No,Yes,Worried,Somewhat worried,Approve,Somewhat approve,18-44,18-64,Democrat,Non-black Democrat,White Democrat,Democrat,Democratic Women,White Democrat,Liberal,56.0,Liberal Democrats,Liberal Democrats,White,White,State questionnaire,White,White,Midwest,Disapprove,The Democratic Party,Female,White women,Married women,,,South Dakota,Election day exit poll,Before that,In the last month,In the last week,In the last week,Generally going in the right direction,Version 1,1.03047204017639,Yes
81718.0,Susan Wismer,Larry Pressler,30-44,30-59,40-44,18-44,30-44,40-49,Non-Black 30-44,White 30-44,White 30-44,Complete,Call 2,1.0,Postgraduate study,College graduate,More than High school graduate,White college degree,Favorable,Unfavorable,2.0,Government should do more to solve problems,Did not go far enough,Less than 100k,"$30,000 or more",50k or more,50 to 100 thousand,"$50,000-$99,999","$50,000-$99,999","Over $50,000 and white",No,Yes,Not worried,Not too worried,Approve,Somewhat approve,18-44,18-64,Democrat,Non-black Democrat,White Democrat,Democrat,Democratic Men,White Democrat,Liberal,5.0,Liberal Democrats,Liberal Democrats,White,White,State questionnaire,White,White,Midwest,Omit,The Democratic Party,Male,White men,Married men,,,South Dakota,Election day exit poll,Before that,In the last month,In the last week,In the last week,Generally going in the right direction,Version 1,1.21669614315033,No
84141.0,Susan Wismer,Larry Pressler,30-44,30-59,30-39,18-44,30-44,30-39,Non-Black 30-44,White 30-44,White 30-44,Complete,Call 2,1.0,College graduate,College graduate,More than High school graduate,White college degree,Favorable,Unfavorable,4.0,Government should do more to solve problems,Was about right,Less than 100k,"$30,000 or more",50k or more,50 to 100 thousand,"$50,000-$99,999","$50,000-$99,999","Over $50,000 and white",No,No,Not worried,Not too worried,Approve,Somewhat approve,18-44,18-64,Democrat,Non-black Democrat,White Democrat,Democrat,Democratic Men,White Democrat,Moderate,65.0,Moderate/Conservative Democrats,Mod/Conserv. Democrats,White,White,State questionnaire,White,White,Midwest,Disapprove,The Democratic Party,Male,White men,Non married men,,,South Dakota,Election day exit poll,Before that,Before that,Before that,Before that,Generally going in the right direction,Version 1,0.853267431259155,No
96541.0,Susan Wismer,Larry Pressler,65+,60+,65 or over,45+,60+,65+,Non-Black 60+,White 60+,White 65+,Complete,Call 3,1.0,Postgraduate study,College graduate,More than High school graduate,White college degree,Favorable,Unfavorable,1.0,Government should do more to solve problems,Was about right,100k or more,"$30,000 or more",50k or more,100 thousand or more,"$100,000-$199,999","$100,000-$199,999","Over $50,000 and white",No,Yes,Not worried,Not too worried,Approve,Strongly approve,45+,65+,Democrat,Non-black Democrat,White Democrat,Democrat,Democratic Men,White Democrat,Moderate,53.0,Moderate/Conservative Democrats,Mod/Conserv. Democrats,White,White,State questionnaire,White,White,Midwest,Disapprove,The Democratic Party,Male,White men,Married men,,,South Dakota,Election day exit poll,Before that,Before that,Before that,Before that,Seriously off on the wrong track,Version 1,0.97130024433136,No
96562.0,Susan Wismer,Larry Pressler,45-65,60+,60-64,45+,60+,50-64,Non-Black 60+,White 60+,White 45-64,Complete,Call 3,1.0,Postgraduate study,College graduate,More than High school graduate,White college degree,Favorable,Unfavorable,1.0,Government should do more to solve problems,Was about right,100k or more,"$30,000 or more",50k or more,100 thousand or more,"$100,000-$199,999","$100,000-$199,999","Over $50,000 and white",No,Yes,Not worried,Not too worried,Omit,Omit,45+,18-64,,,,,,,,56.0,,,White,White,State questionnaire,White,White,Midwest,Approve,The Democratic Party,Female,White women,Married women,,,South Dakota,Election day exit poll,Before that,Before that,Before that,Before that,Generally going in the right direction,Version 1,1.03591179847717,No
97744.0,Susan Wismer,Larry Pressler,30-44,30-59,40-44,18-44,30-44,40-49,Non-Black 30-44,White 30-44,White 30-44,Complete,Call 3,1.0,Postgraduate study,College graduate,More than High school graduate,White college degree,Favorable,Unfavorable,2.0,Government should do more to solve problems,Was about right,100k or more,"$30,000 or more",50k or more,100 thousand or more,"$100,000-$199,999","$100,000-$199,999","Over $50,000 and white",No,Yes,Not worried,Not too worried,Approve,Somewhat approve,18-44,18-64,Independent/Something else,Non-black non-Democrat,White Independent,Independent,Independent Men,White Independent,Moderate,36.0,Moderate/Liberal Republicans,Moderate Independents,White,White,State questionnaire,White,White,Midwest,Disapprove,The Democratic Party,Male,White men,Married men,,,South Dakota,Election day exit poll,In the last three days,In the last month,In the last week,In the last three days,Generally going in the right direction,Version 1,1.0265873670578,No
98758.0,Susan Wismer,Larry Pressler,30-44,30-59,40-44,18-44,30-44,40-49,Non-Black 30-44,White 30-44,White 30-44,Complete,Call 3,1.0,College graduate,College graduate,More than High school graduate,White college degree,Favorable,Unfavorable,3.0,Government should do more to solve problems,Did not go far enough,Less than 100k,"$30,000 or more",50k or more,50 to 100 thousand,"$50,000-$99,999","$50,000-$99,999","Over $50,000 and white",No,Yes,Worried,Somewhat worried,Approve,Somewhat approve,18-44,18-64,Independent/Something else,Non-black non-Democrat,White Independent,Independent,Independent Men,White Independent,Moderate,7.0,Moderate/Liberal Republicans,Moderate Independents,White,White,State questionnaire,White,White,Midwest,Disapprove,Does not matter to me,Male,White men,Married men,,,South Dakota,Election day exit poll,Before that,In the last month,Before that,In the last month,Seriously off on the wrong track,Version 1,0.887859344482422,No
99583.0,Susan Wismer,Larry Pressler,65+,60+,65 or over,45+,60+,65+,Non-Black 60+,White 60+,White 65+,Complete,Call 3,1.0,College graduate,College graduate,More than High school graduate,White college degree,Favorable,Unfavorable,3.0,Government should do more to solve problems,Did not go far enough,Less than 100k,"$30,000 or more",Less than 50k,Less than 50 thousand,"Under $50,000","$30,000-$49,999","Under $50,000 and white",No,Yes,Worried,Somewhat worried,Approve,Somewhat approve,45+,65+,Independent/Something else,Non-black non-Democrat,White Independent,Independent,Independent Men,White Independent,Moderate,7.0,Moderate/Liberal Republicans,Moderate Independents,White,White,State questionnaire,White,White,Midwest,Disapprove,The Democratic Party,Male,White men,Married men,,,South Dakota,Election day exit poll,In the last three days,In the last month,In the last week,In the last three days,Seriously off on the wrong track,Version 1,0.8925461769104,No
63183.0,Susan Wismer,Larry Pressler,65+,60+,65 or over,45+,60+,65+,Non-Black 60+,White 60+,White 65+,Complete,Call 1,1.0,Some college/assoc. degree,No college degree,More than High school graduate,White no college degree,Unfavorable,Unfavorable,2.0,Government should do more to solve problems,Went too far,Less than 100k,"$30,000 or more",50k or more,50 to 100 thousand,"$50,000-$99,999","$50,000-$99,999","Over $50,000 and white",No,Yes,Worried,Very worried,Disapprove,Strongly disapprove,45+,65+,Democrat,Non-black Democrat,White Democrat,Democrat,Democratic Women,White Democrat,Conservative,36.0,Moderate/Conservative Democrats,Mod/Conserv. Democrats,White,White,State questionnaire,White,White,Midwest,Disapprove,Omit,Female,White women,Married women,,,South Dakota,Election day exit poll,In the last three days,In the last month,In the last week,In the last three days,Seriously off on the wrong track,Version 1,0.983951508998871,No
65466.0,Susan Wismer,Larry Pressler,45-65,30-59,50-59,45+,45-59,50-64,Non-Black 45-59,White 45-59,White 45-64,Complete,Call 1,1.0,Postgraduate study,College graduate,More than High school graduate,White college degree,Unfavorable,Unfavorable,2.0,Government should do more to solve problems,Did not go far enough,100k or more,"$30,000 or more",50k or more,100 thousand or more,"$100,000-$199,999","$100,000-$199,999","Over $50,000 and white",No,Yes,Not worried,Not too worried,Disapprove,Strongly disapprove,45+,18-64,Independent/Something else,Non-black non-Democrat,White Independent,Independent,Independent Men,White Independent,Moderate,5.0,Moderate/Liberal Republicans,Moderate Independents,White,White,State questionnaire,White,White,Midwest,Disapprove,The Republican Party,Male,White men,Married men,,,South Dakota,Election day exit poll,Before that,Before that,Before that,Before that,Seriously off on the wrong track,Version 1,1.21669614315033,No
79689.0,Susan Wismer,Larry Pressler,65+,60+,65 or over,45+,60+,65+,Non-Black 60+,Latino 60+,Latino 65+,Complete,Call 2,1.0,Postgraduate study,College graduate,More than High school graduate,Non white college degree,Unfavorable,Unfavorable,2.0,Government should do more to solve problems,Did not go far enough,100k or more,"$30,000 or more",50k or more,100 thousand or more,"$100,000-$199,999","$100,000-$199,999","Over $50,000 and non white",Yes,Yes,Worried,Very worried,Disapprove,Somewhat disapprove,45+,65+,Independent/Something else,Non-black non-Democrat,Latino Independent,Independent,Independent Women,All others,,36.0,,,Other,White,State questionnaire,Hispanic/Latino,Hispanic/Latino,Midwest,Disapprove,Does not matter to me,Female,Latino women,Married women,,,South Dakota,Election day exit poll,In the last three days,In the last month,In the last week,In the last three days,Seriously off on the wrong track,Version 1,0.983951508998871,No
3682.0,Susan Wismer,Larry Pressler,30-44,30-59,40-44,18-44,30-44,40-49,Non-Black 30-44,White 30-44,White 30-44,Complete,,1.0,Postgraduate study,College graduate,More than High school graduate,White college degree,Omit,Omit,4.0,Government should do more to solve problems,Went too far,,,,,,,,No,Yes,Worried,Somewhat worried,Disapprove,Strongly disapprove,18-44,18-64,Independent/Something else,Non-black non-Democrat,White Independent,Independent,Independent Women,White Independent,Moderate,,Moderate/Liberal Republicans,Moderate Independents,White,White,State questionnaire,White,White,Midwest,Disapprove,Does not matter to me,Female,White women,Married women,Suburbs,Suburbs,South Dakota,Telephone survey,Before that,Before that,Before that,Before that,Omit,Version 1,0.852335751056671,No
65630.0,Susan Wismer,Larry Pressler,45-65,30-59,50-59,45+,45-59,50-64,Non-Black 45-59,White 45-59,White 45-64,Complete,Call 1,1.0,College graduate,College graduate,More than High school graduate,White college degree,Favorable,Favorable,4.0,Government is doing too many things better left to businesses and individuals,Went too far,Less than 100k,"$30,000 or more",50k or more,50 to 100 thousand,"$50,000-$99,999","$50,000-$99,999","Over $50,000 and white",No,Yes,Not worried,Not too worried,Disapprove,Strongly disapprove,45+,18-64,Independent/Something else,Non-black non-Democrat,White Independent,Independent,Independent Men,White Independent,Conservative,65.0,Moderate/Liberal Republicans,Conservative Independents,White,White,State questionnaire,White,White,Midwest,Disapprove,The Republican Party,Male,White men,Married men,,,South Dakota,Election day exit poll,Before that,In the last month,Before that,In the last month,Seriously off on the wrong track,Version 1,0.853267431259155,No
99316.0,Susan Wismer,Larry Pressler,45-65,30-59,50-59,45+,45-59,50-64,Non-Black 45-59,White 45-59,White 45-64,Complete,Call 3,1.0,Postgraduate study,College graduate,More than High school graduate,White college degree,Favorable,Favorable,3.0,Government is doing too many things better left to businesses and individuals,Went too far,100k or more,"$30,000 or more",50k or more,100 thousand or more,"$100,000-$199,999","$100,000-$199,999","Over $50,000 and white",No,Yes,Not worried,Not too worried,Approve,Somewhat approve,45+,18-64,Independent/Something else,Non-black non-Democrat,White Independent,Independent,Independent Men,White Independent,Moderate,26.0,Moderate/Liberal Republicans,Moderate Independents,White,White,State questionnaire,White,White,Midwest,Disapprove,Does not matter to me,Male,White men,Married men,,,South Dakota,Election day exit poll,Before that,Before that,Before that,Before that,Generally going in the right direction,Version 1,0.952196955680847,No
83465.0,Susan Wismer,Larry Pressler,65+,60+,65 or over,45+,60+,65+,Non-Black 60+,White 60+,White 65+,Complete,Call 2,1.0,Some college/assoc. degree,No college degree,More than High school graduate,White no college degree,Unfavorable,Favorable,4.0,Government is doing too many things better left to businesses and individuals,Went too far,Less than 100k,"Under $30,000",Less than 50k,Less than 50 thousand,"Under $50,000","Under $30,000","Under $50,000 and white",No,Yes,Worried,Somewhat worried,Disapprove,Strongly disapprove,45+,65+,Independent/Something else,Non-black non-Democrat,White Independent,Independent,Independent Men,White Independent,Moderate,65.0,Moderate/Liberal Republicans,Moderate Independents,White,White,State questionnaire,White,White,Midwest,Disapprove,The Republican Party,Male,White men,Married men,,,South Dakota,Election day exit poll,Before that,In the last month,In the last week,In the last week,Seriously off on the wrong track,Version 1,0.857771635055542,Yes
83804.0,Susan Wismer,Larry Pressler,30-44,30-59,30-39,18-44,30-44,30-39,Non-Black 30-44,White 30-44,White 30-44,Complete,Call 2,1.0,High school graduate,No college degree,High school graduate or less,White no college degree,Unfavorable,Favorable,4.0,Government is doing too many things better left to businesses and individuals,Went too far,Less than 100k,"$30,000 or more",50k or more,50 to 100 thousand,"$50,000-$99,999","$50,000-$99,999","Over $50,000 and white",No,Yes,Not worried,Not too worried,Disapprove,Strongly disapprove,18-44,18-64,Independent/Something else,Non-black non-Democrat,White Independent,Independent,Independent Women,White Independent,Liberal,65.0,Moderate/Liberal Republicans,Liberal Independents,White,White,State questionnaire,White,White,Midwest,Omit,The Republican Party,Female,White women,Married women,,,South Dakota,Election day exit poll,In the last three days,In the last month,In the last week,In the last three days,Seriously off on the wrong track,Version 1,0.813535332679749,No
97693.0,Susan Wismer,Larry Pressler,45-65,30-59,50-59,45+,45-59,50-64,Non-Black 45-59,White 45-59,White 45-64,Complete,Call 3,1.0,College graduate,College graduate,More than High school graduate,White college degree,Unfavorable,Favorable,4.0,Government is doing too many things better left to businesses and individuals,Did not go far enough,Less than 100k,"$30,000 or more",50k or more,50 to 100 thousand,"$50,000-$99,999","$50,000-$99,999","Over $50,000 and white",No,Yes,Worried,Somewhat worried,Disapprove,Somewhat disapprove,45+,18-64,Independent/Something else,Non-black non-Democrat,White Independent,Independent,Independent Women,White Independent,Moderate,65.0,Moderate/Liberal Republicans,Moderate Independents,White,White,State questionnaire,White,White,Midwest,Disapprove,The Democratic Party,Female,White women,Married women,,,South Dakota,Election day exit poll,Before that,In the last month,Before that,In the last month,Seriously off on the wrong track,Version 1,0.813535332679749,No
99847.0,Susan Wismer,Larry Pressler,45-65,60+,60-64,45+,60+,50-64,Non-Black 60+,White 60+,White 45-64,Complete,Call 3,1.0,Postgraduate study,College graduate,More than High school graduate,White college degree,Unfavorable,Favorable,3.0,Government is doing too many things better left to businesses and individuals,Went too far,100k or more,"$30,000 or more",50k or more,100 thousand or more,"$100,000-$199,999","$100,000-$199,999","Over $50,000 and white",No,Yes,Not worried,Not too worried,Disapprove,Strongly disapprove,45+,18-64,Republican,Non-black non-Democrat,All Republicans,Republican,Republican Men,White Republican,Conservative,26.0,Independent/Something else,Conservative Republicans,White,White,State questionnaire,White,White,Midwest,Disapprove,The Republican Party,Male,White men,Married men,,,South Dakota,Election day exit poll,Before that,Before that,Before that,Before that,Seriously off on the wrong track,Version 1,0.957223415374756,No
3818.0,Susan Wismer,Larry Pressler,30-44,30-59,40-44,18-44,30-44,40-49,Non-Black 30-44,White 30-44,White 30-44,Complete,,1.0,High school graduate,No college degree,High school graduate or less,White no college degree,Favorable,Unfavorable,2.0,Government is doing too many things better left to businesses and individuals,Was about right,Less than 100k,"$30,000 or more",50k or more,50 to 100 thousand,"$50,000-$99,999","$50,000-$99,999","Over $50,000 and white",No,Yes,Not worried,Not too worried,Disapprove,Somewhat disapprove,18-44,18-64,Democrat,Non-black Democrat,White Democrat,Democrat,Democratic Men,White Democrat,Moderate,,Moderate/Conservative Democrats,Mod/Conserv. Democrats,White,White,State questionnaire,White,White,Midwest,Disapprove,Does not matter to me,Male,White men,Married men,Rural,Small Cities/Rural,South Dakota,Telephone survey,Before that,Before that,Before that,Before that,Seriously off on the wrong track,Version 1,0.977615773677826,No
63400.0,Susan Wismer,Larry Pressler,65+,60+,65 or over,45+,60+,65+,Non-Black 60+,White 60+,White 65+,Complete,Call 1,1.0,High school graduate,No college degree,High school graduate or less,White no college degree,Favorable,Unfavorable,2.0,Government is doing too many things better left to businesses and individuals,Was about right,Less than 100k,"$30,000 or more",Less than 50k,Less than 50 thousand,"Under $50,000","$30,000-$49,999","Under $50,000 and white",No,No,Worried,Somewhat worried,Disapprove,Somewhat disapprove,45+,65+,Independent/Something else,Non-black non-Democrat,White Independent,Independent,Independent Women,White Independent,Moderate,36.0,Moderate/Liberal Republicans,Moderate Independents,White,White,State questionnaire,White,White,Midwest,Disapprove,The Democratic Party,Female,White women,Non married women,,,South Dakota,Election day exit poll,Before that,In the last month,Before that,In the last month,Seriously off on the wrong track,Version 1,0.983951508998871,Yes
63483.0,Susan Wismer,Larry Pressler,30-44,30-59,30-39,18-44,30-44,30-39,Non-Black 30-44,White 30-44,White 30-44,Complete,Call 1,1.0,College graduate,College graduate,More than High school graduate,White college degree,Favorable,Unfavorable,3.0,Government is doing too many things better left to businesses and individuals,Was about right,100k or more,"$30,000 or more",50k or more,100 thousand or more,"$100,000-$199,999","$100,000-$199,999","Over $50,000 and white",No,Yes,Worried,Somewhat worried,Approve,Strongly approve,18-44,18-64,Democrat,Non-black Democrat,White Democrat,Democrat,Democratic Women,White Democrat,Moderate,7.0,Moderate/Conservative Democrats,Mod/Conserv. Democrats,White,White,State questionnaire,White,White,Midwest,Disapprove,The Democratic Party,Female,White women,Married women,,,South Dakota,Election day exit poll,Before that,In the last month,Before that,In the last month,Generally going in the right direction,Version 1,0.846516489982605,No
80212.0,Susan Wismer,Larry Pressler,45-65,30-59,45-49,45+,45-59,40-49,Non-Black 45-59,White 45-59,White 45-64,Complete,Call 2,1.0,Some college/assoc. degree,No college degree,More than High school graduate,White no college degree,Favorable,Unfavorable,3.0,Government is doing too many things better left to businesses and individuals,Was about right,Less than 100k,"$30,000 or more",50k or more,50 to 100 thousand,"$50,000-$99,999","$50,000-$99,999","Over $50,000 and white",No,No,Worried,Very worried,Approve,Somewhat approve,45+,18-64,Independent/Something else,Non-black non-Democrat,White Independent,Independent,Independent Men,White Independent,Liberal,7.0,Moderate/Liberal Republicans,Liberal Independents,White,White,State questionnaire,White,White,Midwest,Disapprove,Does not matter to me,Male,White men,Non married men,,,South Dakota,Election day exit poll,Before that,Before that,Before that,Before that,Seriously off on the wrong track,Version 1,0.887859344482422,No
83236.0,Susan Wismer,Larry Pressler,18-29,18-29,18-24,18-44,18-29,18-24,Non-Black 18-29,All others,All others,Complete,Call 2,1.0,High school graduate,No college degree,High school graduate or less,Non white no college degree,Favorable,Unfavorable,4.0,Government is doing too many things better left to businesses and individuals,Was about right,Less than 100k,"$30,000 or more",Less than 50k,Less than 50 thousand,"Under $50,000","$30,000-$49,999","Under $50,000 and non white",No,No,Not worried,Not too worried,Approve,Somewhat approve,18-44,18-64,Democrat,Non-black Democrat,All Other,Democrat,Democratic Men,Non-White Democrats,Moderate,65.0,Moderate/Conservative Democrats,Mod/Conserv. Democrats,Other,American Indian,State questionnaire,Other,American Indian,Midwest,Disapprove,The Democratic Party,Male,All other races,Non married men,,,South Dakota,Election day exit poll,In the last three days,In the last month,In the last week,In the last three days,Generally going in the right direction,Version 1,1.20573353767395,No
96615.0,Susan Wismer,Larry Pressler,45-65,30-59,50-59,45+,45-59,50-64,Non-Black 45-59,White 45-59,White 45-64,Complete,Call 3,1.0,Some college/assoc. degree,No college degree,More than High school graduate,White no college degree,Favorable,Unfavorable,1.0,Government is doing too many things better left to businesses and individuals,Was about right,100k or more,"$30,000 or more",50k or more,100 thousand or more,"$100,000-$199,999","$100,000-$199,999","Over $50,000 and white",No,Yes,Worried,Somewhat worried,Approve,Somewhat approve,45+,18-64,Democrat,Non-black Democrat,White Democrat,Democrat,Democratic Women,White Democrat,Moderate,56.0,Moderate/Conservative Democrats,Mod/Conserv. Democrats,White,White,State questionnaire,White,White,Midwest,Disapprove,The Democratic Party,Female,White women,Married women,,,South Dakota,Election day exit poll,In the last three days,In the last month,In the last week,In the last three days,Seriously off on the wrong track,Version 1,1.03047204017639,No
97604.0,Susan Wismer,Larry Pressler,65+,60+,65 or over,45+,60+,65+,Non-Black 60+,White 60+,White 65+,Complete,Call 3,1.0,Some college/assoc. degree,No college degree,More than High school graduate,White no college degree,Favorable,Unfavorable,3.0,Government is doing too many things better left to businesses and individuals,Was about right,100k or more,"$30,000 or more",50k or more,100 thousand or more,"$100,000-$199,999","$100,000-$199,999","Over $50,000 and white",No,Yes,Not worried,Not too worried,Approve,Somewhat approve,45+,65+,Democrat,Non-black Democrat,White Democrat,Democrat,Democratic Men,White Democrat,Moderate,7.0,Moderate/Conservative Democrats,Mod/Conserv. Democrats,White,White,State questionnaire,White,White,Midwest,Disapprove,The Democratic Party,Male,White men,Married men,,,South Dakota,Election day exit poll,In the last three days,In the last month,In the last week,In the last three days,Generally going in the right direction,Version 1,0.8925461769104,No
3675.0,Susan Wismer,Larry Pressler,18-29,18-29,18-24,18-44,18-29,18-24,Non-Black 18-29,Latino 18-29,Latino 18-29,Complete,,1.0,High school graduate,No college degree,High school graduate or less,Non white no college degree,Unfavorable,Unfavorable,4.0,Government is doing too many things better left to businesses and individuals,Did not go far enough,Less than 100k,"Under $30,000",Less than 50k,Less than 50 thousand,"Under $50,000","Under $30,000","Under $50,000 and non white",Yes,No,Worried,Somewhat worried,Approve,Strongly approve,18-44,18-64,Democrat,Non-black Democrat,Latino Democrat,Democrat,Democratic Women,Non-White Democrats,Moderate,,Moderate/Conservative Democrats,Mod/Conserv. Democrats,Other,American Indian,State questionnaire,Hispanic/Latino,Hispanic/Latino,Midwest,Disapprove,The Democratic Party,Female,Latino women,Non married women,Rural,Small Cities/Rural,South Dakota,Telephone survey,Before that,In the last month,In the last week,In the last week,Seriously off on the wrong track,Version 1,3.84110116958618,No
3718.0,Susan Wismer,Larry Pressler,45-65,30-59,50-59,45+,45-59,50-64,Non-Black 45-59,White 45-59,White 45-64,Complete,,1.0,College graduate,College graduate,More than High school graduate,White college degree,Unfavorable,Unfavorable,2.0,Government is doing too many things better left to businesses and individuals,Was about right,Less than 100k,"Under $30,000",Less than 50k,Less than 50 thousand,"Under $50,000","Under $30,000","Under $50,000 and white",No,No,Worried,Very worried,Disapprove,Strongly disapprove,45+,18-64,Independent/Something else,Non-black non-Democrat,White Independent,Independent,Independent Men,White Independent,Conservative,,Moderate/Liberal Republicans,Conservative Independents,White,White,State questionnaire,White,White,Midwest,Disapprove,Does not matter to me,Male,White men,Non married men,Rural,Small Cities/Rural,South Dakota,Telephone survey,Before that,In the last month,Before that,In the last month,Seriously off on the wrong track,Version 1,0.244349658489227,No
3773.0,Susan Wismer,Larry Pressler,65+,60+,65 or over,45+,60+,65+,Non-Black 60+,White 60+,White 65+,Complete,,1.0,College graduate,College graduate,More than High school graduate,White college degree,Unfavorable,Unfavorable,3.0,Government is doing too many things better left to businesses and individuals,Omit,Less than 100k,"Under $30,000",Less than 50k,Less than 50 thousand,"Under $50,000","Under $30,000","Under $50,000 and white",No,No,Worried,Somewhat worried,Disapprove,Somewhat disapprove,45+,65+,Republican,Non-black non-Democrat,All Republicans,Republican,Republican Women,White Republican,Conservative,,Independent/Something else,Conservative Republicans,White,White,State questionnaire,White,White,Midwest,Omit,The Republican Party,Female,White women,Non married women,Rural,Small Cities/Rural,South Dakota,Telephone survey,Before that,In the last month,Before that,In the last month,Seriously off on the wrong track,Version 1,0.105116747319698,No
3797.0,Susan Wismer,Larry Pressler,65+,60+,65 or over,45+,60+,65+,Non-Black 60+,White 60+,White 65+,Complete,,1.0,College graduate,College graduate,More than High school graduate,White college degree,Unfavorable,Unfavorable,3.0,Government is doing too many things better left to businesses and individuals,Did not go far enough,Less than 100k,"$30,000 or more",Less than 50k,Less than 50 thousand,"Under $50,000","$30,000-$49,999","Under $50,000 and white",No,Yes,Worried,Very worried,Approve,Somewhat approve,45+,65+,Independent/Something else,Non-black non-Democrat,White Independent,Independent,Independent Women,White Independent,Moderate,,Moderate/Liberal Republicans,Moderate Independents,White,White,State questionnaire,White,White,Midwest,Omit,The Democratic Party,Female,White women,Married women,Rural,Small Cities/Rural,South Dakota,Telephone survey,Before that,In the last month,Before that,In the last month,Seriously off on the wrong track,Version 1,0.210233494639397,No
79727.0,Susan Wismer,Larry Pressler,18-29,18-29,25-29,18-44,18-29,25-29,Non-Black 18-29,White 18-29,White 18-29,Complete,Call 2,1.0,Some college/assoc. degree,No college degree,More than High school graduate,White no college degree,Unfavorable,Unfavorable,3.0,Government is doing too many things better left to businesses and individuals,Went too far,Less than 100k,"$30,000 or more",Less than 50k,Less than 50 thousand,"Under $50,000","$30,000-$49,999","Under $50,000 and white",No,Yes,Worried,Somewhat worried,Disapprove,Somewhat disapprove,18-44,18-64,Republican,Non-black non-Democrat,All Republicans,Republican,Republican Women,White Republican,Moderate,7.0,Conservative Republicans,Mod./Liberal Republicans,White,White,State questionnaire,White,White,Midwest,Disapprove,The Republican Party,Female,White women,Married women,,,South Dakota,Election day exit poll,Before that,Before that,Before that,Before that,Seriously off on the wrong track,Version 1,1.19619393348694,Yes
3920.0,Susan Wismer,Larry Pressler,65+,60+,65 or over,45+,60+,65+,Non-Black 60+,White 60+,White 65+,Complete,,1.0,Some college/assoc. degree,No college degree,More than High school graduate,White no college degree,Favorable,Unfavorable,4.0,Omit,Was about right,Less than 100k,"$30,000 or more",Less than 50k,Less than 50 thousand,"Under $50,000","$30,000-$49,999","Under $50,000 and white",No,Yes,Not worried,Not too worried,Approve,Somewhat approve,45+,65+,Independent/Something else,Non-black non-Democrat,White Independent,Independent,Independent Men,White Independent,Moderate,,Moderate/Liberal Republicans,Moderate Independents,White,White,State questionnaire,White,White,Midwest,Disapprove,The Democratic Party,Male,White men,Married men,"Cities 50,000-500,000","Cities over 50,000",South Dakota,Telephone survey,Before that,In the last month,Before that,In the last month,Seriously off on the wrong track,Version 1,0.362734884023666,Yes
80731.0,Susan Wismer,Larry Pressler,65+,60+,65 or over,45+,60+,65+,Non-Black 60+,White 60+,White 65+,Complete,Call 2,1.0,Postgraduate study,College graduate,More than High school graduate,White college degree,Unfavorable,Unfavorable,3.0,Omit,Went too far,Less than 100k,"$30,000 or more",Less than 50k,Less than 50 thousand,"Under $50,000","$30,000-$49,999","Under $50,000 and white",,No,Worried,Somewhat worried,Approve,Somewhat approve,45+,65+,Independent/Something else,Non-black non-Democrat,White Independent,Independent,Independent Women,White Independent,Moderate,7.0,Moderate/Liberal Republicans,Moderate Independents,White,White,State questionnaire,White,White,Midwest,Disapprove,The Democratic Party,Female,White women,Non married women,,,South Dakota,Election day exit poll,Omit,Omit,Omit,Omit,Seriously off on the wrong track,Version 1,0.850985109806061,No
8935.0,Dennis Daugaard,Larry Pressler,65+,60+,65 or over,45+,60+,65+,Non-Black 60+,White 60+,White 65+,Complete,,1.0,Some college/assoc. degree,No college degree,More than High school graduate,White no college degree,,,2.0,,,,,,,,,,,,,,,,45+,65+,Republican,Non-black non-Democrat,All Republicans,Republican,Republican Women,White Republican,Moderate,,Conservative Republicans,Mod./Liberal Republicans,White,White,National questionnaire,White,White,Midwest,,,Female,White women,,"Cities 50,000-500,000","Cities over 50,000",South Dakota,Telephone survey,,,,,,Version 5,0.271929919719696,
59838.0,Dennis Daugaard,Larry Pressler,65+,60+,65 or over,45+,60+,65+,Non-Black 60+,White 60+,White 65+,Complete,Call 1,1.0,Some college/assoc. degree,No college degree,More than High school graduate,White no college degree,,,3.0,,Went too far,Less than 100k,"Under $30,000",Less than 50k,Less than 50 thousand,"Under $50,000","Under $30,000","Under $50,000 and white",,Yes,,,,,45+,65+,Democrat,Non-black Democrat,White Democrat,Democrat,Democratic Men,White Democrat,Moderate,9.0,Moderate/Conservative Democrats,Mod/Conserv. Democrats,White,White,National questionnaire,White,White,Midwest,,,Male,White men,Married men,Rural,Small Cities/Rural,South Dakota,Election day exit poll,,,,,,Version 2,0.835343837738037,Yes
60528.0,Dennis Daugaard,Larry Pressler,65+,60+,65 or over,45+,60+,65+,Non-Black 60+,Latino 60+,Latino 65+,Complete,Call 1,1.0,Some college/assoc. degree,No college degree,More than High school graduate,Non white no college degree,,,3.0,,,Less than 100k,"Under $30,000",Less than 50k,Less than 50 thousand,"Under $50,000","Under $30,000","Under $50,000 and non white",Yes,,Worried,Very worried,Disapprove,Strongly disapprove,45+,65+,Democrat,Non-black Democrat,Latino Democrat,Democrat,Democratic Men,Non-White Democrats,Moderate,9.0,Moderate/Conservative Democrats,Mod/Conserv. Democrats,Other,White,National questionnaire,Hispanic/Latino,Hispanic/Latino,Midwest,,,Male,Latino men,,Rural,Small Cities/Rural,South Dakota,Election day exit poll,,,,,,Version 1,0.835343837738037,No
60697.0,Dennis Daugaard,Larry Pressler,65+,60+,65 or over,45+,60+,65+,Non-Black 60+,White 60+,White 65+,Complete,Call 1,1.0,High school graduate,No college degree,High school graduate or less,White no college degree,,,3.0,,,Less than 100k,"$30,000 or more",50k or more,50 to 100 thousand,"$50,000-$99,999","$50,000-$99,999","Over $50,000 and white",No,,,,,,45+,65+,Independent/Something else,Non-black non-Democrat,White Independent,Independent,Independent Men,White Independent,Conservative,9.0,Moderate/Liberal Republicans,Conservative Independents,White,White,National questionnaire,White,White,Midwest,,,Male,White men,,Rural,Small Cities/Rural,South Dakota,Election day exit poll,,,,,,Version 5,0.835343837738037,No
61042.0,Dennis Daugaard,Larry Pressler,45-65,60+,60-64,45+,60+,50-64,Non-Black 60+,White 60+,White 45-64,Complete,Call 1,1.0,College graduate,College graduate,More than High school graduate,White college degree,,,3.0,,Went too far,Less than 100k,"$30,000 or more",50k or more,50 to 100 thousand,"$50,000-$99,999","$50,000-$99,999","Over $50,000 and white",No,Yes,,,,,45+,18-64,Democrat,Non-black Democrat,White Democrat,Democrat,Democratic Men,White Democrat,Conservative,9.0,Moderate/Conservative Democrats,Mod/Conserv. Democrats,White,White,National questionnaire,White,White,Midwest,,,Male,White men,Married men,Rural,Small Cities/Rural,South Dakota,Election day exit poll,,,,,,Version 2,0.835343837738037,No
61127.0,Dennis Daugaard,Larry Pressler,18-29,18-29,18-24,18-44,18-29,18-24,Non-Black 18-29,White 18-29,White 18-29,Complete,Call 1,1.0,High school graduate,No college degree,High school graduate or less,White no college degree,,,3.0,,,Less than 100k,"Under $30,000",Less than 50k,Less than 50 thousand,"Under $50,000","Under $30,000","Under $50,000 and white",No,,Worried,Very worried,Disapprove,Somewhat disapprove,18-44,18-64,Democrat,Non-black Democrat,White Democrat,Democrat,Democratic Men,White Democrat,Moderate,9.0,Moderate/Conservative Democrats,Mod/Conserv. Democrats,White,White,National questionnaire,White,White,Midwest,,,Male,White men,,Rural,Small Cities/Rural,South Dakota,Election day exit poll,,,,,,Version 1,1.17420768737793,Yes
78533.0,Dennis Daugaard,Larry Pressler,45-65,60+,60-64,45+,60+,50-64,Non-Black 60+,White 60+,White 45-64,Complete,Call 2,1.0,High school graduate,No college degree,High school graduate or less,White no college degree,,,3.0,,,Less than 100k,"$30,000 or more",Less than 50k,Less than 50 thousand,"Under $50,000","$30,000-$49,999","Under $50,000 and white",No,,Worried,Somewhat worried,Disapprove,Somewhat disapprove,45+,18-64,Democrat,Non-black Democrat,White Democrat,Democrat,Democratic Women,White Democrat,Moderate,9.0,Moderate/Conservative Democrats,Mod/Conserv. Democrats,White,White,National questionnaire,White,White,Midwest,,,Female,White women,,Rural,Small Cities/Rural,South Dakota,Election day exit poll,,,,,,Version 1,0.79644638299942,Yes
79103.0,Dennis Daugaard,Larry Pressler,18-29,18-29,18-24,18-44,18-29,18-24,Non-Black 18-29,White 18-29,White 18-29,Complete,Call 2,1.0,High school graduate,No college degree,High school graduate or less,White no college degree,,,3.0,,,Less than 100k,"Under $30,000",Less than 50k,Less than 50 thousand,"Under $50,000","Under $30,000","Under $50,000 and white",No,No,,,,,18-44,18-64,Independent/Something else,Non-black non-Democrat,White Independent,Independent,Independent Women,White Independent,Moderate,9.0,Moderate/Liberal Republicans,Moderate Independents,White,White,National questionnaire,White,White,Midwest,,,Female,White women,Non married women,Rural,Small Cities/Rural,South Dakota,Election day exit poll,,,,,,Version 3,1.11953115463257,Yes
79873.0,Dennis Daugaard,Larry Pressler,65+,60+,65 or over,45+,60+,65+,Non-Black 60+,White 60+,White 65+,Complete,Call 2,1.0,High school graduate,No college degree,High school graduate or less,White no college degree,,,3.0,,,100k or more,"$30,000 or more",50k or more,100 thousand or more,"$100,000-$199,999","$100,000-$199,999","Over $50,000 and white",No,,,,,,45+,65+,Independent/Something else,Non-black non-Democrat,White Independent,Independent,Independent Men,White Independent,Conservative,9.0,Moderate/Liberal Republicans,Conservative Independents,White,White,National questionnaire,White,White,Midwest,,,Male,White men,,Rural,Small Cities/Rural,South Dakota,Election day exit poll,,,,,,Version 5,0.835343837738037,No
80148.0,Dennis Daugaard,Larry Pressler,45-65,30-59,50-59,45+,45-59,50-64,Non-Black 45-59,White 45-59,White 45-64,Complete,Call 2,1.0,High school graduate,No college degree,High school graduate or less,White no college degree,,,3.0,,,Less than 100k,"$30,000 or more",50k or more,50 to 100 thousand,"$50,000-$99,999","$50,000-$99,999","Over $50,000 and white",No,,Worried,Very worried,Disapprove,Somewhat disapprove,45+,18-64,Democrat,Non-black Democrat,White Democrat,Democrat,Democratic Women,White Democrat,Liberal,9.0,Liberal Democrats,Liberal Democrats,White,White,National questionnaire,White,White,Midwest,,,Female,White women,,Rural,Small Cities/Rural,South Dakota,Election day exit poll,,,,,,Version 1,0.79226416349411,No
80262.0,Dennis Daugaard,Larry Pressler,45-65,30-59,50-59,45+,45-59,50-64,Non-Black 45-59,White 45-59,White 45-64,Complete,Call 2,1.0,Some college/assoc. degree,No college degree,More than High school graduate,White no college degree,,,3.0,,Was about right,Less than 100k,"$30,000 or more",Less than 50k,Less than 50 thousand,"Under $50,000","$30,000-$49,999","Under $50,000 and white",No,Yes,,,,,45+,18-64,Democrat,Non-black Democrat,White Democrat,Democrat,Democratic Women,White Democrat,Moderate,9.0,Moderate/Conservative Democrats,Mod/Conserv. Democrats,White,White,National questionnaire,White,White,Midwest,,,Female,White women,Married women,Rural,Small Cities/Rural,South Dakota,Election day exit poll,,,,,,Version 2,0.79226416349411,Yes
96084.0,Dennis Daugaard,Larry Pressler,45-65,30-59,50-59,45+,45-59,50-64,Non-Black 45-59,White 45-59,White 45-64,Complete,Call 3,1.0,College graduate,College graduate,More than High school graduate,White college degree,,,3.0,,,Less than 100k,"$30,000 or more",50k or more,50 to 100 thousand,"$50,000-$99,999","$50,000-$99,999","Over $50,000 and white",No,Yes,,,,,45+,18-64,Democrat,Non-black Democrat,White Democrat,Democrat,Democratic Men,White Democrat,Moderate,9.0,Moderate/Conservative Democrats,Mod/Conserv. Democrats,White,White,National questionnaire,White,White,Midwest,,,Male,White men,Married men,Rural,Small Cities/Rural,South Dakota,Election day exit poll,,,,,,Version 3,0.830957353115082,No
96405.0,Dennis Daugaard,Larry Pressler,18-29,18-29,25-29,18-44,18-29,25-29,Non-Black 18-29,White 18-29,White 18-29,Complete,Call 3,1.0,High school graduate,No college degree,High school graduate or less,White no college degree,,,3.0,,,Less than 100k,"Under $30,000",Less than 50k,Less than 50 thousand,"Under $50,000","Under $30,000","Under $50,000 and white",No,,,,,,18-44,18-64,Republican,Non-black non-Democrat,All Republicans,Republican,Republican Men,White Republican,Moderate,9.0,Conservative Republicans,Mod./Liberal Republicans,White,White,National questionnaire,White,White,Midwest,,,Male,White men,,Rural,Small Cities/Rural,South Dakota,Election day exit poll,,,,,,Version 5,1.17420768737793,Yes
96485.0,Dennis Daugaard,Larry Pressler,45-65,60+,60-64,45+,60+,50-64,Non-Black 60+,White 60+,White 45-64,Complete,Call 3,1.0,High school graduate,No college degree,High school graduate or less,White no college degree,,,3.0,,,Less than 100k,"$30,000 or more",Less than 50k,Less than 50 thousand,"Under $50,000","$30,000-$49,999","Under $50,000 and white",No,,Worried,Somewhat worried,Disapprove,Strongly disapprove,45+,18-64,Democrat,Non-black Democrat,White Democrat,Democrat,Democratic Men,White Democrat,Conservative,9.0,Moderate/Conservative Democrats,Mod/Conserv. Democrats,White,White,National questionnaire,White,White,Midwest,,,Male,White men,,Rural,Small Cities/Rural,South Dakota,Election day exit poll,,,,,,Version 1,0.835343837738037,Yes
97085.0,Dennis Daugaard,Larry Pressler,45-65,30-59,50-59,45+,45-59,50-64,Non-Black 45-59,White 45-59,White 45-64,Complete,Call 3,1.0,No high school diploma,No college degree,High school graduate or less,White no college degree,,,3.0,,,Less than 100k,"$30,000 or more",Less than 50k,Less than 50 thousand,"Under $50,000","$30,000-$49,999","Under $50,000 and white",,Yes,,,,,45+,18-64,Democrat,Non-black Democrat,White Democrat,Democrat,Democratic Men,White Democrat,Moderate,9.0,Moderate/Conservative Democrats,Mod/Conserv. Democrats,White,White,National questionnaire,White,White,Midwest,,,Male,White men,Married men,Rural,Small Cities/Rural,South Dakota,Election day exit poll,,,,,,Version 3,0.830957353115082,Yes
98066.0,Dennis Daugaard,Larry Pressler,45-65,60+,60-64,45+,60+,50-64,Non-Black 60+,White 60+,White 45-64,Complete,Call 3,1.0,High school graduate,No college degree,High school graduate or less,White no college degree,,,3.0,,Went too far,Less than 100k,"$30,000 or more",Less than 50k,Less than 50 thousand,"Under $50,000","$30,000-$49,999","Under $50,000 and white",,Yes,,,,,45+,18-64,Independent/Something else,Non-black non-Democrat,White Independent,Independent,Independent Men,White Independent,Moderate,9.0,Moderate/Liberal Republicans,Moderate Independents,White,White,National questionnaire,White,White,Midwest,,,Male,White men,Married men,Rural,Small Cities/Rural,South Dakota,Election day exit poll,,,,,,Version 2,0.835343837738037,Yes
3854.0,Dennis Daugaard,Larry Pressler,45-65,30-59,45-49,45+,45-59,40-49,Non-Black 45-59,White 45-59,White 45-64,Complete,,1.0,High school graduate,No college degree,High school graduate or less,White no college degree,Favorable,Favorable,1.0,Government should do more to solve problems,Omit,Less than 100k,"$30,000 or more",Less than 50k,Less than 50 thousand,"Under $50,000","$30,000-$49,999","Under $50,000 and white",No,Yes,Not worried,Not too worried,Approve,Somewhat approve,45+,18-64,Democrat,Non-black Democrat,White Democrat,Democrat,Democratic Women,White Democrat,,,,,White,White,State questionnaire,White,White,Midwest,Approve,The Democratic Party,Female,White women,Married women,"Cities 50,000-500,000","Cities over 50,000",South Dakota,Telephone survey,Before that,In the last month,Before that,In the last month,Generally going in the right direction,Version 1,1.67227268218994,Yes
64927.0,Dennis Daugaard,Larry Pressler,30-44,30-59,30-39,18-44,30-44,30-39,Non-Black 30-44,All others,All others,Complete,Call 1,1.0,Postgraduate study,College graduate,More than High school graduate,Non white college degree,Favorable,Favorable,3.0,Government should do more to solve problems,Was about right,Less than 100k,"$30,000 or more",50k or more,50 to 100 thousand,"$50,000-$99,999","$50,000-$99,999","Over $50,000 and non white",No,No,Worried,Somewhat worried,Approve,Somewhat approve,18-44,18-64,Democrat,Non-black Democrat,All Other,Democrat,Democratic Men,Non-White Democrats,Moderate,7.0,Moderate/Conservative Democrats,Mod/Conserv. Democrats,Other,American Indian,State questionnaire,Other,American Indian,Midwest,Disapprove,The Democratic Party,Male,All other races,Non married men,,,South Dakota,Election day exit poll,Before that,In the last month,In the last week,In the last week,Generally going in the right direction,Version 1,1.16343700885773,No
80888.0,Dennis Daugaard,Larry Pressler,30-44,30-59,30-39,18-44,30-44,30-39,Non-Black 30-44,White 30-44,White 30-44,Complete,Call 2,1.0,Postgraduate study,College graduate,More than High school graduate,White college degree,Favorable,Favorable,2.0,Government should do more to solve problems,Did not go far enough,100k or more,"$30,000 or more",50k or more,100 thousand or more,"$100,000-$199,999","$100,000-$199,999","Over $50,000 and white",No,Yes,Worried,Somewhat worried,Disapprove,Somewhat disapprove,18-44,18-64,Independent/Something else,Non-black non-Democrat,White Independent,Independent,Independent Women,White Independent,Moderate,36.0,Moderate/Liberal Republicans,Moderate Independents,White,White,State questionnaire,White,White,Midwest,Disapprove,Does not matter to me,Female,White women,Married women,,,South Dakota,Election day exit poll,Before that,In the last month,In the last week,In the last week,Generally going in the right direction,Version 1,1.28258419036865,No
98745.0,Dennis Daugaard,Larry Pressler,45-65,30-59,45-49,45+,45-59,40-49,Non-Black 45-59,All others,All others,Complete,Call 3,1.0,College graduate,College graduate,More than High school graduate,Non white college degree,Favorable,Favorable,4.0,Government should do more to solve problems,Was about right,Less than 100k,"Under $30,000",Less than 50k,Less than 50 thousand,"Under $50,000","Under $30,000","Under $50,000 and non white",No,Yes,Not worried,Not too worried,Approve,Somewhat approve,45+,18-64,Republican,Non-black non-Democrat,All Republicans,Republican,Republican Men,All others,Moderate,65.0,Conservative Republicans,Mod./Liberal Republicans,Other,American Indian,State questionnaire,Other,American Indian,Midwest,Disapprove,The Democratic Party,Male,All other races,Married men,,,South Dakota,Election day exit poll,Before that,In the last month,Before that,In the last month,Generally going in the right direction,Version 1,1.11810827255249,No
65518.0,Dennis Daugaard,Larry Pressler,45-65,30-59,50-59,45+,45-59,50-64,Non-Black 45-59,White 45-59,White 45-64,Complete,Call 1,1.0,High school graduate,No college degree,High school graduate or less,White no college degree,Unfavorable,Favorable,4.0,Government should do more to solve problems,Went too far,Less than 100k,"$30,000 or more",50k or more,50 to 100 thousand,"$50,000-$99,999","$50,000-$99,999","Over $50,000 and white",No,,Worried,Somewhat worried,Disapprove,Strongly disapprove,45+,18-64,Independent/Something else,Non-black non-Democrat,White Independent,Independent,Independent Women,White Independent,Moderate,65.0,Moderate/Liberal Republicans,Moderate Independents,White,White,State questionnaire,White,White,Midwest,Approve,The Republican Party,Female,White women,,,,South Dakota,Election day exit poll,Before that,In the last month,Before that,In the last month,Seriously off on the wrong track,Version 1,1.06604397296906,No
3703.0,Dennis Daugaard,Larry Pressler,45-65,30-59,45-49,45+,45-59,40-49,Non-Black 45-59,White 45-59,White 45-64,Complete,,1.0,College graduate,College graduate,More than High school graduate,White college degree,Favorable,Unfavorable,3.0,Government should do more to solve problems,Did not go far enough,Less than 100k,"$30,000 or more",50k or more,50 to 100 thousand,"$50,000-$99,999","$50,000-$99,999","Over $50,000 and white",No,Yes,Not worried,Not at all worried,Approve,Somewhat approve,45+,18-64,Independent/Something else,Non-black non-Democrat,White Independent,Something else,Independent Women,White Independent,Moderate,,Moderate/Liberal Republicans,Moderate Independents,White,White,State questionnaire,White,White,Midwest,Approve,The Democratic Party,Female,White women,Married women,Rural,Small Cities/Rural,South Dakota,Telephone survey,Before that,Before that,Before that,Before that,Generally going in the right direction,Version 1,1.17132878303528,No
3834.0,Dennis Daugaard,Larry Pressler,45-65,30-59,50-59,45+,45-59,50-64,Non-Black 45-59,White 45-59,White 45-64,Complete,,1.0,Postgraduate study,College graduate,More than High school graduate,White college degree,Favorable,Unfavorable,3.0,Government should do more to solve problems,Was about right,100k or more,"$30,000 or more",50k or more,100 thousand or more,"$100,000-$199,999","$100,000-$199,999","Over $50,000 and white",No,Yes,Not worried,Not at all worried,Approve,Strongly approve,45+,18-64,Republican,Non-black non-Democrat,All Republicans,Republican,Republican Men,White Republican,Moderate,,Conservative Republicans,Mod./Liberal Republicans,White,White,State questionnaire,White,White,Midwest,Disapprove,The Democratic Party,Male,White men,Married men,Rural,Small Cities/Rural,South Dakota,Telephone survey,Before that,In the last month,Before that,In the last month,Generally going in the right direction,Version 1,0.589076519012451,No
60163.0,Dennis Daugaard,Larry Pressler,45-65,60+,60-64,45+,60+,50-64,Non-Black 60+,White 60+,White 45-64,Complete,Call 1,1.0,Some college/assoc. degree,No college degree,More than High school graduate,White no college degree,Favorable,Unfavorable,1.0,Government should do more to solve problems,Was about right,Less than 100k,"$30,000 or more",50k or more,50 to 100 thousand,"$50,000-$99,999","$50,000-$99,999","Over $50,000 and white",No,Yes,Worried,Somewhat worried,Approve,Strongly approve,45+,18-64,Democrat,Non-black Democrat,White Democrat,Democrat,Democratic Women,White Democrat,Moderate,56.0,Moderate/Conservative Democrats,Mod/Conserv. Democrats,White,White,State questionnaire,White,White,Midwest,Disapprove,The Democratic Party,Female,White women,Married women,,,South Dakota,Election day exit poll,Before that,In the last month,In the last week,In the last week,Generally going in the right direction,Version 1,1.35744249820709,No
60222.0,Dennis Daugaard,Larry Pressler,45-65,30-59,50-59,45+,45-59,50-64,Non-Black 45-59,White 45-59,White 45-64,Complete,Call 1,1.0,,,,,Favorable,Unfavorable,1.0,Government should do more to solve problems,Was about right,100k or more,"$30,000 or more",50k or more,100 thousand or more,"$200,000 or more","$200,000 or more","Over $50,000 and white",No,Yes,Not worried,Not too worried,Approve,Somewhat approve,45+,18-64,Democrat,Non-black Democrat,White Democrat,Democrat,Democratic Men,White Democrat,Moderate,56.0,Moderate/Conservative Democrats,Mod/Conserv. Democrats,White,White,State questionnaire,White,White,Midwest,Disapprove,The Democratic Party,Male,White men,Married men,,,South Dakota,Election day exit poll,In the last three days,In the last month,In the last week,In the last three days,Generally going in the right direction,Version 1,1.41626214981079,No
65708.0,Dennis Daugaard,Larry Pressler,45-65,30-59,45-49,45+,45-59,40-49,Non-Black 45-59,White 45-59,White 45-64,Complete,Call 1,1.0,Some college/assoc. degree,No college degree,More than High school graduate,White no college degree,Favorable,Unfavorable,2.0,Government should do more to solve problems,Did not go far enough,Less than 100k,"$30,000 or more",50k or more,50 to 100 thousand,"$50,000-$99,999","$50,000-$99,999","Over $50,000 and white",No,Yes,Not worried,Not too worried,Approve,Somewhat approve,45+,18-64,Democrat,Non-black Democrat,White Democrat,Democrat,Democratic Men,White Democrat,Liberal,5.0,Liberal Democrats,Liberal Democrats,White,White,State questionnaire,White,White,Midwest,Disapprove,The Democratic Party,Male,White men,Married men,,,South Dakota,Election day exit poll,In the last three days,In the last month,In the last week,In the last three days,Generally going in the right direction,Version 1,1.59433948993683,No
80787.0,Dennis Daugaard,Larry Pressler,45-65,30-59,50-59,45+,45-59,50-64,Non-Black 45-59,White 45-59,White 45-64,Complete,Call 2,1.0,High school graduate,No college degree,High school graduate or less,White no college degree,Favorable,Unfavorable,3.0,Government should do more to solve problems,,,,,,,,,No,,,,,,45+,18-64,Democrat,Non-black Democrat,White Democrat,Democrat,Democratic Women,White Democrat,Moderate,9.0,Moderate/Conservative Democrats,Mod/Conserv. Democrats,White,White,National questionnaire,White,White,Midwest,,,Female,White women,,Rural,Small Cities/Rural,South Dakota,Election day exit poll,,,,,Seriously off on the wrong track,Version 4,0.79226416349411,
84221.0,Dennis Daugaard,Larry Pressler,65+,60+,65 or over,45+,60+,65+,Non-Black 60+,White 60+,White 65+,Complete,Call 2,1.0,High school graduate,No college degree,High school graduate or less,White no college degree,Favorable,Unfavorable,4.0,Government should do more to solve problems,Did not go far enough,Less than 100k,"$30,000 or more",Less than 50k,Less than 50 thousand,"Under $50,000","$30,000-$49,999","Under $50,000 and white",No,No,Worried,Somewhat worried,Approve,Somewhat approve,45+,65+,Republican,Non-black non-Democrat,All Republicans,Republican,Republican Women,White Republican,Moderate,65.0,Conservative Republicans,Mod./Liberal Republicans,White,White,State questionnaire,White,White,Midwest,Disapprove,The Democratic Party,Female,White women,Non married women,,,South Dakota,Election day exit poll,Before that,Before that,Before that,Before that,Seriously off on the wrong track,Version 1,1.07167136669159,Yes
96666.0,Dennis Daugaard,Larry Pressler,30-44,30-59,30-39,18-44,30-44,30-39,Non-Black 30-44,White 30-44,White 30-44,Complete,Call 3,1.0,College graduate,College graduate,More than High school graduate,White college degree,Favorable,Unfavorable,1.0,Government should do more to solve problems,Went too far,100k or more,"$30,000 or more",50k or more,100 thousand or more,"$100,000-$199,999","$100,000-$199,999","Over $50,000 and white",No,Yes,Worried,Somewhat worried,Approve,Somewhat approve,18-44,18-64,Democrat,Non-black Democrat,White Democrat,Democrat,Democratic Women,White Democrat,Moderate,56.0,Moderate/Conservative Democrats,Mod/Conserv. Democrats,White,White,State questionnaire,White,White,Midwest,Disapprove,The Democratic Party,Female,White women,Married women,,,South Dakota,Election day exit poll,In the last three days,In the last month,In the last week,In the last three days,Seriously off on the wrong track,Version 1,1.35031449794769,No
98239.0,Dennis Daugaard,Larry Pressler,45-65,30-59,45-49,45+,45-59,40-49,Non-Black 45-59,White 45-59,White 45-64,Complete,Call 3,1.0,College graduate,College graduate,More than High school graduate,White college degree,Favorable,Unfavorable,4.0,Government should do more to solve problems,Did not go far enough,Less than 100k,"Under $30,000",Less than 50k,Less than 50 thousand,"Under $50,000","Under $30,000","Under $50,000 and white",No,No,Worried,Very worried,Disapprove,Strongly disapprove,45+,18-64,Democrat,Non-black Democrat,White Democrat,Democrat,Democratic Women,White Democrat,Moderate,65.0,Moderate/Conservative Democrats,Mod/Conserv. Democrats,White,White,State questionnaire,White,White,Midwest,Disapprove,The Democratic Party,Female,White women,Non married women,,,South Dakota,Election day exit poll,Before that,Before that,Before that,Before that,Seriously off on the wrong track,Version 1,1.06604397296906,No
3708.0,Dennis Daugaard,Larry Pressler,30-44,30-59,30-39,18-44,30-44,30-39,Non-Black 30-44,White 30-44,White 30-44,Complete,,1.0,High school graduate,No college degree,High school graduate or less,White no college degree,Unfavorable,Unfavorable,3.0,Government should do more to solve problems,Went too far,Less than 100k,"$30,000 or more",50k or more,50 to 100 thousand,"$50,000-$99,999","$50,000-$99,999","Over $50,000 and white",No,Yes,Worried,Somewhat worried,Disapprove,Strongly disapprove,18-44,18-64,Democrat,Non-black Democrat,White Democrat,Democrat,Democratic Women,White Democrat,Moderate,,Moderate/Conservative Democrats,Mod/Conserv. Democrats,White,White,State questionnaire,White,White,Midwest,Disapprove,The Democratic Party,Female,White women,Married women,Rural,Small Cities/Rural,South Dakota,Telephone survey,Before that,Before that,Before that,Before that,Generally going in the right direction,Version 1,2.52400422096252,No
3765.0,Dennis Daugaard,Larry Pressler,65+,60+,65 or over,45+,60+,65+,,,,Complete,,1.0,High school graduate,No college degree,High school graduate or less,,Unfavorable,Unfavorable,1.0,Government should do more to solve problems,Went too far,Less than 100k,"Under $30,000",Less than 50k,Less than 50 thousand,"Under $50,000","Under $30,000",,,No,Worried,Very worried,Disapprove,Strongly disapprove,45+,65+,Republican,,,Republican,Republican Women,,Conservative,,Independent/Something else,Conservative Republicans,,,State questionnaire,,,Midwest,Omit,Does not matter to me,Female,,Non married women,"Cities 50,000-500,000","Cities over 50,000",South Dakota,Telephone survey,Before that,In the last month,Before that,In the last month,Seriously off on the wrong track,Version 1,0.112550720572472,
3796.0,Dennis Daugaard,Larry Pressler,65+,60+,65 or over,45+,60+,65+,Non-Black 60+,White 60+,White 65+,Complete,,1.0,Some college/assoc. degree,No college degree,More than High school graduate,White no college degree,Unfavorable,Unfavorable,4.0,Government should do more to solve problems,Went too far,Less than 100k,"$30,000 or more",50k or more,50 to 100 thousand,"$50,000-$99,999","$50,000-$99,999","Over $50,000 and white",No,Yes,Worried,Somewhat worried,Disapprove,Strongly disapprove,45+,65+,Republican,Non-black non-Democrat,All Republicans,Republican,Republican Men,White Republican,Conservative,,Independent/Something else,Conservative Republicans,White,White,State questionnaire,White,White,Midwest,Disapprove,The Republican Party,Male,White men,Married men,Rural,Small Cities/Rural,South Dakota,Telephone survey,Before that,In the last month,Before that,In the last month,Seriously off on the wrong track,Version 1,0.237661048769951,No
3811.0,Dennis Daugaard,Larry Pressler,45-65,30-59,50-59,45+,45-59,50-64,Non-Black 45-59,White 45-59,White 45-64,Complete,,1.0,No high school diploma,No college degree,High school graduate or less,White no college degree,Unfavorable,Unfavorable,1.0,Government should do more to solve problems,Went too far,Less than 100k,"Under $30,000",Less than 50k,Less than 50 thousand,"Under $50,000","Under $30,000","Under $50,000 and white",No,Yes,Not worried,Not at all worried,Approve,Strongly approve,45+,18-64,Independent/Something else,Non-black non-Democrat,White Independent,Independent,Independent Women,White Independent,Conservative,,Moderate/Liberal Republicans,Conservative Independents,White,White,State questionnaire,White,White,Midwest,Approve,The Democratic Party,Female,White women,Married women,Suburbs,Suburbs,South Dakota,Telephone survey,Before that,In the last month,Before that,In the last month,Seriously off on the wrong track,Version 1,0.761855721473694,Yes
60396.0,Dennis Daugaard,Larry Pressler,45-65,30-59,50-59,45+,45-59,50-64,Non-Black 45-59,White 45-59,White 45-64,Complete,Call 1,1.0,Postgraduate study,College graduate,More than High school graduate,White college degree,Unfavorable,Unfavorable,2.0,Government should do more to solve problems,Was about right,100k or more,"$30,000 or more",50k or more,100 thousand or more,"$200,000 or more","$200,000 or more","Over $50,000 and white",No,Yes,Worried,Very worried,Approve,Somewhat approve,45+,18-64,Independent/Something else,Non-black non-Democrat,White Independent,Independent,Independent Women,White Independent,Moderate,82.0,Moderate/Liberal Republicans,Moderate Independents,White,White,State questionnaire,White,White,Midwest,Disapprove,The Democratic Party,Female,White women,Married women,,,South Dakota,Election day exit poll,Before that,In the last month,In the last week,In the last week,Seriously off on the wrong track,Version 1,1.01499390602112,No
81139.0,Dennis Daugaard,Larry Pressler,45-65,30-59,50-59,45+,45-59,50-64,Non-Black 45-59,White 45-59,White 45-64,Complete,Call 2,1.0,Postgraduate study,College graduate,More than High school graduate,White college degree,Unfavorable,Unfavorable,3.0,Government should do more to solve problems,Went too far,Less than 100k,"$30,000 or more",50k or more,50 to 100 thousand,"$50,000-$99,999","$50,000-$99,999","Over $50,000 and white",No,Yes,Worried,Somewhat worried,Disapprove,Somewhat disapprove,45+,18-64,Independent/Something else,Non-black non-Democrat,White Independent,Independent,Independent Men,White Independent,Moderate,26.0,Moderate/Liberal Republicans,Moderate Independents,White,White,State questionnaire,White,White,Midwest,Disapprove,The Republican Party,Male,White men,Married men,,,South Dakota,Election day exit poll,Before that,In the last month,Before that,In the last month,Seriously off on the wrong track,Version 1,1.24774396419525,No
3924.0,Dennis Daugaard,Larry Pressler,45-65,60+,60-64,45+,60+,50-64,Non-Black 60+,White 60+,White 45-64,Complete,,1.0,College graduate,College graduate,More than High school graduate,White college degree,Omit,Omit,4.0,Government should do more to solve problems,Was about right,Less than 100k,"$30,000 or more",Less than 50k,Less than 50 thousand,"Under $50,000","$30,000-$49,999","Under $50,000 and white",No,Yes,Worried,Somewhat worried,Approve,Somewhat approve,45+,18-64,Independent/Something else,Non-black non-Democrat,White Independent,Independent,Independent Women,White Independent,Moderate,,Moderate/Liberal Republicans,Moderate Independents,White,White,State questionnaire,White,White,Midwest,Disapprove,Does not matter to me,Female,White women,Married women,"Cities 50,000-500,000","Cities over 50,000",South Dakota,Telephone survey,Before that,Before that,Before that,Before that,Omit,Version 1,0.347370535135269,No
3866.0,Dennis Daugaard,Larry Pressler,65+,60+,65 or over,45+,60+,65+,Non-Black 60+,White 60+,White 65+,Complete,,1.0,No high school diploma,No college degree,High school graduate or less,White no college degree,Favorable,Favorable,4.0,Government is doing too many things better left to businesses and individuals,Omit,Less than 100k,"Under $30,000",Less than 50k,Less than 50 thousand,"Under $50,000","Under $30,000","Under $50,000 and white",No,Yes,Not worried,Not at all worried,Disapprove,Somewhat disapprove,45+,65+,Democrat,Non-black Democrat,White Democrat,Democrat,Democratic Men,White Democrat,Conservative,,Moderate/Conservative Democrats,Mod/Conserv. Democrats,White,White,State questionnaire,White,White,Midwest,Disapprove,Does not matter to me,Male,White men,Married men,"Cities 50,000-500,000","Cities over 50,000",South Dakota,Telephone survey,Before that,Before that,Before that,Before that,Generally going in the right direction,Version 1,0.237661048769951,Yes
63771.0,Dennis Daugaard,Larry Pressler,30-44,30-59,40-44,18-44,30-44,40-49,Non-Black 30-44,White 30-44,White 30-44,Complete,Call 1,1.0,Some college/assoc. degree,No college degree,More than High school graduate,White no college degree,Favorable,Favorable,3.0,Government is doing too many things better left to businesses and individuals,Went too far,Less than 100k,"$30,000 or more",50k or more,50 to 100 thousand,"$50,000-$99,999","$50,000-$99,999","Over $50,000 and white",No,Yes,Not worried,Not too worried,Approve,Somewhat approve,18-44,18-64,Democrat,Non-black Democrat,White Democrat,Democrat,Democratic Men,White Democrat,Moderate,26.0,Moderate/Conservative Democrats,Mod/Conserv. Democrats,White,White,State questionnaire,White,White,Midwest,Disapprove,The Democratic Party,Male,White men,Married men,,,South Dakota,Election day exit poll,Before that,In the last month,In the last week,In the last week,Generally going in the right direction,Version 1,1.24774396419525,No
97889.0,Dennis Daugaard,Larry Pressler,18-29,18-29,25-29,18-44,18-29,25-29,Non-Black 18-29,White 18-29,White 18-29,Complete,Call 3,1.0,College graduate,College graduate,More than High school graduate,White college degree,Favorable,Favorable,2.0,Government is doing too many things better left to businesses and individuals,Was about right,Less than 100k,"$30,000 or more",50k or more,50 to 100 thousand,"$50,000-$99,999","$50,000-$99,999","Over $50,000 and white",No,No,Worried,Somewhat worried,Approve,Somewhat approve,18-44,18-64,Republican,Non-black non-Democrat,All Republicans,Republican,Republican Women,White Republican,Moderate,36.0,Conservative Republicans,Mod./Liberal Republicans,White,White,State questionnaire,White,White,Midwest,Approve,The Republican Party,Female,White women,Non married women,,,South Dakota,Election day exit poll,Before that,In the last month,Before that,In the last month,Generally going in the right direction,Version 1,1.8123916387558,No
3851.0,Dennis Daugaard,Larry Pressler,30-44,30-59,40-44,18-44,30-44,40-49,Non-Black 30-44,White 30-44,White 30-44,Complete,,1.0,College graduate,College graduate,More than High school graduate,White college degree,Unfavorable,Favorable,4.0,Government is doing too many things better left to businesses and individuals,Went too far,100k or more,"$30,000 or more",50k or more,100 thousand or more,"$200,000 or more","$200,000 or more","Over $50,000 and white",No,Yes,Worried,Very worried,Disapprove,Strongly disapprove,18-44,18-64,Republican,Non-black non-Democrat,All Republicans,Republican,Republican Women,White Republican,Moderate,,Conservative Republicans,Mod./Liberal Republicans,White,White,State questionnaire,White,White,Midwest,Disapprove,Does not matter to me,Female,White women,Married women,Rural,Small Cities/Rural,South Dakota,Telephone survey,Before that,Before that,Before that,Before that,Seriously off on the wrong track,Version 1,1.10313045978546,No
3891.0,Dennis Daugaard,Larry Pressler,45-65,30-59,50-59,45+,45-59,50-64,Non-Black 45-59,White 45-59,White 45-64,Complete,,1.0,Some college/assoc. degree,No college degree,More than High school graduate,White no college degree,Unfavorable,Favorable,3.0,Government is doing too many things better left to businesses and individuals,Went too far,Less than 100k,"$30,000 or more",50k or more,50 to 100 thousand,"$50,000-$99,999","$50,000-$99,999","Over $50,000 and white",No,Yes,Worried,Very worried,Disapprove,Strongly disapprove,45+,18-64,Republican,Non-black non-Democrat,All Republicans,Republican,Republican Women,White Republican,Liberal,,Conservative Republicans,Mod./Liberal Republicans,White,White,State questionnaire,White,White,Midwest,Disapprove,The Republican Party,Female,White women,Married women,Rural,Small Cities/Rural,South Dakota,Telephone survey,Before that,In the last month,Before that,In the last month,Seriously off on the wrong track,Version 1,0.424202412366867,No
3914.0,Dennis Daugaard,Larry Pressler,65+,60+,65 or over,45+,60+,65+,Non-Black 60+,White 60+,White 65+,Complete,,1.0,High school graduate,No college degree,High school graduate or less,White no college degree,Unfavorable,Favorable,3.0,Government is doing too many things better left to businesses and individuals,Went too far,Less than 100k,"$30,000 or more",Less than 50k,Less than 50 thousand,"Under $50,000","$30,000-$49,999","Under $50,000 and white",No,Yes,Worried,Somewhat worried,Disapprove,Somewhat disapprove,45+,65+,Independent/Something else,Non-black non-Democrat,White Independent,Independent,Independent Men,White Independent,Moderate,,Moderate/Liberal Republicans,Moderate Independents,White,White,State questionnaire,White,White,Midwest,Disapprove,Does not matter to me,Male,White men,Married men,Rural,Small Cities/Rural,South Dakota,Telephone survey,Before that,In the last month,Before that,In the last month,Seriously off on the wrong track,Version 1,0.255039811134338,Yes
60933.0,Dennis Daugaard,Larry Pressler,65+,60+,65 or over,45+,60+,65+,Non-Black 60+,White 60+,White 65+,Complete,Call 1,1.0,High school graduate,No college degree,High school graduate or less,White no college degree,Unfavorable,Favorable,2.0,Government is doing too many things better left to businesses and individuals,Went too far,Less than 100k,"$30,000 or more",50k or more,50 to 100 thousand,"$50,000-$99,999","$50,000-$99,999","Over $50,000 and white",No,Yes,Worried,Very worried,Disapprove,Strongly disapprove,45+,65+,Republican,Non-black non-Democrat,All Republicans,Republican,Republican Women,White Republican,Conservative,82.0,Independent/Something else,Conservative Republicans,White,White,State questionnaire,White,White,Midwest,Omit,The Republican Party,Female,White women,Married women,,,South Dakota,Election day exit poll,Before that,Before that,Before that,Before that,Seriously off on the wrong track,Version 1,1.02035188674927,No
79234.0,Dennis Daugaard,Larry Pressler,45-65,30-59,50-59,45+,45-59,50-64,Non-Black 45-59,White 45-59,White 45-64,Complete,Call 2,1.0,Some college/assoc. degree,No college degree,More than High school graduate,White no college degree,Unfavorable,Favorable,3.0,Government is doing too many things better left to businesses and individuals,,Less than 100k,"$30,000 or more",Less than 50k,Less than 50 thousand,"Under $50,000","$30,000-$49,999","Under $50,000 and white",No,,,,,,45+,18-64,Independent/Something else,Non-black non-Democrat,White Independent,Independent,Independent Women,White Independent,Conservative,9.0,Moderate/Liberal Republicans,Conservative Independents,White,White,National questionnaire,White,White,Midwest,,,Female,White women,,Rural,Small Cities/Rural,South Dakota,Election day exit poll,,,,,Seriously off on the wrong track,Version 4,0.79226416349411,Yes
80871.0,Dennis Daugaard,Larry Pressler,45-65,30-59,50-59,45+,45-59,50-64,Non-Black 45-59,White 45-59,White 45-64,Complete,Call 2,1.0,Some college/assoc. degree,No college degree,More than High school graduate,White no college degree,Unfavorable,Favorable,3.0,Government is doing too many things better left to businesses and individuals,Went too far,100k or more,"$30,000 or more",50k or more,100 thousand or more,"$100,000-$199,999","$100,000-$199,999","Over $50,000 and white",No,Yes,Worried,Somewhat worried,Disapprove,Somewhat disapprove,45+,18-64,Republican,Non-black non-Democrat,All Republicans,Republican,Republican Women,White Republican,Conservative,26.0,Independent/Something else,Conservative Republicans,White,White,State questionnaire,White,White,Midwest,Disapprove,The Republican Party,Female,White women,Married women,,,South Dakota,Election day exit poll,Before that,In the last month,Before that,In the last month,Seriously off on the wrong track,Version 1,1.18964326381683,No
82211.0,Dennis Daugaard,Larry Pressler,30-44,30-59,30-39,18-44,30-44,30-39,Non-Black 30-44,White 30-44,White 30-44,Complete,Call 2,1.0,College graduate,College graduate,More than High school graduate,White college degree,Unfavorable,Favorable,2.0,Government is doing too many things better left to businesses and individuals,Went too far,100k or more,"$30,000 or more",50k or more,100 thousand or more,"$100,000-$199,999","$100,000-$199,999","Over $50,000 and white",No,Yes,Worried,Somewhat worried,Disapprove,Strongly disapprove,18-44,18-64,Republican,Non-black non-Democrat,All Republicans,Republican,Republican Women,White Republican,Conservative,5.0,Independent/Something else,Conservative Republicans,White,White,State questionnaire,White,White,Midwest,Omit,The Republican Party,Female,White women,Married women,,,South Dakota,Election day exit poll,In the last three days,In the last month,In the last week,In the last three days,Seriously off on the wrong track,Version 1,1.52009975910187,No
95439.0,Dennis Daugaard,Larry Pressler,45-65,30-59,50-59,45+,45-59,50-64,Non-Black 45-59,White 45-59,White 45-64,Complete,Call 3,1.0,Some college/assoc. degree,No college degree,More than High school graduate,White no college degree,Unfavorable,Favorable,1.0,Government is doing too many things better left to businesses and individuals,Went too far,Less than 100k,"$30,000 or more",50k or more,50 to 100 thousand,"$50,000-$99,999","$50,000-$99,999","Over $50,000 and white",No,Yes,Worried,Very worried,Disapprove,Strongly disapprove,45+,18-64,Republican,Non-black non-Democrat,All Republicans,Republican,Republican Women,White Republican,Conservative,53.0,Independent/Something else,Conservative Republicans,White,White,State questionnaire,White,White,Midwest,Disapprove,The Republican Party,Female,White women,Married women,,,South Dakota,Election day exit poll,Before that,In the last month,Before that,In the last month,Seriously off on the wrong track,Version 1,1.20713806152344,No
96616.0,Dennis Daugaard,Larry Pressler,18-29,18-29,25-29,18-44,18-29,25-29,Non-Black 18-29,White 18-29,White 18-29,Complete,Call 3,1.0,Postgraduate study,College graduate,More than High school graduate,White college degree,Unfavorable,Favorable,2.0,Government is doing too many things better left to businesses and individuals,Went too far,100k or more,"$30,000 or more",50k or more,100 thousand or more,"$100,000-$199,999","$100,000-$199,999","Over $50,000 and white",No,Yes,Worried,Very worried,Disapprove,Strongly disapprove,18-44,18-64,Republican,Non-black non-Democrat,All Republicans,Republican,Republican Women,White Republican,Conservative,36.0,Independent/Something else,Conservative Republicans,White,White,State questionnaire,White,White,Midwest,Disapprove,The Republican Party,Female,White women,Married women,,,South Dakota,Election day exit poll,In the last three days,In the last month,In the last week,In the last three days,Seriously off on the wrong track,Version 1,1.8123916387558,No
98861.0,Dennis Daugaard,Larry Pressler,45-65,30-59,50-59,45+,45-59,50-64,Non-Black 45-59,White 45-59,White 45-64,Complete,Call 3,1.0,Some college/assoc. degree,No college degree,More than High school graduate,White no college degree,Unfavorable,Favorable,3.0,Government is doing too many things better left to businesses and individuals,Omit,Less than 100k,"$30,000 or more",50k or more,50 to 100 thousand,"$50,000-$99,999","$50,000-$99,999","Over $50,000 and white",No,Yes,Worried,Very worried,Approve,Somewhat approve,45+,18-64,Republican,Non-black non-Democrat,All Republicans,Republican,Republican Women,White Republican,Conservative,26.0,Independent/Something else,Conservative Republicans,White,White,State questionnaire,White,White,Midwest,Approve,The Republican Party,Female,White women,Married women,,,South Dakota,Election day exit poll,Before that,In the last month,Before that,In the last month,Seriously off on the wrong track,Version 1,1.18964326381683,No
3676.0,Dennis Daugaard,Larry Pressler,45-65,60+,60-64,45+,60+,50-64,Non-Black 60+,All others,All others,Complete,,1.0,Some college/assoc. degree,No college degree,More than High school graduate,Non white no college degree,Favorable,Unfavorable,4.0,Government is doing too many things better left to businesses and individuals,Did not go far enough,Less than 100k,"$30,000 or more",Less than 50k,Less than 50 thousand,"Under $50,000","$30,000-$49,999","Under $50,000 and non white",No,No,Worried,Very worried,Approve,Somewhat approve,45+,18-64,Democrat,Non-black Democrat,All Other,Democrat,Democratic Women,Non-White Democrats,Conservative,,Moderate/Conservative Democrats,Mod/Conserv. Democrats,Other,American Indian,State questionnaire,Other,American Indian,Midwest,Disapprove,Does not matter to me,Female,All other races,Non married women,Rural,Small Cities/Rural,South Dakota,Telephone survey,Before that,Before that,Before that,Before that,Seriously off on the wrong track,Version 1,0.583824515342712,No
3689.0,Dennis Daugaard,Larry Pressler,45-65,60+,60-64,45+,60+,50-64,Non-Black 60+,White 60+,White 45-64,Complete,,1.0,Some college/assoc. degree,No college degree,More than High school graduate,White no college degree,Favorable,Unfavorable,4.0,Government is doing too many things better left to businesses and individuals,Went too far,Less than 100k,"$30,000 or more",50k or more,50 to 100 thousand,"$50,000-$99,999","$50,000-$99,999","Over $50,000 and white",No,Yes,Not worried,Not too worried,Disapprove,Somewhat disapprove,45+,18-64,Independent/Something else,Non-black non-Democrat,White Independent,Independent,Independent Men,White Independent,Conservative,,Moderate/Liberal Republicans,Conservative Independents,White,White,State questionnaire,White,White,Midwest,Disapprove,The Republican Party,Male,White men,Married men,"Cities 50,000-500,000","Cities over 50,000",South Dakota,Telephone survey,Before that,Before that,Before that,Before that,Seriously off on the wrong track,Version 1,0.428784519433975,No
3729.0,Dennis Daugaard,Larry Pressler,45-65,30-59,50-59,45+,45-59,50-64,Non-Black 45-59,White 45-59,White 45-64,Complete,,1.0,Some college/assoc. degree,No college degree,More than High school graduate,White no college degree,Favorable,Unfavorable,1.0,Government is doing too many things better left to businesses and individuals,Went too far,Less than 100k,"$30,000 or more",50k or more,50 to 100 thousand,"$50,000-$99,999","$50,000-$99,999","Over $50,000 and white",No,Yes,Not worried,Not at all worried,Approve,Somewhat approve,45+,18-64,Independent/Something else,Non-black non-Democrat,White Independent,Independent,Independent Men,White Independent,Liberal,,Moderate/Liberal Republicans,Liberal Independents,White,White,State questionnaire,White,White,Midwest,Approve,The Democratic Party,Male,White men,Married men,"Cities 50,000-500,000","Cities over 50,000",South Dakota,Telephone survey,Before that,Before that,Before that,Before that,Generally going in the right direction,Version 1,0.352655082941055,No
3803.0,Dennis Daugaard,Larry Pressler,45-65,30-59,50-59,45+,45-59,50-64,Non-Black 45-59,White 45-59,White 45-64,Complete,,1.0,College graduate,College graduate,More than High school graduate,White college degree,Favorable,Unfavorable,1.0,Government is doing too many things better left to businesses and individuals,Was about right,,,,,,,,No,Yes,Worried,Somewhat worried,Approve,Somewhat approve,45+,18-64,Republican,Non-black non-Democrat,All Republicans,Republican,Republican Men,White Republican,Moderate,,Conservative Republicans,Mod./Liberal Republicans,White,White,State questionnaire,White,White,Midwest,Disapprove,Does not matter to me,Male,White men,Married men,"Cities 50,000-500,000","Cities over 50,000",South Dakota,Telephone survey,Before that,In the last month,Before that,In the last month,Seriously off on the wrong track,Version 1,0.705310165882111,No
63933.0,Dennis Daugaard,Larry Pressler,30-44,30-59,40-44,18-44,30-44,40-49,Non-Black 30-44,White 30-44,White 30-44,Complete,Call 1,1.0,College graduate,College graduate,More than High school graduate,White college degree,Favorable,Unfavorable,3.0,Government is doing too many things better left to businesses and individuals,Went too far,Less than 100k,"$30,000 or more",50k or more,50 to 100 thousand,"$50,000-$99,999","$50,000-$99,999","Over $50,000 and white",No,Yes,Worried,Somewhat worried,Disapprove,Strongly disapprove,18-44,18-64,Democrat,Non-black Democrat,White Democrat,Democrat,Democratic Men,White Democrat,Moderate,7.0,Moderate/Conservative Democrats,Mod/Conserv. Democrats,White,White,State questionnaire,White,White,Midwest,Disapprove,The Democratic Party,Male,White men,Married men,,,South Dakota,Election day exit poll,Before that,In the last month,In the last week,In the last week,Seriously off on the wrong track,Version 1,1.16343700885773,No
65563.0,Dennis Daugaard,Larry Pressler,45-65,30-59,45-49,45+,45-59,40-49,Non-Black 45-59,All others,All others,Complete,Call 1,1.0,Some college/assoc. degree,No college degree,More than High school graduate,Non white no college degree,Favorable,Unfavorable,4.0,Government is doing too many things better left to businesses and individuals,Went too far,Less than 100k,"$30,000 or more",50k or more,50 to 100 thousand,"$50,000-$99,999","$50,000-$99,999","Over $50,000 and non white",No,Yes,Worried,Very worried,Disapprove,Somewhat disapprove,45+,18-64,Democrat,Non-black Democrat,All Other,Democrat,Democratic Women,Non-White Democrats,Moderate,65.0,Moderate/Conservative Democrats,Mod/Conserv. Democrats,Other,American Indian,State questionnaire,Other,American Indian,Midwest,Approve,Does not matter to me,Female,All other races,Married women,,,South Dakota,Election day exit poll,Before that,Before that,Before that,Before that,Seriously off on the wrong track,Version 1,1.06604397296906,No
80300.0,Dennis Daugaard,Larry Pressler,18-29,18-29,18-24,18-44,18-29,18-24,Non-Black 18-29,White 18-29,White 18-29,Complete,Call 2,1.0,Some college/assoc. degree,No college degree,More than High school graduate,White no college degree,Favorable,Unfavorable,3.0,Government is doing too many things better left to businesses and individuals,Did not go far enough,100k or more,"$30,000 or more",50k or more,100 thousand or more,"$100,000-$199,999","$100,000-$199,999","Over $50,000 and white",No,No,Worried,Somewhat worried,Disapprove,Somewhat disapprove,18-44,18-64,Independent/Something else,Non-black non-Democrat,White Independent,Independent,Independent Men,White Independent,Liberal,7.0,Moderate/Liberal Republicans,Liberal Independents,White,White,State questionnaire,White,White,Midwest,Disapprove,The Democratic Party,Male,White men,Non married men,,,South Dakota,Election day exit poll,Before that,Before that,Before that,Before that,Seriously off on the wrong track,Version 1,1.64402735233307,No
82062.0,Dennis Daugaard,Larry Pressler,30-44,30-59,30-39,18-44,30-44,30-39,Non-Black 30-44,White 30-44,White 30-44,Complete,Call 2,1.0,College graduate,College graduate,More than High school graduate,White college degree,Favorable,Unfavorable,2.0,Government is doing too many things better left to businesses and individuals,Did not go far enough,100k or more,"$30,000 or more",50k or more,100 thousand or more,"$100,000-$199,999","$100,000-$199,999","Over $50,000 and white",No,Yes,Worried,Somewhat worried,Approve,Strongly approve,18-44,18-64,Democrat,Non-black Democrat,White Democrat,Democrat,Democratic Women,White Democrat,Moderate,5.0,Moderate/Conservative Democrats,Mod/Conserv. Democrats,White,White,State questionnaire,White,White,Midwest,Disapprove,The Democratic Party,Female,White women,Married women,,,South Dakota,Election day exit poll,In the last three days,In the last month,In the last week,In the last three days,Generally going in the right direction,Version 1,1.52009975910187,No
98170.0,Dennis Daugaard,Larry Pressler,30-44,30-59,40-44,18-44,30-44,40-49,Non-Black 30-44,All others,All others,Complete,Call 3,1.0,College graduate,College graduate,More than High school graduate,Non white college degree,Favorable,Unfavorable,4.0,Government is doing too many things better left to businesses and individuals,Went too far,Less than 100k,"Under $30,000",Less than 50k,Less than 50 thousand,"Under $50,000","Under $30,000","Under $50,000 and non white",No,Yes,Not worried,Not at all worried,Approve,Somewhat approve,18-44,18-64,Democrat,Non-black Democrat,All Other,Democrat,Democratic Women,Non-White Democrats,Moderate,65.0,Moderate/Conservative Democrats,Mod/Conserv. Democrats,Other,American Indian,State questionnaire,Other,American Indian,Midwest,Disapprove,Does not matter to me,Female,All other races,Married women,,,South Dakota,Election day exit poll,In the last three days,In the last month,In the last week,In the last three days,Generally going in the right direction,Version 1,1.06604397296906,No
3837.0,Dennis Daugaard,Larry Pressler,45-65,30-59,50-59,45+,45-59,50-64,Non-Black 45-59,White 45-59,White 45-64,Complete,,1.0,Some college/assoc. degree,No college degree,More than High school graduate,White no college degree,Unfavorable,Unfavorable,3.0,Government is doing too many things better left to businesses and individuals,Did not go far enough,Less than 100k,"$30,000 or more",50k or more,50 to 100 thousand,"$50,000-$99,999","$50,000-$99,999","Over $50,000 and white",No,Yes,Worried,Somewhat worried,Approve,Somewhat approve,45+,18-64,Democrat,Non-black Democrat,White Democrat,Democrat,Democratic Women,White Democrat,Moderate,,Moderate/Conservative Democrats,Mod/Conserv. Democrats,White,White,State questionnaire,White,White,Midwest,Omit,The Republican Party,Female,White women,Married women,Rural,Small Cities/Rural,South Dakota,Telephone survey,Before that,In the last month,Before that,In the last month,Seriously off on the wrong track,Version 1,0.424202412366867,No
60040.0,Dennis Daugaard,Larry Pressler,45-65,60+,60-64,45+,60+,50-64,Non-Black 60+,White 60+,White 45-64,Complete,Call 1,1.0,College graduate,College graduate,More than High school graduate,White college degree,Unfavorable,Unfavorable,1.0,Government is doing too many things better left to businesses and individuals,Went too far,Less than 100k,"$30,000 or more",50k or more,50 to 100 thousand,"$50,000-$99,999","$50,000-$99,999","Over $50,000 and white",No,Yes,Worried,Very worried,Disapprove,Strongly disapprove,45+,18-64,Republican,Non-black non-Democrat,All Republicans,Republican,Republican Men,White Republican,Conservative,56.0,Independent/Something else,Conservative Republicans,White,White,State questionnaire,White,White,Midwest,Disapprove,Does not matter to me,Male,White men,Married men,,,South Dakota,Election day exit poll,Before that,In the last month,In the last week,In the last week,Seriously off on the wrong track,Version 1,1.42373836040497,No
61758.0,Dennis Daugaard,Larry Pressler,45-65,60+,60-64,45+,60+,50-64,Non-Black 60+,White 60+,White 45-64,Complete,Call 1,1.0,College graduate,College graduate,More than High school graduate,White college degree,Unfavorable,Unfavorable,1.0,Government is doing too many things better left to businesses and individuals,Went too far,100k or more,"$30,000 or more",50k or more,100 thousand or more,"$100,000-$199,999","$100,000-$199,999","Over $50,000 and white",No,Yes,Worried,Somewhat worried,Disapprove,Strongly disapprove,45+,18-64,Republican,Non-black non-Democrat,All Republicans,Republican,Republican Men,White Republican,Conservative,53.0,Independent/Something else,Conservative Republicans,White,White,State questionnaire,White,White,Midwest,Approve,The Republican Party,Male,White men,Married men,,,South Dakota,Election day exit poll,Before that,Before that,Before that,Before that,Seriously off on the wrong track,Version 1,1.27277660369873,No
64664.0,Dennis Daugaard,Larry Pressler,45-65,30-59,45-49,45+,45-59,40-49,Non-Black 45-59,White 45-59,White 45-64,Complete,Call 1,1.0,High school graduate,No college degree,High school graduate or less,White no college degree,Unfavorable,Unfavorable,3.0,Government is doing too many things better left to businesses and individuals,Did not go far enough,Less than 100k,"Under $30,000",Less than 50k,Less than 50 thousand,"Under $50,000","Under $30,000","Under $50,000 and white",No,Yes,Worried,Very worried,Disapprove,Strongly disapprove,45+,18-64,Democrat,Non-black Democrat,White Democrat,Democrat,Democratic Women,White Democrat,Moderate,7.0,Moderate/Conservative Democrats,Mod/Conserv. Democrats,White,White,State questionnaire,White,White,Midwest,Disapprove,Does not matter to me,Female,White women,Married women,,,South Dakota,Election day exit poll,Before that,Before that,Before that,Before that,Seriously off on the wrong track,Version 1,1.10926198959351,Yes
80528.0,Dennis Daugaard,Larry Pressler,45-65,60+,60-64,45+,60+,50-64,Non-Black 60+,White 60+,White 45-64,Complete,Call 2,1.0,High school graduate,No college degree,High school graduate or less,White no college degree,Unfavorable,Unfavorable,2.0,Government is doing too many things better left to businesses and individuals,Was about right,Less than 100k,"$30,000 or more",50k or more,50 to 100 thousand,"$50,000-$99,999","$50,000-$99,999","Over $50,000 and white",No,No,Not worried,Not too worried,Approve,Somewhat approve,45+,18-64,Independent/Something else,Non-black non-Democrat,White Independent,Independent,Independent Men,White Independent,Moderate,82.0,Moderate/Liberal Republicans,Moderate Independents,White,White,State questionnaire,White,White,Midwest,Approve,Does not matter to me,Male,White men,Non married men,,,South Dakota,Election day exit poll,Before that,In the last month,In the last week,In the last week,Seriously off on the wrong track,Version 1,1.07018458843231,No
81299.0,Dennis Daugaard,Larry Pressler,45-65,30-59,50-59,45+,45-59,50-64,Non-Black 45-59,White 45-59,White 45-64,Complete,Call 2,1.0,College graduate,College graduate,More than High school graduate,White college degree,Unfavorable,Unfavorable,2.0,Government is doing too many things better left to businesses and individuals,Did not go far enough,100k or more,"$30,000 or more",50k or more,100 thousand or more,"$100,000-$199,999","$100,000-$199,999","Over $50,000 and white",No,Yes,Worried,Somewhat worried,Approve,Somewhat approve,45+,18-64,Independent/Something else,Non-black non-Democrat,White Independent,Independent,Independent Women,White Independent,Moderate,5.0,Moderate/Liberal Republicans,Moderate Independents,White,White,State questionnaire,White,White,Midwest,Disapprove,Does not matter to me,Female,White women,Married women,,,South Dakota,Election day exit poll,Before that,In the last month,Before that,In the last month,Seriously off on the wrong track,Version 1,1.52009975910187,No
81364.0,Dennis Daugaard,Larry Pressler,65+,60+,65 or over,45+,60+,65+,Non-Black 60+,White 60+,White 65+,Complete,Call 2,1.0,College graduate,College graduate,More than High school graduate,White college degree,Unfavorable,Unfavorable,2.0,Government is doing too many things better left to businesses and individuals,Was about right,Less than 100k,"$30,000 or more",Less than 50k,Less than 50 thousand,"Under $50,000","$30,000-$49,999","Under $50,000 and white",No,,Worried,Somewhat worried,Disapprove,Somewhat disapprove,45+,65+,Republican,Non-black non-Democrat,All Republicans,Republican,Republican Men,White Republican,Moderate,5.0,Conservative Republicans,Mod./Liberal Republicans,White,White,State questionnaire,White,White,Midwest,Disapprove,The Republican Party,Male,White men,,,,South Dakota,Election day exit poll,Before that,In the last month,Before that,In the last month,Seriously off on the wrong track,Version 1,1.6027557849884,No
83221.0,Dennis Daugaard,Larry Pressler,65+,60+,65 or over,45+,60+,65+,Non-Black 60+,White 60+,White 65+,Complete,Call 2,1.0,College graduate,College graduate,More than High school graduate,White college degree,Unfavorable,Unfavorable,4.0,Government is doing too many things better left to businesses and individuals,Omit,Less than 100k,"$30,000 or more",50k or more,50 to 100 thousand,"$50,000-$99,999","$50,000-$99,999","Over $50,000 and white",No,Yes,Worried,Somewhat worried,Disapprove,Somewhat disapprove,45+,65+,Republican,Non-black non-Democrat,All Republicans,Republican,Republican Women,White Republican,Moderate,40.0,Conservative Republicans,Mod./Liberal Republicans,White,White,State questionnaire,White,White,Midwest,Omit,The Republican Party,Female,White women,Married women,,,South Dakota,Election day exit poll,In the last three days,In the last month,In the last week,In the last three days,Seriously off on the wrong track,Version 1,1.83374881744385,No
97815.0,Dennis Daugaard,Larry Pressler,30-44,30-59,30-39,18-44,30-44,30-39,Non-Black 30-44,White 30-44,White 30-44,Complete,Call 3,1.0,College graduate,College graduate,More than High school graduate,White college degree,Unfavorable,Unfavorable,2.0,Government is doing too many things better left to businesses and individuals,Went too far,Less than 100k,"$30,000 or more",50k or more,50 to 100 thousand,"$50,000-$99,999","$50,000-$99,999","Over $50,000 and white",No,Yes,Worried,Somewhat worried,Disapprove,Somewhat disapprove,18-44,18-64,Democrat,Non-black Democrat,White Democrat,Democrat,Democratic Women,White Democrat,Moderate,36.0,Moderate/Conservative Democrats,Mod/Conserv. Democrats,White,White,State questionnaire,White,White,Midwest,Disapprove,Does not matter to me,Female,White women,Married women,,,South Dakota,Election day exit poll,Before that,In the last month,Before that,In the last month,Seriously off on the wrong track,Version 1,1.28258419036865,No
98723.0,Dennis Daugaard,Larry Pressler,30-44,30-59,40-44,18-44,30-44,40-49,Non-Black 30-44,White 30-44,White 30-44,Complete,Call 3,1.0,College graduate,College graduate,More than High school graduate,White college degree,Unfavorable,Unfavorable,2.0,Government is doing too many things better left to businesses and individuals,Went too far,Less than 100k,"$30,000 or more",50k or more,50 to 100 thousand,"$50,000-$99,999","$50,000-$99,999","Over $50,000 and white",No,No,Worried,Very worried,Disapprove,Strongly disapprove,18-44,18-64,Independent/Something else,Non-black non-Democrat,White Independent,Independent,Independent Women,White Independent,Moderate,5.0,Moderate/Liberal Republicans,Moderate Independents,White,White,State questionnaire,White,White,Midwest,Disapprove,Does not matter to me,Female,White women,Non married women,,,South Dakota,Election day exit poll,Before that,Before that,Before that,Before that,Seriously off on the wrong track,Version 1,1.52009975910187,No
99452.0,Dennis Daugaard,Larry Pressler,18-29,18-29,18-24,18-44,18-29,18-24,Non-Black 18-29,White 18-29,White 18-29,Complete,Call 3,1.0,Some college/assoc. degree,No college degree,More than High school graduate,White no college degree,Unfavorable,Unfavorable,3.0,Government is doing too many things better left to businesses and individuals,Omit,Less than 100k,"$30,000 or more",Less than 50k,Less than 50 thousand,"Under $50,000","$30,000-$49,999","Under $50,000 and white",No,,Not worried,Not too worried,Disapprove,Somewhat disapprove,18-44,18-64,Republican,Non-black non-Democrat,All Republicans,Republican,Republican Men,White Republican,Conservative,7.0,Independent/Something else,Conservative Republicans,White,White,State questionnaire,White,White,Midwest,Approve,The Republican Party,Male,White men,,,,South Dakota,Election day exit poll,Before that,Before that,Before that,Before that,Generally going in the right direction,Version 1,1.64402735233307,Yes
100266.0,Dennis Daugaard,Larry Pressler,45-65,30-59,50-59,45+,45-59,50-64,Non-Black 45-59,White 45-59,White 45-64,Complete,Call 3,1.0,Postgraduate study,College graduate,More than High school graduate,White college degree,Unfavorable,Unfavorable,4.0,Government is doing too many things better left to businesses and individuals,Went too far,100k or more,"$30,000 or more",50k or more,100 thousand or more,"$100,000-$199,999","$100,000-$199,999","Over $50,000 and white",No,Yes,Worried,Somewhat worried,Disapprove,Strongly disapprove,45+,18-64,Republican,Non-black non-Democrat,All Republicans,Republican,Republican Women,White Republican,Moderate,40.0,Conservative Republicans,Mod./Liberal Republicans,White,White,State questionnaire,White,White,Midwest,Disapprove,The Republican Party,Female,White women,Married women,,,South Dakota,Election day exit poll,Before that,Before that,Before that,Before that,Seriously off on the wrong track,Version 1,1.82411968708038,No
60275.0,Dennis Daugaard,Larry Pressler,30-44,30-59,40-44,18-44,30-44,40-49,Non-Black 30-44,All others,All others,Complete,Call 1,1.0,Some college/assoc. degree,No college degree,More than High school graduate,Non white no college degree,Favorable,Omit,1.0,Government is doing too many things better left to businesses and individuals,Omit,Less than 100k,"$30,000 or more",50k or more,50 to 100 thousand,"$50,000-$99,999","$50,000-$99,999","Over $50,000 and non white",No,Yes,Not worried,Not at all worried,Approve,Strongly approve,18-44,18-64,Democrat,Non-black Democrat,All Other,Democrat,Democratic Women,Non-White Democrats,Moderate,56.0,Moderate/Conservative Democrats,Mod/Conserv. Democrats,Other,American Indian,State questionnaire,Other,American Indian,Midwest,Omit,Does not matter to me,Female,All other races,Married women,,,South Dakota,Election day exit poll,In the last three days,In the last month,In the last week,In the last three days,Generally going in the right direction,Version 1,1.35031449794769,No
3693.0,Dennis Daugaard,Larry Pressler,,,,,,,,,,Complete,,1.0,,,,,Omit,Omit,4.0,Government is doing too many things better left to businesses and individuals,Omit,,,,,,,,,,Worried,Somewhat worried,Approve,Strongly approve,,,,,,,,,,,,,,,State questionnaire,,,Midwest,Disapprove,Does not matter to me,Female,,,"Cities 50,000-500,000","Cities over 50,000",South Dakota,Telephone survey,Before that,Before that,Before that,Before that,Generally going in the right direction,Version 1,0.0713337659835815,
3731.0,Dennis Daugaard,Larry Pressler,45-65,30-59,50-59,45+,45-59,50-64,Non-Black 45-59,White 45-59,White 45-64,Complete,,1.0,Postgraduate study,College graduate,More than High school graduate,White college degree,Omit,Omit,1.0,Government is doing too many things better left to businesses and individuals,Went too far,Less than 100k,"$30,000 or more",50k or more,50 to 100 thousand,"$50,000-$99,999","$50,000-$99,999","Over $50,000 and white",No,Yes,Worried,Very worried,Disapprove,Somewhat disapprove,45+,18-64,Independent/Something else,Non-black non-Democrat,White Independent,Independent,Independent Women,White Independent,Moderate,,Moderate/Liberal Republicans,Moderate Independents,White,White,State questionnaire,White,White,Midwest,Disapprove,Does not matter to me,Female,White women,Married women,"Cities 50,000-500,000","Cities over 50,000",South Dakota,Telephone survey,Before that,In the last month,Before that,In the last month,Seriously off on the wrong track,Version 1,0.771356701850891,No
3792.0,Dennis Daugaard,Larry Pressler,65+,60+,65 or over,45+,60+,65+,Non-Black 60+,White 60+,White 65+,Complete,,1.0,Postgraduate study,College graduate,More than High school graduate,White college degree,Omit,Omit,1.0,Government is doing too many things better left to businesses and individuals,Went too far,100k or more,"$30,000 or more",50k or more,100 thousand or more,"$100,000-$199,999","$100,000-$199,999","Over $50,000 and white",No,Yes,Worried,Somewhat worried,Disapprove,Strongly disapprove,45+,65+,Republican,Non-black non-Democrat,All Republicans,Republican,Republican Men,White Republican,Moderate,,Conservative Republicans,Mod./Liberal Republicans,White,White,State questionnaire,White,White,Midwest,Omit,The Republican Party,Male,White men,Married men,"Cities 50,000-500,000","Cities over 50,000",South Dakota,Telephone survey,Omit,Omit,Omit,Omit,Seriously off on the wrong track,Version 1,0.229022219777107,No
3825.0,Dennis Daugaard,Larry Pressler,45-65,30-59,50-59,45+,45-59,50-64,Non-Black 45-59,White 45-59,White 45-64,Complete,,1.0,Postgraduate study,College graduate,More than High school graduate,White college degree,Omit,Omit,1.0,Government is doing too many things better left to businesses and individuals,Omit,Less than 100k,"Under $30,000",Less than 50k,Less than 50 thousand,"Under $50,000","Under $30,000","Under $50,000 and white",No,No,Worried,Somewhat worried,Disapprove,Somewhat disapprove,45+,18-64,Independent/Something else,Non-black non-Democrat,White Independent,Independent,Independent Men,White Independent,Moderate,,Moderate/Liberal Republicans,Moderate Independents,White,White,State questionnaire,White,White,Midwest,Disapprove,Omit,Male,White men,Non married men,"Cities 50,000-500,000","Cities over 50,000",South Dakota,Telephone survey,Before that,Before that,Before that,Before that,Seriously off on the wrong track,Version 1,0.505595088005066,No
3889.0,Dennis Daugaard,Larry Pressler,65+,60+,65 or over,45+,60+,65+,Non-Black 60+,White 60+,White 65+,Complete,,1.0,College graduate,College graduate,More than High school graduate,White college degree,Omit,Omit,2.0,Government is doing too many things better left to businesses and individuals,Omit,Less than 100k,"$30,000 or more",50k or more,50 to 100 thousand,"$50,000-$99,999","$50,000-$99,999","Over $50,000 and white",No,Yes,Not worried,Not too worried,Disapprove,Somewhat disapprove,45+,65+,Independent/Something else,Non-black non-Democrat,White Independent,Something else,Independent Women,White Independent,Moderate,,Moderate/Liberal Republicans,Moderate Independents,White,White,State questionnaire,White,White,Midwest,Approve,The Republican Party,Female,White women,Married women,Rural,Small Cities/Rural,South Dakota,Telephone survey,Before that,In the last month,Before that,In the last month,Generally going in the right direction,Version 1,0.898442983627319,No
65599.0,Dennis Daugaard,Larry Pressler,45-65,60+,60-64,45+,60+,50-64,Non-Black 60+,White 60+,White 45-64,Complete,Call 1,1.0,Some college/assoc. degree,No college degree,More than High school graduate,White no college degree,Omit,Omit,4.0,Government is doing too many things better left to businesses and individuals,Went too far,Less than 100k,"Under $30,000",Less than 50k,Less than 50 thousand,"Under $50,000","Under $30,000","Under $50,000 and white",No,No,Worried,Very worried,Disapprove,Strongly disapprove,45+,18-64,Independent/Something else,Non-black non-Democrat,White Independent,Independent,Independent Women,White Independent,Conservative,65.0,Moderate/Liberal Republicans,Conservative Independents,White,White,State questionnaire,White,White,Midwest,Disapprove,Omit,Female,White women,Non married women,,,South Dakota,Election day exit poll,Before that,In the last month,In the last week,In the last week,Seriously off on the wrong track,Version 1,1.07167136669159,Yes
80571.0,Dennis Daugaard,Larry Pressler,65+,60+,65 or over,45+,60+,65+,Non-Black 60+,White 60+,White 65+,Complete,Call 2,1.0,Postgraduate study,College graduate,More than High school graduate,White college degree,Omit,Omit,2.0,Government is doing too many things better left to businesses and individuals,Did not go far enough,Less than 100k,"$30,000 or more",Less than 50k,Less than 50 thousand,"Under $50,000","$30,000-$49,999","Under $50,000 and white",No,No,Not worried,Not too worried,Approve,Somewhat approve,45+,65+,Republican,Non-black non-Democrat,All Republicans,Republican,Republican Men,White Republican,Moderate,82.0,Conservative Republicans,Mod./Liberal Republicans,White,White,State questionnaire,White,White,Midwest,Disapprove,Does not matter to me,Male,White men,Non married men,,,South Dakota,Election day exit poll,Before that,In the last month,In the last week,In the last week,Generally going in the right direction,Version 1,1.07018458843231,No
96673.0,Dennis Daugaard,Larry Pressler,18-29,18-29,25-29,18-44,18-29,25-29,Non-Black 18-29,White 18-29,White 18-29,Complete,Call 3,1.0,Some college/assoc. degree,No college degree,More than High school graduate,White no college degree,Omit,Omit,2.0,Government is doing too many things better left to businesses and individuals,Went too far,Less than 100k,"$30,000 or more",50k or more,50 to 100 thousand,"$50,000-$99,999","$50,000-$99,999","Over $50,000 and white",No,Yes,Worried,Somewhat worried,Disapprove,Somewhat disapprove,18-44,18-64,Independent/Something else,Non-black non-Democrat,White Independent,Independent,Independent Women,White Independent,Conservative,36.0,Moderate/Liberal Republicans,Conservative Independents,White,White,State questionnaire,White,White,Midwest,Disapprove,Omit,Female,White women,Married women,,,South Dakota,Election day exit poll,Before that,In the last month,In the last week,In the last week,Omit,Version 1,1.8123916387558,No
100292.0,Dennis Daugaard,Larry Pressler,65+,60+,65 or over,45+,60+,65+,Non-Black 60+,White 60+,White 65+,Complete,Call 3,1.0,Postgraduate study,College graduate,More than High school graduate,White college degree,Omit,Omit,4.0,Government is doing too many things better left to businesses and individuals,Went too far,Less than 100k,"$30,000 or more",50k or more,50 to 100 thousand,"$50,000-$99,999","$50,000-$99,999","Over $50,000 and white",No,Yes,Worried,Somewhat worried,Approve,Somewhat approve,45+,65+,Republican,Non-black non-Democrat,All Republicans,Republican,Republican Women,White Republican,Conservative,40.0,Independent/Something else,Conservative Republicans,White,White,State questionnaire,White,White,Midwest,Disapprove,The Republican Party,Female,White women,Married women,,,South Dakota,Election day exit poll,Before that,In the last month,Before that,In the last month,Generally going in the right direction,Version 1,1.83374881744385,No
97044.0,Dennis Daugaard,Larry Pressler,18-29,18-29,25-29,18-44,18-29,25-29,Non-Black 18-29,White 18-29,White 18-29,Complete,Call 3,1.0,Postgraduate study,College graduate,More than High school graduate,White college degree,Omit,Favorable,2.0,Omit,Went too far,Less than 100k,"$30,000 or more",50k or more,50 to 100 thousand,"$50,000-$99,999","$50,000-$99,999","Over $50,000 and white",No,No,Not worried,Not too worried,Disapprove,Strongly disapprove,18-44,18-64,,,,,,,Moderate,36.0,,,White,White,State questionnaire,White,White,Midwest,Omit,The Republican Party,Female,White women,Non married women,,,South Dakota,Election day exit poll,In the last three days,In the last month,In the last week,In the last three days,Seriously off on the wrong track,Version 1,1.8123916387558,No
3868.0,Dennis Daugaard,Larry Pressler,65+,60+,65 or over,45+,60+,65+,Non-Black 60+,White 60+,White 65+,Complete,,1.0,High school graduate,No college degree,High school graduate or less,White no college degree,Favorable,Unfavorable,4.0,Omit,Omit,Less than 100k,"$30,000 or more",Less than 50k,Less than 50 thousand,"Under $50,000","$30,000-$49,999","Under $50,000 and white",No,Yes,Worried,Somewhat worried,Approve,Somewhat approve,45+,65+,Independent/Something else,Non-black non-Democrat,White Independent,Independent,Independent Women,White Independent,Moderate,,Moderate/Liberal Republicans,Moderate Independents,White,White,State questionnaire,White,White,Midwest,Omit,Omit,Female,White women,Married women,"Cities 50,000-500,000","Cities over 50,000",South Dakota,Telephone survey,Before that,Before that,Before that,Before that,Generally going in the right direction,Version 1,0.513429284095764,Yes
96862.0,Dennis Daugaard,Larry Pressler,45-65,30-59,50-59,45+,45-59,50-64,Non-Black 45-59,White 45-59,White 45-64,Complete,Call 3,1.0,Postgraduate study,College graduate,More than High school graduate,White college degree,Unfavorable,Unfavorable,1.0,Omit,Did not go far enough,100k or more,"$30,000 or more",50k or more,100 thousand or more,"$100,000-$199,999","$100,000-$199,999","Over $50,000 and white",No,Yes,Not worried,Not too worried,Approve,Somewhat approve,45+,18-64,Republican,Non-black non-Democrat,All Republicans,Republican,Republican Men,White Republican,,56.0,,,White,White,State questionnaire,White,White,Midwest,Disapprove,The Democratic Party,Male,White men,Married men,,,South Dakota,Election day exit poll,Before that,Before that,Before that,Before that,Generally going in the right direction,Version 1,1.41626214981079,No
78986.0,Michael Myers,Larry Pressler,18-29,18-29,18-24,18-44,18-29,18-24,Non-Black 18-29,White 18-29,White 18-29,Complete,Call 2,1.0,College graduate,College graduate,More than High school graduate,White college degree,,,3.0,,Did not go far enough,Less than 100k,"Under $30,000",Less than 50k,Less than 50 thousand,"Under $50,000","Under $30,000","Under $50,000 and white",No,No,,,,,18-44,18-64,Independent/Something else,Non-black non-Democrat,White Independent,Independent,Independent Women,White Independent,Conservative,9.0,Moderate/Liberal Republicans,Conservative Independents,White,White,National questionnaire,White,White,Midwest,,,Female,White women,Non married women,Rural,Small Cities/Rural,South Dakota,Election day exit poll,,,,,,Version 2,0.609861612319946,No
3766.0,Michael Myers,Larry Pressler,45-65,60+,60-64,45+,60+,50-64,Non-Black 60+,White 60+,White 45-64,Complete,,1.0,Postgraduate study,College graduate,More than High school graduate,White college degree,Favorable,Unfavorable,4.0,Government should do more to solve problems,Was about right,100k or more,"$30,000 or more",50k or more,100 thousand or more,"$200,000 or more","$200,000 or more","Over $50,000 and white",No,Yes,Not worried,Not at all worried,Approve,Strongly approve,45+,18-64,Independent/Something else,Non-black non-Democrat,White Independent,Independent,Independent Women,White Independent,Moderate,,Moderate/Liberal Republicans,Moderate Independents,White,White,State questionnaire,White,White,Midwest,Disapprove,The Democratic Party,Female,White women,Married women,Suburbs,Suburbs,South Dakota,Telephone survey,Before that,In the last month,Before that,In the last month,Generally going in the right direction,Version 1,0.126152783632278,No
3886.0,Michael Myers,Larry Pressler,65+,60+,65 or over,45+,60+,65+,Non-Black 60+,White 60+,White 65+,Complete,,1.0,Some college/assoc. degree,No college degree,More than High school graduate,White no college degree,Favorable,Unfavorable,4.0,Government should do more to solve problems,Omit,Less than 100k,"$30,000 or more",Less than 50k,Less than 50 thousand,"Under $50,000","$30,000-$49,999","Under $50,000 and white",No,No,Worried,Somewhat worried,Approve,Somewhat approve,45+,65+,Democrat,Non-black Democrat,White Democrat,Democrat,Democratic Women,White Democrat,Moderate,,Moderate/Conservative Democrats,Mod/Conserv. Democrats,White,White,State questionnaire,White,White,Midwest,Disapprove,The Democratic Party,Female,White women,Non married women,"Cities 50,000-500,000","Cities over 50,000",South Dakota,Telephone survey,Before that,Before that,Before that,Before that,Seriously off on the wrong track,Version 1,0.139844611287117,Yes
80059.0,Michael Myers,Larry Pressler,45-65,30-59,50-59,45+,45-59,50-64,Non-Black 45-59,White 45-59,White 45-64,Complete,Call 2,1.0,High school graduate,No college degree,High school graduate or less,White no college degree,Favorable,Unfavorable,1.0,Government should do more to solve problems,Did not go far enough,Less than 100k,"$30,000 or more",50k or more,50 to 100 thousand,"$50,000-$99,999","$50,000-$99,999","Over $50,000 and white",No,Yes,Worried,Very worried,Disapprove,Somewhat disapprove,45+,18-64,Independent/Something else,Non-black non-Democrat,White Independent,Independent,Independent Women,White Independent,Liberal,56.0,Moderate/Liberal Republicans,Liberal Independents,White,White,State questionnaire,White,White,Midwest,Disapprove,The Democratic Party,Female,White women,Married women,,,South Dakota,Election day exit poll,In the last three days,In the last month,In the last week,In the last three days,Seriously off on the wrong track,Version 1,0.735580205917358,No
3696.0,Michael Myers,Larry Pressler,18-29,18-29,18-24,18-44,18-29,18-24,Non-Black 18-29,All others,All others,Complete,,1.0,Some college/assoc. degree,No college degree,More than High school graduate,Non white no college degree,Unfavorable,Unfavorable,4.0,Government should do more to solve problems,Was about right,Less than 100k,"$30,000 or more",Less than 50k,Less than 50 thousand,"Under $50,000","$30,000-$49,999","Under $50,000 and non white",No,No,Worried,Somewhat worried,Disapprove,Somewhat disapprove,18-44,18-64,Independent/Something else,Non-black non-Democrat,All Other,Something else,Independent Men,All others,Moderate,,Moderate/Liberal Republicans,Moderate Independents,Other,American Indian,State questionnaire,Other,American Indian,Midwest,Disapprove,Does not matter to me,Male,All other races,Non married men,"Cities 50,000-500,000","Cities over 50,000",South Dakota,Telephone survey,Before that,Before that,Before that,Before that,Seriously off on the wrong track,Version 1,1.08723449707031,No
98372.0,Michael Myers,Larry Pressler,30-44,30-59,30-39,18-44,30-44,30-39,Non-Black 30-44,Latino 30-44,Latino 30-44,Complete,Call 3,1.0,Some college/assoc. degree,No college degree,More than High school graduate,Non white no college degree,Unfavorable,Unfavorable,4.0,Government should do more to solve problems,Did not go far enough,Less than 100k,"$30,000 or more",50k or more,50 to 100 thousand,"$50,000-$99,999","$50,000-$99,999","Over $50,000 and non white",Yes,No,Not worried,Not too worried,Disapprove,Strongly disapprove,18-44,18-64,Independent/Something else,Non-black non-Democrat,Latino Independent,Independent,Independent Men,All others,Liberal,65.0,Moderate/Liberal Republicans,Liberal Independents,Other,Hispanic/Latino,State questionnaire,Hispanic/Latino,Hispanic/Latino,Midwest,Disapprove,Does not matter to me,Male,Latino men,Non married men,,,South Dakota,Election day exit poll,Before that,Before that,Before that,Before that,Seriously off on the wrong track,Version 1,0.609086453914642,No
79157.0,Michael Myers,Larry Pressler,18-29,18-29,25-29,18-44,18-29,25-29,Non-Black 18-29,White 18-29,White 18-29,Not complete,Call 2,1.0,,,,,,,1.0,Government is doing too many things better left to businesses and individuals,,,,,,,,,No,,,,,,18-44,18-64,,,,,,,,53.0,,,White,White,State questionnaire,White,White,Midwest,Disapprove,,Male,White men,,,,South Dakota,Election day exit poll,Before that,Before that,Before that,Before that,Seriously off on the wrong track,Version 1,0.974601209163666,
81599.0,Michael Myers,Larry Pressler,18-29,18-29,18-24,18-44,18-29,18-24,Non-Black 18-29,White 18-29,White 18-29,Complete,Call 2,1.0,College graduate,College graduate,More than High school graduate,White college degree,Favorable,Favorable,2.0,Government is doing too many things better left to businesses and individuals,Went too far,Less than 100k,"$30,000 or more",Less than 50k,Less than 50 thousand,"Under $50,000","$30,000-$49,999","Under $50,000 and white",No,No,Worried,Very worried,Approve,Somewhat approve,18-44,18-64,Independent/Something else,Non-black non-Democrat,White Independent,Independent,Independent Women,White Independent,Liberal,36.0,Moderate/Liberal Republicans,Liberal Independents,White,White,State questionnaire,White,White,Midwest,Disapprove,Does not matter to me,Female,White women,Non married women,,,South Dakota,Election day exit poll,Before that,In the last month,In the last week,In the last week,Seriously off on the wrong track,Version 1,0.987295508384705,No
81633.0,Michael Myers,Larry Pressler,45-65,60+,60-64,45+,60+,50-64,Non-Black 60+,White 60+,White 45-64,Complete,Call 2,1.0,Postgraduate study,College graduate,More than High school graduate,White college degree,Unfavorable,Favorable,2.0,Government is doing too many things better left to businesses and individuals,Went too far,100k or more,"$30,000 or more",50k or more,100 thousand or more,"$200,000 or more","$200,000 or more","Over $50,000 and white",No,Yes,Not worried,Not too worried,Disapprove,Somewhat disapprove,45+,18-64,Republican,Non-black non-Democrat,All Republicans,Republican,Republican Men,White Republican,Conservative,5.0,Independent/Something else,Conservative Republicans,White,White,State questionnaire,White,White,Midwest,Disapprove,The Republican Party,Male,White men,Married men,,,South Dakota,Election day exit poll,Before that,In the last month,Before that,In the last month,Generally going in the right direction,Version 1,0.873096883296967,No
81000.0,Michael Myers,Larry Pressler,30-44,30-59,30-39,18-44,30-44,30-39,Non-Black 30-44,White 30-44,White 30-44,Complete,Call 2,1.0,Some college/assoc. degree,No college degree,More than High school graduate,White no college degree,Favorable,Unfavorable,3.0,Government is doing too many things better left to businesses and individuals,Omit,Less than 100k,"$30,000 or more",Less than 50k,Less than 50 thousand,"Under $50,000","$30,000-$49,999","Under $50,000 and white",No,Yes,Worried,Very worried,Disapprove,Somewhat disapprove,18-44,18-64,Independent/Something else,Non-black non-Democrat,White Independent,Independent,Independent Women,White Independent,Liberal,7.0,Moderate/Liberal Republicans,Liberal Independents,White,White,State questionnaire,White,White,Midwest,Disapprove,The Democratic Party,Female,White women,Married women,,,South Dakota,Election day exit poll,In the last three days,In the last month,In the last week,In the last three days,Seriously off on the wrong track,Version 1,0.604267477989197,Yes
98040.0,Michael Myers,Larry Pressler,30-44,30-59,40-44,18-44,30-44,40-49,Non-Black 30-44,White 30-44,White 30-44,Complete,Call 3,1.0,College graduate,College graduate,More than High school graduate,White college degree,Favorable,Unfavorable,2.0,Government is doing too many things better left to businesses and individuals,Went too far,100k or more,"$30,000 or more",50k or more,100 thousand or more,"$100,000-$199,999","$100,000-$199,999","Over $50,000 and white",No,No,Worried,Very worried,Disapprove,Somewhat disapprove,18-44,18-64,Democrat,Non-black Democrat,White Democrat,Democrat,Democratic Women,White Democrat,Moderate,36.0,Moderate/Conservative Democrats,Mod/Conserv. Democrats,White,White,State questionnaire,White,White,Midwest,Disapprove,The Democratic Party,Female,White women,Non married women,,,South Dakota,Election day exit poll,In the last three days,In the last month,In the last week,In the last three days,Seriously off on the wrong track,Version 1,0.698684275150299,No
3734.0,Michael Myers,Larry Pressler,65+,60+,65 or over,45+,60+,65+,Non-Black 60+,White 60+,White 65+,Complete,,3.0,Postgraduate study,College graduate,More than High school graduate,White college degree,Unfavorable,Unfavorable,3.0,Government is doing too many things better left to businesses and individuals,Went too far,Less than 100k,"$30,000 or more",Less than 50k,Less than 50 thousand,"Under $50,000","$30,000-$49,999","Under $50,000 and white",No,Yes,Worried,Somewhat worried,Disapprove,Strongly disapprove,45+,65+,Independent/Something else,Non-black non-Democrat,White Independent,Independent,Independent Women,White Independent,Moderate,,Moderate/Liberal Republicans,Moderate Independents,White,White,State questionnaire,White,White,Midwest,Disapprove,Omit,Female,White women,Married women,Rural,Small Cities/Rural,South Dakota,Telephone survey,Before that,Before that,Before that,Before that,Omit,Version 1,0.150070622563362,No
61177.0,Michael Myers,Larry Pressler,45-65,30-59,50-59,45+,45-59,50-64,Non-Black 45-59,White 45-59,White 45-64,Complete,Call 1,1.0,Postgraduate study,College graduate,More than High school graduate,White college degree,Unfavorable,Unfavorable,1.0,Government is doing too many things better left to businesses and individuals,Went too far,100k or more,"$30,000 or more",50k or more,100 thousand or more,"$100,000-$199,999","$100,000-$199,999","Over $50,000 and white",No,Yes,Worried,Very worried,Disapprove,Somewhat disapprove,45+,18-64,Independent/Something else,Non-black non-Democrat,White Independent,Independent,Independent Men,White Independent,Moderate,53.0,Moderate/Liberal Republicans,Moderate Independents,White,White,State questionnaire,White,White,Midwest,Disapprove,Does not matter to me,Male,White men,Married men,,,South Dakota,Election day exit poll,Before that,Before that,Before that,Before that,Seriously off on the wrong track,Version 1,0.689700841903687,No
79270.0,Michael Myers,Larry Pressler,,,,,,,,,,Complete,Call 2,1.0,Some college/assoc. degree,No college degree,More than High school graduate,,Unfavorable,Unfavorable,1.0,Government is doing too many things better left to businesses and individuals,Went too far,,,,,,,,,,Worried,Somewhat worried,Disapprove,Somewhat disapprove,,,Independent/Something else,,,Independent,,,Conservative,53.0,Moderate/Liberal Republicans,Conservative Independents,,,State questionnaire,,,Midwest,Disapprove,Does not matter to me,,,,,,South Dakota,Election day exit poll,Before that,Before that,Before that,Before that,Seriously off on the wrong track,Version 1,0.593143343925476,
79823.0,Michael Myers,Larry Pressler,18-29,18-29,25-29,18-44,18-29,25-29,Non-Black 18-29,White 18-29,White 18-29,Complete,Call 2,1.0,Some college/assoc. degree,No college degree,More than High school graduate,White no college degree,Unfavorable,Unfavorable,1.0,Government is doing too many things better left to businesses and individuals,Went too far,Less than 100k,"$30,000 or more",Less than 50k,Less than 50 thousand,"Under $50,000","$30,000-$49,999","Under $50,000 and white",No,No,Worried,Somewhat worried,Disapprove,Somewhat disapprove,18-44,18-64,Independent/Something else,Non-black non-Democrat,White Independent,Independent,Independent Men,White Independent,Moderate,53.0,Moderate/Liberal Republicans,Moderate Independents,White,White,State questionnaire,White,White,Midwest,Disapprove,Does not matter to me,Male,White men,Non married men,,,South Dakota,Election day exit poll,Before that,Before that,Before that,Before that,Generally going in the right direction,Version 1,0.974601209163666,Yes
79824.0,Michael Myers,Larry Pressler,18-29,18-29,25-29,18-44,18-29,25-29,Non-Black 18-29,White 18-29,White 18-29,Complete,Call 2,1.0,Some college/assoc. degree,No college degree,More than High school graduate,White no college degree,Unfavorable,Unfavorable,1.0,Government is doing too many things better left to businesses and individuals,Went too far,Less than 100k,"$30,000 or more",Less than 50k,Less than 50 thousand,"Under $50,000","$30,000-$49,999","Under $50,000 and white",No,No,Worried,Somewhat worried,Disapprove,Somewhat disapprove,18-44,18-64,Independent/Something else,Non-black non-Democrat,White Independent,Independent,Independent Men,White Independent,Moderate,53.0,Moderate/Liberal Republicans,Moderate Independents,White,White,State questionnaire,White,White,Midwest,Disapprove,Does not matter to me,Male,White men,Non married men,,,South Dakota,Election day exit poll,Before that,Before that,Before that,Before that,Generally going in the right direction,Version 1,0.974601209163666,Yes
96894.0,Michael Myers,Larry Pressler,30-44,30-59,30-39,18-44,30-44,30-39,Non-Black 30-44,White 30-44,White 30-44,Complete,Call 3,1.0,College graduate,College graduate,More than High school graduate,White college degree,Omit,Omit,2.0,Government is doing too many things better left to businesses and individuals,Went too far,100k or more,"$30,000 or more",50k or more,100 thousand or more,"$100,000-$199,999","$100,000-$199,999","Over $50,000 and white",No,No,Worried,Very worried,Disapprove,Somewhat disapprove,18-44,18-64,Independent/Something else,Non-black non-Democrat,White Independent,Independent,Independent Women,White Independent,Moderate,82.0,Moderate/Liberal Republicans,Moderate Independents,White,White,State questionnaire,White,White,Midwest,Omit,Does not matter to me,Female,White women,Non married women,,,South Dakota,Election day exit poll,Before that,In the last month,Before that,In the last month,Seriously off on the wrong track,Version 1,0.552915215492249,No
81066.0,Michael Myers,Larry Pressler,30-44,30-59,30-39,18-44,30-44,30-39,Non-Black 30-44,White 30-44,White 30-44,Not complete,Call 2,1.0,,,,,,,2.0,Omit,,,,,,,,,No,,,,,,18-44,18-64,,,,,,,,36.0,,,White,White,State questionnaire,White,White,Midwest,Disapprove,,Male,White men,,,,South Dakota,Election day exit poll,Before that,Before that,Before that,Before that,Generally going in the right direction,Version 1,0.732807159423828,
80523.0,,Other,30-44,30-59,30-39,18-44,30-44,30-39,Non-Black 30-44,White 30-44,White 30-44,Complete,Call 2,1.0,Some college/assoc. degree,No college degree,More than High school graduate,White no college degree,Unfavorable,Unfavorable,3.0,Government should do more to solve problems,Omit,Less than 100k,"$30,000 or more",50k or more,50 to 100 thousand,"$50,000-$99,999","$50,000-$99,999","Over $50,000 and white",No,Yes,Worried,Somewhat worried,Disapprove,Strongly disapprove,18-44,18-64,Republican,Non-black non-Democrat,All Republicans,Republican,Republican Women,White Republican,Conservative,7.0,Independent/Something else,Conservative Republicans,White,White,State questionnaire,White,White,Midwest,Disapprove,The Republican Party,Female,White women,Married women,,,South Dakota,Election day exit poll,Before that,Before that,Before that,Before that,Seriously off on the wrong track,Version 1,1.90108168125153,No
3692.0,Susan Wismer,Other,65+,60+,65 or over,45+,60+,65+,Non-Black 60+,White 60+,White 65+,Complete,,1.0,Postgraduate study,College graduate,More than High school graduate,White college degree,Favorable,Unfavorable,4.0,Government should do more to solve problems,Was about right,100k or more,"$30,000 or more",50k or more,100 thousand or more,"$200,000 or more","$200,000 or more","Over $50,000 and white",No,Yes,Not worried,Not at all worried,Approve,Strongly approve,45+,65+,Democrat,Non-black Democrat,White Democrat,Democrat,Democratic Women,White Democrat,Liberal,,Liberal Democrats,Liberal Democrats,White,White,State questionnaire,White,White,Midwest,Disapprove,The Democratic Party,Female,White women,Married women,"Cities 50,000-500,000","Cities over 50,000",South Dakota,Telephone survey,Before that,Before that,Before that,Before that,Generally going in the right direction,Version 1,0.372183293104172,No
3720.0,Dennis Daugaard,Other,65+,60+,65 or over,45+,60+,65+,Non-Black 60+,White 60+,White 65+,Complete,,1.0,No high school diploma,No college degree,High school graduate or less,White no college degree,Favorable,Favorable,2.0,Government is doing too many things better left to businesses and individuals,Omit,Less than 100k,"$30,000 or more",50k or more,50 to 100 thousand,"$50,000-$99,999","$50,000-$99,999","Over $50,000 and white",No,Yes,Worried,Somewhat worried,Disapprove,Somewhat disapprove,45+,65+,Democrat,Non-black Democrat,White Democrat,Democrat,Democratic Men,White Democrat,Conservative,,Moderate/Conservative Democrats,Mod/Conserv. Democrats,White,White,State questionnaire,White,White,Midwest,Omit,Omit,Male,White men,Married men,Rural,Small Cities/Rural,South Dakota,Telephone survey,Omit,Omit,Omit,Omit,Generally going in the right direction,Version 1,1.59987246990204,No
3713.0,Dennis Daugaard,Other,30-44,30-59,30-39,18-44,30-44,30-39,Non-Black 30-44,White 30-44,White 30-44,Complete,,1.0,High school graduate,No college degree,High school graduate or less,White no college degree,Unfavorable,Favorable,3.0,Government is doing too many things better left to businesses and individuals,Went too far,Less than 100k,"Under $30,000",Less than 50k,Less than 50 thousand,"Under $50,000","Under $30,000","Under $50,000 and white",No,No,Not worried,Not at all worried,Disapprove,Somewhat disapprove,18-44,18-64,Republican,Non-black non-Democrat,All Republicans,Republican,Republican Men,White Republican,Conservative,,Independent/Something else,Conservative Republicans,White,White,State questionnaire,White,White,Midwest,Omit,The Republican Party,Male,White men,Non married men,Rural,Small Cities/Rural,South Dakota,Telephone survey,Before that,Before that,Before that,Before that,Seriously off on the wrong track,Version 1,2.24726819992065,Yes
64999.0,Dennis Daugaard,Other,45-65,30-59,50-59,45+,45-59,50-64,Non-Black 45-59,White 45-59,White 45-64,Complete,Call 1,1.0,Some college/assoc. degree,No college degree,More than High school graduate,White no college degree,Unfavorable,Favorable,4.0,Government is doing too many things better left to businesses and individuals,Went too far,Less than 100k,"$30,000 or more",50k or more,50 to 100 thousand,"$50,000-$99,999","$50,000-$99,999","Over $50,000 and white",No,Yes,Worried,Very worried,Disapprove,Strongly disapprove,45+,18-64,Republican,Non-black non-Democrat,All Republicans,Republican,Republican Women,White Republican,Conservative,40.0,Independent/Something else,Conservative Republicans,White,White,State questionnaire,White,White,Midwest,Disapprove,The Republican Party,Female,White women,Married women,,,South Dakota,Election day exit poll,In the last three days,In the last month,In the last week,In the last three days,Seriously off on the wrong track,Version 1,3.46543908119202,No
99152.0,Dennis Daugaard,Other,30-44,30-59,30-39,18-44,30-44,30-39,Non-Black 30-44,White 30-44,White 30-44,Complete,Call 3,1.0,High school graduate,No college degree,High school graduate or less,White no college degree,Unfavorable,Favorable,3.0,Government is doing too many things better left to businesses and individuals,Went too far,Less than 100k,"$30,000 or more",50k or more,50 to 100 thousand,"$50,000-$99,999","$50,000-$99,999","Over $50,000 and white",No,Yes,Worried,Very worried,Disapprove,Strongly disapprove,18-44,18-64,Republican,Non-black non-Democrat,All Republicans,Republican,Republican Women,White Republican,Moderate,26.0,Conservative Republicans,Mod./Liberal Republicans,White,White,State questionnaire,White,White,Midwest,Disapprove,The Republican Party,Female,White women,Married women,,,South Dakota,Election day exit poll,In the last three days,In the last month,In the last week,In the last three days,Seriously off on the wrong track,Version 1,2.26006889343262,No
62500.0,Dennis Daugaard,Other,30-44,30-59,30-39,18-44,30-44,30-39,Non-Black 30-44,White 30-44,White 30-44,Complete,Call 1,1.0,College graduate,College graduate,More than High school graduate,White college degree,Unfavorable,Unfavorable,3.0,Government is doing too many things better left to businesses and individuals,Went too far,Less than 100k,"$30,000 or more",50k or more,50 to 100 thousand,"$50,000-$99,999","$50,000-$99,999","Over $50,000 and white",No,Yes,Worried,Very worried,Disapprove,Strongly disapprove,18-44,18-64,Independent/Something else,Non-black non-Democrat,White Independent,Something else,Independent Men,White Independent,Conservative,26.0,Moderate/Liberal Republicans,Conservative Independents,White,White,State questionnaire,White,White,Midwest,Disapprove,The Republican Party,Male,White men,Married men,,,South Dakota,Election day exit poll,Before that,Before that,Before that,Before that,Seriously off on the wrong track,Version 1,2.37044787406921,No
65401.0,Dennis Daugaard,Other,65+,60+,65 or over,45+,60+,65+,Non-Black 60+,White 60+,White 65+,Complete,Call 1,1.0,College graduate,College graduate,More than High school graduate,White college degree,Unfavorable,Unfavorable,4.0,Government is doing too many things better left to businesses and individuals,Went too far,Less than 100k,"Under $30,000",Less than 50k,Less than 50 thousand,"Under $50,000","Under $30,000","Under $50,000 and white",,No,Worried,Somewhat worried,Approve,Somewhat approve,45+,65+,Democrat,Non-black Democrat,White Democrat,Democrat,Democratic Women,White Democrat,Moderate,65.0,Moderate/Conservative Democrats,Mod/Conserv. Democrats,White,White,State questionnaire,White,White,Midwest,Disapprove,The Democratic Party,Female,White women,Non married women,,,South Dakota,Election day exit poll,Before that,Before that,Before that,Before that,Seriously off on the wrong track,Version 1,2.03594756126404,No
3723.0,Dennis Daugaard,Other,45-65,30-59,50-59,45+,45-59,50-64,Non-Black 45-59,White 45-59,White 45-64,Complete,,1.0,No high school diploma,No college degree,High school graduate or less,White no college degree,Unfavorable,Omit,1.0,Government is doing too many things better left to businesses and individuals,Omit,Less than 100k,"$30,000 or more",50k or more,50 to 100 thousand,"$50,000-$99,999","$50,000-$99,999","Over $50,000 and white",No,No,Worried,Very worried,Disapprove,Strongly disapprove,45+,18-64,Independent/Something else,Non-black non-Democrat,White Independent,Independent,Independent Men,White Independent,,,,,White,White,State questionnaire,White,White,Midwest,Disapprove,The Republican Party,Male,White men,Non married men,"Cities 50,000-500,000","Cities over 50,000",South Dakota,Telephone survey,Before that,Before that,Before that,Before that,Seriously off on the wrong track,Version 1,1.35664927959442,No
65487.0,Dennis Daugaard,Other,18-29,18-29,25-29,18-44,18-29,25-29,Non-Black 18-29,White 18-29,White 18-29,Complete,Call 1,1.0,Some college/assoc. degree,No college degree,More than High school graduate,White no college degree,Unfavorable,Omit,4.0,Government is doing too many things better left to businesses and individuals,Went too far,Less than 100k,"$30,000 or more",50k or more,50 to 100 thousand,"$50,000-$99,999","$50,000-$99,999","Over $50,000 and white",No,Yes,Worried,Somewhat worried,Disapprove,Strongly disapprove,18-44,18-64,Republican,Non-black non-Democrat,All Republicans,Republican,Republican Men,White Republican,Conservative,65.0,Independent/Something else,Conservative Republicans,White,White,State questionnaire,White,White,Midwest,Disapprove,The Republican Party,Male,White men,Married men,,,South Dakota,Election day exit poll,In the last three days,In the last month,In the last week,In the last three days,Seriously off on the wrong track,Version 1,3.00161480903625,No
96766.0,Michael Myers,Other,30-44,30-59,40-44,18-44,30-44,40-49,Non-Black 30-44,White 30-44,White 30-44,Complete,Call 3,1.0,Some college/assoc. degree,No college degree,More than High school graduate,White no college degree,Favorable,Favorable,1.0,Government is doing too many things better left to businesses and individuals,Was about right,Less than 100k,"$30,000 or more",50k or more,50 to 100 thousand,"$50,000-$99,999","$50,000-$99,999","Over $50,000 and white",No,Yes,Worried,Very worried,Approve,Somewhat approve,18-44,18-64,Independent/Something else,Non-black non-Democrat,White Independent,Independent,Independent Men,White Independent,Moderate,56.0,Moderate/Liberal Republicans,Moderate Independents,White,White,State questionnaire,White,White,Midwest,Approve,Does not matter to me,Male,White men,Married men,,,South Dakota,Election day exit poll,In the last three days,In the last month,In the last week,In the last three days,Seriously off on the wrong track,Version 1,1.46569538116455,No
64718.0,Michael Myers,Other,65+,60+,65 or over,45+,60+,65+,Non-Black 60+,White 60+,White 65+,Complete,Call 1,1.0,Postgraduate study,College graduate,More than High school graduate,White college degree,Unfavorable,Favorable,4.0,Government is doing too many things better left to businesses and individuals,Went too far,100k or more,"$30,000 or more",50k or more,100 thousand or more,"$100,000-$199,999","$100,000-$199,999","Over $50,000 and white",No,Yes,Worried,Very worried,Disapprove,Strongly disapprove,45+,65+,Independent/Something else,Non-black non-Democrat,White Independent,Independent,Independent Men,White Independent,Conservative,40.0,Moderate/Liberal Republicans,Conservative Independents,White,White,State questionnaire,White,White,Midwest,Disapprove,The Republican Party,Male,White men,Married men,,,South Dakota,Election day exit poll,Before that,Before that,Before that,Before that,Seriously off on the wrong track,Version 1,1.99043786525726,No
99642.0,Michael Myers,Other,30-44,30-59,40-44,18-44,30-44,40-49,Non-Black 30-44,White 30-44,White 30-44,Complete,Call 3,1.0,High school graduate,No college degree,High school graduate or less,White no college degree,Unfavorable,Favorable,3.0,Government is doing too many things better left to businesses and individuals,Went too far,,,,,,,,No,Yes,Worried,Somewhat worried,Disapprove,Somewhat disapprove,18-44,18-64,Independent/Something else,Non-black non-Democrat,White Independent,Independent,Independent Men,White Independent,Conservative,7.0,Moderate/Liberal Republicans,Conservative Independents,White,White,State questionnaire,White,White,Midwest,Disapprove,The Republican Party,Male,White men,Married men,,,South Dakota,Election day exit poll,Before that,In the last month,In the last week,In the last week,Seriously off on the wrong track,Version 1,1.20404553413391,
3680.0,Michael Myers,Other,65+,60+,65 or over,45+,60+,65+,Non-Black 60+,White 60+,White 65+,Complete,,1.0,Some college/assoc. degree,No college degree,More than High school graduate,White no college degree,Unfavorable,Unfavorable,4.0,Government is doing too many things better left to businesses and individuals,Went too far,100k or more,"$30,000 or more",50k or more,100 thousand or more,"$100,000-$199,999","$100,000-$199,999","Over $50,000 and white",No,Yes,Worried,Very worried,Disapprove,Strongly disapprove,45+,65+,Republican,Non-black non-Democrat,All Republicans,Republican,Republican Women,White Republican,Conservative,,Independent/Something else,Conservative Republicans,White,White,State questionnaire,White,White,Midwest,Disapprove,The Republican Party,Female,White women,Married women,Suburbs,Suburbs,South Dakota,Telephone survey,Before that,In the last month,Before that,In the last month,Seriously off on the wrong track,Version 1,0.531350016593933,No
64815.0,Michael Myers,Other,30-44,30-59,40-44,18-44,30-44,40-49,Non-Black 30-44,White 30-44,White 30-44,Complete,Call 1,1.0,College graduate,College graduate,More than High school graduate,White college degree,Unfavorable,Unfavorable,3.0,Government is doing too many things better left to businesses and individuals,Went too far,Less than 100k,"$30,000 or more",50k or more,50 to 100 thousand,"$50,000-$99,999","$50,000-$99,999","Over $50,000 and white",No,No,Worried,Very worried,Disapprove,Strongly disapprove,18-44,18-64,Republican,Non-black non-Democrat,All Republicans,Republican,Republican Men,White Republican,Moderate,7.0,Conservative Republicans,Mod./Liberal Republicans,White,White,State questionnaire,White,White,Midwest,Disapprove,The Republican Party,Male,White men,Non married men,,,South Dakota,Election day exit poll,Before that,Before that,Before that,Before that,Seriously off on the wrong track,Version 1,1.20404553413391,No
