ID,AGE,AGE3,AGE8,AGE45,AGE49,AGE60,AGE65,AGEBLACK,AGEBYRACE,AGEBYRACE08,ALDPRS16,ATTEND,ATTEND2,BACKSIDE,CALL,CDNUM,CLINTONLIB,ECONFAIR,ECONWORR,ECOWORR2,EDUC12R,EDUCCOLL,EDUCHS,EDUCWHITE,GEOCODE,GOVTANGR16,GOVTANGR16B,HONESTDEM16,HONESTDEM16CLIN,HONESTDEM16SAND,INC100K,INC30K,INC50K,INCOME3,INCOME4,INCOME16,INCWHITE,INTCRISISDEM16,INTCRISISDEMCLIN,INTCRISISDEMSANDERS,ISSDEM16,OBAMAPLCY,OUTSIDER16,OVER45,OVER65,PARTY,PARTYBLACK,PARTYBYRACE,PARTYID,PARTYWHITE,PHIL4,PHIL2D,PHIL3X,PRECINCT,PREVPRIDEM,QLT16DEMPRI,QRACE3,QRACEAI,QTYPE,RACE,RACE2B,RACEREL14,RACERELCLIN,RACERELDEM16,RACERELSANDERS,REGION,SANDERSLIB,SATHCLIN,SATSANDERS,SCOTUSDEM16,SEX,SEXBYRACE,SIZEPLAC,SIZEPLC3,STANUM,TELEPOLL,TIMENH16,TIMEPRIFEWDAYS,TIMEPRIMTH,TIMEPRIWK,UNFAIRDEM16,UNFAIRDEM16CLIN,UNFAIRDEM16SAND,UNIONHH12,VALUESCLIN,VALUESDEM16,VALUESSANDERS,VERSION,WEIGHT,WHNCLINC
403572.0,45-65,60+,60-64,45+,50+,60+,50-64,Black 60+,Black 60+,Black 45-64,Hillary Clinton,,,Complete,Call 1,7.0,,Favors the wealthy,Very worried,Worried,High school or less,No college degree,High school graduate or less,Non white no college degree,3.0,,,Both of them,Only Clinton or Both of them,Only Sanders or Both of them,Less than 100k,"Under $30,000",Less than 50k,Less than 50 thousand,"Under $50,000","Under $30,000","Under $50,000 and non white",,,,Omit,Generally continue Barack Obama's policies,Have experience in politics,45+,18-64,Democrat,Black Democrat,Black Democrat,Democrat,Non-White Democrats,Very liberal,Liberal,Liberal,17.0,,Cares about people like me,Black,Black,State questionnaire,Black,Non-white,,,,,South,,,,Hillary Clinton,Male,Black men,Rural,Small Cities/Rural,Alabama,Election day exit poll,Before that,Earlier than that,Earlier than that,Earlier than that,Neither did,Only Sanders or Neither of them,Only Clinton or Neither of them,,Only Clinton or Both of them,Only Clinton,Only Clinton or Neither of them,Version 1,1.69818449020386,No
403555.0,65+,60+,65 or over,45+,50+,60+,65+,Black 60+,Black 60+,Black 65+,Hillary Clinton,,,Complete,Call 1,1.0,,Favors the wealthy,Very worried,Worried,Some college/assoc. degree,No college degree,More than High school graduate,Non white no college degree,4.0,,,Only Clinton,Only Clinton or Both of them,Only Clinton or Neither of them,Less than 100k,"$30,000 or more",50k or more,50 to 100 thousand,"$50,000-$99,999","$50,000-$99,999","Over $50,000 and non white",,,,Health care,Generally continue Barack Obama's policies,Have experience in politics,45+,65+,Democrat,Black Democrat,Black Democrat,Democrat,Non-White Democrats,Very liberal,Liberal,Liberal,57.0,,Can win in November,Black,Black,State questionnaire,Black,Non-white,,,,,South,,,,Hillary Clinton,Female,Black women,"Cities 50,000-500,000","Cities over 50,000",Alabama,Election day exit poll,Before that,Earlier than that,Earlier than that,Earlier than that,Only Clinton did,Only Clinton or Both of them,Only Clinton or Neither of them,,Only Clinton or Both of them,Only Clinton,Only Clinton or Neither of them,Version 1,0.68432754278183,No
403552.0,65+,60+,65 or over,45+,50+,60+,65+,Black 60+,Black 60+,Black 65+,Hillary Clinton,,,Complete,Call 1,2.0,,Favors the wealthy,Very worried,Worried,Some college/assoc. degree,No college degree,More than High school graduate,Non white no college degree,3.0,,,Only Clinton,Only Clinton or Both of them,Only Clinton or Neither of them,Less than 100k,"$30,000 or more",Less than 50k,Less than 50 thousand,"Under $50,000","$30,000-$49,999","Under $50,000 and non white",,,,Economy/Jobs,Generally continue Barack Obama's policies,Have experience in politics,45+,65+,Democrat,Black Democrat,Black Democrat,Democrat,Non-White Democrats,,,,69.0,,Honest and trustworthy,Black,Black,State questionnaire,Black,Non-white,,,,,South,,,,Hillary Clinton,Female,Black women,Suburbs,Suburbs,Alabama,Election day exit poll,Before that,Earlier than that,Earlier than that,Earlier than that,Neither did,Only Sanders or Neither of them,Only Clinton or Neither of them,,Only Clinton or Both of them,Only Clinton,Only Clinton or Neither of them,Version 1,1.33968186378479,No
405472.0,65+,60+,65 or over,45+,50+,60+,65+,Non-Black 60+,All others,Latino 65+,Hillary Clinton,,,Complete,Call 1,1.0,,Is fair to most Americans,Somewhat worried,Worried,Some college/assoc. degree,No college degree,More than High school graduate,Non white no college degree,4.0,,,Both of them,Only Clinton or Both of them,Only Sanders or Both of them,Less than 100k,"$30,000 or more",Less than 50k,Less than 50 thousand,"Under $50,000","$30,000-$49,999","Under $50,000 and non white",,,,Economy/Jobs,Generally continue Barack Obama's policies,Have experience in politics,45+,65+,Democrat,Non-black Democrat,All Other,Democrat,Non-White Democrats,Moderate,Moderate or conservative,Moderate,62.0,,Can win in November,Other,American Indian,State questionnaire,Other,Non-white,,,,,South,,,,Hillary Clinton,Male,All other races,Suburbs,Suburbs,Alabama,Election day exit poll,Before that,Earlier than that,Earlier than that,Earlier than that,Both did,Only Clinton or Both of them,Only Sanders or Both of them,,Only Clinton or Both of them,Both of them,Only Sanders or Both of them,Version 1,1.65083014965057,No
417516.0,30-44,30-59,30-39,18-44,18-49,30-44,30-39,Black 30-44,Black 30-44,Black 30-44,Hillary Clinton,,,Complete,Call 3,1.0,,Favors the wealthy,Not at all worried,Not worried,,,,,4.0,,,Only Clinton,Only Clinton or Both of them,Only Clinton or Neither of them,Less than 100k,"$30,000 or more",50k or more,50 to 100 thousand,"$50,000-$99,999","$50,000-$99,999","Over $50,000 and non white",,,,Health care,Generally continue Barack Obama's policies,Have experience in politics,18-44,18-64,Democrat,Black Democrat,Black Democrat,Democrat,Non-White Democrats,Conservative,Moderate or conservative,Conservative,1.0,,Can win in November,Black,Black,State questionnaire,Black,Non-white,,,,,South,,,,Hillary Clinton,Female,Black women,Suburbs,Suburbs,Alabama,Election day exit poll,In the last month,Earlier than that,In the last month,Earlier than that,Neither did,Only Sanders or Neither of them,Only Clinton or Neither of them,,Only Clinton or Both of them,Only Clinton,Only Clinton or Neither of them,Version 1,0.217190697789192,No
411259.0,65+,60+,65 or over,45+,50+,60+,65+,Non-Black 60+,All others,Latino 65+,Hillary Clinton,,,Complete,Call 2,5.0,,Favors the wealthy,Very worried,Worried,Postgraduate study,College graduate,More than High school graduate,Non white college degree,1.0,,,Neither of them,Only Sanders or Neither of them,Only Clinton or Neither of them,,,,,,,,,,,Health care,Change to more liberal policies,Have experience in politics,45+,65+,Democrat,Non-black Democrat,All Other,Democrat,Non-White Democrats,Very liberal,Liberal,Liberal,49.0,,Can win in November,Other,American Indian,State questionnaire,Other,Non-white,,,,,South,,,,Hillary Clinton,Female,All other races,"Cities 50,000-500,000","Cities over 50,000",Alabama,Election day exit poll,Just today,Last few days,In the last month,This month,Omit,Omit,Omit,,Only Clinton or Both of them,Both of them,Only Sanders or Both of them,Version 1,1.05817317962646,No
417050.0,30-44,30-59,30-39,18-44,18-49,30-44,30-39,Black 30-44,Black 30-44,Black 30-44,Hillary Clinton,,,Complete,Call 3,1.0,,Is fair to most Americans,Somewhat worried,Worried,High school or less,No college degree,High school graduate or less,Non white no college degree,4.0,,,Only Clinton,Only Clinton or Both of them,Only Clinton or Neither of them,Less than 100k,"$30,000 or more",Less than 50k,Less than 50 thousand,"Under $50,000","$30,000-$49,999","Under $50,000 and non white",,,,Economy/Jobs,Change to more liberal policies,Have experience in politics,18-44,18-64,Democrat,Black Democrat,Black Democrat,Democrat,Non-White Democrats,Moderate,Moderate or conservative,Moderate,58.0,,Honest and trustworthy,Black,Black,State questionnaire,Black,Non-white,,,,,South,,,,Hillary Clinton,Female,Black women,"Cities 50,000-500,000","Cities over 50,000",Alabama,Election day exit poll,Before that,Earlier than that,Earlier than that,Earlier than that,Neither did,Only Sanders or Neither of them,Only Clinton or Neither of them,,Only Clinton or Both of them,Only Clinton,Only Clinton or Neither of them,Version 1,0.241849914193153,No
403530.0,45-65,30-59,50-59,45+,50+,45-59,50-64,Black 45-59,Black 45-59,Black 45-64,Hillary Clinton,,,Complete,Call 1,2.0,,Favors the wealthy,Very worried,Worried,High school or less,No college degree,High school graduate or less,Non white no college degree,3.0,,,Only Clinton,Only Clinton or Both of them,Only Clinton or Neither of them,Less than 100k,"$30,000 or more",Less than 50k,Less than 50 thousand,"Under $50,000","$30,000-$49,999","Under $50,000 and non white",,,,Income inequality,Generally continue Barack Obama's policies,Have experience in politics,45+,18-64,Democrat,Black Democrat,Black Democrat,Democrat,Non-White Democrats,Very liberal,Liberal,Liberal,67.0,,Cares about people like me,Black,Black,State questionnaire,Black,Non-white,,,,,South,,,,Hillary Clinton,Female,Black women,"Cities 50,000-500,000","Cities over 50,000",Alabama,Election day exit poll,Before that,Earlier than that,Earlier than that,Earlier than that,Only Sanders did,Only Sanders or Neither of them,Only Sanders or Both of them,,Only Clinton or Both of them,Only Clinton,Only Clinton or Neither of them,Version 1,0.965510427951813,No
403526.0,45-65,30-59,45-49,45+,18-49,45-59,40-49,Black 45-59,Black 45-59,Black 45-64,Hillary Clinton,,,Complete,Call 1,3.0,,Favors the wealthy,Somewhat worried,Worried,Some college/assoc. degree,No college degree,More than High school graduate,Non white no college degree,2.0,,,Both of them,Only Clinton or Both of them,Only Sanders or Both of them,Less than 100k,"$30,000 or more",50k or more,50 to 100 thousand,"$50,000-$99,999","$50,000-$99,999","Over $50,000 and non white",,,,Economy/Jobs,Generally continue Barack Obama's policies,Have experience in politics,45+,18-64,Independent/Something else,Black non-Democrat,Black Independent,Something else,All others,Moderate,Moderate or conservative,Moderate,73.0,,Can win in November,Black,Black,State questionnaire,Black,Non-white,,,,,South,,,,Hillary Clinton,Male,Black men,Suburbs,Suburbs,Alabama,Election day exit poll,Before that,Earlier than that,Earlier than that,Earlier than that,Neither did,Only Sanders or Neither of them,Only Clinton or Neither of them,,Only Clinton or Both of them,Only Clinton,Only Clinton or Neither of them,Version 1,0.578375518321991,No
403525.0,45-65,60+,60-64,45+,50+,60+,50-64,Non-Black 60+,White 60+,White 45-64,Hillary Clinton,,,Complete,Call 1,7.0,,Favors the wealthy,Somewhat worried,Worried,Postgraduate study,College graduate,More than High school graduate,White college degree,3.0,,,Both of them,Only Clinton or Both of them,Only Sanders or Both of them,Less than 100k,"$30,000 or more",Less than 50k,Less than 50 thousand,"Under $50,000","$30,000-$49,999","Under $50,000 and white",,,,Income inequality,Generally continue Barack Obama's policies,Have experience in politics,45+,18-64,Democrat,Non-black Democrat,White Democrat,Democrat,White Democrat,Moderate,Moderate or conservative,Moderate,38.0,,Has the right experience,White,White,State questionnaire,White,White,,,,,South,,,,Hillary Clinton,Male,White men,"Cities 50,000-500,000","Cities over 50,000",Alabama,Election day exit poll,Before that,Earlier than that,Earlier than that,Earlier than that,Neither did,Only Sanders or Neither of them,Only Clinton or Neither of them,,Only Clinton or Both of them,Both of them,Only Sanders or Both of them,Version 1,2.24926662445068,No
403520.0,65+,60+,65 or over,45+,50+,60+,65+,Black 60+,Black 60+,Black 65+,Hillary Clinton,,,Complete,Call 1,1.0,,Favors the wealthy,Very worried,Worried,College graduate,College graduate,More than High school graduate,Non white college degree,4.0,,,Only Clinton,Only Clinton or Both of them,Only Clinton or Neither of them,Less than 100k,"$30,000 or more",Less than 50k,Less than 50 thousand,"Under $50,000","$30,000-$49,999","Under $50,000 and non white",,,,Health care,Change to less liberal policies,Have experience in politics,45+,65+,Democrat,Black Democrat,Black Democrat,Democrat,Non-White Democrats,Very liberal,Liberal,Liberal,57.0,,Honest and trustworthy,Black,Black,State questionnaire,Black,Non-white,,,,,South,,,,Hillary Clinton,Female,Black women,"Cities 50,000-500,000","Cities over 50,000",Alabama,Election day exit poll,Before that,Earlier than that,Earlier than that,Earlier than that,Only Clinton did,Only Clinton or Both of them,Only Clinton or Neither of them,,Only Clinton or Both of them,Only Clinton,Only Clinton or Neither of them,Version 1,0.68432754278183,No
405450.0,45-65,60+,60-64,45+,50+,60+,50-64,Non-Black 60+,All others,All others,Hillary Clinton,,,Complete,Call 1,1.0,,Favors the wealthy,Somewhat worried,Worried,Some college/assoc. degree,No college degree,More than High school graduate,Non white no college degree,4.0,,,Only Clinton,Only Clinton or Both of them,Only Clinton or Neither of them,Less than 100k,"$30,000 or more",Less than 50k,Less than 50 thousand,"Under $50,000","$30,000-$49,999","Under $50,000 and non white",,,,Health care,Generally continue Barack Obama's policies,Have experience in politics,45+,18-64,Democrat,Non-black Democrat,All Other,Democrat,Non-White Democrats,Very liberal,Liberal,Liberal,62.0,,Honest and trustworthy,Other,Other,State questionnaire,Other,Non-white,,,,,South,,,,Hillary Clinton,Male,All other races,Suburbs,Suburbs,Alabama,Election day exit poll,Before that,Earlier than that,Earlier than that,Earlier than that,Neither did,Only Sanders or Neither of them,Only Clinton or Neither of them,,Only Clinton or Both of them,Only Clinton,Only Clinton or Neither of them,Version 1,1.65083014965057,No
416571.0,45-65,30-59,45-49,45+,18-49,45-59,40-49,Black 45-59,Black 45-59,Black 45-64,Hillary Clinton,,,Complete,Call 3,1.0,,Favors the wealthy,Very worried,Worried,Postgraduate study,College graduate,More than High school graduate,Non white college degree,4.0,,,Both of them,Only Clinton or Both of them,Only Sanders or Both of them,Less than 100k,"$30,000 or more",50k or more,50 to 100 thousand,"$50,000-$99,999","$50,000-$99,999","Over $50,000 and non white",,,,Income inequality,Generally continue Barack Obama's policies,Be from outside the political establishment,45+,18-64,Democrat,Black Democrat,Black Democrat,Democrat,Non-White Democrats,Somewhat liberal,Liberal,Liberal,57.0,,Cares about people like me,Black,Black,State questionnaire,Black,Non-white,,,,,South,,,,Hillary Clinton,Female,Black women,"Cities 50,000-500,000","Cities over 50,000",Alabama,Election day exit poll,Before that,Earlier than that,Earlier than that,Earlier than that,Both did,Only Clinton or Both of them,Only Sanders or Both of them,,Only Clinton or Both of them,Only Clinton,Only Clinton or Neither of them,Version 1,0.598402619361877,No
403506.0,45-65,30-59,45-49,45+,18-49,45-59,40-49,Black 45-59,Black 45-59,Black 45-64,Hillary Clinton,,,Complete,Call 1,2.0,,Is fair to most Americans,Very worried,Worried,Some college/assoc. degree,No college degree,More than High school graduate,Non white no college degree,3.0,,,Only Clinton,Only Clinton or Both of them,Only Clinton or Neither of them,Less than 100k,"$30,000 or more",50k or more,50 to 100 thousand,"$50,000-$99,999","$50,000-$99,999","Over $50,000 and non white",,,,Economy/Jobs,Generally continue Barack Obama's policies,Have experience in politics,45+,18-64,Democrat,Black Democrat,Black Democrat,Democrat,Non-White Democrats,Moderate,Moderate or conservative,Moderate,67.0,,Cares about people like me,Black,Black,State questionnaire,Black,Non-white,,,,,South,,,,Hillary Clinton,Male,Black men,"Cities 50,000-500,000","Cities over 50,000",Alabama,Election day exit poll,Just today,Last few days,In the last month,This month,Neither did,Only Sanders or Neither of them,Only Clinton or Neither of them,,Only Clinton or Both of them,Only Clinton,Only Clinton or Neither of them,Version 1,1.06470251083374,No
411219.0,30-44,30-59,30-39,18-44,18-49,30-44,30-39,Black 30-44,Black 30-44,Black 30-44,Hillary Clinton,,,Complete,Call 2,7.0,,Favors the wealthy,Not too worried,Not worried,High school or less,No college degree,High school graduate or less,Non white no college degree,3.0,,,Neither of them,Only Sanders or Neither of them,Only Clinton or Neither of them,Less than 100k,"Under $30,000",Less than 50k,Less than 50 thousand,"Under $50,000","Under $30,000","Under $50,000 and non white",,,,Health care,Change to less liberal policies,Have experience in politics,18-44,18-64,Democrat,Black Democrat,Black Democrat,Democrat,Non-White Democrats,Moderate,Moderate or conservative,Moderate,17.0,,Has the right experience,Black,Black,State questionnaire,Black,Non-white,,,,,South,,,,Hillary Clinton,Male,Black men,Rural,Small Cities/Rural,Alabama,Election day exit poll,Just today,Last few days,In the last month,This month,Both did,Only Clinton or Both of them,Only Sanders or Both of them,,Only Clinton or Both of them,Only Clinton,Only Clinton or Neither of them,Version 1,1.28541266918182,No
417009.0,30-44,30-59,40-44,18-44,18-49,30-44,40-49,Black 30-44,Black 30-44,Black 30-44,Hillary Clinton,,,Complete,Call 3,1.0,,Favors the wealthy,Very worried,Worried,Some college/assoc. degree,No college degree,More than High school graduate,Non white no college degree,4.0,,,Both of them,Only Clinton or Both of them,Only Sanders or Both of them,Less than 100k,"$30,000 or more",50k or more,50 to 100 thousand,"$50,000-$99,999","$50,000-$99,999","Over $50,000 and non white",,,,Terrorism,Generally continue Barack Obama's policies,Have experience in politics,18-44,18-64,Democrat,Black Democrat,Black Democrat,Democrat,Non-White Democrats,Somewhat liberal,Liberal,Liberal,58.0,,Honest and trustworthy,Black,Black,State questionnaire,Black,Non-white,,,,,South,,,,Hillary Clinton,Female,Black women,"Cities 50,000-500,000","Cities over 50,000",Alabama,Election day exit poll,In the last month,Earlier than that,In the last month,Earlier than that,Neither did,Only Sanders or Neither of them,Only Clinton or Neither of them,,Only Clinton or Both of them,Both of them,Only Sanders or Both of them,Version 1,0.241849914193153,No
403485.0,30-44,30-59,40-44,18-44,18-49,30-44,40-49,Black 30-44,Black 30-44,Black 30-44,Hillary Clinton,,,Complete,Call 1,1.0,,Is fair to most Americans,Very worried,Worried,High school or less,No college degree,High school graduate or less,Non white no college degree,4.0,,,Only Clinton,Only Clinton or Both of them,Only Clinton or Neither of them,Less than 100k,"Under $30,000",Less than 50k,Less than 50 thousand,"Under $50,000","Under $30,000","Under $50,000 and non white",,,,Economy/Jobs,Generally continue Barack Obama's policies,Have experience in politics,18-44,18-64,Democrat,Black Democrat,Black Democrat,Democrat,Non-White Democrats,Conservative,Moderate or conservative,Conservative,58.0,,Cares about people like me,Black,Black,State questionnaire,Black,Non-white,,,,,South,,,,Hillary Clinton,Female,Black women,"Cities 50,000-500,000","Cities over 50,000",Alabama,Election day exit poll,In the last month,Earlier than that,In the last month,Earlier than that,Neither did,Only Sanders or Neither of them,Only Clinton or Neither of them,,Only Clinton or Both of them,Only Clinton,Only Clinton or Neither of them,Version 1,0.241849914193153,No
403482.0,30-44,30-59,30-39,18-44,18-49,30-44,30-39,Black 30-44,Black 30-44,Black 30-44,Hillary Clinton,,,Complete,Call 1,1.0,,Favors the wealthy,Very worried,Worried,College graduate,College graduate,More than High school graduate,Non white college degree,4.0,,,Only Clinton,Only Clinton or Both of them,Only Clinton or Neither of them,Less than 100k,"$30,000 or more",Less than 50k,Less than 50 thousand,"Under $50,000","$30,000-$49,999","Under $50,000 and non white",,,,Health care,Generally continue Barack Obama's policies,Have experience in politics,18-44,18-64,Democrat,Black Democrat,Black Democrat,Democrat,Non-White Democrats,Very liberal,Liberal,Liberal,57.0,,Can win in November,Black,Black,State questionnaire,Black,Non-white,,,,,South,,,,Hillary Clinton,Female,Black women,"Cities 50,000-500,000","Cities over 50,000",Alabama,Election day exit poll,Before that,Earlier than that,Earlier than that,Earlier than that,Neither did,Only Sanders or Neither of them,Only Clinton or Neither of them,,Only Clinton or Both of them,Only Clinton,Only Clinton or Neither of them,Version 1,0.598402619361877,No
403480.0,18-29,18-29,18-24,18-44,18-49,18-29,18-24,Black 18-29,Black 18-29,Black 18-29,Hillary Clinton,,,Complete,Call 1,2.0,,Favors the wealthy,Not too worried,Not worried,High school or less,No college degree,High school graduate or less,Non white no college degree,3.0,,,Only Clinton,Only Clinton or Both of them,Only Clinton or Neither of them,Less than 100k,"$30,000 or more",50k or more,50 to 100 thousand,"$50,000-$99,999","$50,000-$99,999","Over $50,000 and non white",,,,Income inequality,Generally continue Barack Obama's policies,Be from outside the political establishment,18-44,18-64,Democrat,Black Democrat,Black Democrat,Democrat,Non-White Democrats,Very liberal,Liberal,Liberal,67.0,,Cares about people like me,Black,Black,State questionnaire,Black,Non-white,,,,,South,,,,Hillary Clinton,Male,Black men,"Cities 50,000-500,000","Cities over 50,000",Alabama,Election day exit poll,Just today,Last few days,In the last month,This month,Neither did,Only Sanders or Neither of them,Only Clinton or Neither of them,,Only Clinton or Both of them,Only Clinton,Only Clinton or Neither of them,Version 1,1.14898693561554,No
416993.0,45-65,30-59,50-59,45+,50+,45-59,50-64,Black 45-59,Black 45-59,Black 45-64,Hillary Clinton,,,Complete,Call 3,2.0,,Favors the wealthy,Omit,Omit,Some college/assoc. degree,No college degree,More than High school graduate,Non white no college degree,3.0,,,Only Clinton,Only Clinton or Both of them,Only Clinton or Neither of them,Less than 100k,"Under $30,000",Less than 50k,Less than 50 thousand,"Under $50,000","Under $30,000","Under $50,000 and non white",,,,Health care,Generally continue Barack Obama's policies,Have experience in politics,45+,18-64,Democrat,Black Democrat,Black Democrat,Democrat,Non-White Democrats,Very liberal,Liberal,Liberal,69.0,,Can win in November,Black,Black,State questionnaire,Black,Non-white,,,,,South,,,,Hillary Clinton,Female,Black women,Suburbs,Suburbs,Alabama,Election day exit poll,Before that,Earlier than that,Earlier than that,Earlier than that,Omit,Omit,Omit,,Only Clinton or Both of them,Only Clinton,Only Clinton or Neither of them,Version 1,1.01405000686646,No
403475.0,18-29,18-29,25-29,18-44,18-49,18-29,25-29,Black 18-29,Black 18-29,Black 18-29,Hillary Clinton,,,Complete,Call 1,7.0,,Favors the wealthy,Not too worried,Not worried,College graduate,College graduate,More than High school graduate,Non white college degree,3.0,,,Only Clinton,Only Clinton or Both of them,Only Clinton or Neither of them,Less than 100k,"$30,000 or more",Less than 50k,Less than 50 thousand,"Under $50,000","$30,000-$49,999","Under $50,000 and non white",,,,Income inequality,Generally continue Barack Obama's policies,Have experience in politics,18-44,18-64,Democrat,Black Democrat,Black Democrat,Democrat,Non-White Democrats,Conservative,Moderate or conservative,Conservative,33.0,,Cares about people like me,Black,Black,State questionnaire,Black,Non-white,,,,,South,,,,Hillary Clinton,Female,Black women,"Cities 50,000-500,000","Cities over 50,000",Alabama,Election day exit poll,Sometime last week,Earlier than that,In the last month,This month,Neither did,Only Sanders or Neither of them,Only Clinton or Neither of them,,Only Clinton or Both of them,Only Clinton,Only Clinton or Neither of them,Version 1,2.25704455375671,No
416990.0,45-65,60+,60-64,45+,50+,60+,50-64,Black 60+,Black 60+,Black 45-64,Hillary Clinton,,,Complete,Call 3,1.0,,Favors the wealthy,Very worried,Worried,College graduate,College graduate,More than High school graduate,Non white college degree,4.0,,,Both of them,Only Clinton or Both of them,Only Sanders or Both of them,100k or more,"$30,000 or more",50k or more,100 thousand or more,"$100,000-$199,999","$100,000-$199,999","Over $50,000 and non white",,,,Terrorism,Generally continue Barack Obama's policies,Have experience in politics,45+,18-64,Democrat,Black Democrat,Black Democrat,Democrat,Non-White Democrats,Somewhat liberal,Liberal,Liberal,59.0,,Has the right experience,Black,Black,State questionnaire,Black,Non-white,,,,,South,,,,Hillary Clinton,Male,Black men,"Cities 50,000-500,000","Cities over 50,000",Alabama,Election day exit poll,Before that,Earlier than that,Earlier than that,Earlier than that,Neither did,Only Sanders or Neither of them,Only Clinton or Neither of them,,Only Clinton or Both of them,Both of them,Only Sanders or Both of them,Version 1,0.417816549539566,No
416989.0,45-65,60+,60-64,45+,50+,60+,50-64,Black 60+,Black 60+,Black 45-64,Hillary Clinton,,,Complete,Call 3,5.0,,Favors the wealthy,Somewhat worried,Worried,College graduate,College graduate,More than High school graduate,Non white college degree,1.0,,,Only Sanders,Only Sanders or Neither of them,Only Sanders or Both of them,Less than 100k,"$30,000 or more",Less than 50k,Less than 50 thousand,"Under $50,000","$30,000-$49,999","Under $50,000 and non white",,,,Health care,Generally continue Barack Obama's policies,Have experience in politics,45+,18-64,Democrat,Black Democrat,Black Democrat,Democrat,Non-White Democrats,Moderate,Moderate or conservative,Moderate,44.0,,Cares about people like me,Black,Black,State questionnaire,Black,Non-white,,,,,South,,,,Hillary Clinton,Female,Black women,"Cities 50,000-500,000","Cities over 50,000",Alabama,Election day exit poll,Before that,Earlier than that,Earlier than that,Earlier than that,Neither did,Only Sanders or Neither of them,Only Clinton or Neither of them,,Only Clinton or Both of them,Only Clinton,Only Clinton or Neither of them,Version 1,0.626122772693634,No
411193.0,18-29,18-29,25-29,18-44,18-49,18-29,25-29,Black 18-29,Black 18-29,Black 18-29,Hillary Clinton,,,Complete,Call 2,7.0,,Favors the wealthy,Very worried,Worried,College graduate,College graduate,More than High school graduate,Non white college degree,3.0,,,Only Clinton,Only Clinton or Both of them,Only Clinton or Neither of them,Less than 100k,"Under $30,000",Less than 50k,Less than 50 thousand,"Under $50,000","Under $30,000","Under $50,000 and non white",,,,Health care,Generally continue Barack Obama's policies,Have experience in politics,18-44,18-64,Democrat,Black Democrat,Black Democrat,Democrat,Non-White Democrats,Very liberal,Liberal,Liberal,17.0,,Can win in November,Black,Black,State questionnaire,Black,Non-white,,,,,South,,,,Hillary Clinton,Female,Black women,Rural,Small Cities/Rural,Alabama,Election day exit poll,Just today,Last few days,In the last month,This month,Only Clinton did,Only Clinton or Both of them,Only Clinton or Neither of them,,Only Clinton or Both of them,Only Clinton,Only Clinton or Neither of them,Version 1,1.25793468952179,No
403468.0,45-65,30-59,45-49,45+,18-49,45-59,40-49,Black 45-59,Black 45-59,Black 45-64,Hillary Clinton,,,Complete,Call 1,2.0,,Favors the wealthy,Very worried,Worried,Some college/assoc. degree,No college degree,More than High school graduate,Non white no college degree,3.0,,,Both of them,Only Clinton or Both of them,Only Sanders or Both of them,Less than 100k,"$30,000 or more",50k or more,50 to 100 thousand,"$50,000-$99,999","$50,000-$99,999","Over $50,000 and non white",,,,Health care,Generally continue Barack Obama's policies,Have experience in politics,45+,18-64,Democrat,Black Democrat,Black Democrat,Democrat,Non-White Democrats,Moderate,Moderate or conservative,Moderate,69.0,,Has the right experience,Black,Black,State questionnaire,Black,Non-white,,,,,South,,,,Hillary Clinton,Female,Black women,Suburbs,Suburbs,Alabama,Election day exit poll,Just today,Last few days,In the last month,This month,Neither did,Only Sanders or Neither of them,Only Clinton or Neither of them,,Only Clinton or Both of them,Both of them,Only Sanders or Both of them,Version 1,1.01405000686646,No
404333.0,65+,60+,65 or over,45+,50+,60+,65+,Non-Black 60+,White 60+,White 65+,Hillary Clinton,,,Complete,Call 1,6.0,,Favors the wealthy,Somewhat worried,Worried,,,,,2.0,,,Both of them,Only Clinton or Both of them,Only Sanders or Both of them,100k or more,"$30,000 or more",50k or more,100 thousand or more,"$100,000-$199,999","$100,000-$199,999","Over $50,000 and white",,,,Income inequality,Change to more liberal policies,Have experience in politics,45+,65+,Democrat,Non-black Democrat,White Democrat,Democrat,White Democrat,Somewhat liberal,Liberal,Liberal,77.0,,Honest and trustworthy,White,White,State questionnaire,White,White,,,,,South,,,,Hillary Clinton,Male,White men,"Cities 50,000-500,000","Cities over 50,000",Alabama,Election day exit poll,In the last month,Earlier than that,In the last month,Earlier than that,Neither did,Only Sanders or Neither of them,Only Clinton or Neither of them,,Only Clinton or Both of them,Both of them,Only Sanders or Both of them,Version 1,3.26471447944641,No
403457.0,45-65,30-59,50-59,45+,50+,45-59,50-64,Non-Black 45-59,White 45-59,White 45-64,Hillary Clinton,,,Not complete,Call 1,5.0,,Favors the wealthy,,,,,,,1.0,,,,,,,,,,,,,,,,,Generally continue Barack Obama's policies,Have experience in politics,45+,18-64,,,,,,,,,46.0,,,White,White,State questionnaire,White,White,,,,,South,,,,Hillary Clinton,Male,White men,"Cities 50,000-500,000","Cities over 50,000",Alabama,Election day exit poll,Before that,Earlier than that,Earlier than that,Earlier than that,,,,,,,,Version 1,1.57190108299255,
403455.0,45-65,60+,60-64,45+,50+,60+,50-64,Black 60+,Black 60+,Black 45-64,Hillary Clinton,,,Complete,Call 1,2.0,,Omit,Omit,Omit,High school or less,No college degree,High school graduate or less,Non white no college degree,3.0,,,Neither of them,Only Sanders or Neither of them,Only Clinton or Neither of them,Less than 100k,"Under $30,000",Less than 50k,Less than 50 thousand,"Under $50,000","Under $30,000","Under $50,000 and non white",,,,Health care,Generally continue Barack Obama's policies,Have experience in politics,45+,18-64,Independent/Something else,Black non-Democrat,Black Independent,Independent,All others,Conservative,Moderate or conservative,Conservative,67.0,,Cares about people like me,Black,Black,State questionnaire,Black,Non-white,,,,,South,,,,Hillary Clinton,Male,Black men,"Cities 50,000-500,000","Cities over 50,000",Alabama,Election day exit poll,Before that,Earlier than that,Earlier than that,Earlier than that,Only Clinton did,Only Clinton or Both of them,Only Clinton or Neither of them,,Omit,Omit,Omit,Version 1,1.40659987926483,No
415040.0,30-44,30-59,30-39,18-44,18-49,30-44,30-39,Black 30-44,Black 30-44,Black 30-44,Hillary Clinton,,,Complete,Call 3,7.0,,Is fair to most Americans,Very worried,Worried,College graduate,College graduate,More than High school graduate,Non white college degree,3.0,,,Only Clinton,Only Clinton or Both of them,Only Clinton or Neither of them,Less than 100k,"$30,000 or more",Less than 50k,Less than 50 thousand,"Under $50,000","$30,000-$49,999","Under $50,000 and non white",,,,Economy/Jobs,Generally continue Barack Obama's policies,Have experience in politics,18-44,18-64,Democrat,Black Democrat,Black Democrat,Democrat,Non-White Democrats,Very liberal,Liberal,Liberal,34.0,,Can win in November,Black,Black,State questionnaire,Black,Non-white,,,,,South,,,,Hillary Clinton,Male,Black men,"Cities 50,000-500,000","Cities over 50,000",Alabama,Election day exit poll,In the last month,Earlier than that,In the last month,Earlier than that,Only Clinton did,Only Clinton or Both of them,Only Clinton or Neither of them,,Only Clinton or Both of them,Only Clinton,Only Clinton or Neither of them,Version 1,2.30058121681213,No
417431.0,45-65,60+,60-64,45+,50+,60+,50-64,Black 60+,Black 60+,Black 45-64,Hillary Clinton,,,Complete,Call 3,5.0,,Favors the wealthy,Very worried,Worried,College graduate,College graduate,More than High school graduate,Non white college degree,1.0,,,Both of them,Only Clinton or Both of them,Only Sanders or Both of them,Less than 100k,"$30,000 or more",50k or more,50 to 100 thousand,"$50,000-$99,999","$50,000-$99,999","Over $50,000 and non white",,,,Economy/Jobs,Generally continue Barack Obama's policies,Have experience in politics,45+,18-64,Democrat,Black Democrat,Black Democrat,Democrat,Non-White Democrats,Moderate,Moderate or conservative,Moderate,49.0,,Cares about people like me,Black,Black,State questionnaire,Black,Non-white,,,,,South,,,,Hillary Clinton,Female,Black women,"Cities 50,000-500,000","Cities over 50,000",Alabama,Election day exit poll,Before that,Earlier than that,Earlier than that,Earlier than that,Neither did,Only Sanders or Neither of them,Only Clinton or Neither of them,,Only Clinton or Both of them,Both of them,Only Sanders or Both of them,Version 1,0.300555914640427,No
403447.0,45-65,30-59,45-49,45+,18-49,45-59,40-49,Black 45-59,Black 45-59,Black 45-64,Hillary Clinton,,,Complete,Call 1,7.0,,Favors the wealthy,Not too worried,Not worried,High school or less,No college degree,High school graduate or less,Non white no college degree,3.0,,,Only Clinton,Only Clinton or Both of them,Only Clinton or Neither of them,Less than 100k,"$30,000 or more",50k or more,50 to 100 thousand,"$50,000-$99,999","$50,000-$99,999","Over $50,000 and non white",,,,Economy/Jobs,Generally continue Barack Obama's policies,Have experience in politics,45+,18-64,Democrat,Black Democrat,Black Democrat,Democrat,Non-White Democrats,Very liberal,Liberal,Liberal,33.0,,Can win in November,Black,Black,State questionnaire,Black,Non-white,,,,,South,,,,Hillary Clinton,Female,Black women,"Cities 50,000-500,000","Cities over 50,000",Alabama,Election day exit poll,In the last month,Earlier than that,In the last month,Earlier than that,Only Clinton did,Only Clinton or Both of them,Only Clinton or Neither of them,,Only Clinton or Both of them,Only Clinton,Only Clinton or Neither of them,Version 1,2.09147810935974,No
411161.0,30-44,30-59,40-44,18-44,18-49,30-44,40-49,Black 30-44,Black 30-44,Black 30-44,Hillary Clinton,,,Complete,Call 2,7.0,,Favors the wealthy,Very worried,Worried,Some college/assoc. degree,No college degree,More than High school graduate,Non white no college degree,3.0,,,Only Clinton,Only Clinton or Both of them,Only Clinton or Neither of them,Less than 100k,"$30,000 or more",Less than 50k,Less than 50 thousand,"Under $50,000","$30,000-$49,999","Under $50,000 and non white",,,,Economy/Jobs,Generally continue Barack Obama's policies,Have experience in politics,18-44,18-64,Democrat,Black Democrat,Black Democrat,Democrat,Non-White Democrats,Conservative,Moderate or conservative,Conservative,17.0,,Omit,Black,Black,State questionnaire,Black,Non-white,,,,,South,,,,Hillary Clinton,Female,Black women,Rural,Small Cities/Rural,Alabama,Election day exit poll,Before that,Earlier than that,Earlier than that,Earlier than that,Only Sanders did,Only Sanders or Neither of them,Only Sanders or Both of them,,Only Clinton or Both of them,Only Clinton,Only Clinton or Neither of them,Version 1,1.16565835475922,No
405130.0,30-44,30-59,30-39,18-44,18-49,30-44,30-39,Black 30-44,Black 30-44,Black 30-44,Hillary Clinton,,,Complete,Call 1,1.0,,Favors the wealthy,Very worried,Worried,College graduate,College graduate,More than High school graduate,Non white college degree,4.0,,,Only Clinton,Only Clinton or Both of them,Only Clinton or Neither of them,Less than 100k,"Under $30,000",Less than 50k,Less than 50 thousand,"Under $50,000","Under $30,000","Under $50,000 and non white",,,,Income inequality,Generally continue Barack Obama's policies,Have experience in politics,18-44,18-64,Independent/Something else,Black non-Democrat,Black Independent,Independent,All others,Moderate,Moderate or conservative,Moderate,62.0,,Can win in November,Black,Black,State questionnaire,Black,Non-white,,,,,South,,,,Hillary Clinton,Female,Black women,Suburbs,Suburbs,Alabama,Election day exit poll,Just today,Last few days,In the last month,This month,Only Clinton did,Only Clinton or Both of them,Only Clinton or Neither of them,,Only Clinton or Both of them,Only Clinton,Only Clinton or Neither of them,Version 1,0.424087733030319,No
416948.0,45-65,30-59,50-59,45+,50+,45-59,50-64,Black 45-59,Black 45-59,Black 45-64,Hillary Clinton,,,Complete,Call 3,1.0,,Is fair to most Americans,Not at all worried,Not worried,Some college/assoc. degree,No college degree,More than High school graduate,Non white no college degree,4.0,,,Both of them,Only Clinton or Both of them,Only Sanders or Both of them,Less than 100k,"Under $30,000",Less than 50k,Less than 50 thousand,"Under $50,000","Under $30,000","Under $50,000 and non white",,,,Health care,Generally continue Barack Obama's policies,Have experience in politics,45+,18-64,Democrat,Black Democrat,Black Democrat,Democrat,Non-White Democrats,Moderate,Moderate or conservative,Moderate,59.0,,Cares about people like me,Black,Black,State questionnaire,Black,Non-white,,,,,South,,,,Hillary Clinton,Female,Black women,"Cities 50,000-500,000","Cities over 50,000",Alabama,Election day exit poll,Before that,Earlier than that,Earlier than that,Earlier than that,Both did,Only Clinton or Both of them,Only Sanders or Both of them,,Only Clinton or Both of them,Only Clinton,Only Clinton or Neither of them,Version 1,0.331317067146301,No
403430.0,65+,60+,65 or over,45+,50+,60+,65+,Black 60+,Black 60+,Black 65+,Hillary Clinton,,,Complete,Call 1,5.0,,Is fair to most Americans,Omit,Omit,College graduate,College graduate,More than High school graduate,Non white college degree,1.0,,,Omit,Omit,Omit,Less than 100k,"$30,000 or more",50k or more,50 to 100 thousand,"$50,000-$99,999","$50,000-$99,999","Over $50,000 and non white",,,,Economy/Jobs,Change to more liberal policies,Have experience in politics,45+,65+,Democrat,Black Democrat,Black Democrat,Democrat,Non-White Democrats,Moderate,Moderate or conservative,Moderate,46.0,,Cares about people like me,Black,Black,State questionnaire,Black,Non-white,,,,,South,,,,Hillary Clinton,Female,Black women,"Cities 50,000-500,000","Cities over 50,000",Alabama,Election day exit poll,Before that,Earlier than that,Earlier than that,Earlier than that,Omit,Omit,Omit,,Omit,Omit,Omit,Version 1,0.467133194208145,No
410579.0,45-65,30-59,50-59,45+,50+,45-59,50-64,Non-Black 45-59,White 45-59,White 45-64,Hillary Clinton,,,Complete,Call 2,1.0,,Favors the wealthy,Very worried,Worried,Some college/assoc. degree,No college degree,More than High school graduate,White no college degree,4.0,,,Both of them,Only Clinton or Both of them,Only Sanders or Both of them,Less than 100k,"Under $30,000",Less than 50k,Less than 50 thousand,"Under $50,000","Under $30,000","Under $50,000 and white",,,,Health care,Change to more liberal policies,Have experience in politics,45+,18-64,Democrat,Non-black Democrat,White Democrat,Democrat,White Democrat,Somewhat liberal,Liberal,Liberal,1.0,,Cares about people like me,White,White,State questionnaire,White,White,,,,,South,,,,Hillary Clinton,Female,White women,Suburbs,Suburbs,Alabama,Election day exit poll,Just today,Last few days,In the last month,This month,Neither did,Only Sanders or Neither of them,Only Clinton or Neither of them,,Only Clinton or Both of them,Only Clinton,Only Clinton or Neither of them,Version 1,0.808054983615875,Yes
403390.0,65+,60+,65 or over,45+,50+,60+,65+,Black 60+,Black 60+,Black 65+,Hillary Clinton,,,Complete,Call 1,1.0,,Favors the wealthy,Not too worried,Not worried,Some college/assoc. degree,No college degree,More than High school graduate,Non white no college degree,4.0,,,Both of them,Only Clinton or Both of them,Only Sanders or Both of them,Less than 100k,"Under $30,000",Less than 50k,Less than 50 thousand,"Under $50,000","Under $30,000","Under $50,000 and non white",,,,Income inequality,Change to more liberal policies,Have experience in politics,45+,65+,Democrat,Black Democrat,Black Democrat,Democrat,Non-White Democrats,Moderate,Moderate or conservative,Moderate,58.0,,Has the right experience,Black,Black,State questionnaire,Black,Non-white,,,,,South,,,,Hillary Clinton,Male,Black men,"Cities 50,000-500,000","Cities over 50,000",Alabama,Election day exit poll,Before that,Earlier than that,Earlier than that,Earlier than that,Neither did,Only Sanders or Neither of them,Only Clinton or Neither of them,,Only Clinton or Both of them,Both of them,Only Sanders or Both of them,Version 1,0.304991513490677,No
403388.0,65+,60+,65 or over,45+,50+,60+,65+,Non-Black 60+,White 60+,White 65+,Hillary Clinton,,,Complete,Call 1,5.0,,Favors the wealthy,Somewhat worried,Worried,Postgraduate study,College graduate,More than High school graduate,White college degree,1.0,,,Both of them,Only Clinton or Both of them,Only Sanders or Both of them,100k or more,"$30,000 or more",50k or more,100 thousand or more,"$100,000-$199,999","$100,000-$199,999","Over $50,000 and white",,,,Health care,Generally continue Barack Obama's policies,Have experience in politics,45+,65+,Independent/Something else,Non-black non-Democrat,White Independent,Independent,White Independent,Moderate,Moderate or conservative,Moderate,46.0,,Has the right experience,White,White,State questionnaire,White,White,,,,,South,,,,Hillary Clinton,Female,White women,"Cities 50,000-500,000","Cities over 50,000",Alabama,Election day exit poll,Before that,Earlier than that,Earlier than that,Earlier than that,Neither did,Only Sanders or Neither of them,Only Clinton or Neither of them,,Only Clinton or Both of them,Only Clinton,Only Clinton or Neither of them,Version 1,1.64464509487152,No
411108.0,18-29,18-29,18-24,18-44,18-49,18-29,18-24,Black 18-29,Black 18-29,Black 18-29,Hillary Clinton,,,Complete,Call 2,7.0,,Favors the wealthy,Very worried,Worried,Some college/assoc. degree,No college degree,More than High school graduate,Non white no college degree,3.0,,,Only Clinton,Only Clinton or Both of them,Only Clinton or Neither of them,Less than 100k,"Under $30,000",Less than 50k,Less than 50 thousand,"Under $50,000","Under $30,000","Under $50,000 and non white",,,,Economy/Jobs,Generally continue Barack Obama's policies,Be from outside the political establishment,18-44,18-64,Democrat,Black Democrat,Black Democrat,Democrat,Non-White Democrats,Conservative,Moderate or conservative,Conservative,17.0,,Cares about people like me,Black,Black,State questionnaire,Black,Non-white,,,,,South,,,,Hillary Clinton,Female,Black women,Rural,Small Cities/Rural,Alabama,Election day exit poll,Just today,Last few days,In the last month,This month,Neither did,Only Sanders or Neither of them,Only Clinton or Neither of them,,Only Sanders or Neither of them,Neither of them,Only Clinton or Neither of them,Version 1,1.25793468952179,No
404258.0,45-65,30-59,50-59,45+,50+,45-59,50-64,Non-Black 45-59,White 45-59,White 45-64,Hillary Clinton,,,Complete,Call 1,6.0,,Favors the wealthy,Not too worried,Not worried,College graduate,College graduate,More than High school graduate,White college degree,2.0,,,Only Sanders,Only Sanders or Neither of them,Only Sanders or Both of them,Less than 100k,"$30,000 or more",50k or more,50 to 100 thousand,"$50,000-$99,999","$50,000-$99,999","Over $50,000 and white",,,,Economy/Jobs,Generally continue Barack Obama's policies,Have experience in politics,45+,18-64,Democrat,Non-black Democrat,White Democrat,Democrat,White Democrat,Somewhat liberal,Liberal,Liberal,74.0,,Can win in November,White,White,State questionnaire,White,White,,,,,South,,,,Hillary Clinton,Male,White men,Suburbs,Suburbs,Alabama,Election day exit poll,In the last month,Earlier than that,In the last month,Earlier than that,Neither did,Only Sanders or Neither of them,Only Clinton or Neither of them,,Only Clinton or Both of them,Both of them,Only Sanders or Both of them,Version 1,1.23688113689423,No
417798.0,18-29,18-29,18-24,18-44,18-49,18-29,18-24,Black 18-29,Black 18-29,Black 18-29,Hillary Clinton,,,Complete,Call 3,1.0,,Favors the wealthy,Very worried,Worried,College graduate,College graduate,More than High school graduate,Non white college degree,4.0,,,Only Clinton,Only Clinton or Both of them,Only Clinton or Neither of them,Less than 100k,"Under $30,000",Less than 50k,Less than 50 thousand,"Under $50,000","Under $30,000","Under $50,000 and non white",,,,Economy/Jobs,Generally continue Barack Obama's policies,Have experience in politics,18-44,18-64,Democrat,Black Democrat,Black Democrat,Democrat,Non-White Democrats,Somewhat liberal,Liberal,Liberal,60.0,,Honest and trustworthy,Black,Black,State questionnaire,Black,Non-white,,,,,South,,,,Hillary Clinton,Female,Black women,Suburbs,Suburbs,Alabama,Election day exit poll,In the last month,Earlier than that,In the last month,Earlier than that,Only Sanders did,Only Sanders or Neither of them,Only Sanders or Both of them,,Only Clinton or Both of them,Only Clinton,Only Clinton or Neither of them,Version 1,0.261292308568954,No
403374.0,65+,60+,65 or over,45+,50+,60+,65+,Black 60+,Black 60+,Black 65+,Hillary Clinton,,,Complete,Call 1,1.0,,Favors the wealthy,Very worried,Worried,Some college/assoc. degree,No college degree,More than High school graduate,Non white no college degree,4.0,,,Only Clinton,Only Clinton or Both of them,Only Clinton or Neither of them,Less than 100k,"$30,000 or more",50k or more,50 to 100 thousand,"$50,000-$99,999","$50,000-$99,999","Over $50,000 and non white",,,,Omit,Generally continue Barack Obama's policies,Have experience in politics,45+,65+,Democrat,Black Democrat,Black Democrat,Democrat,Non-White Democrats,Very liberal,Liberal,Liberal,57.0,,Can win in November,Black,Black,State questionnaire,Black,Non-white,,,,,South,,,,Hillary Clinton,Female,Black women,"Cities 50,000-500,000","Cities over 50,000",Alabama,Election day exit poll,Just today,Last few days,In the last month,This month,Only Clinton did,Only Clinton or Both of them,Only Clinton or Neither of them,,Only Clinton or Both of them,Only Clinton,Only Clinton or Neither of them,Version 1,0.68432754278183,No
416888.0,30-44,30-59,30-39,18-44,18-49,30-44,30-39,Black 30-44,Black 30-44,Black 30-44,Hillary Clinton,,,Complete,Call 3,2.0,,Favors the wealthy,Somewhat worried,Worried,High school or less,No college degree,High school graduate or less,Non white no college degree,3.0,,,Both of them,Only Clinton or Both of them,Only Sanders or Both of them,Less than 100k,"Under $30,000",Less than 50k,Less than 50 thousand,"Under $50,000","Under $30,000","Under $50,000 and non white",,,,Health care,Generally continue Barack Obama's policies,Have experience in politics,18-44,18-64,Democrat,Black Democrat,Black Democrat,Democrat,Non-White Democrats,Moderate,Moderate or conservative,Moderate,69.0,,Has the right experience,Black,Black,State questionnaire,Black,Non-white,,,,,South,,,,Hillary Clinton,Female,Black women,Suburbs,Suburbs,Alabama,Election day exit poll,Before that,Earlier than that,Earlier than that,Earlier than that,Neither did,Only Sanders or Neither of them,Only Clinton or Neither of them,,Only Clinton or Both of them,Only Clinton,Only Clinton or Neither of them,Version 1,1.01405000686646,No
409862.0,65+,60+,65 or over,45+,50+,60+,65+,Black 60+,Black 60+,Black 65+,Hillary Clinton,,,Complete,Call 2,1.0,,Is fair to most Americans,Very worried,Worried,Some college/assoc. degree,No college degree,More than High school graduate,Non white no college degree,4.0,,,Only Clinton,Only Clinton or Both of them,Only Clinton or Neither of them,Less than 100k,"$30,000 or more",50k or more,50 to 100 thousand,"$50,000-$99,999","$50,000-$99,999","Over $50,000 and non white",,,,Health care,Generally continue Barack Obama's policies,Have experience in politics,45+,65+,Democrat,Black Democrat,Black Democrat,Democrat,Non-White Democrats,Very liberal,Liberal,Liberal,57.0,,Can win in November,Black,Black,State questionnaire,Black,Non-white,,,,,South,,,,Hillary Clinton,Male,Black men,"Cities 50,000-500,000","Cities over 50,000",Alabama,Election day exit poll,Just today,Last few days,In the last month,This month,Only Clinton did,Only Clinton or Both of them,Only Clinton or Neither of them,,Only Clinton or Both of them,Only Clinton,Only Clinton or Neither of them,Version 1,0.754632174968719,No
403359.0,30-44,30-59,30-39,18-44,18-49,30-44,30-39,Black 30-44,Black 30-44,Black 30-44,Hillary Clinton,,,Complete,Call 1,2.0,,Favors the wealthy,Very worried,Worried,College graduate,College graduate,More than High school graduate,Non white college degree,3.0,,,Both of them,Only Clinton or Both of them,Only Sanders or Both of them,Less than 100k,"$30,000 or more",Less than 50k,Less than 50 thousand,"Under $50,000","$30,000-$49,999","Under $50,000 and non white",,,,Economy/Jobs,Generally continue Barack Obama's policies,Have experience in politics,18-44,18-64,Democrat,Black Democrat,Black Democrat,Democrat,Non-White Democrats,Somewhat liberal,Liberal,Liberal,67.0,,Cares about people like me,Black,Black,State questionnaire,Black,Non-white,,,,,South,,,,Hillary Clinton,Female,Black women,"Cities 50,000-500,000","Cities over 50,000",Alabama,Election day exit poll,Sometime last week,Earlier than that,In the last month,This month,Neither did,Only Sanders or Neither of them,Only Clinton or Neither of them,,Only Clinton or Both of them,Both of them,Only Sanders or Both of them,Version 1,0.965510427951813,No
403346.0,30-44,30-59,30-39,18-44,18-49,30-44,30-39,Black 30-44,Black 30-44,Black 30-44,Hillary Clinton,,,Complete,Call 1,7.0,,Favors the wealthy,Somewhat worried,Worried,College graduate,College graduate,More than High school graduate,Non white college degree,3.0,,,Only Clinton,Only Clinton or Both of them,Only Clinton or Neither of them,Less than 100k,"$30,000 or more",Less than 50k,Less than 50 thousand,"Under $50,000","$30,000-$49,999","Under $50,000 and non white",,,,Health care,Generally continue Barack Obama's policies,Have experience in politics,18-44,18-64,Democrat,Black Democrat,Black Democrat,Democrat,Non-White Democrats,Very liberal,Liberal,Liberal,38.0,,Honest and trustworthy,Black,Black,State questionnaire,Black,Non-white,,,,,South,,,,Hillary Clinton,Female,Black women,"Cities 50,000-500,000","Cities over 50,000",Alabama,Election day exit poll,In the last month,Earlier than that,In the last month,Earlier than that,Neither did,Only Sanders or Neither of them,Only Clinton or Neither of them,,Only Clinton or Both of them,Only Clinton,Only Clinton or Neither of them,Version 1,1.13390827178955,No
418784.0,45-65,60+,60-64,45+,50+,60+,50-64,Black 60+,Black 60+,Black 45-64,Hillary Clinton,,,Complete,Call 3,3.0,,Favors the wealthy,Very worried,Worried,Some college/assoc. degree,No college degree,More than High school graduate,Non white no college degree,2.0,,,Both of them,Only Clinton or Both of them,Only Sanders or Both of them,Less than 100k,"Under $30,000",Less than 50k,Less than 50 thousand,"Under $50,000","Under $30,000","Under $50,000 and non white",,,,Health care,Generally continue Barack Obama's policies,Have experience in politics,45+,18-64,Democrat,Black Democrat,Black Democrat,Democrat,Non-White Democrats,Very liberal,Liberal,Liberal,82.0,,Cares about people like me,Black,Black,State questionnaire,Black,Non-white,,,,,South,,,,Hillary Clinton,Male,Black men,Rural,Small Cities/Rural,Alabama,Election day exit poll,Just today,Last few days,In the last month,This month,Both did,Only Clinton or Both of them,Only Sanders or Both of them,,Only Clinton or Both of them,Only Clinton,Only Clinton or Neither of them,Version 1,2.43911743164063,No
403331.0,65+,60+,65 or over,45+,50+,60+,65+,Black 60+,Black 60+,Black 65+,Hillary Clinton,,,Complete,Call 1,1.0,,Favors the wealthy,Very worried,Worried,High school or less,No college degree,High school graduate or less,Non white no college degree,4.0,,,Both of them,Only Clinton or Both of them,Only Sanders or Both of them,Less than 100k,"Under $30,000",Less than 50k,Less than 50 thousand,"Under $50,000","Under $30,000","Under $50,000 and non white",,,,Economy/Jobs,Generally continue Barack Obama's policies,Have experience in politics,45+,65+,Democrat,Black Democrat,Black Democrat,Democrat,Non-White Democrats,Somewhat liberal,Liberal,Liberal,57.0,,Has the right experience,Black,Black,State questionnaire,Black,Non-white,,,,,South,,,,Hillary Clinton,Female,Black women,"Cities 50,000-500,000","Cities over 50,000",Alabama,Election day exit poll,Before that,Earlier than that,Earlier than that,Earlier than that,Neither did,Only Sanders or Neither of them,Only Clinton or Neither of them,,Only Clinton or Both of them,Both of them,Only Sanders or Both of them,Version 1,0.68432754278183,No
416825.0,30-44,30-59,30-39,18-44,18-49,30-44,30-39,Black 30-44,Black 30-44,Black 30-44,Hillary Clinton,,,Complete,Call 3,2.0,,Omit,Somewhat worried,Worried,Postgraduate study,College graduate,More than High school graduate,Non white college degree,3.0,,,Only Clinton,Only Clinton or Both of them,Only Clinton or Neither of them,Less than 100k,"$30,000 or more",50k or more,50 to 100 thousand,"$50,000-$99,999","$50,000-$99,999","Over $50,000 and non white",,,,Economy/Jobs,Change to more liberal policies,Have experience in politics,18-44,18-64,Democrat,Black Democrat,Black Democrat,Democrat,Non-White Democrats,Moderate,Moderate or conservative,Moderate,67.0,,Honest and trustworthy,Black,Black,State questionnaire,Black,Non-white,,,,,South,,,,Hillary Clinton,Female,Black women,"Cities 50,000-500,000","Cities over 50,000",Alabama,Election day exit poll,In the last month,Earlier than that,In the last month,Earlier than that,Both did,Only Clinton or Both of them,Only Sanders or Both of them,,Only Clinton or Both of them,Only Clinton,Only Clinton or Neither of them,Version 1,0.965510427951813,No
404179.0,45-65,30-59,50-59,45+,50+,45-59,50-64,Black 45-59,Black 45-59,Black 45-64,Hillary Clinton,,,Complete,Call 1,6.0,,Favors the wealthy,Somewhat worried,Worried,Postgraduate study,College graduate,More than High school graduate,Non white college degree,2.0,,,Both of them,Only Clinton or Both of them,Only Sanders or Both of them,Less than 100k,"$30,000 or more",50k or more,50 to 100 thousand,"$50,000-$99,999","$50,000-$99,999","Over $50,000 and non white",,,,Economy/Jobs,Generally continue Barack Obama's policies,Have experience in politics,45+,18-64,Democrat,Black Democrat,Black Democrat,Democrat,Non-White Democrats,Moderate,Moderate or conservative,Moderate,74.0,,Cares about people like me,Black,Black,State questionnaire,Black,Non-white,,,,,South,,,,Hillary Clinton,Female,Black women,Suburbs,Suburbs,Alabama,Election day exit poll,Before that,Earlier than that,Earlier than that,Earlier than that,Neither did,Only Sanders or Neither of them,Only Clinton or Neither of them,,Only Clinton or Both of them,Both of them,Only Sanders or Both of them,Version 1,0.326717287302017,No
416813.0,45-65,30-59,45-49,45+,18-49,45-59,40-49,Non-Black 45-59,Latino 45-59,Latino 45-64,Hillary Clinton,,,Complete,Call 3,3.0,,Favors the wealthy,Very worried,Worried,High school or less,No college degree,High school graduate or less,Non white no college degree,2.0,,,Only Clinton,Only Clinton or Both of them,Only Clinton or Neither of them,Less than 100k,"$30,000 or more",Less than 50k,Less than 50 thousand,"Under $50,000","$30,000-$49,999","Under $50,000 and non white",,,,Terrorism,Change to less liberal policies,Have experience in politics,45+,18-64,Democrat,Non-black Democrat,Latino Democrat,Democrat,Non-White Democrats,Moderate,Moderate or conservative,Moderate,7.0,,Has the right experience,Other,Hispanic/Latino,State questionnaire,Hispanic/Latino,Non-white,,,,,South,,,,Hillary Clinton,Male,Latino men,Suburbs,Suburbs,Alabama,Election day exit poll,Before that,Earlier than that,Earlier than that,Earlier than that,Only Clinton did,Only Clinton or Both of them,Only Clinton or Neither of them,,Only Sanders or Neither of them,Neither of them,Only Clinton or Neither of them,Version 1,0.696241497993469,No
411664.0,45-65,30-59,50-59,45+,50+,45-59,50-64,Black 45-59,Black 45-59,Black 45-64,Hillary Clinton,,,Complete,Call 2,7.0,,Is fair to most Americans,Omit,Omit,,,,,3.0,,,Omit,Omit,Omit,,,,,,,,,,,Income inequality,Change to more liberal policies,Have experience in politics,45+,18-64,,,,,,,,,38.0,,Cares about people like me,Black,Black,State questionnaire,Black,Non-white,,,,,South,,,,Hillary Clinton,Male,Black men,"Cities 50,000-500,000","Cities over 50,000",Alabama,Election day exit poll,Just today,Last few days,In the last month,This month,Omit,Omit,Omit,,Only Clinton or Both of them,Only Clinton,Only Clinton or Neither of them,Version 1,1.25040078163147,
405223.0,18-29,18-29,18-24,18-44,18-49,18-29,18-24,Black 18-29,Black 18-29,Black 18-29,Hillary Clinton,,,Complete,Call 1,1.0,,Favors the wealthy,Very worried,Worried,College graduate,College graduate,More than High school graduate,Non white college degree,4.0,,,Both of them,Only Clinton or Both of them,Only Sanders or Both of them,Less than 100k,"$30,000 or more",Less than 50k,Less than 50 thousand,"Under $50,000","$30,000-$49,999","Under $50,000 and non white",,,,Economy/Jobs,Generally continue Barack Obama's policies,Have experience in politics,18-44,18-64,Democrat,Black Democrat,Black Democrat,Democrat,Non-White Democrats,Very liberal,Liberal,Liberal,62.0,,Has the right experience,Black,Black,State questionnaire,Black,Non-white,,,,,South,,,,Hillary Clinton,Female,Black women,Suburbs,Suburbs,Alabama,Election day exit poll,Before that,Earlier than that,Earlier than that,Earlier than that,Neither did,Only Sanders or Neither of them,Only Clinton or Neither of them,,Only Clinton or Both of them,Both of them,Only Sanders or Both of them,Version 1,0.424087733030319,No
411010.0,65+,60+,65 or over,45+,50+,60+,65+,Black 60+,Black 60+,Black 65+,Hillary Clinton,,,Complete,Call 2,6.0,,Favors the wealthy,Very worried,Worried,High school or less,No college degree,High school graduate or less,Non white no college degree,2.0,,,Both of them,Only Clinton or Both of them,Only Sanders or Both of them,Less than 100k,"Under $30,000",Less than 50k,Less than 50 thousand,"Under $50,000","Under $30,000","Under $50,000 and non white",,,,Health care,Generally continue Barack Obama's policies,Have experience in politics,45+,65+,Democrat,Black Democrat,Black Democrat,Democrat,Non-White Democrats,Somewhat liberal,Liberal,Liberal,74.0,,Has the right experience,Black,Black,State questionnaire,Black,Non-white,,,,,South,,,,Hillary Clinton,Female,Black women,Suburbs,Suburbs,Alabama,Election day exit poll,In the last month,Earlier than that,In the last month,Earlier than that,Both did,Only Clinton or Both of them,Only Sanders or Both of them,,Only Clinton or Both of them,Only Clinton,Only Clinton or Neither of them,Version 1,0.391420066356659,No
417702.0,30-44,30-59,30-39,18-44,18-49,30-44,30-39,Non-Black 30-44,White 30-44,White 30-44,Hillary Clinton,,,Complete,Call 3,7.0,,Is fair to most Americans,Not at all worried,Not worried,College graduate,College graduate,More than High school graduate,White college degree,3.0,,,Both of them,Only Clinton or Both of them,Only Sanders or Both of them,100k or more,"$30,000 or more",50k or more,100 thousand or more,"$100,000-$199,999","$100,000-$199,999","Over $50,000 and white",,,,Economy/Jobs,Generally continue Barack Obama's policies,Have experience in politics,18-44,18-64,Democrat,Non-black Democrat,White Democrat,Democrat,White Democrat,Somewhat liberal,Liberal,Liberal,33.0,,Has the right experience,White,White,State questionnaire,White,White,,,,,South,,,,Hillary Clinton,Male,White men,"Cities 50,000-500,000","Cities over 50,000",Alabama,Election day exit poll,Before that,Earlier than that,Earlier than that,Earlier than that,Only Sanders did,Only Sanders or Neither of them,Only Sanders or Both of them,,Only Clinton or Both of them,Both of them,Only Sanders or Both of them,Version 1,3.96523928642273,No
418714.0,45-65,30-59,50-59,45+,50+,45-59,50-64,Black 45-59,Black 45-59,Black 45-64,Hillary Clinton,,,Complete,Call 3,3.0,,Favors the wealthy,Somewhat worried,Worried,College graduate,College graduate,More than High school graduate,Non white college degree,2.0,,,Both of them,Only Clinton or Both of them,Only Sanders or Both of them,Less than 100k,"$30,000 or more",Less than 50k,Less than 50 thousand,"Under $50,000","$30,000-$49,999","Under $50,000 and non white",,,,Economy/Jobs,Generally continue Barack Obama's policies,Have experience in politics,45+,18-64,Democrat,Black Democrat,Black Democrat,Democrat,Non-White Democrats,Somewhat liberal,Liberal,Liberal,82.0,,Cares about people like me,Black,Black,State questionnaire,Black,Non-white,,,,,South,,,,Hillary Clinton,Female,Black women,Rural,Small Cities/Rural,Alabama,Election day exit poll,Before that,Earlier than that,Earlier than that,Earlier than that,Neither did,Only Sanders or Neither of them,Only Clinton or Neither of them,,Only Clinton or Both of them,Both of them,Only Sanders or Both of them,Version 1,1.8462495803833,No
416781.0,30-44,30-59,30-39,18-44,18-49,30-44,30-39,Black 30-44,Black 30-44,Black 30-44,Hillary Clinton,,,Complete,Call 3,2.0,,Favors the wealthy,Not too worried,Not worried,High school or less,No college degree,High school graduate or less,Non white no college degree,3.0,,,Only Clinton,Only Clinton or Both of them,Only Clinton or Neither of them,Less than 100k,"Under $30,000",Less than 50k,Less than 50 thousand,"Under $50,000","Under $30,000","Under $50,000 and non white",,,,Health care,Generally continue Barack Obama's policies,Have experience in politics,18-44,18-64,Democrat,Black Democrat,Black Democrat,Democrat,Non-White Democrats,Very liberal,Liberal,Liberal,67.0,,Honest and trustworthy,Black,Black,State questionnaire,Black,Non-white,,,,,South,,,,Hillary Clinton,Female,Black women,"Cities 50,000-500,000","Cities over 50,000",Alabama,Election day exit poll,Sometime last week,Earlier than that,In the last month,This month,Neither did,Only Sanders or Neither of them,Only Clinton or Neither of them,,Only Clinton or Both of them,Only Clinton,Only Clinton or Neither of them,Version 1,0.965510427951813,No
405192.0,18-29,18-29,18-24,18-44,18-49,18-29,18-24,Black 18-29,Black 18-29,Black 18-29,Hillary Clinton,,,Complete,Call 1,1.0,,Favors the wealthy,Not too worried,Not worried,Some college/assoc. degree,No college degree,More than High school graduate,Non white no college degree,4.0,,,Only Clinton,Only Clinton or Both of them,Only Clinton or Neither of them,Less than 100k,"Under $30,000",Less than 50k,Less than 50 thousand,"Under $50,000","Under $30,000","Under $50,000 and non white",,,,Economy/Jobs,Change to less liberal policies,Be from outside the political establishment,18-44,18-64,Democrat,Black Democrat,Black Democrat,Democrat,Non-White Democrats,Somewhat liberal,Liberal,Liberal,62.0,,Has the right experience,Black,Black,State questionnaire,Black,Non-white,,,,,South,,,,Hillary Clinton,Female,Black women,Suburbs,Suburbs,Alabama,Election day exit poll,Before that,Earlier than that,Earlier than that,Earlier than that,Both did,Only Clinton or Both of them,Only Sanders or Both of them,,Only Clinton or Both of them,Both of them,Only Sanders or Both of them,Version 1,0.424087733030319,No
416776.0,45-65,60+,60-64,45+,50+,60+,50-64,Non-Black 60+,White 60+,White 45-64,Hillary Clinton,,,Complete,Call 3,4.0,,Favors the wealthy,Very worried,Worried,High school or less,No college degree,High school graduate or less,White no college degree,1.0,,,Only Clinton,Only Clinton or Both of them,Only Clinton or Neither of them,Less than 100k,"$30,000 or more",Less than 50k,Less than 50 thousand,"Under $50,000","$30,000-$49,999","Under $50,000 and white",,,,Health care,Generally continue Barack Obama's policies,Have experience in politics,45+,18-64,Independent/Something else,Non-black non-Democrat,White Independent,Independent,White Independent,Somewhat liberal,Liberal,Liberal,16.0,,Has the right experience,White,White,State questionnaire,White,White,,,,,South,,,,Hillary Clinton,Male,White men,Rural,Small Cities/Rural,Alabama,Election day exit poll,In the last month,Earlier than that,In the last month,Earlier than that,Neither did,Only Sanders or Neither of them,Only Clinton or Neither of them,,Only Clinton or Both of them,Only Clinton,Only Clinton or Neither of them,Version 1,0.951971828937531,Yes
416773.0,45-65,60+,60-64,45+,50+,60+,50-64,Black 60+,Black 60+,Black 45-64,Hillary Clinton,,,Complete,Call 3,3.0,,Favors the wealthy,Very worried,Worried,Some college/assoc. degree,No college degree,More than High school graduate,Non white no college degree,2.0,,,Only Clinton,Only Clinton or Both of them,Only Clinton or Neither of them,Less than 100k,"$30,000 or more",50k or more,50 to 100 thousand,"$50,000-$99,999","$50,000-$99,999","Over $50,000 and non white",,,,Economy/Jobs,Generally continue Barack Obama's policies,Have experience in politics,45+,18-64,Democrat,Black Democrat,Black Democrat,Democrat,Non-White Democrats,Conservative,Moderate or conservative,Conservative,7.0,,Honest and trustworthy,Black,Black,State questionnaire,Black,Non-white,,,,,South,,,,Hillary Clinton,Female,Black women,Suburbs,Suburbs,Alabama,Election day exit poll,Before that,Earlier than that,Earlier than that,Earlier than that,Both did,Only Clinton or Both of them,Only Sanders or Both of them,,Only Clinton or Both of them,Only Clinton,Only Clinton or Neither of them,Version 1,0.220330715179443,No
403255.0,65+,60+,65 or over,45+,50+,60+,65+,Non-Black 60+,White 60+,White 65+,Hillary Clinton,,,Complete,Call 1,3.0,,Favors the wealthy,Not at all worried,Not worried,High school or less,No college degree,High school graduate or less,White no college degree,2.0,,,Only Clinton,Only Clinton or Both of them,Only Clinton or Neither of them,Less than 100k,"Under $30,000",Less than 50k,Less than 50 thousand,"Under $50,000","Under $30,000","Under $50,000 and white",,,,Health care,Generally continue Barack Obama's policies,Have experience in politics,45+,65+,Democrat,Non-black Democrat,White Democrat,Democrat,White Democrat,Very liberal,Liberal,Liberal,7.0,,Can win in November,White,White,State questionnaire,White,White,,,,,South,,,,Hillary Clinton,Female,White women,Suburbs,Suburbs,Alabama,Election day exit poll,Before that,Earlier than that,Earlier than that,Earlier than that,Only Clinton did,Only Clinton or Both of them,Only Clinton or Neither of them,,Only Clinton or Both of them,Both of them,Only Sanders or Both of them,Version 1,0.728461980819702,Yes
403250.0,18-29,18-29,25-29,18-44,18-49,18-29,25-29,Non-Black 18-29,White 18-29,White 18-29,Hillary Clinton,,,Complete,Call 1,1.0,,Favors the wealthy,Somewhat worried,Worried,Postgraduate study,College graduate,More than High school graduate,White college degree,4.0,,,Both of them,Only Clinton or Both of them,Only Sanders or Both of them,Less than 100k,"$30,000 or more",Less than 50k,Less than 50 thousand,"Under $50,000","$30,000-$49,999","Under $50,000 and white",,,,Health care,Generally continue Barack Obama's policies,Have experience in politics,18-44,18-64,Democrat,Non-black Democrat,White Democrat,Democrat,White Democrat,Very liberal,Liberal,Liberal,59.0,,Has the right experience,White,White,State questionnaire,White,White,,,,,South,,,,Hillary Clinton,Female,White women,"Cities 50,000-500,000","Cities over 50,000",Alabama,Election day exit poll,In the last few days,Last few days,In the last month,This month,Both did,Only Clinton or Both of them,Only Sanders or Both of them,,Only Clinton or Both of them,Both of them,Only Sanders or Both of them,Version 1,1.23266065120697,No
418692.0,45-65,30-59,50-59,45+,50+,45-59,50-64,Black 45-59,Black 45-59,Black 45-64,Hillary Clinton,,,Complete,Call 3,3.0,,Favors the wealthy,Somewhat worried,Worried,Some college/assoc. degree,No college degree,More than High school graduate,Non white no college degree,2.0,,,Only Clinton,Only Clinton or Both of them,Only Clinton or Neither of them,Less than 100k,"$30,000 or more",Less than 50k,Less than 50 thousand,"Under $50,000","$30,000-$49,999","Under $50,000 and non white",,,,Economy/Jobs,Generally continue Barack Obama's policies,Have experience in politics,45+,18-64,Democrat,Black Democrat,Black Democrat,Democrat,Non-White Democrats,Very liberal,Liberal,Liberal,82.0,,Cares about people like me,Black,Black,State questionnaire,Black,Non-white,,,,,South,,,,Hillary Clinton,Female,Black women,Rural,Small Cities/Rural,Alabama,Election day exit poll,In the last month,Earlier than that,In the last month,Earlier than that,Only Sanders did,Only Sanders or Neither of them,Only Sanders or Both of them,,Only Clinton or Both of them,Only Clinton,Only Clinton or Neither of them,Version 1,1.8462495803833,No
403241.0,45-65,60+,60-64,45+,50+,60+,50-64,Black 60+,Black 60+,Black 45-64,Hillary Clinton,,,Complete,Call 1,7.0,,Is fair to most Americans,Somewhat worried,Worried,Some college/assoc. degree,No college degree,More than High school graduate,Non white no college degree,3.0,,,Both of them,Only Clinton or Both of them,Only Sanders or Both of them,Less than 100k,"Under $30,000",Less than 50k,Less than 50 thousand,"Under $50,000","Under $30,000","Under $50,000 and non white",,,,Economy/Jobs,Generally continue Barack Obama's policies,Be from outside the political establishment,45+,18-64,Democrat,Black Democrat,Black Democrat,Democrat,Non-White Democrats,Somewhat liberal,Liberal,Liberal,38.0,,Cares about people like me,Black,Black,State questionnaire,Black,Non-white,,,,,South,,,,Hillary Clinton,Female,Black women,"Cities 50,000-500,000","Cities over 50,000",Alabama,Election day exit poll,In the last few days,Last few days,In the last month,This month,Neither did,Only Sanders or Neither of them,Only Clinton or Neither of them,,Omit,Omit,Omit,Version 1,1.49802899360657,No
410962.0,65+,60+,65 or over,45+,50+,60+,65+,Non-Black 60+,White 60+,White 65+,Hillary Clinton,,,Complete,Call 2,5.0,,Favors the wealthy,Somewhat worried,Worried,Postgraduate study,College graduate,More than High school graduate,White college degree,1.0,,,Both of them,Only Clinton or Both of them,Only Sanders or Both of them,Less than 100k,"$30,000 or more",50k or more,50 to 100 thousand,"$50,000-$99,999","$50,000-$99,999","Over $50,000 and white",,,,Income inequality,Change to more liberal policies,Have experience in politics,45+,65+,Democrat,Non-black Democrat,White Democrat,Democrat,White Democrat,Very liberal,Liberal,Liberal,49.0,,Has the right experience,White,White,State questionnaire,White,White,,,,,South,,,,Hillary Clinton,Male,White men,"Cities 50,000-500,000","Cities over 50,000",Alabama,Election day exit poll,Sometime last week,Earlier than that,In the last month,This month,Neither did,Only Sanders or Neither of them,Only Clinton or Neither of them,,Only Clinton or Both of them,Both of them,Only Sanders or Both of them,Version 1,1.05817317962646,No
416752.0,65+,60+,65 or over,45+,50+,60+,65+,Black 60+,Black 60+,Black 65+,Hillary Clinton,,,Complete,Call 3,1.0,,Favors the wealthy,Very worried,Worried,Some college/assoc. degree,No college degree,More than High school graduate,Non white no college degree,4.0,,,Only Clinton,Only Clinton or Both of them,Only Clinton or Neither of them,Less than 100k,"Under $30,000",Less than 50k,Less than 50 thousand,"Under $50,000","Under $30,000","Under $50,000 and non white",,,,Income inequality,Generally continue Barack Obama's policies,Have experience in politics,45+,65+,Democrat,Black Democrat,Black Democrat,Democrat,Non-White Democrats,Very liberal,Liberal,Liberal,57.0,,Honest and trustworthy,Black,Black,State questionnaire,Black,Non-white,,,,,South,,,,Hillary Clinton,Female,Black women,"Cities 50,000-500,000","Cities over 50,000",Alabama,Election day exit poll,Before that,Earlier than that,Earlier than that,Earlier than that,Neither did,Only Sanders or Neither of them,Only Clinton or Neither of them,,Only Clinton or Both of them,Only Clinton,Only Clinton or Neither of them,Version 1,0.68432754278183,No
403229.0,45-65,30-59,45-49,45+,18-49,45-59,40-49,Black 45-59,Black 45-59,Black 45-64,Hillary Clinton,,,Complete,Call 1,3.0,,Is fair to most Americans,Very worried,Worried,Some college/assoc. degree,No college degree,More than High school graduate,Non white no college degree,2.0,,,Only Clinton,Only Clinton or Both of them,Only Clinton or Neither of them,Less than 100k,"Under $30,000",Less than 50k,Less than 50 thousand,"Under $50,000","Under $30,000","Under $50,000 and non white",,,,Health care,Generally continue Barack Obama's policies,Have experience in politics,45+,18-64,Democrat,Black Democrat,Black Democrat,Democrat,Non-White Democrats,Somewhat liberal,Liberal,Liberal,7.0,,Honest and trustworthy,Black,Black,State questionnaire,Black,Non-white,,,,,South,,,,Hillary Clinton,Male,Black men,Suburbs,Suburbs,Alabama,Election day exit poll,In the last few days,Last few days,In the last month,This month,Both did,Only Clinton or Both of them,Only Sanders or Both of them,,Only Clinton or Both of them,Both of them,Only Sanders or Both of them,Version 1,0.183909446001053,No
405159.0,18-29,18-29,18-24,18-44,18-49,18-29,18-24,Black 18-29,Black 18-29,Black 18-29,Hillary Clinton,,,Complete,Call 1,1.0,,Favors the wealthy,Very worried,Worried,College graduate,College graduate,More than High school graduate,Non white college degree,4.0,,,Only Clinton,Only Clinton or Both of them,Only Clinton or Neither of them,Less than 100k,"$30,000 or more",50k or more,50 to 100 thousand,"$50,000-$99,999","$50,000-$99,999","Over $50,000 and non white",,,,Terrorism,Generally continue Barack Obama's policies,Have experience in politics,18-44,18-64,Democrat,Black Democrat,Black Democrat,Democrat,Non-White Democrats,Somewhat liberal,Liberal,Liberal,62.0,,Cares about people like me,Black,Black,State questionnaire,Black,Non-white,,,,,South,,,,Hillary Clinton,Female,Black women,Suburbs,Suburbs,Alabama,Election day exit poll,Before that,Earlier than that,Earlier than that,Earlier than that,Both did,Only Clinton or Both of them,Only Sanders or Both of them,,Only Clinton or Both of them,Both of them,Only Sanders or Both of them,Version 1,0.424087733030319,No
416738.0,18-29,18-29,25-29,18-44,18-49,18-29,25-29,Black 18-29,Black 18-29,Black 18-29,Hillary Clinton,,,Complete,Call 3,5.0,,Favors the wealthy,Somewhat worried,Worried,Postgraduate study,College graduate,More than High school graduate,Non white college degree,1.0,,,Both of them,Only Clinton or Both of them,Only Sanders or Both of them,Less than 100k,"$30,000 or more",50k or more,50 to 100 thousand,"$50,000-$99,999","$50,000-$99,999","Over $50,000 and non white",,,,Economy/Jobs,Generally continue Barack Obama's policies,Have experience in politics,18-44,18-64,Democrat,Black Democrat,Black Democrat,Democrat,Non-White Democrats,Moderate,Moderate or conservative,Moderate,46.0,,Can win in November,Black,Black,State questionnaire,Black,Non-white,,,,,South,,,,Hillary Clinton,Female,Black women,"Cities 50,000-500,000","Cities over 50,000",Alabama,Election day exit poll,Before that,Earlier than that,Earlier than that,Earlier than that,Neither did,Only Sanders or Neither of them,Only Clinton or Neither of them,,Only Clinton or Both of them,Only Clinton,Only Clinton or Neither of them,Version 1,0.42626217007637,No
403213.0,65+,60+,65 or over,45+,50+,60+,65+,Black 60+,Black 60+,Black 65+,Hillary Clinton,,,Complete,Call 1,1.0,,Is fair to most Americans,Very worried,Worried,College graduate,College graduate,More than High school graduate,Non white college degree,4.0,,,Only Clinton,Only Clinton or Both of them,Only Clinton or Neither of them,100k or more,"$30,000 or more",50k or more,100 thousand or more,"$100,000-$199,999","$100,000-$199,999","Over $50,000 and non white",,,,Health care,Generally continue Barack Obama's policies,Have experience in politics,45+,65+,Democrat,Black Democrat,Black Democrat,Democrat,Non-White Democrats,Very liberal,Liberal,Liberal,57.0,,Can win in November,Black,Black,State questionnaire,Black,Non-white,,,,,South,,,,Hillary Clinton,Male,Black men,"Cities 50,000-500,000","Cities over 50,000",Alabama,Election day exit poll,Before that,Earlier than that,Earlier than that,Earlier than that,Only Clinton did,Only Clinton or Both of them,Only Clinton or Neither of them,,Only Clinton or Both of them,Only Clinton,Only Clinton or Neither of them,Version 1,0.754632174968719,No
416727.0,45-65,60+,60-64,45+,50+,60+,50-64,Black 60+,Black 60+,Black 45-64,Hillary Clinton,,,Complete,Call 3,5.0,,Favors the wealthy,Very worried,Worried,Some college/assoc. degree,No college degree,More than High school graduate,Non white no college degree,1.0,,,Only Clinton,Only Clinton or Both of them,Only Clinton or Neither of them,Less than 100k,"$30,000 or more",Less than 50k,Less than 50 thousand,"Under $50,000","$30,000-$49,999","Under $50,000 and non white",,,,Economy/Jobs,Generally continue Barack Obama's policies,Be from outside the political establishment,45+,18-64,Democrat,Black Democrat,Black Democrat,Democrat,Non-White Democrats,Conservative,Moderate or conservative,Conservative,44.0,,Honest and trustworthy,Black,Black,State questionnaire,Black,Non-white,,,,,South,,,,Hillary Clinton,Female,Black women,"Cities 50,000-500,000","Cities over 50,000",Alabama,Election day exit poll,Before that,Earlier than that,Earlier than that,Earlier than that,Only Sanders did,Only Sanders or Neither of them,Only Sanders or Both of them,,Only Clinton or Both of them,Only Clinton,Only Clinton or Neither of them,Version 1,0.626122772693634,No
403208.0,45-65,30-59,50-59,45+,50+,45-59,50-64,Black 45-59,Black 45-59,Black 45-64,Hillary Clinton,,,Complete,Call 1,1.0,,Favors the wealthy,Very worried,Worried,College graduate,College graduate,More than High school graduate,Non white college degree,4.0,,,Both of them,Only Clinton or Both of them,Only Sanders or Both of them,Less than 100k,"$30,000 or more",Less than 50k,Less than 50 thousand,"Under $50,000","$30,000-$49,999","Under $50,000 and non white",,,,Economy/Jobs,Generally continue Barack Obama's policies,Have experience in politics,45+,18-64,Democrat,Black Democrat,Black Democrat,Democrat,Non-White Democrats,Very liberal,Liberal,Liberal,58.0,,Omit,Black,Black,State questionnaire,Black,Non-white,,,,,South,,,,Hillary Clinton,Female,Black women,"Cities 50,000-500,000","Cities over 50,000",Alabama,Election day exit poll,Before that,Earlier than that,Earlier than that,Earlier than that,Only Clinton did,Only Clinton or Both of them,Only Clinton or Neither of them,,Only Clinton or Both of them,Both of them,Only Sanders or Both of them,Version 1,0.241849914193153,No
416705.0,45-65,30-59,50-59,45+,50+,45-59,50-64,Black 45-59,Black 45-59,Black 45-64,Hillary Clinton,,,Complete,Call 3,2.0,,Favors the wealthy,Not too worried,Not worried,High school or less,No college degree,High school graduate or less,Non white no college degree,3.0,,,Both of them,Only Clinton or Both of them,Only Sanders or Both of them,100k or more,"$30,000 or more",50k or more,100 thousand or more,"$100,000-$199,999","$100,000-$199,999","Over $50,000 and non white",,,,Omit,Generally continue Barack Obama's policies,Have experience in politics,45+,18-64,Democrat,Black Democrat,Black Democrat,Democrat,Non-White Democrats,Very liberal,Liberal,Liberal,67.0,,Cares about people like me,Black,Black,State questionnaire,Black,Non-white,,,,,South,,,,Hillary Clinton,Male,Black men,"Cities 50,000-500,000","Cities over 50,000",Alabama,Election day exit poll,Before that,Earlier than that,Earlier than that,Earlier than that,Neither did,Only Sanders or Neither of them,Only Clinton or Neither of them,,Only Clinton or Both of them,Both of them,Only Sanders or Both of them,Version 1,1.06470251083374,No
403185.0,18-29,18-29,25-29,18-44,18-49,18-29,25-29,Black 18-29,Black 18-29,Black 18-29,Hillary Clinton,,,Complete,Call 1,1.0,,Favors the wealthy,Very worried,Worried,College graduate,College graduate,More than High school graduate,Non white college degree,4.0,,,Both of them,Only Clinton or Both of them,Only Sanders or Both of them,Less than 100k,"$30,000 or more",Less than 50k,Less than 50 thousand,"Under $50,000","$30,000-$49,999","Under $50,000 and non white",,,,Terrorism,Generally continue Barack Obama's policies,Have experience in politics,18-44,18-64,Democrat,Black Democrat,Black Democrat,Democrat,Non-White Democrats,Moderate,Moderate or conservative,Moderate,58.0,,Cares about people like me,Black,Black,State questionnaire,Black,Non-white,,,,,South,,,,Hillary Clinton,Female,Black women,"Cities 50,000-500,000","Cities over 50,000",Alabama,Election day exit poll,Before that,Earlier than that,Earlier than that,Earlier than that,Neither did,Only Sanders or Neither of them,Only Clinton or Neither of them,,Only Clinton or Both of them,Both of them,Only Sanders or Both of them,Version 1,0.241849914193153,No
410908.0,45-65,60+,60-64,45+,50+,60+,50-64,Non-Black 60+,White 60+,White 45-64,Hillary Clinton,,,Complete,Call 2,6.0,,Is fair to most Americans,Not too worried,Not worried,College graduate,College graduate,More than High school graduate,White college degree,2.0,,,Both of them,Only Clinton or Both of them,Only Sanders or Both of them,Less than 100k,"$30,000 or more",50k or more,50 to 100 thousand,"$50,000-$99,999","$50,000-$99,999","Over $50,000 and white",,,,Health care,Generally continue Barack Obama's policies,Have experience in politics,45+,18-64,Democrat,Non-black Democrat,White Democrat,Democrat,White Democrat,Moderate,Moderate or conservative,Moderate,77.0,,Has the right experience,White,White,State questionnaire,White,White,,,,,South,,,,Hillary Clinton,Female,White women,"Cities 50,000-500,000","Cities over 50,000",Alabama,Election day exit poll,Before that,Earlier than that,Earlier than that,Earlier than that,Both did,Only Clinton or Both of them,Only Sanders or Both of them,,Only Clinton or Both of them,Both of them,Only Sanders or Both of them,Version 1,3.26471447944641,No
416699.0,45-65,30-59,50-59,45+,50+,45-59,50-64,Black 45-59,Black 45-59,Black 45-64,Hillary Clinton,,,Complete,Call 3,5.0,,Favors the wealthy,Somewhat worried,Worried,Postgraduate study,College graduate,More than High school graduate,Non white college degree,1.0,,,Only Sanders,Only Sanders or Neither of them,Only Sanders or Both of them,100k or more,"$30,000 or more",50k or more,100 thousand or more,"$100,000-$199,999","$100,000-$199,999","Over $50,000 and non white",,,,Economy/Jobs,Generally continue Barack Obama's policies,Have experience in politics,45+,18-64,Independent/Something else,Black non-Democrat,Black Independent,Something else,All others,Moderate,Moderate or conservative,Moderate,46.0,,Has the right experience,Black,Black,State questionnaire,Black,Non-white,,,,,South,,,,Hillary Clinton,Female,Black women,"Cities 50,000-500,000","Cities over 50,000",Alabama,Election day exit poll,Before that,Earlier than that,Earlier than that,Earlier than that,Neither did,Only Sanders or Neither of them,Only Clinton or Neither of them,,Only Sanders or Neither of them,Neither of them,Only Clinton or Neither of them,Version 1,0.42626217007637,No
403181.0,65+,60+,65 or over,45+,50+,60+,65+,Black 60+,Black 60+,Black 65+,Hillary Clinton,,,Complete,Call 1,5.0,,Favors the wealthy,Somewhat worried,Worried,Some college/assoc. degree,No college degree,More than High school graduate,Non white no college degree,1.0,,,Only Clinton,Only Clinton or Both of them,Only Clinton or Neither of them,Less than 100k,"$30,000 or more",50k or more,50 to 100 thousand,"$50,000-$99,999","$50,000-$99,999","Over $50,000 and non white",,,,Economy/Jobs,Change to more liberal policies,Have experience in politics,45+,65+,Democrat,Black Democrat,Black Democrat,Democrat,Non-White Democrats,Somewhat liberal,Liberal,Liberal,44.0,,Can win in November,Black,Black,State questionnaire,Black,Non-white,,,,,South,,,,Hillary Clinton,Female,Black women,"Cities 50,000-500,000","Cities over 50,000",Alabama,Election day exit poll,In the last month,Earlier than that,In the last month,Earlier than that,Only Clinton did,Only Clinton or Both of them,Only Clinton or Neither of them,,Only Clinton or Both of them,Only Clinton,Only Clinton or Neither of them,Version 1,0.626122772693634,No
403176.0,30-44,30-59,30-39,18-44,18-49,30-44,30-39,Black 30-44,Black 30-44,Black 30-44,Hillary Clinton,,,Complete,Call 1,1.0,,Is fair to most Americans,Somewhat worried,Worried,College graduate,College graduate,More than High school graduate,Non white college degree,4.0,,,Only Clinton,Only Clinton or Both of them,Only Clinton or Neither of them,Less than 100k,"Under $30,000",Less than 50k,Less than 50 thousand,"Under $50,000","Under $30,000","Under $50,000 and non white",,,,Health care,Generally continue Barack Obama's policies,Be from outside the political establishment,18-44,18-64,Democrat,Black Democrat,Black Democrat,Democrat,Non-White Democrats,Very liberal,Liberal,Liberal,57.0,,Can win in November,Black,Black,State questionnaire,Black,Non-white,,,,,South,,,,Hillary Clinton,Female,Black women,"Cities 50,000-500,000","Cities over 50,000",Alabama,Election day exit poll,In the last month,Earlier than that,In the last month,Earlier than that,Only Clinton did,Only Clinton or Both of them,Only Clinton or Neither of them,,Only Clinton or Both of them,Only Clinton,Only Clinton or Neither of them,Version 1,0.598402619361877,No
409672.0,45-65,30-59,45-49,45+,18-49,45-59,40-49,Black 45-59,Black 45-59,Black 45-64,Hillary Clinton,,,Complete,Call 2,2.0,,Favors the wealthy,Not at all worried,Not worried,Some college/assoc. degree,No college degree,More than High school graduate,Non white no college degree,3.0,,,Only Clinton,Only Clinton or Both of them,Only Clinton or Neither of them,Less than 100k,"Under $30,000",Less than 50k,Less than 50 thousand,"Under $50,000","Under $30,000","Under $50,000 and non white",,,,Health care,Generally continue Barack Obama's policies,Have experience in politics,45+,18-64,Democrat,Black Democrat,Black Democrat,Democrat,Non-White Democrats,Conservative,Moderate or conservative,Conservative,67.0,,Honest and trustworthy,Black,Black,State questionnaire,Black,Non-white,,,,,South,,,,Hillary Clinton,Female,Black women,"Cities 50,000-500,000","Cities over 50,000",Alabama,Election day exit poll,Before that,Earlier than that,Earlier than that,Earlier than that,Both did,Only Clinton or Both of them,Only Sanders or Both of them,,Only Clinton or Both of them,Both of them,Only Sanders or Both of them,Version 1,0.965510427951813,No
410893.0,45-65,30-59,50-59,45+,50+,45-59,50-64,Non-Black 45-59,White 45-59,White 45-64,Hillary Clinton,,,Complete,Call 2,3.0,,Favors the wealthy,Very worried,Worried,Postgraduate study,College graduate,More than High school graduate,White college degree,2.0,,,Both of them,Only Clinton or Both of them,Only Sanders or Both of them,Less than 100k,"$30,000 or more",50k or more,50 to 100 thousand,"$50,000-$99,999","$50,000-$99,999","Over $50,000 and white",,,,Health care,Change to less liberal policies,Have experience in politics,45+,18-64,Independent/Something else,Non-black non-Democrat,White Independent,Something else,White Independent,Somewhat liberal,Liberal,Liberal,82.0,,Can win in November,White,White,State questionnaire,White,White,,,,,South,,,,Hillary Clinton,Male,White men,Rural,Small Cities/Rural,Alabama,Election day exit poll,Before that,Earlier than that,Earlier than that,Earlier than that,Neither did,Only Sanders or Neither of them,Only Clinton or Neither of them,,Only Clinton or Both of them,Both of them,Only Sanders or Both of them,Version 1,6.98950290679932,No
410876.0,30-44,30-59,30-39,18-44,18-49,30-44,30-39,Black 30-44,Black 30-44,Black 30-44,Hillary Clinton,,,Complete,Call 2,5.0,,Favors the wealthy,Very worried,Worried,College graduate,College graduate,More than High school graduate,Non white college degree,1.0,,,Only Clinton,Only Clinton or Both of them,Only Clinton or Neither of them,Less than 100k,"$30,000 or more",Less than 50k,Less than 50 thousand,"Under $50,000","$30,000-$49,999","Under $50,000 and non white",,,,Health care,Generally continue Barack Obama's policies,Have experience in politics,18-44,18-64,Democrat,Black Democrat,Black Democrat,Democrat,Non-White Democrats,Moderate,Moderate or conservative,Moderate,49.0,,Honest and trustworthy,Black,Black,State questionnaire,Black,Non-white,,,,,South,,,,Hillary Clinton,Female,Black women,"Cities 50,000-500,000","Cities over 50,000",Alabama,Election day exit poll,Just today,Last few days,In the last month,This month,Neither did,Only Sanders or Neither of them,Only Clinton or Neither of them,,Only Clinton or Both of them,Only Clinton,Only Clinton or Neither of them,Version 1,0.274259299039841,No
416668.0,45-65,30-59,50-59,45+,50+,45-59,50-64,Black 45-59,Black 45-59,Black 45-64,Hillary Clinton,,,Complete,Call 3,2.0,,Favors the wealthy,Not at all worried,Not worried,Postgraduate study,College graduate,More than High school graduate,Non white college degree,3.0,,,Both of them,Only Clinton or Both of them,Only Sanders or Both of them,100k or more,"$30,000 or more",50k or more,100 thousand or more,"$100,000-$199,999","$100,000-$199,999","Over $50,000 and non white",,,,Economy/Jobs,Generally continue Barack Obama's policies,Have experience in politics,45+,18-64,Democrat,Black Democrat,Black Democrat,Democrat,Non-White Democrats,Somewhat liberal,Liberal,Liberal,67.0,,Honest and trustworthy,Black,Black,State questionnaire,Black,Non-white,,,,,South,,,,Hillary Clinton,Female,Black women,"Cities 50,000-500,000","Cities over 50,000",Alabama,Election day exit poll,Before that,Earlier than that,Earlier than that,Earlier than that,Both did,Only Clinton or Both of them,Only Sanders or Both of them,,Only Clinton or Both of them,Both of them,Only Sanders or Both of them,Version 1,0.965510427951813,No
416663.0,30-44,30-59,40-44,18-44,18-49,30-44,40-49,Black 30-44,Black 30-44,Black 30-44,Hillary Clinton,,,Complete,Call 3,1.0,,Favors the wealthy,Very worried,Worried,High school or less,No college degree,High school graduate or less,Non white no college degree,4.0,,,Only Clinton,Only Clinton or Both of them,Only Clinton or Neither of them,Less than 100k,"$30,000 or more",50k or more,50 to 100 thousand,"$50,000-$99,999","$50,000-$99,999","Over $50,000 and non white",,,,Health care,Generally continue Barack Obama's policies,Have experience in politics,18-44,18-64,Democrat,Black Democrat,Black Democrat,Democrat,Non-White Democrats,Very liberal,Liberal,Liberal,57.0,,Can win in November,Black,Black,State questionnaire,Black,Non-white,,,,,South,,,,Hillary Clinton,Female,Black women,"Cities 50,000-500,000","Cities over 50,000",Alabama,Election day exit poll,Before that,Earlier than that,Earlier than that,Earlier than that,Only Clinton did,Only Clinton or Both of them,Only Clinton or Neither of them,,Only Clinton or Both of them,Only Clinton,Only Clinton or Neither of them,Version 1,0.598402619361877,No
403133.0,30-44,30-59,30-39,18-44,18-49,30-44,30-39,Black 30-44,Black 30-44,Black 30-44,Hillary Clinton,,,Complete,Call 1,1.0,,Favors the wealthy,Very worried,Worried,High school or less,No college degree,High school graduate or less,Non white no college degree,4.0,,,Both of them,Only Clinton or Both of them,Only Sanders or Both of them,Less than 100k,"Under $30,000",Less than 50k,Less than 50 thousand,"Under $50,000","Under $30,000","Under $50,000 and non white",,,,Economy/Jobs,Generally continue Barack Obama's policies,Have experience in politics,18-44,18-64,Democrat,Black Democrat,Black Democrat,Democrat,Non-White Democrats,Somewhat liberal,Liberal,Liberal,58.0,,Can win in November,Black,Black,State questionnaire,Black,Non-white,,,,,South,,,,Hillary Clinton,Female,Black women,"Cities 50,000-500,000","Cities over 50,000",Alabama,Election day exit poll,Just today,Last few days,In the last month,This month,Only Clinton did,Only Clinton or Both of them,Only Clinton or Neither of them,,Only Clinton or Both of them,Both of them,Only Sanders or Both of them,Version 1,0.241849914193153,No
412109.0,45-65,60+,60-64,45+,50+,60+,50-64,Black 60+,Black 60+,Black 45-64,Hillary Clinton,,,Complete,Call 2,1.0,,Favors the wealthy,Not too worried,Not worried,Some college/assoc. degree,No college degree,More than High school graduate,Non white no college degree,4.0,,,Only Clinton,Only Clinton or Both of them,Only Clinton or Neither of them,Less than 100k,"Under $30,000",Less than 50k,Less than 50 thousand,"Under $50,000","Under $30,000","Under $50,000 and non white",,,,Health care,Generally continue Barack Obama's policies,Have experience in politics,45+,18-64,Democrat,Black Democrat,Black Democrat,Democrat,Non-White Democrats,,,,62.0,,Cares about people like me,Black,Black,State questionnaire,Black,Non-white,,,,,South,,,,Hillary Clinton,Female,Black women,Suburbs,Suburbs,Alabama,Election day exit poll,Sometime last week,Earlier than that,In the last month,This month,Omit,Omit,Omit,,Only Clinton or Both of them,Only Clinton,Only Clinton or Neither of them,Version 1,0.484982669353485,No
416635.0,30-44,30-59,30-39,18-44,18-49,30-44,30-39,Black 30-44,Black 30-44,Black 30-44,Hillary Clinton,,,Complete,Call 3,2.0,,Favors the wealthy,Very worried,Worried,High school or less,No college degree,High school graduate or less,Non white no college degree,3.0,,,Only Clinton,Only Clinton or Both of them,Only Clinton or Neither of them,Less than 100k,"$30,000 or more",50k or more,50 to 100 thousand,"$50,000-$99,999","$50,000-$99,999","Over $50,000 and non white",,,,Economy/Jobs,Generally continue Barack Obama's policies,Have experience in politics,18-44,18-64,Democrat,Black Democrat,Black Democrat,Democrat,Non-White Democrats,Very liberal,Liberal,Liberal,67.0,,Honest and trustworthy,Black,Black,State questionnaire,Black,Non-white,,,,,South,,,,Hillary Clinton,Male,Black men,"Cities 50,000-500,000","Cities over 50,000",Alabama,Election day exit poll,Before that,Earlier than that,Earlier than that,Earlier than that,Neither did,Only Sanders or Neither of them,Only Clinton or Neither of them,,Only Clinton or Both of them,Only Clinton,Only Clinton or Neither of them,Version 1,1.06470251083374,No
403115.0,45-65,60+,60-64,45+,50+,60+,50-64,Black 60+,Black 60+,Black 45-64,Hillary Clinton,,,Complete,Call 1,5.0,,Favors the wealthy,Very worried,Worried,Postgraduate study,College graduate,More than High school graduate,Non white college degree,1.0,,,Neither of them,Only Sanders or Neither of them,Only Clinton or Neither of them,Less than 100k,"$30,000 or more",50k or more,50 to 100 thousand,"$50,000-$99,999","$50,000-$99,999","Over $50,000 and non white",,,,Terrorism,Generally continue Barack Obama's policies,Be from outside the political establishment,45+,18-64,Independent/Something else,Black non-Democrat,Black Independent,Something else,All others,Conservative,Moderate or conservative,Conservative,44.0,,Has the right experience,Black,Black,State questionnaire,Black,Non-white,,,,,South,,,,Hillary Clinton,Female,Black women,"Cities 50,000-500,000","Cities over 50,000",Alabama,Election day exit poll,In the last few days,Last few days,In the last month,This month,Both did,Only Clinton or Both of them,Only Sanders or Both of them,,Only Sanders or Neither of them,Only Sanders,Only Sanders or Both of them,Version 1,0.626122772693634,No
403111.0,30-44,30-59,40-44,18-44,18-49,30-44,40-49,Black 30-44,Black 30-44,Black 30-44,Hillary Clinton,,,Complete,Call 1,7.0,,Favors the wealthy,Very worried,Worried,Some college/assoc. degree,No college degree,More than High school graduate,Non white no college degree,3.0,,,Both of them,Only Clinton or Both of them,Only Sanders or Both of them,Less than 100k,"$30,000 or more",50k or more,50 to 100 thousand,"$50,000-$99,999","$50,000-$99,999","Over $50,000 and non white",,,,Economy/Jobs,Change to less liberal policies,Have experience in politics,18-44,18-64,Democrat,Black Democrat,Black Democrat,Democrat,Non-White Democrats,Conservative,Moderate or conservative,Conservative,38.0,,Has the right experience,Black,Black,State questionnaire,Black,Non-white,,,,,South,,,,Bernie Sanders,Female,Black women,"Cities 50,000-500,000","Cities over 50,000",Alabama,Election day exit poll,Before that,Earlier than that,Earlier than that,Earlier than that,Both did,Only Clinton or Both of them,Only Sanders or Both of them,,Only Clinton or Both of them,Both of them,Only Sanders or Both of them,Version 1,1.13390827178955,No
403101.0,65+,60+,65 or over,45+,50+,60+,65+,Black 60+,Black 60+,Black 65+,Hillary Clinton,,,Complete,Call 1,1.0,,Favors the wealthy,Not too worried,Not worried,College graduate,College graduate,More than High school graduate,Non white college degree,4.0,,,Only Clinton,Only Clinton or Both of them,Only Clinton or Neither of them,Less than 100k,"Under $30,000",Less than 50k,Less than 50 thousand,"Under $50,000","Under $30,000","Under $50,000 and non white",,,,Income inequality,Generally continue Barack Obama's policies,Have experience in politics,45+,65+,Democrat,Black Democrat,Black Democrat,Democrat,Non-White Democrats,Very liberal,Liberal,Liberal,57.0,,Has the right experience,Black,Black,State questionnaire,Black,Non-white,,,,,South,,,,Hillary Clinton,Female,Black women,"Cities 50,000-500,000","Cities over 50,000",Alabama,Election day exit poll,Before that,Earlier than that,Earlier than that,Earlier than that,Only Clinton did,Only Clinton or Both of them,Only Clinton or Neither of them,,Only Clinton or Both of them,Only Clinton,Only Clinton or Neither of them,Version 1,0.68432754278183,No
410818.0,65+,60+,65 or over,45+,50+,60+,65+,Black 60+,Black 60+,Black 65+,Hillary Clinton,,,Complete,Call 2,5.0,,Favors the wealthy,Somewhat worried,Worried,Postgraduate study,College graduate,More than High school graduate,Non white college degree,1.0,,,Both of them,Only Clinton or Both of them,Only Sanders or Both of them,100k or more,"$30,000 or more",50k or more,100 thousand or more,"$100,000-$199,999","$100,000-$199,999","Over $50,000 and non white",,,,Health care,Generally continue Barack Obama's policies,Have experience in politics,45+,65+,Democrat,Black Democrat,Black Democrat,Democrat,Non-White Democrats,Somewhat liberal,Liberal,Liberal,44.0,,Has the right experience,Black,Black,State questionnaire,Black,Non-white,,,,,South,,,,Hillary Clinton,Female,Black women,"Cities 50,000-500,000","Cities over 50,000",Alabama,Election day exit poll,Before that,Earlier than that,Earlier than that,Earlier than that,Neither did,Only Sanders or Neither of them,Only Clinton or Neither of them,,Only Clinton or Both of them,Only Clinton,Only Clinton or Neither of them,Version 1,0.626122772693634,No
403086.0,65+,60+,65 or over,45+,50+,60+,65+,Black 60+,Black 60+,Black 65+,Hillary Clinton,,,Complete,Call 1,5.0,,Favors the wealthy,Very worried,Worried,College graduate,College graduate,More than High school graduate,Non white college degree,1.0,,,Neither of them,Only Sanders or Neither of them,Only Clinton or Neither of them,Less than 100k,"$30,000 or more",50k or more,50 to 100 thousand,"$50,000-$99,999","$50,000-$99,999","Over $50,000 and non white",,,,Terrorism,Generally continue Barack Obama's policies,Have experience in politics,45+,65+,Democrat,Black Democrat,Black Democrat,Democrat,Non-White Democrats,Moderate,Moderate or conservative,Moderate,44.0,,Can win in November,Black,Black,State questionnaire,Black,Non-white,,,,,South,,,,Hillary Clinton,Male,Black men,"Cities 50,000-500,000","Cities over 50,000",Alabama,Election day exit poll,In the last month,Earlier than that,In the last month,Earlier than that,Only Clinton did,Only Clinton or Both of them,Only Clinton or Neither of them,,Only Clinton or Both of them,Only Clinton,Only Clinton or Neither of them,Version 1,0.690447747707367,No
403068.0,45-65,30-59,50-59,45+,50+,45-59,50-64,Black 45-59,Black 45-59,Black 45-64,Hillary Clinton,,,Complete,Call 1,7.0,,Favors the wealthy,Somewhat worried,Worried,High school or less,No college degree,High school graduate or less,Non white no college degree,3.0,,,Both of them,Only Clinton or Both of them,Only Sanders or Both of them,Less than 100k,"Under $30,000",Less than 50k,Less than 50 thousand,"Under $50,000","Under $30,000","Under $50,000 and non white",,,,Economy/Jobs,Generally continue Barack Obama's policies,Have experience in politics,45+,18-64,Democrat,Black Democrat,Black Democrat,Democrat,Non-White Democrats,Moderate,Moderate or conservative,Moderate,38.0,,Has the right experience,Black,Black,State questionnaire,Black,Non-white,,,,,South,,,,Hillary Clinton,Female,Black women,"Cities 50,000-500,000","Cities over 50,000",Alabama,Election day exit poll,In the last month,Earlier than that,In the last month,Earlier than that,Both did,Only Clinton or Both of them,Only Sanders or Both of them,,Only Clinton or Both of them,Only Clinton,Only Clinton or Neither of them,Version 1,1.13390827178955,No
403067.0,30-44,30-59,30-39,18-44,18-49,30-44,30-39,Black 30-44,Black 30-44,Black 30-44,Hillary Clinton,,,Complete,Call 1,1.0,,Is fair to most Americans,Not too worried,Not worried,College graduate,College graduate,More than High school graduate,Non white college degree,4.0,,,Both of them,Only Clinton or Both of them,Only Sanders or Both of them,Less than 100k,"$30,000 or more",Less than 50k,Less than 50 thousand,"Under $50,000","$30,000-$49,999","Under $50,000 and non white",,,,Income inequality,Generally continue Barack Obama's policies,Have experience in politics,18-44,18-64,Democrat,Black Democrat,Black Democrat,Democrat,Non-White Democrats,Moderate,Moderate or conservative,Moderate,59.0,,Has the right experience,Black,Black,State questionnaire,Black,Non-white,,,,,South,,,,Hillary Clinton,Female,Black women,"Cities 50,000-500,000","Cities over 50,000",Alabama,Election day exit poll,In the last few days,Last few days,In the last month,This month,Neither did,Only Sanders or Neither of them,Only Clinton or Neither of them,,Only Clinton or Both of them,Both of them,Only Sanders or Both of them,Version 1,0.331317067146301,No
416579.0,45-65,30-59,45-49,45+,18-49,45-59,40-49,Black 45-59,Black 45-59,Black 45-64,Hillary Clinton,,,Complete,Call 3,5.0,,Favors the wealthy,Somewhat worried,Worried,College graduate,College graduate,More than High school graduate,Non white college degree,1.0,,,Only Clinton,Only Clinton or Both of them,Only Clinton or Neither of them,Less than 100k,"$30,000 or more",Less than 50k,Less than 50 thousand,"Under $50,000","$30,000-$49,999","Under $50,000 and non white",,,,Economy/Jobs,Generally continue Barack Obama's policies,Have experience in politics,45+,18-64,Democrat,Black Democrat,Black Democrat,Democrat,Non-White Democrats,Somewhat liberal,Liberal,Liberal,44.0,,Cares about people like me,Black,Black,State questionnaire,Black,Non-white,,,,,South,,,,Hillary Clinton,Male,Black men,"Cities 50,000-500,000","Cities over 50,000",Alabama,Election day exit poll,In the last month,Earlier than that,In the last month,Earlier than that,Both did,Only Clinton or Both of them,Only Sanders or Both of them,,Only Clinton or Both of them,Only Clinton,Only Clinton or Neither of them,Version 1,0.571341216564178,No
418493.0,45-65,30-59,45-49,45+,18-49,45-59,40-49,Black 45-59,Black 45-59,Black 45-64,Hillary Clinton,,,Complete,Call 3,1.0,,Favors the wealthy,Very worried,Worried,High school or less,No college degree,High school graduate or less,Non white no college degree,4.0,,,Only Clinton,Only Clinton or Both of them,Only Clinton or Neither of them,Less than 100k,"$30,000 or more",Less than 50k,Less than 50 thousand,"Under $50,000","$30,000-$49,999","Under $50,000 and non white",,,,Health care,Generally continue Barack Obama's policies,Have experience in politics,45+,18-64,Democrat,Black Democrat,Black Democrat,Democrat,Non-White Democrats,Conservative,Moderate or conservative,Conservative,62.0,,Has the right experience,Black,Black,State questionnaire,Black,Non-white,,,,,South,,,,Hillary Clinton,Male,Black men,Suburbs,Suburbs,Alabama,Election day exit poll,Before that,Earlier than that,Earlier than that,Earlier than that,Neither did,Only Sanders or Neither of them,Only Clinton or Neither of them,,Only Clinton or Both of them,Only Clinton,Only Clinton or Neither of them,Version 1,0.424087733030319,No
404971.0,30-44,30-59,30-39,18-44,18-49,30-44,30-39,Non-Black 30-44,Latino 30-44,Latino 30-44,Hillary Clinton,,,Complete,Call 1,6.0,,Favors the wealthy,Not too worried,Not worried,Postgraduate study,College graduate,More than High school graduate,Non white college degree,3.0,,,Neither of them,Only Sanders or Neither of them,Only Clinton or Neither of them,100k or more,"$30,000 or more",50k or more,100 thousand or more,"$100,000-$199,999","$100,000-$199,999","Over $50,000 and non white",,,,Economy/Jobs,Generally continue Barack Obama's policies,Have experience in politics,18-44,18-64,Independent/Something else,Non-black non-Democrat,Latino Independent,Independent,All others,Somewhat liberal,Liberal,Liberal,26.0,,Has the right experience,Other,Hispanic/Latino,State questionnaire,Hispanic/Latino,Non-white,,,,,South,,,,Hillary Clinton,Male,Latino men,"Cities 50,000-500,000","Cities over 50,000",Alabama,Election day exit poll,Just today,Last few days,In the last month,This month,Neither did,Only Sanders or Neither of them,Only Clinton or Neither of them,,Only Clinton or Both of them,Both of them,Only Sanders or Both of them,Version 1,1.53397881984711,No
416547.0,30-44,30-59,40-44,18-44,18-49,30-44,40-49,Black 30-44,Black 30-44,Black 30-44,Hillary Clinton,,,Complete,Call 3,5.0,,Favors the wealthy,Very worried,Worried,College graduate,College graduate,More than High school graduate,Non white college degree,1.0,,,Only Clinton,Only Clinton or Both of them,Only Clinton or Neither of them,Less than 100k,"$30,000 or more",50k or more,50 to 100 thousand,"$50,000-$99,999","$50,000-$99,999","Over $50,000 and non white",,,,Health care,Generally continue Barack Obama's policies,Have experience in politics,18-44,18-64,Democrat,Black Democrat,Black Democrat,Democrat,Non-White Democrats,Very liberal,Liberal,Liberal,44.0,,Omit,Black,Black,State questionnaire,Black,Non-white,,,,,South,,,,Hillary Clinton,Female,Black women,"Cities 50,000-500,000","Cities over 50,000",Alabama,Election day exit poll,Omit,Omit,Omit,Omit,Neither did,Only Sanders or Neither of them,Only Clinton or Neither of them,,Only Clinton or Both of them,Only Clinton,Only Clinton or Neither of them,Version 1,0.571341216564178,No
403026.0,18-29,18-29,25-29,18-44,18-49,18-29,25-29,Non-Black 18-29,All others,All others,Hillary Clinton,,,Complete,Call 1,2.0,,Favors the wealthy,Somewhat worried,Worried,College graduate,College graduate,More than High school graduate,Non white college degree,3.0,,,Both of them,Only Clinton or Both of them,Only Sanders or Both of them,Less than 100k,"$30,000 or more",Less than 50k,Less than 50 thousand,"Under $50,000","$30,000-$49,999","Under $50,000 and non white",,,,Terrorism,Generally continue Barack Obama's policies,Have experience in politics,18-44,18-64,Democrat,Non-black Democrat,All Other,Democrat,Non-White Democrats,Somewhat liberal,Liberal,Liberal,67.0,,Cares about people like me,Other,Asian,State questionnaire,Asian,Non-white,,,,,South,,,,Hillary Clinton,Female,All other races,"Cities 50,000-500,000","Cities over 50,000",Alabama,Election day exit poll,Before that,Earlier than that,Earlier than that,Earlier than that,Neither did,Only Sanders or Neither of them,Only Clinton or Neither of them,,Only Clinton or Both of them,Both of them,Only Sanders or Both of them,Version 1,1.8305139541626,No
416542.0,,,,,,,,,,,Hillary Clinton,,,Complete,Call 3,3.0,,Favors the wealthy,Very worried,Worried,,,,,2.0,,,Only Clinton,Only Clinton or Both of them,Only Clinton or Neither of them,100k or more,"$30,000 or more",50k or more,100 thousand or more,"$100,000-$199,999","$100,000-$199,999","Over $50,000 and non white",,,,Income inequality,Generally continue Barack Obama's policies,Have experience in politics,,,Democrat,Black Democrat,Black Democrat,Democrat,Non-White Democrats,Moderate,Moderate or conservative,Moderate,73.0,,Honest and trustworthy,Black,Black,State questionnaire,Black,Non-white,,,,,South,,,,Hillary Clinton,Female,Black women,Suburbs,Suburbs,Alabama,Election day exit poll,Before that,Earlier than that,Earlier than that,Earlier than that,Neither did,Only Sanders or Neither of them,Only Clinton or Neither of them,,Only Clinton or Both of them,Only Clinton,Only Clinton or Neither of them,Version 1,0.578375518321991,No
410748.0,30-44,30-59,40-44,18-44,18-49,30-44,40-49,Black 30-44,Black 30-44,Black 30-44,Hillary Clinton,,,Complete,Call 2,5.0,,Favors the wealthy,Somewhat worried,Worried,Some college/assoc. degree,No college degree,More than High school graduate,Non white no college degree,1.0,,,Only Clinton,Only Clinton or Both of them,Only Clinton or Neither of them,Less than 100k,"Under $30,000",Less than 50k,Less than 50 thousand,"Under $50,000","Under $30,000","Under $50,000 and non white",,,,Health care,Generally continue Barack Obama's policies,Be from outside the political establishment,18-44,18-64,Republican,Black non-Democrat,All Republicans,Republican,All others,Somewhat liberal,Liberal,Liberal,44.0,,Omit,Black,Black,State questionnaire,Black,Non-white,,,,,South,,,,Hillary Clinton,Female,Black women,"Cities 50,000-500,000","Cities over 50,000",Alabama,Election day exit poll,Before that,Earlier than that,Earlier than that,Earlier than that,Only Sanders did,Only Sanders or Neither of them,Only Sanders or Both of them,,Only Clinton or Both of them,Only Clinton,Only Clinton or Neither of them,Version 1,0.571341216564178,No
410741.0,45-65,30-59,45-49,45+,18-49,45-59,40-49,Non-Black 45-59,White 45-59,White 45-64,Hillary Clinton,,,Complete,Call 2,6.0,,Favors the wealthy,Very worried,Worried,High school or less,No college degree,High school graduate or less,White no college degree,3.0,,,Neither of them,Only Sanders or Neither of them,Only Clinton or Neither of them,100k or more,"$30,000 or more",50k or more,100 thousand or more,"$100,000-$199,999","$100,000-$199,999","Over $50,000 and white",,,,Health care,Change to more liberal policies,Have experience in politics,45+,18-64,Independent/Something else,Non-black non-Democrat,White Independent,Independent,White Independent,Somewhat liberal,Liberal,Liberal,31.0,,Has the right experience,White,White,State questionnaire,White,White,,,,,South,,,,Hillary Clinton,Male,White men,Suburbs,Suburbs,Alabama,Election day exit poll,Just today,Last few days,In the last month,This month,Both did,Only Clinton or Both of them,Only Sanders or Both of them,,Only Sanders or Neither of them,Neither of them,Only Clinton or Neither of them,Version 1,0.879449963569641,No
405775.0,45-65,60+,60-64,45+,50+,60+,50-64,Black 60+,Black 60+,Black 45-64,Hillary Clinton,,,Complete,Call 1,1.0,,Favors the wealthy,Somewhat worried,Worried,High school or less,No college degree,High school graduate or less,Non white no college degree,4.0,,,Only Clinton,Only Clinton or Both of them,Only Clinton or Neither of them,Less than 100k,"Under $30,000",Less than 50k,Less than 50 thousand,"Under $50,000","Under $30,000","Under $50,000 and non white",,,,Economy/Jobs,Generally continue Barack Obama's policies,Have experience in politics,45+,18-64,Democrat,Black Democrat,Black Democrat,Democrat,Non-White Democrats,Conservative,Moderate or conservative,Conservative,62.0,,Cares about people like me,Black,Black,State questionnaire,Black,Non-white,,,,,South,,,,Hillary Clinton,Female,Black women,Suburbs,Suburbs,Alabama,Election day exit poll,Before that,Earlier than that,Earlier than that,Earlier than that,Neither did,Only Sanders or Neither of them,Only Clinton or Neither of them,,Only Clinton or Both of them,Only Clinton,Only Clinton or Neither of them,Version 1,0.484982669353485,No
417444.0,30-44,30-59,40-44,18-44,18-49,30-44,40-49,Black 30-44,Black 30-44,Black 30-44,Hillary Clinton,,,Complete,Call 3,6.0,,Favors the wealthy,Not too worried,Not worried,Postgraduate study,College graduate,More than High school graduate,Non white college degree,2.0,,,Both of them,Only Clinton or Both of them,Only Sanders or Both of them,100k or more,"$30,000 or more",50k or more,100 thousand or more,"$200,000 or more","$200,000 or more","Over $50,000 and non white",,,,Income inequality,Generally continue Barack Obama's policies,Have experience in politics,18-44,18-64,Democrat,Black Democrat,Black Democrat,Democrat,Non-White Democrats,Very liberal,Liberal,Liberal,75.0,,Cares about people like me,Black,Black,State questionnaire,Black,Non-white,,,,,South,,,,Hillary Clinton,Male,Black men,Suburbs,Suburbs,Alabama,Election day exit poll,Just today,Last few days,In the last month,This month,Neither did,Only Sanders or Neither of them,Only Clinton or Neither of them,,Only Clinton or Both of them,Both of them,Only Sanders or Both of them,Version 1,0.0966842919588089,No
410694.0,18-29,18-29,25-29,18-44,18-49,18-29,25-29,Black 18-29,Black 18-29,Black 18-29,Hillary Clinton,,,Complete,Call 2,7.0,,Is fair to most Americans,Somewhat worried,Worried,College graduate,College graduate,More than High school graduate,Non white college degree,3.0,,,Only Clinton,Only Clinton or Both of them,Only Clinton or Neither of them,Less than 100k,"$30,000 or more",50k or more,50 to 100 thousand,"$50,000-$99,999","$50,000-$99,999","Over $50,000 and non white",,,,Economy/Jobs,Generally continue Barack Obama's policies,Have experience in politics,18-44,18-64,Democrat,Black Democrat,Black Democrat,Democrat,Non-White Democrats,Somewhat liberal,Liberal,Liberal,17.0,,Can win in November,Black,Black,State questionnaire,Black,Non-white,,,,,South,,,,Hillary Clinton,Male,Black men,Rural,Small Cities/Rural,Alabama,Election day exit poll,In the last month,Earlier than that,In the last month,Earlier than that,Neither did,Only Sanders or Neither of them,Only Clinton or Neither of them,,Only Clinton or Both of them,Only Clinton,Only Clinton or Neither of them,Version 1,1.38716900348663,No
402966.0,30-44,30-59,40-44,18-44,18-49,30-44,40-49,Black 30-44,Black 30-44,Black 30-44,Hillary Clinton,,,Complete,Call 1,2.0,,Favors the wealthy,Somewhat worried,Worried,Postgraduate study,College graduate,More than High school graduate,Non white college degree,3.0,,,Both of them,Only Clinton or Both of them,Only Sanders or Both of them,100k or more,"$30,000 or more",50k or more,100 thousand or more,"$100,000-$199,999","$100,000-$199,999","Over $50,000 and non white",,,,Economy/Jobs,Generally continue Barack Obama's policies,Have experience in politics,18-44,18-64,Democrat,Black Democrat,Black Democrat,Democrat,Non-White Democrats,Moderate,Moderate or conservative,Moderate,67.0,,Cares about people like me,Black,Black,State questionnaire,Black,Non-white,,,,,South,,,,Hillary Clinton,Male,Black men,"Cities 50,000-500,000","Cities over 50,000",Alabama,Election day exit poll,Before that,Earlier than that,Earlier than that,Earlier than that,Neither did,Only Sanders or Neither of them,Only Clinton or Neither of them,,Only Sanders or Neither of them,Only Sanders,Only Sanders or Both of them,Version 1,1.06470251083374,No
410685.0,45-65,30-59,45-49,45+,18-49,45-59,40-49,Black 45-59,Black 45-59,Black 45-64,Hillary Clinton,,,Complete,Call 2,1.0,,Favors the wealthy,Somewhat worried,Worried,High school or less,No college degree,High school graduate or less,Non white no college degree,4.0,,,Only Clinton,Only Clinton or Both of them,Only Clinton or Neither of them,Less than 100k,"Under $30,000",Less than 50k,Less than 50 thousand,"Under $50,000","Under $30,000","Under $50,000 and non white",,,,Health care,Generally continue Barack Obama's policies,Have experience in politics,45+,18-64,Democrat,Black Democrat,Black Democrat,Democrat,Non-White Democrats,Somewhat liberal,Liberal,Liberal,57.0,,Can win in November,Black,Black,State questionnaire,Black,Non-white,,,,,South,,,,Hillary Clinton,Female,Black women,"Cities 50,000-500,000","Cities over 50,000",Alabama,Election day exit poll,In the last month,Earlier than that,In the last month,Earlier than that,Only Clinton did,Only Clinton or Both of them,Only Clinton or Neither of them,,Only Clinton or Both of them,Only Clinton,Only Clinton or Neither of them,Version 1,0.598402619361877,No
402955.0,65+,60+,65 or over,45+,50+,60+,65+,Black 60+,Black 60+,Black 65+,Hillary Clinton,,,Complete,Call 1,5.0,,Is fair to most Americans,Not too worried,Not worried,,,,,1.0,,,Both of them,Only Clinton or Both of them,Only Sanders or Both of them,Less than 100k,"$30,000 or more",50k or more,50 to 100 thousand,"$50,000-$99,999","$50,000-$99,999","Over $50,000 and non white",,,,Economy/Jobs,Change to more liberal policies,Have experience in politics,45+,65+,Democrat,Black Democrat,Black Democrat,Democrat,Non-White Democrats,Moderate,Moderate or conservative,Moderate,44.0,,Honest and trustworthy,Black,Black,State questionnaire,Black,Non-white,,,,,South,,,,Hillary Clinton,Female,Black women,"Cities 50,000-500,000","Cities over 50,000",Alabama,Election day exit poll,Before that,Earlier than that,Earlier than that,Earlier than that,Neither did,Only Sanders or Neither of them,Only Clinton or Neither of them,,Only Clinton or Both of them,Only Clinton,Only Clinton or Neither of them,Version 1,0.626122772693634,No
402931.0,30-44,30-59,30-39,18-44,18-49,30-44,30-39,Black 30-44,Black 30-44,Black 30-44,Hillary Clinton,,,Complete,Call 1,1.0,,Favors the wealthy,Very worried,Worried,Some college/assoc. degree,No college degree,More than High school graduate,Non white no college degree,4.0,,,Only Clinton,Only Clinton or Both of them,Only Clinton or Neither of them,Less than 100k,"$30,000 or more",Less than 50k,Less than 50 thousand,"Under $50,000","$30,000-$49,999","Under $50,000 and non white",,,,Economy/Jobs,Change to less liberal policies,Have experience in politics,18-44,18-64,Democrat,Black Democrat,Black Democrat,Democrat,Non-White Democrats,Moderate,Moderate or conservative,Moderate,57.0,,Cares about people like me,Black,Black,State questionnaire,Black,Non-white,,,,,South,,,,Hillary Clinton,Female,Black women,"Cities 50,000-500,000","Cities over 50,000",Alabama,Election day exit poll,Before that,Earlier than that,Earlier than that,Earlier than that,Only Clinton did,Only Clinton or Both of them,Only Clinton or Neither of them,,Only Clinton or Both of them,Only Clinton,Only Clinton or Neither of them,Version 1,0.598402619361877,No
402930.0,18-29,18-29,18-24,18-44,18-49,18-29,18-24,Black 18-29,Black 18-29,Black 18-29,Hillary Clinton,,,Complete,Call 1,5.0,,Favors the wealthy,Somewhat worried,Worried,Some college/assoc. degree,No college degree,More than High school graduate,Non white no college degree,1.0,,,Both of them,Only Clinton or Both of them,Only Sanders or Both of them,Less than 100k,"$30,000 or more",Less than 50k,Less than 50 thousand,"Under $50,000","$30,000-$49,999","Under $50,000 and non white",,,,Health care,Generally continue Barack Obama's policies,Have experience in politics,18-44,18-64,Democrat,Black Democrat,Black Democrat,Democrat,Non-White Democrats,Somewhat liberal,Liberal,Liberal,44.0,,Has the right experience,Black,Black,State questionnaire,Black,Non-white,,,,,South,,,,Hillary Clinton,Female,Black women,"Cities 50,000-500,000","Cities over 50,000",Alabama,Election day exit poll,In the last few days,Last few days,In the last month,This month,Neither did,Only Sanders or Neither of them,Only Clinton or Neither of them,,Only Clinton or Both of them,Both of them,Only Sanders or Both of them,Version 1,0.571341216564178,No
416441.0,18-29,18-29,18-24,18-44,18-49,18-29,18-24,Black 18-29,Black 18-29,Black 18-29,Hillary Clinton,,,Complete,Call 3,2.0,,Favors the wealthy,Very worried,Worried,High school or less,No college degree,High school graduate or less,Non white no college degree,3.0,,,Only Clinton,Only Clinton or Both of them,Only Clinton or Neither of them,Less than 100k,"Under $30,000",Less than 50k,Less than 50 thousand,"Under $50,000","Under $30,000","Under $50,000 and non white",,,,Health care,Generally continue Barack Obama's policies,Have experience in politics,18-44,18-64,Democrat,Black Democrat,Black Democrat,Democrat,Non-White Democrats,Very liberal,Liberal,Liberal,67.0,,Honest and trustworthy,Black,Black,State questionnaire,Black,Non-white,,,,,South,,,,Hillary Clinton,Female,Black women,"Cities 50,000-500,000","Cities over 50,000",Alabama,Election day exit poll,Before that,Earlier than that,Earlier than that,Earlier than that,Neither did,Only Sanders or Neither of them,Only Clinton or Neither of them,,Only Clinton or Both of them,Both of them,Only Sanders or Both of them,Version 1,1.04194259643555,No
402923.0,65+,60+,65 or over,45+,50+,60+,65+,Non-Black 60+,White 60+,White 65+,Hillary Clinton,,,Complete,Call 1,5.0,,Favors the wealthy,Very worried,Worried,Postgraduate study,College graduate,More than High school graduate,White college degree,1.0,,,Both of them,Only Clinton or Both of them,Only Sanders or Both of them,Less than 100k,"Under $30,000",Less than 50k,Less than 50 thousand,"Under $50,000","Under $30,000","Under $50,000 and white",,,,Economy/Jobs,Generally continue Barack Obama's policies,Have experience in politics,45+,65+,Democrat,Non-black Democrat,White Democrat,Democrat,White Democrat,Somewhat liberal,Liberal,Liberal,49.0,,Has the right experience,White,White,State questionnaire,White,White,,,,,South,,,,Hillary Clinton,Male,White men,"Cities 50,000-500,000","Cities over 50,000",Alabama,Election day exit poll,Before that,Earlier than that,Earlier than that,Earlier than that,Neither did,Only Sanders or Neither of them,Only Clinton or Neither of them,,Only Clinton or Both of them,Both of them,Only Sanders or Both of them,Version 1,1.05817317962646,No
404853.0,45-65,30-59,50-59,45+,50+,45-59,50-64,Black 45-59,Black 45-59,Black 45-64,Hillary Clinton,,,Complete,Call 1,6.0,,Favors the wealthy,Not too worried,Not worried,Some college/assoc. degree,No college degree,More than High school graduate,Non white no college degree,3.0,,,Both of them,Only Clinton or Both of them,Only Sanders or Both of them,100k or more,"$30,000 or more",50k or more,100 thousand or more,"$100,000-$199,999","$100,000-$199,999","Over $50,000 and non white",,,,Terrorism,Generally continue Barack Obama's policies,Have experience in politics,45+,18-64,Democrat,Black Democrat,Black Democrat,Democrat,Non-White Democrats,Conservative,Moderate or conservative,Conservative,31.0,,Honest and trustworthy,Black,Black,State questionnaire,Black,Non-white,,,,,South,,,,Hillary Clinton,Female,Black women,Suburbs,Suburbs,Alabama,Election day exit poll,Before that,Earlier than that,Earlier than that,Earlier than that,Neither did,Only Sanders or Neither of them,Only Clinton or Neither of them,,Only Clinton or Both of them,Both of them,Only Sanders or Both of them,Version 1,0.463868707418442,No
410635.0,65+,60+,65 or over,45+,50+,60+,65+,Black 60+,Black 60+,Black 65+,Hillary Clinton,,,Complete,Call 2,5.0,,Favors the wealthy,Very worried,Worried,College graduate,College graduate,More than High school graduate,Non white college degree,1.0,,,Only Clinton,Only Clinton or Both of them,Only Clinton or Neither of them,Less than 100k,"$30,000 or more",50k or more,50 to 100 thousand,"$50,000-$99,999","$50,000-$99,999","Over $50,000 and non white",,,,Omit,Generally continue Barack Obama's policies,Have experience in politics,45+,65+,Democrat,Black Democrat,Black Democrat,Democrat,Non-White Democrats,Moderate,Moderate or conservative,Moderate,44.0,,Has the right experience,Black,Black,State questionnaire,Black,Non-white,,,,,South,,,,Hillary Clinton,Female,Black women,"Cities 50,000-500,000","Cities over 50,000",Alabama,Election day exit poll,Before that,Earlier than that,Earlier than that,Earlier than that,Only Clinton did,Only Clinton or Both of them,Only Clinton or Neither of them,,Only Clinton or Both of them,Only Clinton,Only Clinton or Neither of them,Version 1,0.626122772693634,No
402909.0,30-44,30-59,40-44,18-44,18-49,30-44,40-49,Black 30-44,Black 30-44,Black 30-44,Hillary Clinton,,,Complete,Call 1,2.0,,Favors the wealthy,Not too worried,Not worried,Some college/assoc. degree,No college degree,More than High school graduate,Non white no college degree,3.0,,,Both of them,Only Clinton or Both of them,Only Sanders or Both of them,Less than 100k,"$30,000 or more",Less than 50k,Less than 50 thousand,"Under $50,000","$30,000-$49,999","Under $50,000 and non white",,,,Economy/Jobs,Generally continue Barack Obama's policies,Have experience in politics,18-44,18-64,Democrat,Black Democrat,Black Democrat,Democrat,Non-White Democrats,Moderate,Moderate or conservative,Moderate,67.0,,Can win in November,Black,Black,State questionnaire,Black,Non-white,,,,,South,,,,Hillary Clinton,Female,Black women,"Cities 50,000-500,000","Cities over 50,000",Alabama,Election day exit poll,Before that,Earlier than that,Earlier than that,Earlier than that,Neither did,Only Sanders or Neither of them,Only Clinton or Neither of them,,Only Clinton or Both of them,Both of them,Only Sanders or Both of them,Version 1,0.965510427951813,No
416905.0,65+,60+,65 or over,45+,50+,60+,65+,Black 60+,Black 60+,Black 65+,Hillary Clinton,,,Complete,Call 3,5.0,,Favors the wealthy,Very worried,Worried,College graduate,College graduate,More than High school graduate,Non white college degree,1.0,,,Only Clinton,Only Clinton or Both of them,Only Clinton or Neither of them,Less than 100k,"$30,000 or more",50k or more,50 to 100 thousand,"$50,000-$99,999","$50,000-$99,999","Over $50,000 and non white",,,,Health care,Generally continue Barack Obama's policies,Have experience in politics,45+,65+,Democrat,Black Democrat,Black Democrat,Democrat,Non-White Democrats,Moderate,Moderate or conservative,Moderate,44.0,,Honest and trustworthy,Black,Black,State questionnaire,Black,Non-white,,,,,South,,,,Hillary Clinton,Male,Black men,"Cities 50,000-500,000","Cities over 50,000",Alabama,Election day exit poll,Before that,Earlier than that,Earlier than that,Earlier than that,Both did,Only Clinton or Both of them,Only Sanders or Both of them,,Only Clinton or Both of them,Only Clinton,Only Clinton or Neither of them,Version 1,0.690447747707367,No
417349.0,45-65,30-59,45-49,45+,18-49,45-59,40-49,Non-Black 45-59,White 45-59,White 45-64,Hillary Clinton,,,Complete,Call 3,5.0,,Favors the wealthy,Very worried,Worried,College graduate,College graduate,More than High school graduate,White college degree,1.0,,,Both of them,Only Clinton or Both of them,Only Sanders or Both of them,Less than 100k,"Under $30,000",Less than 50k,Less than 50 thousand,"Under $50,000","Under $30,000","Under $50,000 and white",,,,Economy/Jobs,Change to more liberal policies,Have experience in politics,45+,18-64,Democrat,Non-black Democrat,White Democrat,Democrat,White Democrat,Very liberal,Liberal,Liberal,49.0,,Can win in November,White,White,State questionnaire,White,White,,,,,South,,,,Hillary Clinton,Male,White men,"Cities 50,000-500,000","Cities over 50,000",Alabama,Election day exit poll,Just today,Last few days,In the last month,This month,Neither did,Only Sanders or Neither of them,Only Clinton or Neither of them,,Only Clinton or Both of them,Both of them,Only Sanders or Both of them,Version 1,1.01136934757233,No
410618.0,45-65,60+,60-64,45+,50+,60+,50-64,Black 60+,Black 60+,Black 45-64,Hillary Clinton,,,Complete,Call 2,6.0,,Favors the wealthy,Not too worried,Not worried,College graduate,College graduate,More than High school graduate,Non white college degree,2.0,,,Neither of them,Only Sanders or Neither of them,Only Clinton or Neither of them,Less than 100k,"$30,000 or more",Less than 50k,Less than 50 thousand,"Under $50,000","$30,000-$49,999","Under $50,000 and non white",,,,Terrorism,Generally continue Barack Obama's policies,Be from outside the political establishment,45+,18-64,Democrat,Black Democrat,Black Democrat,Democrat,Non-White Democrats,Moderate,Moderate or conservative,Moderate,75.0,,Cares about people like me,Black,Black,State questionnaire,Black,Non-white,,,,,South,,,,Hillary Clinton,Male,Black men,Suburbs,Suburbs,Alabama,Election day exit poll,Before that,Earlier than that,Earlier than that,Earlier than that,Both did,Only Clinton or Both of them,Only Sanders or Both of them,,Only Sanders or Neither of them,Neither of them,Only Clinton or Neither of them,Version 1,0.127731561660767,No
416404.0,45-65,30-59,50-59,45+,50+,45-59,50-64,Black 45-59,Black 45-59,Black 45-64,Hillary Clinton,,,Complete,Call 3,2.0,,Is fair to most Americans,Somewhat worried,Worried,High school or less,No college degree,High school graduate or less,Non white no college degree,3.0,,,Only Clinton,Only Clinton or Both of them,Only Clinton or Neither of them,100k or more,"$30,000 or more",50k or more,100 thousand or more,"$100,000-$199,999","$100,000-$199,999","Over $50,000 and non white",,,,Income inequality,Generally continue Barack Obama's policies,Be from outside the political establishment,45+,18-64,Democrat,Black Democrat,Black Democrat,Democrat,Non-White Democrats,Moderate,Moderate or conservative,Moderate,67.0,,Can win in November,Black,Black,State questionnaire,Black,Non-white,,,,,South,,,,Hillary Clinton,Male,Black men,"Cities 50,000-500,000","Cities over 50,000",Alabama,Election day exit poll,Just today,Last few days,In the last month,This month,Both did,Only Clinton or Both of them,Only Sanders or Both of them,,Only Clinton or Both of them,Only Clinton,Only Clinton or Neither of them,Version 1,1.06470251083374,No
402883.0,45-65,30-59,45-49,45+,18-49,45-59,40-49,Non-Black 45-59,All others,All others,Hillary Clinton,,,Complete,Call 1,1.0,,Favors the wealthy,Somewhat worried,Worried,Postgraduate study,College graduate,More than High school graduate,Non white college degree,4.0,,,Only Sanders,Only Sanders or Neither of them,Only Sanders or Both of them,Less than 100k,"$30,000 or more",Less than 50k,Less than 50 thousand,"Under $50,000","$30,000-$49,999","Under $50,000 and non white",,,,Economy/Jobs,Change to more liberal policies,Have experience in politics,45+,18-64,Independent/Something else,Non-black non-Democrat,All Other,Independent,All others,Very liberal,Liberal,Liberal,57.0,,Can win in November,Other,Other,State questionnaire,Other,Non-white,,,,,South,,,,Bernie Sanders,Male,All other races,"Cities 50,000-500,000","Cities over 50,000",Alabama,Election day exit poll,Before that,Earlier than that,Earlier than that,Earlier than that,Only Clinton did,Only Clinton or Both of them,Only Clinton or Neither of them,,Only Sanders or Neither of them,Only Sanders,Only Sanders or Both of them,Version 1,2.22634887695313,No
404813.0,18-29,18-29,25-29,18-44,18-49,18-29,25-29,Black 18-29,Black 18-29,Black 18-29,Hillary Clinton,,,Complete,Call 1,6.0,,Favors the wealthy,Somewhat worried,Worried,College graduate,College graduate,More than High school graduate,Non white college degree,2.0,,,Only Clinton,Only Clinton or Both of them,Only Clinton or Neither of them,Less than 100k,"$30,000 or more",Less than 50k,Less than 50 thousand,"Under $50,000","$30,000-$49,999","Under $50,000 and non white",,,,Economy/Jobs,Generally continue Barack Obama's policies,Have experience in politics,18-44,18-64,Democrat,Black Democrat,Black Democrat,Democrat,Non-White Democrats,Somewhat liberal,Liberal,Liberal,75.0,,Cares about people like me,Black,Black,State questionnaire,Black,Non-white,,,,,South,,,,Hillary Clinton,Female,Black women,Suburbs,Suburbs,Alabama,Election day exit poll,Before that,Earlier than that,Earlier than that,Earlier than that,Neither did,Only Sanders or Neither of them,Only Clinton or Neither of them,,Only Clinton or Both of them,Only Clinton,Only Clinton or Neither of them,Version 1,0.0966842919588089,No
410593.0,30-44,30-59,30-39,18-44,18-49,30-44,30-39,Black 30-44,Black 30-44,Black 30-44,Hillary Clinton,,,Complete,Call 2,5.0,,Is fair to most Americans,Very worried,Worried,College graduate,College graduate,More than High school graduate,Non white college degree,1.0,,,Both of them,Only Clinton or Both of them,Only Sanders or Both of them,Less than 100k,"Under $30,000",Less than 50k,Less than 50 thousand,"Under $50,000","Under $30,000","Under $50,000 and non white",,,,Economy/Jobs,Generally continue Barack Obama's policies,Have experience in politics,18-44,18-64,Democrat,Black Democrat,Black Democrat,Democrat,Non-White Democrats,Moderate,Moderate or conservative,Moderate,44.0,,Has the right experience,Black,Black,State questionnaire,Black,Non-white,,,,,South,,,,Hillary Clinton,Female,Black women,"Cities 50,000-500,000","Cities over 50,000",Alabama,Election day exit poll,In the last month,Earlier than that,In the last month,Earlier than that,Neither did,Only Sanders or Neither of them,Only Clinton or Neither of them,,Only Clinton or Both of them,Both of them,Only Sanders or Both of them,Version 1,0.571341216564178,No
410591.0,45-65,30-59,45-49,45+,18-49,45-59,40-49,Black 45-59,Black 45-59,Black 45-64,Hillary Clinton,,,Complete,Call 2,7.0,,Favors the wealthy,Very worried,Worried,College graduate,College graduate,More than High school graduate,Non white college degree,3.0,,,Both of them,Only Clinton or Both of them,Only Sanders or Both of them,Less than 100k,"$30,000 or more",50k or more,50 to 100 thousand,"$50,000-$99,999","$50,000-$99,999","Over $50,000 and non white",,,,Economy/Jobs,Generally continue Barack Obama's policies,Have experience in politics,45+,18-64,Democrat,Black Democrat,Black Democrat,Democrat,Non-White Democrats,Conservative,Moderate or conservative,Conservative,17.0,,Honest and trustworthy,Black,Black,State questionnaire,Black,Non-white,,,,,South,,,,Hillary Clinton,Female,Black women,Rural,Small Cities/Rural,Alabama,Election day exit poll,Before that,Earlier than that,Earlier than that,Earlier than that,Omit,Omit,Omit,,Only Clinton or Both of them,Both of them,Only Sanders or Both of them,Version 1,1.16565835475922,No
404786.0,65+,60+,65 or over,45+,50+,60+,65+,Non-Black 60+,White 60+,White 65+,Hillary Clinton,,,Complete,Call 1,6.0,,Favors the wealthy,Very worried,Worried,College graduate,College graduate,More than High school graduate,White college degree,3.0,,,Both of them,Only Clinton or Both of them,Only Sanders or Both of them,100k or more,"$30,000 or more",50k or more,100 thousand or more,"$100,000-$199,999","$100,000-$199,999","Over $50,000 and white",,,,Income inequality,Generally continue Barack Obama's policies,Have experience in politics,45+,65+,Democrat,Non-black Democrat,White Democrat,Democrat,White Democrat,Very liberal,Liberal,Liberal,26.0,,Has the right experience,White,White,State questionnaire,White,White,,,,,South,,,,Hillary Clinton,Female,White women,"Cities 50,000-500,000","Cities over 50,000",Alabama,Election day exit poll,Before that,Earlier than that,Earlier than that,Earlier than that,Neither did,Only Sanders or Neither of them,Only Clinton or Neither of them,,Only Clinton or Both of them,Only Clinton,Only Clinton or Neither of them,Version 1,1.60496771335602,No
416371.0,18-29,18-29,25-29,18-44,18-49,18-29,25-29,Black 18-29,Black 18-29,Black 18-29,Hillary Clinton,,,Complete,Call 3,7.0,,Is fair to most Americans,Not too worried,Not worried,Some college/assoc. degree,No college degree,More than High school graduate,Non white no college degree,3.0,,,Only Clinton,Only Clinton or Both of them,Only Clinton or Neither of them,Less than 100k,"$30,000 or more",50k or more,50 to 100 thousand,"$50,000-$99,999","$50,000-$99,999","Over $50,000 and non white",,,,Health care,Change to more liberal policies,Have experience in politics,18-44,18-64,Democrat,Black Democrat,Black Democrat,Democrat,Non-White Democrats,Very liberal,Liberal,Liberal,17.0,,Honest and trustworthy,Black,Black,State questionnaire,Black,Non-white,,,,,South,,,,Hillary Clinton,Male,Black men,Rural,Small Cities/Rural,Alabama,Election day exit poll,Before that,Earlier than that,Earlier than that,Earlier than that,Neither did,Only Sanders or Neither of them,Only Clinton or Neither of them,,Only Clinton or Both of them,Only Clinton,Only Clinton or Neither of them,Version 1,1.38716900348663,No
402853.0,45-65,30-59,45-49,45+,18-49,45-59,40-49,Black 45-59,Black 45-59,Black 45-64,Hillary Clinton,,,Complete,Call 1,5.0,,Favors the wealthy,Somewhat worried,Worried,Some college/assoc. degree,No college degree,More than High school graduate,Non white no college degree,1.0,,,Only Clinton,Only Clinton or Both of them,Only Clinton or Neither of them,Less than 100k,"$30,000 or more",Less than 50k,Less than 50 thousand,"Under $50,000","$30,000-$49,999","Under $50,000 and non white",,,,Health care,Generally continue Barack Obama's policies,Have experience in politics,45+,18-64,Democrat,Black Democrat,Black Democrat,Democrat,Non-White Democrats,Very liberal,Liberal,Liberal,44.0,,Has the right experience,Black,Black,State questionnaire,Black,Non-white,,,,,South,,,,Hillary Clinton,Female,Black women,"Cities 50,000-500,000","Cities over 50,000",Alabama,Election day exit poll,Before that,Earlier than that,Earlier than that,Earlier than that,Only Clinton did,Only Clinton or Both of them,Only Clinton or Neither of them,,Only Clinton or Both of them,Only Clinton,Only Clinton or Neither of them,Version 1,0.571341216564178,No
402852.0,45-65,60+,60-64,45+,50+,60+,50-64,Black 60+,Black 60+,Black 45-64,Hillary Clinton,,,Complete,Call 1,7.0,,Favors the wealthy,Very worried,Worried,College graduate,College graduate,More than High school graduate,Non white college degree,3.0,,,Both of them,Only Clinton or Both of them,Only Sanders or Both of them,Less than 100k,"Under $30,000",Less than 50k,Less than 50 thousand,"Under $50,000","Under $30,000","Under $50,000 and non white",,,,Health care,Generally continue Barack Obama's policies,Have experience in politics,45+,18-64,Democrat,Black Democrat,Black Democrat,Democrat,Non-White Democrats,Conservative,Moderate or conservative,Conservative,17.0,,Can win in November,Black,Black,State questionnaire,Black,Non-white,,,,,South,,,,Hillary Clinton,Female,Black women,Rural,Small Cities/Rural,Alabama,Election day exit poll,Before that,Earlier than that,Earlier than that,Earlier than that,Neither did,Only Sanders or Neither of them,Only Clinton or Neither of them,,Only Clinton or Both of them,Both of them,Only Sanders or Both of them,Version 1,1.53997468948364,No
416851.0,18-29,18-29,18-24,18-44,18-49,18-29,18-24,Non-Black 18-29,All others,All others,Hillary Clinton,,,Complete,Call 3,1.0,,Favors the wealthy,Somewhat worried,Worried,College graduate,College graduate,More than High school graduate,Non white college degree,4.0,,,Both of them,Only Clinton or Both of them,Only Sanders or Both of them,Less than 100k,"$30,000 or more",50k or more,50 to 100 thousand,"$50,000-$99,999","$50,000-$99,999","Over $50,000 and non white",,,,Economy/Jobs,Generally continue Barack Obama's policies,Have experience in politics,18-44,18-64,Democrat,Non-black Democrat,All Other,Democrat,Non-White Democrats,Conservative,Moderate or conservative,Conservative,58.0,,Has the right experience,Other,Other,State questionnaire,Other,Non-white,,,,,South,,,,Hillary Clinton,Female,All other races,"Cities 50,000-500,000","Cities over 50,000",Alabama,Election day exit poll,Before that,Earlier than that,Earlier than that,Earlier than that,Only Sanders did,Only Sanders or Neither of them,Only Sanders or Both of them,,Only Clinton or Both of them,Both of them,Only Sanders or Both of them,Version 1,0.899799287319183,No
402842.0,30-44,30-59,30-39,18-44,18-49,30-44,30-39,Black 30-44,Black 30-44,Black 30-44,Hillary Clinton,,,Complete,Call 1,2.0,,Favors the wealthy,Somewhat worried,Worried,Some college/assoc. degree,No college degree,More than High school graduate,Non white no college degree,3.0,,,Only Clinton,Only Clinton or Both of them,Only Clinton or Neither of them,Less than 100k,"$30,000 or more",Less than 50k,Less than 50 thousand,"Under $50,000","$30,000-$49,999","Under $50,000 and non white",,,,Income inequality,Generally continue Barack Obama's policies,Be from outside the political establishment,18-44,18-64,Democrat,Black Democrat,Black Democrat,Democrat,Non-White Democrats,Moderate,Moderate or conservative,Moderate,67.0,,Cares about people like me,Black,Black,State questionnaire,Black,Non-white,,,,,South,,,,Hillary Clinton,Female,Black women,"Cities 50,000-500,000","Cities over 50,000",Alabama,Election day exit poll,Before that,Earlier than that,Earlier than that,Earlier than that,Neither did,Only Sanders or Neither of them,Only Clinton or Neither of them,,Only Clinton or Both of them,Only Clinton,Only Clinton or Neither of them,Version 1,0.965510427951813,No
410564.0,30-44,30-59,40-44,18-44,18-49,30-44,40-49,Black 30-44,Black 30-44,Black 30-44,Hillary Clinton,,,Complete,Call 2,1.0,,Favors the wealthy,Very worried,Worried,College graduate,College graduate,More than High school graduate,Non white college degree,4.0,,,Both of them,Only Clinton or Both of them,Only Sanders or Both of them,Less than 100k,"Under $30,000",Less than 50k,Less than 50 thousand,"Under $50,000","Under $30,000","Under $50,000 and non white",,,,Health care,Change to more liberal policies,Be from outside the political establishment,18-44,18-64,Democrat,Black Democrat,Black Democrat,Democrat,Non-White Democrats,Very liberal,Liberal,Liberal,57.0,,Cares about people like me,Black,Black,State questionnaire,Black,Non-white,,,,,South,,,,Hillary Clinton,Female,Black women,"Cities 50,000-500,000","Cities over 50,000",Alabama,Election day exit poll,Before that,Earlier than that,Earlier than that,Earlier than that,Neither did,Only Sanders or Neither of them,Only Clinton or Neither of them,,Only Clinton or Both of them,Both of them,Only Sanders or Both of them,Version 1,0.598402619361877,No
410557.0,65+,60+,65 or over,45+,50+,60+,65+,Black 60+,Black 60+,Black 65+,Hillary Clinton,,,Complete,Call 2,7.0,,Omit,Somewhat worried,Worried,High school or less,No college degree,High school graduate or less,Non white no college degree,3.0,,,Only Clinton,Only Clinton or Both of them,Only Clinton or Neither of them,Less than 100k,"Under $30,000",Less than 50k,Less than 50 thousand,"Under $50,000","Under $30,000","Under $50,000 and non white",,,,Health care,Generally continue Barack Obama's policies,Have experience in politics,45+,65+,Democrat,Black Democrat,Black Democrat,Democrat,Non-White Democrats,Very liberal,Liberal,Liberal,17.0,,Cares about people like me,Black,Black,State questionnaire,Black,Non-white,,,,,South,,,,Hillary Clinton,Female,Black women,Rural,Small Cities/Rural,Alabama,Election day exit poll,Before that,Earlier than that,Earlier than that,Earlier than that,Omit,Omit,Omit,,Only Clinton or Both of them,Only Clinton,Only Clinton or Neither of them,Version 1,1.53997468948364,No
404757.0,65+,60+,65 or over,45+,50+,60+,65+,Black 60+,Black 60+,Black 65+,Hillary Clinton,,,Not complete,Call 1,6.0,,Favors the wealthy,,,,,,,2.0,,,,,,,,,,,,,,,,,Generally continue Barack Obama's policies,Be from outside the political establishment,45+,65+,,,,,,,,,75.0,,,Black,Black,State questionnaire,Black,Non-white,,,,,South,,,,Hillary Clinton,Male,Black men,Suburbs,Suburbs,Alabama,Election day exit poll,Sometime last week,Earlier than that,In the last month,This month,,,,,,,,Version 1,0.127731561660767,
402822.0,45-65,60+,60-64,45+,50+,60+,50-64,Black 60+,Black 60+,Black 45-64,Hillary Clinton,,,Complete,Call 1,7.0,,Favors the wealthy,Very worried,Worried,High school or less,No college degree,High school graduate or less,Non white no college degree,3.0,,,Both of them,Only Clinton or Both of them,Only Sanders or Both of them,Less than 100k,"Under $30,000",Less than 50k,Less than 50 thousand,"Under $50,000","Under $30,000","Under $50,000 and non white",,,,Terrorism,Generally continue Barack Obama's policies,Have experience in politics,45+,18-64,Democrat,Black Democrat,Black Democrat,Democrat,Non-White Democrats,Moderate,Moderate or conservative,Moderate,38.0,,Cares about people like me,Black,Black,State questionnaire,Black,Non-white,,,,,South,,,,Hillary Clinton,Female,Black women,"Cities 50,000-500,000","Cities over 50,000",Alabama,Election day exit poll,In the last few days,Last few days,In the last month,This month,Neither did,Only Sanders or Neither of them,Only Clinton or Neither of them,,Only Clinton or Both of them,Both of them,Only Sanders or Both of them,Version 1,1.49802899360657,No
416800.0,65+,60+,65 or over,45+,50+,60+,65+,Non-Black 60+,White 60+,White 65+,Hillary Clinton,,,Not complete,Call 3,4.0,,Is fair to most Americans,,,,,,,1.0,,,,,,,,,,,,,,,,,Omit,Have experience in politics,45+,65+,,,,,,,,,16.0,,,White,White,State questionnaire,White,White,,,,,South,,,,Hillary Clinton,Female,White women,Rural,Small Cities/Rural,Alabama,Election day exit poll,Just today,Last few days,In the last month,This month,,,,,,,,Version 1,0.951971828937531,
410518.0,45-65,30-59,50-59,45+,50+,45-59,50-64,Black 45-59,Black 45-59,Black 45-64,Hillary Clinton,,,Complete,Call 2,5.0,,Favors the wealthy,Very worried,Worried,College graduate,College graduate,More than High school graduate,Non white college degree,1.0,,,Only Clinton,Only Clinton or Both of them,Only Clinton or Neither of them,,,,,,,,,,,Economy/Jobs,Change to more liberal policies,Have experience in politics,45+,18-64,Democrat,Black Democrat,Black Democrat,Democrat,Non-White Democrats,Very liberal,Liberal,Liberal,44.0,,Honest and trustworthy,Black,Black,State questionnaire,Black,Non-white,,,,,South,,,,Hillary Clinton,Female,Black women,"Cities 50,000-500,000","Cities over 50,000",Alabama,Election day exit poll,Before that,Earlier than that,Earlier than that,Earlier than that,Both did,Only Clinton or Both of them,Only Sanders or Both of them,,Only Clinton or Both of them,Only Clinton,Only Clinton or Neither of them,Version 1,0.571341216564178,No
402772.0,30-44,30-59,40-44,18-44,18-49,30-44,40-49,Black 30-44,Black 30-44,Black 30-44,Hillary Clinton,,,Complete,Call 1,7.0,,Favors the wealthy,Very worried,Worried,High school or less,No college degree,High school graduate or less,Non white no college degree,3.0,,,Both of them,Only Clinton or Both of them,Only Sanders or Both of them,Less than 100k,"Under $30,000",Less than 50k,Less than 50 thousand,"Under $50,000","Under $30,000","Under $50,000 and non white",,,,Income inequality,Generally continue Barack Obama's policies,Have experience in politics,18-44,18-64,Democrat,Black Democrat,Black Democrat,Democrat,Non-White Democrats,Very liberal,Liberal,Liberal,38.0,,Cares about people like me,Black,Black,State questionnaire,Black,Non-white,,,,,South,,,,Hillary Clinton,Female,Black women,"Cities 50,000-500,000","Cities over 50,000",Alabama,Election day exit poll,In the last month,Earlier than that,In the last month,Earlier than that,Neither did,Only Sanders or Neither of them,Only Clinton or Neither of them,,Only Clinton or Both of them,Only Clinton,Only Clinton or Neither of them,Version 1,1.13390827178955,No
410495.0,65+,60+,65 or over,45+,50+,60+,65+,Black 60+,Black 60+,Black 65+,Hillary Clinton,,,Complete,Call 2,1.0,,Favors the wealthy,Somewhat worried,Worried,High school or less,No college degree,High school graduate or less,Non white no college degree,4.0,,,Only Clinton,Only Clinton or Both of them,Only Clinton or Neither of them,Less than 100k,"$30,000 or more",Less than 50k,Less than 50 thousand,"Under $50,000","$30,000-$49,999","Under $50,000 and non white",,,,Health care,Generally continue Barack Obama's policies,Have experience in politics,45+,65+,Democrat,Black Democrat,Black Democrat,Democrat,Non-White Democrats,Somewhat liberal,Liberal,Liberal,57.0,,Has the right experience,Black,Black,State questionnaire,Black,Non-white,,,,,South,,,,Hillary Clinton,Female,Black women,"Cities 50,000-500,000","Cities over 50,000",Alabama,Election day exit poll,In the last few days,Last few days,In the last month,This month,Neither did,Only Sanders or Neither of them,Only Clinton or Neither of them,,Only Clinton or Both of them,Only Clinton,Only Clinton or Neither of them,Version 1,0.68432754278183,No
418642.0,45-65,30-59,50-59,45+,50+,45-59,50-64,Black 45-59,Black 45-59,Black 45-64,Hillary Clinton,,,Complete,Call 3,3.0,,Favors the wealthy,Very worried,Worried,High school or less,No college degree,High school graduate or less,Non white no college degree,2.0,,,Only Clinton,Only Clinton or Both of them,Only Clinton or Neither of them,Less than 100k,"Under $30,000",Less than 50k,Less than 50 thousand,"Under $50,000","Under $30,000","Under $50,000 and non white",,,,Economy/Jobs,Generally continue Barack Obama's policies,Have experience in politics,45+,18-64,Democrat,Black Democrat,Black Democrat,Democrat,Non-White Democrats,Conservative,Moderate or conservative,Conservative,82.0,,Honest and trustworthy,Black,Black,State questionnaire,Black,Non-white,,,,,South,,,,Hillary Clinton,Male,Black men,Rural,Small Cities/Rural,Alabama,Election day exit poll,In the last few days,Last few days,In the last month,This month,Both did,Only Clinton or Both of them,Only Sanders or Both of them,,Only Clinton or Both of them,Only Clinton,Only Clinton or Neither of them,Version 1,1.8462495803833,No
418211.0,30-44,30-59,40-44,18-44,18-49,30-44,40-49,Black 30-44,Black 30-44,Black 30-44,Hillary Clinton,,,Complete,Call 3,1.0,,Favors the wealthy,Very worried,Worried,College graduate,College graduate,More than High school graduate,Non white college degree,4.0,,,Neither of them,Only Sanders or Neither of them,Only Clinton or Neither of them,100k or more,"$30,000 or more",50k or more,100 thousand or more,"$100,000-$199,999","$100,000-$199,999","Over $50,000 and non white",,,,Economy/Jobs,Change to less liberal policies,Have experience in politics,18-44,18-64,Independent/Something else,Black non-Democrat,Black Independent,Independent,All others,Moderate,Moderate or conservative,Moderate,62.0,,Cares about people like me,Black,Black,State questionnaire,Black,Non-white,,,,,South,,,,Hillary Clinton,Male,Black men,Suburbs,Suburbs,Alabama,Election day exit poll,In the last few days,Last few days,In the last month,This month,Both did,Only Clinton or Both of them,Only Sanders or Both of them,,Only Clinton or Both of them,Both of them,Only Sanders or Both of them,Version 1,0.424087733030319,No
402759.0,45-65,60+,60-64,45+,50+,60+,50-64,Black 60+,Black 60+,Black 45-64,Hillary Clinton,,,Complete,Call 1,7.0,,Favors the wealthy,Very worried,Worried,College graduate,College graduate,More than High school graduate,Non white college degree,3.0,,,Both of them,Only Clinton or Both of them,Only Sanders or Both of them,Less than 100k,"Under $30,000",Less than 50k,Less than 50 thousand,"Under $50,000","Under $30,000","Under $50,000 and non white",,,,Health care,Generally continue Barack Obama's policies,Have experience in politics,45+,18-64,,,,,,Conservative,Moderate or conservative,Conservative,17.0,,Can win in November,Black,Black,State questionnaire,Black,Non-white,,,,,South,,,,Hillary Clinton,Female,Black women,Rural,Small Cities/Rural,Alabama,Election day exit poll,Before that,Earlier than that,Earlier than that,Earlier than that,Neither did,Only Sanders or Neither of them,Only Clinton or Neither of them,,Only Clinton or Both of them,Both of them,Only Sanders or Both of them,Version 1,1.53997468948364,No
405526.0,45-65,60+,60-64,45+,50+,60+,50-64,Non-Black 60+,All others,All others,Hillary Clinton,,,Complete,Call 1,1.0,,Favors the wealthy,Very worried,Worried,High school or less,No college degree,High school graduate or less,Non white no college degree,4.0,,,Only Clinton,Only Clinton or Both of them,Only Clinton or Neither of them,Less than 100k,"Under $30,000",Less than 50k,Less than 50 thousand,"Under $50,000","Under $30,000","Under $50,000 and non white",,,,Economy/Jobs,Change to more liberal policies,Be from outside the political establishment,45+,18-64,Democrat,Non-black Democrat,All Other,Democrat,Non-White Democrats,Moderate,Moderate or conservative,Moderate,62.0,,Has the right experience,Other,American Indian,State questionnaire,Other,Non-white,,,,,South,,,,Hillary Clinton,Female,All other races,Suburbs,Suburbs,Alabama,Election day exit poll,Before that,Earlier than that,Earlier than that,Earlier than that,Both did,Only Clinton or Both of them,Only Sanders or Both of them,,Only Clinton or Both of them,Only Clinton,Only Clinton or Neither of them,Version 1,1.65083014965057,No
410479.0,45-65,30-59,50-59,45+,50+,45-59,50-64,Black 45-59,Black 45-59,Black 45-64,Hillary Clinton,,,Complete,Call 2,5.0,,Favors the wealthy,Very worried,Worried,High school or less,No college degree,High school graduate or less,Non white no college degree,1.0,,,Only Clinton,Only Clinton or Both of them,Only Clinton or Neither of them,Less than 100k,"Under $30,000",Less than 50k,Less than 50 thousand,"Under $50,000","Under $30,000","Under $50,000 and non white",,,,Economy/Jobs,Generally continue Barack Obama's policies,Be from outside the political establishment,45+,18-64,Democrat,Black Democrat,Black Democrat,Democrat,Non-White Democrats,Moderate,Moderate or conservative,Moderate,44.0,,Cares about people like me,Black,Black,State questionnaire,Black,Non-white,,,,,South,,,,Hillary Clinton,Female,Black women,"Cities 50,000-500,000","Cities over 50,000",Alabama,Election day exit poll,Before that,Earlier than that,Earlier than that,Earlier than that,Neither did,Only Sanders or Neither of them,Only Clinton or Neither of them,,Only Clinton or Both of them,Only Clinton,Only Clinton or Neither of them,Version 1,0.571341216564178,No
404675.0,30-44,30-59,30-39,18-44,18-49,30-44,30-39,Black 30-44,Black 30-44,Black 30-44,Hillary Clinton,,,Complete,Call 1,6.0,,Favors the wealthy,Somewhat worried,Worried,Postgraduate study,College graduate,More than High school graduate,Non white college degree,3.0,,,Both of them,Only Clinton or Both of them,Only Sanders or Both of them,100k or more,"$30,000 or more",50k or more,100 thousand or more,"$100,000-$199,999","$100,000-$199,999","Over $50,000 and non white",,,,Economy/Jobs,Generally continue Barack Obama's policies,Be from outside the political establishment,18-44,18-64,Democrat,Black Democrat,Black Democrat,Democrat,Non-White Democrats,Somewhat liberal,Liberal,Liberal,26.0,,Cares about people like me,Black,Black,State questionnaire,Black,Non-white,,,,,South,,,,Hillary Clinton,Male,Black men,"Cities 50,000-500,000","Cities over 50,000",Alabama,Election day exit poll,Before that,Earlier than that,Earlier than that,Earlier than that,Neither did,Only Sanders or Neither of them,Only Clinton or Neither of them,,Only Clinton or Both of them,Only Clinton,Only Clinton or Neither of them,Version 1,0.892225444316864,No
410466.0,45-65,30-59,50-59,45+,50+,45-59,50-64,Non-Black 45-59,All others,All others,Hillary Clinton,,,Complete,Call 2,1.0,,Favors the wealthy,Not too worried,Not worried,Postgraduate study,College graduate,More than High school graduate,Non white college degree,4.0,,,Both of them,Only Clinton or Both of them,Only Sanders or Both of them,100k or more,"$30,000 or more",50k or more,100 thousand or more,"$200,000 or more","$200,000 or more","Over $50,000 and non white",,,,Economy/Jobs,Generally continue Barack Obama's policies,Have experience in politics,45+,18-64,Independent/Something else,Non-black non-Democrat,All Other,Independent,All others,Moderate,Moderate or conservative,Moderate,1.0,,Can win in November,Other,Asian,State questionnaire,Asian,Non-white,,,,,South,,,,Hillary Clinton,Male,All other races,Suburbs,Suburbs,Alabama,Election day exit poll,Before that,Earlier than that,Earlier than that,Earlier than that,Only Sanders did,Only Sanders or Neither of them,Only Sanders or Both of them,,Only Clinton or Both of them,Only Clinton,Only Clinton or Neither of them,Version 1,0.808054983615875,No
418189.0,65+,60+,65 or over,45+,50+,60+,65+,Black 60+,Black 60+,Black 65+,Hillary Clinton,,,Complete,Call 3,1.0,,Is fair to most Americans,Not too worried,Not worried,College graduate,College graduate,More than High school graduate,Non white college degree,4.0,,,Only Clinton,Only Clinton or Both of them,Only Clinton or Neither of them,100k or more,"$30,000 or more",50k or more,100 thousand or more,"$100,000-$199,999","$100,000-$199,999","Over $50,000 and non white",,,,Health care,Change to more liberal policies,Have experience in politics,45+,65+,Democrat,Black Democrat,Black Democrat,Democrat,Non-White Democrats,Moderate,Moderate or conservative,Moderate,62.0,,Has the right experience,Black,Black,State questionnaire,Black,Non-white,,,,,South,,,,Hillary Clinton,Female,Black women,Suburbs,Suburbs,Alabama,Election day exit poll,Just today,Last few days,In the last month,This month,Only Clinton did,Only Clinton or Both of them,Only Clinton or Neither of them,,Only Clinton or Both of them,Only Clinton,Only Clinton or Neither of them,Version 1,0.484982669353485,No
416256.0,30-44,30-59,30-39,18-44,18-49,30-44,30-39,Black 30-44,Black 30-44,Black 30-44,Hillary Clinton,,,Complete,Call 3,7.0,,Is fair to most Americans,Very worried,Worried,High school or less,No college degree,High school graduate or less,Non white no college degree,3.0,,,Only Clinton,Only Clinton or Both of them,Only Clinton or Neither of them,Less than 100k,"Under $30,000",Less than 50k,Less than 50 thousand,"Under $50,000","Under $30,000","Under $50,000 and non white",,,,Income inequality,Generally continue Barack Obama's policies,Be from outside the political establishment,18-44,18-64,Democrat,Black Democrat,Black Democrat,Democrat,Non-White Democrats,Moderate,Moderate or conservative,Moderate,17.0,,Honest and trustworthy,Black,Black,State questionnaire,Black,Non-white,,,,,South,,,,Hillary Clinton,Female,Black women,Rural,Small Cities/Rural,Alabama,Election day exit poll,Just today,Last few days,In the last month,This month,Only Sanders did,Only Sanders or Neither of them,Only Sanders or Both of them,,Only Clinton or Both of them,Only Clinton,Only Clinton or Neither of them,Version 1,1.16565835475922,No
410462.0,45-65,30-59,50-59,45+,50+,45-59,50-64,Black 45-59,Black 45-59,Black 45-64,Hillary Clinton,,,Complete,Call 2,1.0,,Favors the wealthy,Somewhat worried,Worried,Some college/assoc. degree,No college degree,More than High school graduate,Non white no college degree,4.0,,,Both of them,Only Clinton or Both of them,Only Sanders or Both of them,Less than 100k,"$30,000 or more",Less than 50k,Less than 50 thousand,"Under $50,000","$30,000-$49,999","Under $50,000 and non white",,,,Health care,Generally continue Barack Obama's policies,Have experience in politics,45+,18-64,Democrat,Black Democrat,Black Democrat,Democrat,Non-White Democrats,Somewhat liberal,Liberal,Liberal,57.0,,Can win in November,Black,Black,State questionnaire,Black,Non-white,,,,,South,,,,Hillary Clinton,Female,Black women,"Cities 50,000-500,000","Cities over 50,000",Alabama,Election day exit poll,In the last few days,Last few days,In the last month,This month,Only Sanders did,Only Sanders or Neither of them,Only Sanders or Both of them,,Only Clinton or Both of them,Only Clinton,Only Clinton or Neither of them,Version 1,0.598402619361877,No
402737.0,45-65,30-59,50-59,45+,50+,45-59,50-64,Black 45-59,Black 45-59,Black 45-64,Hillary Clinton,,,Complete,Call 1,2.0,,Favors the wealthy,Very worried,Worried,High school or less,No college degree,High school graduate or less,Non white no college degree,3.0,,,Only Clinton,Only Clinton or Both of them,Only Clinton or Neither of them,Less than 100k,"Under $30,000",Less than 50k,Less than 50 thousand,"Under $50,000","Under $30,000","Under $50,000 and non white",,,,Terrorism,Generally continue Barack Obama's policies,Have experience in politics,45+,18-64,Democrat,Black Democrat,Black Democrat,Democrat,Non-White Democrats,Very liberal,Liberal,Liberal,67.0,,Cares about people like me,Black,Black,State questionnaire,Black,Non-white,,,,,South,,,,Hillary Clinton,Female,Black women,"Cities 50,000-500,000","Cities over 50,000",Alabama,Election day exit poll,In the last month,Earlier than that,In the last month,Earlier than that,Only Sanders did,Only Sanders or Neither of them,Only Sanders or Both of them,,Only Clinton or Both of them,Only Clinton,Only Clinton or Neither of them,Version 1,0.965510427951813,No
416737.0,65+,60+,65 or over,45+,50+,60+,65+,Non-Black 60+,White 60+,White 65+,Hillary Clinton,,,Complete,Call 3,6.0,,Is fair to most Americans,Somewhat worried,Worried,Postgraduate study,College graduate,More than High school graduate,White college degree,3.0,,,Only Clinton,Only Clinton or Both of them,Only Clinton or Neither of them,Less than 100k,"$30,000 or more",Less than 50k,Less than 50 thousand,"Under $50,000","$30,000-$49,999","Under $50,000 and white",,,,Economy/Jobs,Generally continue Barack Obama's policies,Have experience in politics,45+,65+,Independent/Something else,Non-black non-Democrat,White Independent,Independent,White Independent,Moderate,Moderate or conservative,Moderate,26.0,,Has the right experience,White,White,State questionnaire,White,White,,,,,South,,,,Hillary Clinton,Female,White women,"Cities 50,000-500,000","Cities over 50,000",Alabama,Election day exit poll,Just today,Last few days,In the last month,This month,Both did,Only Clinton or Both of them,Only Sanders or Both of them,,Only Clinton or Both of them,Only Clinton,Only Clinton or Neither of them,Version 1,1.60496771335602,No
416246.0,45-65,30-59,50-59,45+,50+,45-59,50-64,Non-Black 45-59,White 45-59,White 45-64,Hillary Clinton,,,Complete,Call 3,6.0,,Favors the wealthy,Very worried,Worried,College graduate,College graduate,More than High school graduate,White college degree,2.0,,,Both of them,Only Clinton or Both of them,Only Sanders or Both of them,Less than 100k,"$30,000 or more",50k or more,50 to 100 thousand,"$50,000-$99,999","$50,000-$99,999","Over $50,000 and white",,,,Economy/Jobs,Generally continue Barack Obama's policies,Have experience in politics,45+,18-64,Democrat,Non-black Democrat,White Democrat,Democrat,White Democrat,Moderate,Moderate or conservative,Moderate,74.0,,Cares about people like me,White,White,State questionnaire,White,White,,,,,South,,,,Hillary Clinton,Female,White women,Suburbs,Suburbs,Alabama,Election day exit poll,Before that,Earlier than that,Earlier than that,Earlier than that,Neither did,Only Sanders or Neither of them,Only Clinton or Neither of them,,Only Clinton or Both of them,Both of them,Only Sanders or Both of them,Version 1,1.23688113689423,No
416730.0,65+,60+,65 or over,45+,50+,60+,65+,Black 60+,Black 60+,Black 65+,Hillary Clinton,,,Complete,Call 3,1.0,,Is fair to most Americans,Not at all worried,Not worried,College graduate,College graduate,More than High school graduate,Non white college degree,4.0,,,Only Clinton,Only Clinton or Both of them,Only Clinton or Neither of them,Less than 100k,"Under $30,000",Less than 50k,Less than 50 thousand,"Under $50,000","Under $30,000","Under $50,000 and non white",,,,Health care,Generally continue Barack Obama's policies,Have experience in politics,45+,65+,Democrat,Black Democrat,Black Democrat,Democrat,Non-White Democrats,Moderate,Moderate or conservative,Moderate,57.0,,Can win in November,Black,Black,State questionnaire,Black,Non-white,,,,,South,,,,Hillary Clinton,Male,Black men,"Cities 50,000-500,000","Cities over 50,000",Alabama,Election day exit poll,Before that,Earlier than that,Earlier than that,Earlier than that,Neither did,Only Sanders or Neither of them,Only Clinton or Neither of them,,Only Clinton or Both of them,Only Clinton,Only Clinton or Neither of them,Version 1,0.754632174968719,No
404656.0,45-65,30-59,50-59,45+,50+,45-59,50-64,Black 45-59,Black 45-59,Black 45-64,Hillary Clinton,,,Complete,Call 1,6.0,,Is fair to most Americans,Somewhat worried,Worried,Postgraduate study,College graduate,More than High school graduate,Non white college degree,2.0,,,Neither of them,Only Sanders or Neither of them,Only Clinton or Neither of them,100k or more,"$30,000 or more",50k or more,100 thousand or more,"$200,000 or more","$200,000 or more","Over $50,000 and non white",,,,Health care,Generally continue Barack Obama's policies,Have experience in politics,45+,18-64,Democrat,Black Democrat,Black Democrat,Democrat,Non-White Democrats,Very liberal,Liberal,Liberal,75.0,,Cares about people like me,Black,Black,State questionnaire,Black,Non-white,,,,,South,,,,Hillary Clinton,Female,Black women,Suburbs,Suburbs,Alabama,Election day exit poll,Before that,Earlier than that,Earlier than that,Earlier than that,Neither did,Only Sanders or Neither of them,Only Clinton or Neither of them,,Only Clinton or Both of them,Both of them,Only Sanders or Both of them,Version 1,0.0966842919588089,No
410437.0,18-29,18-29,18-24,18-44,18-49,18-29,18-24,Black 18-29,Black 18-29,Black 18-29,Hillary Clinton,,,Complete,Call 2,5.0,,Favors the wealthy,Somewhat worried,Worried,Some college/assoc. degree,No college degree,More than High school graduate,Non white no college degree,1.0,,,Only Clinton,Only Clinton or Both of them,Only Clinton or Neither of them,Less than 100k,"Under $30,000",Less than 50k,Less than 50 thousand,"Under $50,000","Under $30,000","Under $50,000 and non white",,,,Health care,Generally continue Barack Obama's policies,Have experience in politics,18-44,18-64,Democrat,Black Democrat,Black Democrat,Democrat,Non-White Democrats,Very liberal,Liberal,Liberal,44.0,,Honest and trustworthy,Black,Black,State questionnaire,Black,Non-white,,,,,South,,,,Hillary Clinton,Female,Black women,"Cities 50,000-500,000","Cities over 50,000",Alabama,Election day exit poll,In the last month,Earlier than that,In the last month,Earlier than that,Only Clinton did,Only Clinton or Both of them,Only Clinton or Neither of them,,Only Clinton or Both of them,Only Clinton,Only Clinton or Neither of them,Version 1,0.571341216564178,No
416228.0,45-65,60+,60-64,45+,50+,60+,50-64,Non-Black 60+,White 60+,White 45-64,Hillary Clinton,,,Complete,Call 3,4.0,,Favors the wealthy,Very worried,Worried,College graduate,College graduate,More than High school graduate,White college degree,1.0,,,Neither of them,Only Sanders or Neither of them,Only Clinton or Neither of them,Less than 100k,"$30,000 or more",50k or more,50 to 100 thousand,"$50,000-$99,999","$50,000-$99,999","Over $50,000 and white",,,,Economy/Jobs,Change to less liberal policies,Have experience in politics,45+,18-64,Democrat,Non-black Democrat,White Democrat,Democrat,White Democrat,Conservative,Moderate or conservative,Conservative,41.0,,Can win in November,White,White,State questionnaire,White,White,,,,,South,,,,Hillary Clinton,Male,White men,Suburbs,Suburbs,Alabama,Election day exit poll,In the last few days,Last few days,In the last month,This month,Both did,Only Clinton or Both of them,Only Sanders or Both of them,,Only Sanders or Neither of them,Neither of them,Only Clinton or Neither of them,Version 1,1.31105065345764,No
416227.0,30-44,30-59,30-39,18-44,18-49,30-44,30-39,Black 30-44,Black 30-44,Black 30-44,Hillary Clinton,,,Complete,Call 3,7.0,,Favors the wealthy,Very worried,Worried,High school or less,No college degree,High school graduate or less,Non white no college degree,3.0,,,Only Clinton,Only Clinton or Both of them,Only Clinton or Neither of them,Less than 100k,"Under $30,000",Less than 50k,Less than 50 thousand,"Under $50,000","Under $30,000","Under $50,000 and non white",,,,Economy/Jobs,Generally continue Barack Obama's policies,Have experience in politics,18-44,18-64,Democrat,Black Democrat,Black Democrat,Democrat,Non-White Democrats,Somewhat liberal,Liberal,Liberal,17.0,,Cares about people like me,Black,Black,State questionnaire,Black,Non-white,,,,,South,,,,Hillary Clinton,Male,Black men,Rural,Small Cities/Rural,Alabama,Election day exit poll,In the last month,Earlier than that,In the last month,Earlier than that,Both did,Only Clinton or Both of them,Only Sanders or Both of them,,Only Clinton or Both of them,Only Clinton,Only Clinton or Neither of them,Version 1,1.28541266918182,No
404622.0,45-65,60+,60-64,45+,50+,60+,50-64,Non-Black 60+,White 60+,White 45-64,Hillary Clinton,,,Complete,Call 1,6.0,,Favors the wealthy,Somewhat worried,Worried,College graduate,College graduate,More than High school graduate,White college degree,3.0,,,Both of them,Only Clinton or Both of them,Only Sanders or Both of them,Less than 100k,"$30,000 or more",50k or more,50 to 100 thousand,"$50,000-$99,999","$50,000-$99,999","Over $50,000 and white",,,,Economy/Jobs,Generally continue Barack Obama's policies,Have experience in politics,45+,18-64,Democrat,Non-black Democrat,White Democrat,Democrat,White Democrat,Very liberal,Liberal,Liberal,26.0,,Has the right experience,White,White,State questionnaire,White,White,,,,,South,,,,Hillary Clinton,Female,White women,"Cities 50,000-500,000","Cities over 50,000",Alabama,Election day exit poll,Before that,Earlier than that,Earlier than that,Earlier than that,Neither did,Only Sanders or Neither of them,Only Clinton or Neither of them,,Only Clinton or Both of them,Both of them,Only Sanders or Both of them,Version 1,1.60496771335602,No
416198.0,30-44,30-59,30-39,18-44,18-49,30-44,30-39,Black 30-44,Black 30-44,Black 30-44,Hillary Clinton,,,Complete,Call 3,7.0,,Favors the wealthy,Very worried,Worried,Some college/assoc. degree,No college degree,More than High school graduate,Non white no college degree,3.0,,,Only Clinton,Only Clinton or Both of them,Only Clinton or Neither of them,Less than 100k,"$30,000 or more",50k or more,50 to 100 thousand,"$50,000-$99,999","$50,000-$99,999","Over $50,000 and non white",,,,Health care,Generally continue Barack Obama's policies,Be from outside the political establishment,18-44,18-64,Democrat,Black Democrat,Black Democrat,Democrat,Non-White Democrats,Somewhat liberal,Liberal,Liberal,17.0,,Honest and trustworthy,Black,Black,State questionnaire,Black,Non-white,,,,,South,,,,Hillary Clinton,Female,Black women,Rural,Small Cities/Rural,Alabama,Election day exit poll,Before that,Earlier than that,Earlier than that,Earlier than that,Neither did,Only Sanders or Neither of them,Only Clinton or Neither of them,,Only Clinton or Both of them,Only Clinton,Only Clinton or Neither of them,Version 1,1.16565835475922,No
404610.0,45-65,30-59,50-59,45+,50+,45-59,50-64,Black 45-59,Black 45-59,Black 45-64,Hillary Clinton,,,Complete,Call 1,1.0,,Favors the wealthy,Very worried,Worried,Postgraduate study,College graduate,More than High school graduate,Non white college degree,4.0,,,Both of them,Only Clinton or Both of them,Only Sanders or Both of them,Less than 100k,"$30,000 or more",50k or more,50 to 100 thousand,"$50,000-$99,999","$50,000-$99,999","Over $50,000 and non white",,,,Health care,Generally continue Barack Obama's policies,Have experience in politics,45+,18-64,Democrat,Black Democrat,Black Democrat,Democrat,Non-White Democrats,Somewhat liberal,Liberal,Liberal,62.0,,Cares about people like me,Black,Black,State questionnaire,Black,Non-white,,,,,South,,,,Hillary Clinton,Female,Black women,Suburbs,Suburbs,Alabama,Election day exit poll,Sometime last week,Earlier than that,In the last month,This month,Both did,Only Clinton or Both of them,Only Sanders or Both of them,,Only Clinton or Both of them,Both of them,Only Sanders or Both of them,Version 1,0.424087733030319,No
404605.0,45-65,30-59,50-59,45+,50+,45-59,50-64,Black 45-59,Black 45-59,Black 45-64,Hillary Clinton,,,Complete,Call 1,6.0,,Is fair to most Americans,Somewhat worried,Worried,Some college/assoc. degree,No college degree,More than High school graduate,Non white no college degree,2.0,,,Only Clinton,Only Clinton or Both of them,Only Clinton or Neither of them,100k or more,"$30,000 or more",50k or more,100 thousand or more,"$100,000-$199,999","$100,000-$199,999","Over $50,000 and non white",,,,Health care,Generally continue Barack Obama's policies,Have experience in politics,45+,18-64,Independent/Something else,Black non-Democrat,Black Independent,Independent,All others,Moderate,Moderate or conservative,Moderate,75.0,,Cares about people like me,Black,Black,State questionnaire,Black,Non-white,,,,,South,,,,Hillary Clinton,Male,Black men,Suburbs,Suburbs,Alabama,Election day exit poll,Before that,Earlier than that,Earlier than that,Earlier than that,Neither did,Only Sanders or Neither of them,Only Clinton or Neither of them,,Only Clinton or Both of them,Both of them,Only Sanders or Both of them,Version 1,0.0966842919588089,No
418731.0,30-44,30-59,30-39,18-44,18-49,30-44,30-39,Non-Black 30-44,White 30-44,White 30-44,Hillary Clinton,,,Complete,Call 3,3.0,,Favors the wealthy,Very worried,Worried,College graduate,College graduate,More than High school graduate,White college degree,2.0,,,Only Clinton,Only Clinton or Both of them,Only Clinton or Neither of them,Less than 100k,"Under $30,000",Less than 50k,Less than 50 thousand,"Under $50,000","Under $30,000","Under $50,000 and white",,,,Economy/Jobs,Generally continue Barack Obama's policies,Have experience in politics,18-44,18-64,Democrat,Non-black Democrat,White Democrat,Democrat,White Democrat,Very liberal,Liberal,Liberal,82.0,,Honest and trustworthy,White,White,State questionnaire,White,White,,,,,South,,,,Hillary Clinton,Female,White women,Rural,Small Cities/Rural,Alabama,Election day exit poll,Before that,Earlier than that,Earlier than that,Earlier than that,Neither did,Only Sanders or Neither of them,Only Clinton or Neither of them,,Only Clinton or Both of them,Only Clinton,Only Clinton or Neither of them,Version 1,6.98950290679932,No
416185.0,45-65,30-59,45-49,45+,18-49,45-59,40-49,Non-Black 45-59,White 45-59,White 45-64,Hillary Clinton,,,Complete,Call 3,2.0,,Favors the wealthy,Very worried,Worried,College graduate,College graduate,More than High school graduate,White college degree,4.0,,,Only Clinton,Only Clinton or Both of them,Only Clinton or Neither of them,100k or more,"$30,000 or more",50k or more,100 thousand or more,"$100,000-$199,999","$100,000-$199,999","Over $50,000 and white",,,,Economy/Jobs,Generally continue Barack Obama's policies,Have experience in politics,45+,18-64,Democrat,Non-black Democrat,White Democrat,Democrat,White Democrat,Very liberal,Liberal,Liberal,13.0,,Has the right experience,White,White,State questionnaire,White,White,,,,,South,,,,Hillary Clinton,Female,White women,Rural,Small Cities/Rural,Alabama,Election day exit poll,Before that,Earlier than that,Earlier than that,Earlier than that,Neither did,Only Sanders or Neither of them,Only Clinton or Neither of them,,Only Clinton or Both of them,Both of them,Only Sanders or Both of them,Version 1,0.633082628250122,No
404597.0,18-29,18-29,25-29,18-44,18-49,18-29,25-29,Black 18-29,Black 18-29,Black 18-29,Hillary Clinton,,,Complete,Call 1,6.0,,Is fair to most Americans,Somewhat worried,Worried,Some college/assoc. degree,No college degree,More than High school graduate,Non white no college degree,3.0,,,Only Clinton,Only Clinton or Both of them,Only Clinton or Neither of them,Less than 100k,"$30,000 or more",Less than 50k,Less than 50 thousand,"Under $50,000","$30,000-$49,999","Under $50,000 and non white",,,,Economy/Jobs,Generally continue Barack Obama's policies,Be from outside the political establishment,18-44,18-64,Democrat,Black Democrat,Black Democrat,Democrat,Non-White Democrats,Moderate,Moderate or conservative,Moderate,31.0,,Cares about people like me,Black,Black,State questionnaire,Black,Non-white,,,,,South,,,,Hillary Clinton,Male,Black men,Suburbs,Suburbs,Alabama,Election day exit poll,In the last month,Earlier than that,In the last month,Earlier than that,Neither did,Only Sanders or Neither of them,Only Clinton or Neither of them,,Only Clinton or Both of them,Only Clinton,Only Clinton or Neither of them,Version 1,0.5520179271698,No
410387.0,18-29,18-29,25-29,18-44,18-49,18-29,25-29,Black 18-29,Black 18-29,Black 18-29,Hillary Clinton,,,Complete,Call 2,1.0,,Favors the wealthy,Very worried,Worried,High school or less,No college degree,High school graduate or less,Non white no college degree,4.0,,,Only Clinton,Only Clinton or Both of them,Only Clinton or Neither of them,Less than 100k,"Under $30,000",Less than 50k,Less than 50 thousand,"Under $50,000","Under $30,000","Under $50,000 and non white",,,,Economy/Jobs,Generally continue Barack Obama's policies,Have experience in politics,18-44,18-64,Democrat,Black Democrat,Black Democrat,Democrat,Non-White Democrats,Very liberal,Liberal,Liberal,57.0,,Cares about people like me,Black,Black,State questionnaire,Black,Non-white,,,,,South,,,,Hillary Clinton,Male,Black men,"Cities 50,000-500,000","Cities over 50,000",Alabama,Election day exit poll,Just today,Last few days,In the last month,This month,Only Clinton did,Only Clinton or Both of them,Only Clinton or Neither of them,,Only Clinton or Both of them,Only Clinton,Only Clinton or Neither of them,Version 1,0.616424381732941,No
409853.0,45-65,30-59,45-49,45+,18-49,45-59,40-49,Non-Black 45-59,White 45-59,White 45-64,Hillary Clinton,,,Complete,Call 2,7.0,,Favors the wealthy,Not too worried,Not worried,Postgraduate study,College graduate,More than High school graduate,White college degree,3.0,,,Both of them,Only Clinton or Both of them,Only Sanders or Both of them,100k or more,"$30,000 or more",50k or more,100 thousand or more,"$200,000 or more","$200,000 or more","Over $50,000 and white",,,,Economy/Jobs,Generally continue Barack Obama's policies,Have experience in politics,45+,18-64,Democrat,Non-black Democrat,White Democrat,Democrat,White Democrat,Very liberal,Liberal,Liberal,34.0,,Has the right experience,White,White,State questionnaire,White,White,,,,,South,,,,Hillary Clinton,Male,White men,"Cities 50,000-500,000","Cities over 50,000",Alabama,Election day exit poll,Before that,Earlier than that,Earlier than that,Earlier than that,Only Sanders did,Only Sanders or Neither of them,Only Sanders or Both of them,,Only Clinton or Both of them,Both of them,Only Sanders or Both of them,Version 1,3.95532608032227,No
416160.0,65+,60+,65 or over,45+,50+,60+,65+,Black 60+,Black 60+,Black 65+,Hillary Clinton,,,Complete,Call 3,7.0,,Favors the wealthy,Very worried,Worried,Postgraduate study,College graduate,More than High school graduate,Non white college degree,3.0,,,Only Clinton,Only Clinton or Both of them,Only Clinton or Neither of them,100k or more,"$30,000 or more",50k or more,100 thousand or more,"$100,000-$199,999","$100,000-$199,999","Over $50,000 and non white",,,,Income inequality,Generally continue Barack Obama's policies,Have experience in politics,45+,65+,Democrat,Black Democrat,Black Democrat,Democrat,Non-White Democrats,Very liberal,Liberal,Liberal,17.0,,Has the right experience,Black,Black,State questionnaire,Black,Non-white,,,,,South,,,,Hillary Clinton,Male,Black men,Rural,Small Cities/Rural,Alabama,Election day exit poll,Before that,Earlier than that,Earlier than that,Earlier than that,Neither did,Only Sanders or Neither of them,Only Clinton or Neither of them,,Only Clinton or Both of them,Only Clinton,Only Clinton or Neither of them,Version 1,1.69818449020386,No
410362.0,45-65,30-59,45-49,45+,18-49,45-59,40-49,Black 45-59,Black 45-59,Black 45-64,Hillary Clinton,,,Complete,Call 2,7.0,,Favors the wealthy,Not too worried,Not worried,High school or less,No college degree,High school graduate or less,Non white no college degree,3.0,,,Only Clinton,Only Clinton or Both of them,Only Clinton or Neither of them,Less than 100k,"$30,000 or more",50k or more,50 to 100 thousand,"$50,000-$99,999","$50,000-$99,999","Over $50,000 and non white",,,,Economy/Jobs,Generally continue Barack Obama's policies,Have experience in politics,45+,18-64,Democrat,Black Democrat,Black Democrat,Democrat,Non-White Democrats,Very liberal,Liberal,Liberal,33.0,,Can win in November,Black,Black,State questionnaire,Black,Non-white,,,,,South,,,,Hillary Clinton,Female,Black women,"Cities 50,000-500,000","Cities over 50,000",Alabama,Election day exit poll,In the last month,Earlier than that,In the last month,Earlier than that,Only Clinton did,Only Clinton or Both of them,Only Clinton or Neither of them,,Only Clinton or Both of them,Only Clinton,Only Clinton or Neither of them,Version 1,2.09147810935974,No
404566.0,65+,60+,65 or over,45+,50+,60+,65+,Non-Black 60+,White 60+,White 65+,Hillary Clinton,,,Complete,Call 1,6.0,,Favors the wealthy,Somewhat worried,Worried,Postgraduate study,College graduate,More than High school graduate,White college degree,3.0,,,Both of them,Only Clinton or Both of them,Only Sanders or Both of them,100k or more,"$30,000 or more",50k or more,100 thousand or more,"$200,000 or more","$200,000 or more","Over $50,000 and white",,,,Income inequality,Generally continue Barack Obama's policies,Have experience in politics,45+,65+,Democrat,Non-black Democrat,White Democrat,Democrat,White Democrat,Somewhat liberal,Liberal,Liberal,26.0,,Cares about people like me,White,White,State questionnaire,White,White,,,,,South,,,,Hillary Clinton,Male,White men,"Cities 50,000-500,000","Cities over 50,000",Alabama,Election day exit poll,In the last month,Earlier than that,In the last month,Earlier than that,Neither did,Only Sanders or Neither of them,Only Clinton or Neither of them,,Only Clinton or Both of them,Both of them,Only Sanders or Both of them,Version 1,1.60496771335602,No
416608.0,45-65,30-59,45-49,45+,18-49,45-59,40-49,Black 45-59,Black 45-59,Black 45-64,Hillary Clinton,,,Complete,Call 3,5.0,,Favors the wealthy,Very worried,Worried,Some college/assoc. degree,No college degree,More than High school graduate,Non white no college degree,1.0,,,Only Clinton,Only Clinton or Both of them,Only Clinton or Neither of them,Less than 100k,"$30,000 or more",Less than 50k,Less than 50 thousand,"Under $50,000","$30,000-$49,999","Under $50,000 and non white",,,,Economy/Jobs,Change to more liberal policies,Have experience in politics,45+,18-64,Independent/Something else,Black non-Democrat,Black Independent,Something else,All others,Conservative,Moderate or conservative,Conservative,44.0,,Has the right experience,Black,Black,State questionnaire,Black,Non-white,,,,,South,,,,Hillary Clinton,Male,Black men,"Cities 50,000-500,000","Cities over 50,000",Alabama,Election day exit poll,Before that,Earlier than that,Earlier than that,Earlier than that,Both did,Only Clinton or Both of them,Only Sanders or Both of them,,Only Sanders or Neither of them,Neither of them,Only Clinton or Neither of them,Version 1,0.571341216564178,No
416603.0,30-44,30-59,40-44,18-44,18-49,30-44,40-49,Black 30-44,Black 30-44,Black 30-44,Hillary Clinton,,,Complete,Call 3,3.0,,Favors the wealthy,Somewhat worried,Worried,College graduate,College graduate,More than High school graduate,Non white college degree,2.0,,,Only Clinton,Only Clinton or Both of them,Only Clinton or Neither of them,Less than 100k,"$30,000 or more",50k or more,50 to 100 thousand,"$50,000-$99,999","$50,000-$99,999","Over $50,000 and non white",,,,Economy/Jobs,Generally continue Barack Obama's policies,Have experience in politics,18-44,18-64,Democrat,Black Democrat,Black Democrat,Democrat,Non-White Democrats,Somewhat liberal,Liberal,Liberal,73.0,,Cares about people like me,Black,Black,State questionnaire,Black,Non-white,,,,,South,,,,Hillary Clinton,Female,Black women,Suburbs,Suburbs,Alabama,Election day exit poll,Before that,Earlier than that,Earlier than that,Earlier than that,Only Sanders did,Only Sanders or Neither of them,Only Sanders or Both of them,,Only Clinton or Both of them,Only Clinton,Only Clinton or Neither of them,Version 1,0.578375518321991,No
416600.0,30-44,30-59,30-39,18-44,18-49,30-44,30-39,Black 30-44,Black 30-44,Black 30-44,Hillary Clinton,,,Complete,Call 3,2.0,,Favors the wealthy,Very worried,Worried,College graduate,College graduate,More than High school graduate,Non white college degree,3.0,,,Neither of them,Only Sanders or Neither of them,Only Clinton or Neither of them,Less than 100k,"Under $30,000",Less than 50k,Less than 50 thousand,"Under $50,000","Under $30,000","Under $50,000 and non white",,,,Economy/Jobs,Change to less liberal policies,Have experience in politics,18-44,18-64,Independent/Something else,Black non-Democrat,Black Independent,Independent,All others,Moderate,Moderate or conservative,Moderate,67.0,,Honest and trustworthy,Black,Black,State questionnaire,Black,Non-white,,,,,South,,,,Hillary Clinton,Female,Black women,"Cities 50,000-500,000","Cities over 50,000",Alabama,Election day exit poll,In the last few days,Last few days,In the last month,This month,Both did,Only Clinton or Both of them,Only Sanders or Both of them,,Only Clinton or Both of them,Only Clinton,Only Clinton or Neither of them,Version 1,0.965510427951813,No
418038.0,45-65,30-59,45-49,45+,18-49,45-59,40-49,Black 45-59,Black 45-59,Black 45-64,Hillary Clinton,,,Complete,Call 3,1.0,,Is fair to most Americans,Not at all worried,Not worried,College graduate,College graduate,More than High school graduate,Non white college degree,4.0,,,Only Clinton,Only Clinton or Both of them,Only Clinton or Neither of them,Less than 100k,"$30,000 or more",Less than 50k,Less than 50 thousand,"Under $50,000","$30,000-$49,999","Under $50,000 and non white",,,,Economy/Jobs,Change to less liberal policies,Be from outside the political establishment,45+,18-64,Democrat,Black Democrat,Black Democrat,Democrat,Non-White Democrats,Somewhat liberal,Liberal,Liberal,62.0,,Has the right experience,Black,Black,State questionnaire,Black,Non-white,,,,,South,,,,Hillary Clinton,Female,Black women,Suburbs,Suburbs,Alabama,Election day exit poll,Before that,Earlier than that,Earlier than that,Earlier than that,Both did,Only Clinton or Both of them,Only Sanders or Both of them,,Only Clinton or Both of them,Only Clinton,Only Clinton or Neither of them,Version 1,0.424087733030319,No
410311.0,65+,60+,65 or over,45+,50+,60+,65+,Non-Black 60+,White 60+,White 65+,Hillary Clinton,,,Complete,Call 2,6.0,,Favors the wealthy,Somewhat worried,Worried,Postgraduate study,College graduate,More than High school graduate,White college degree,3.0,,,Only Clinton,Only Clinton or Both of them,Only Clinton or Neither of them,100k or more,"$30,000 or more",50k or more,100 thousand or more,"$100,000-$199,999","$100,000-$199,999","Over $50,000 and white",,,,Economy/Jobs,Generally continue Barack Obama's policies,Have experience in politics,45+,65+,Independent/Something else,Non-black non-Democrat,White Independent,Independent,White Independent,Moderate,Moderate or conservative,Moderate,26.0,,Has the right experience,White,White,State questionnaire,White,White,,,,,South,,,,Hillary Clinton,Female,White women,"Cities 50,000-500,000","Cities over 50,000",Alabama,Election day exit poll,Before that,Earlier than that,Earlier than that,Earlier than that,Neither did,Only Sanders or Neither of them,Only Clinton or Neither of them,,Only Clinton or Both of them,Only Clinton,Only Clinton or Neither of them,Version 1,1.60496771335602,No
410306.0,18-29,18-29,25-29,18-44,18-49,18-29,25-29,Black 18-29,Black 18-29,Black 18-29,Hillary Clinton,,,Complete,Call 2,7.0,,Favors the wealthy,Very worried,Worried,High school or less,No college degree,High school graduate or less,Non white no college degree,3.0,,,Only Clinton,Only Clinton or Both of them,Only Clinton or Neither of them,Less than 100k,"$30,000 or more",Less than 50k,Less than 50 thousand,"Under $50,000","$30,000-$49,999","Under $50,000 and non white",,,,Economy/Jobs,Generally continue Barack Obama's policies,Have experience in politics,18-44,18-64,Democrat,Black Democrat,Black Democrat,Democrat,Non-White Democrats,Very liberal,Liberal,Liberal,17.0,,Has the right experience,Black,Black,State questionnaire,Black,Non-white,,,,,South,,,,Hillary Clinton,Female,Black women,Rural,Small Cities/Rural,Alabama,Election day exit poll,In the last few days,Last few days,In the last month,This month,Neither did,Only Sanders or Neither of them,Only Clinton or Neither of them,,Only Clinton or Both of them,Only Clinton,Only Clinton or Neither of them,Version 1,1.25793468952179,No
404506.0,45-65,30-59,50-59,45+,50+,45-59,50-64,Non-Black 45-59,White 45-59,White 45-64,Hillary Clinton,,,Complete,Call 1,6.0,,Favors the wealthy,Somewhat worried,Worried,Postgraduate study,College graduate,More than High school graduate,White college degree,3.0,,,Both of them,Only Clinton or Both of them,Only Sanders or Both of them,100k or more,"$30,000 or more",50k or more,100 thousand or more,"$100,000-$199,999","$100,000-$199,999","Over $50,000 and white",,,,Economy/Jobs,Generally continue Barack Obama's policies,Have experience in politics,45+,18-64,Democrat,Non-black Democrat,White Democrat,Democrat,White Democrat,Somewhat liberal,Liberal,Liberal,26.0,,Has the right experience,White,White,State questionnaire,White,White,,,,,South,,,,Hillary Clinton,Male,White men,"Cities 50,000-500,000","Cities over 50,000",Alabama,Election day exit poll,Before that,Earlier than that,Earlier than that,Earlier than that,Neither did,Only Sanders or Neither of them,Only Clinton or Neither of them,,Only Clinton or Both of them,Both of them,Only Sanders or Both of them,Version 1,1.53397881984711,No
410292.0,45-65,30-59,50-59,45+,50+,45-59,50-64,Non-Black 45-59,All others,All others,Hillary Clinton,,,Complete,Call 2,5.0,,Favors the wealthy,Very worried,Worried,College graduate,College graduate,More than High school graduate,Non white college degree,1.0,,,Only Clinton,Only Clinton or Both of them,Only Clinton or Neither of them,100k or more,"$30,000 or more",50k or more,100 thousand or more,"$200,000 or more","$200,000 or more","Over $50,000 and non white",,,,Health care,Generally continue Barack Obama's policies,Have experience in politics,45+,18-64,Independent/Something else,Non-black non-Democrat,All Other,Something else,All others,Somewhat liberal,Liberal,Liberal,44.0,,Honest and trustworthy,Other,Other,State questionnaire,Other,Non-white,,,,,South,,,,Hillary Clinton,Female,All other races,"Cities 50,000-500,000","Cities over 50,000",Alabama,Election day exit poll,Before that,Earlier than that,Earlier than that,Earlier than that,Neither did,Only Sanders or Neither of them,Only Clinton or Neither of them,,Only Clinton or Both of them,Only Clinton,Only Clinton or Neither of them,Version 1,2.1069004535675,No
404493.0,45-65,30-59,45-49,45+,18-49,45-59,40-49,Black 45-59,Black 45-59,Black 45-64,Hillary Clinton,,,Complete,Call 1,6.0,,Favors the wealthy,Somewhat worried,Worried,Postgraduate study,College graduate,More than High school graduate,Non white college degree,3.0,,,Both of them,Only Clinton or Both of them,Only Sanders or Both of them,100k or more,"$30,000 or more",50k or more,100 thousand or more,"$200,000 or more","$200,000 or more","Over $50,000 and non white",,,,Economy/Jobs,Generally continue Barack Obama's policies,Have experience in politics,45+,18-64,Democrat,Black Democrat,Black Democrat,Democrat,Non-White Democrats,Somewhat liberal,Liberal,Liberal,31.0,,Cares about people like me,Black,Black,State questionnaire,Black,Non-white,,,,,South,,,,Hillary Clinton,Female,Black women,Suburbs,Suburbs,Alabama,Election day exit poll,Before that,Earlier than that,Earlier than that,Earlier than that,Neither did,Only Sanders or Neither of them,Only Clinton or Neither of them,,Only Clinton or Both of them,Only Clinton,Only Clinton or Neither of them,Version 1,0.463868707418442,No
410280.0,45-65,30-59,45-49,45+,18-49,45-59,40-49,Black 45-59,Black 45-59,Black 45-64,Hillary Clinton,,,Complete,Call 2,7.0,,Favors the wealthy,Very worried,Worried,College graduate,College graduate,More than High school graduate,Non white college degree,3.0,,,Only Clinton,Only Clinton or Both of them,Only Clinton or Neither of them,Less than 100k,"$30,000 or more",Less than 50k,Less than 50 thousand,"Under $50,000","$30,000-$49,999","Under $50,000 and non white",,,,Health care,Generally continue Barack Obama's policies,Have experience in politics,45+,18-64,Independent/Something else,Black non-Democrat,Black Independent,Independent,All others,Somewhat liberal,Liberal,Liberal,33.0,,Honest and trustworthy,Black,Black,State questionnaire,Black,Non-white,,,,,South,,,,Hillary Clinton,Male,Black men,"Cities 50,000-500,000","Cities over 50,000",Alabama,Election day exit poll,Sometime last week,Earlier than that,In the last month,This month,Neither did,Only Sanders or Neither of them,Only Clinton or Neither of them,,Only Clinton or Both of them,Both of them,Only Sanders or Both of them,Version 1,2.30634713172913,No
410270.0,65+,60+,65 or over,45+,50+,60+,65+,Black 60+,Black 60+,Black 65+,Hillary Clinton,,,Complete,Call 2,1.0,,Favors the wealthy,Somewhat worried,Worried,High school or less,No college degree,High school graduate or less,Non white no college degree,4.0,,,Only Clinton,Only Clinton or Both of them,Only Clinton or Neither of them,Less than 100k,"Under $30,000",Less than 50k,Less than 50 thousand,"Under $50,000","Under $30,000","Under $50,000 and non white",,,,Economy/Jobs,Generally continue Barack Obama's policies,Have experience in politics,45+,65+,Democrat,Black Democrat,Black Democrat,Democrat,Non-White Democrats,Very liberal,Liberal,Liberal,57.0,,Cares about people like me,Black,Black,State questionnaire,Black,Non-white,,,,,South,,,,Hillary Clinton,Female,Black women,"Cities 50,000-500,000","Cities over 50,000",Alabama,Election day exit poll,Before that,Earlier than that,Earlier than that,Earlier than that,Only Clinton did,Only Clinton or Both of them,Only Clinton or Neither of them,,Only Clinton or Both of them,Only Clinton,Only Clinton or Neither of them,Version 1,0.68432754278183,No
404475.0,45-65,60+,60-64,45+,50+,60+,50-64,Black 60+,Black 60+,Black 45-64,Hillary Clinton,,,Complete,Call 1,6.0,,Is fair to most Americans,Not at all worried,Not worried,Some college/assoc. degree,No college degree,More than High school graduate,Non white no college degree,2.0,,,Only Clinton,Only Clinton or Both of them,Only Clinton or Neither of them,Less than 100k,"$30,000 or more",50k or more,50 to 100 thousand,"$50,000-$99,999","$50,000-$99,999","Over $50,000 and non white",,,,Health care,Generally continue Barack Obama's policies,Have experience in politics,45+,18-64,Democrat,Black Democrat,Black Democrat,Democrat,Non-White Democrats,Very liberal,Liberal,Liberal,75.0,,Cares about people like me,Black,Black,State questionnaire,Black,Non-white,,,,,South,,,,Hillary Clinton,Female,Black women,Suburbs,Suburbs,Alabama,Election day exit poll,Just today,Last few days,In the last month,This month,Neither did,Only Sanders or Neither of them,Only Clinton or Neither of them,,Only Clinton or Both of them,Only Clinton,Only Clinton or Neither of them,Version 1,0.115831561386585,No
408323.0,45-65,60+,60-64,45+,50+,60+,50-64,Non-Black 60+,White 60+,White 45-64,Hillary Clinton,,,Complete,Call 2,5.0,,Favors the wealthy,Very worried,Worried,Postgraduate study,College graduate,More than High school graduate,White college degree,1.0,,,Neither of them,Only Sanders or Neither of them,Only Clinton or Neither of them,Less than 100k,"$30,000 or more",50k or more,50 to 100 thousand,"$50,000-$99,999","$50,000-$99,999","Over $50,000 and white",,,,Economy/Jobs,Generally continue Barack Obama's policies,Be from outside the political establishment,45+,18-64,Independent/Something else,Non-black non-Democrat,White Independent,Independent,White Independent,Conservative,Moderate or conservative,Conservative,23.0,,Has the right experience,White,White,State questionnaire,White,White,,,,,South,,,,Hillary Clinton,Female,White women,Rural,Small Cities/Rural,Alabama,Election day exit poll,Before that,Earlier than that,Earlier than that,Earlier than that,Only Clinton did,Only Clinton or Both of them,Only Clinton or Neither of them,,Only Clinton or Both of them,Both of them,Only Sanders or Both of them,Version 1,1.18402910232544,No
416535.0,45-65,30-59,50-59,45+,50+,45-59,50-64,Black 45-59,Black 45-59,Black 45-64,Hillary Clinton,,,Complete,Call 3,1.0,,Favors the wealthy,Not at all worried,Not worried,College graduate,College graduate,More than High school graduate,Non white college degree,4.0,,,Only Clinton,Only Clinton or Both of them,Only Clinton or Neither of them,Less than 100k,"$30,000 or more",Less than 50k,Less than 50 thousand,"Under $50,000","$30,000-$49,999","Under $50,000 and non white",,,,Economy/Jobs,Generally continue Barack Obama's policies,Have experience in politics,45+,18-64,Democrat,Black Democrat,Black Democrat,Democrat,Non-White Democrats,Moderate,Moderate or conservative,Moderate,57.0,,Honest and trustworthy,Black,Black,State questionnaire,Black,Non-white,,,,,South,,,,Hillary Clinton,Female,Black women,"Cities 50,000-500,000","Cities over 50,000",Alabama,Election day exit poll,In the last month,Earlier than that,In the last month,Earlier than that,Neither did,Only Sanders or Neither of them,Only Clinton or Neither of them,,Only Clinton or Both of them,Both of them,Only Sanders or Both of them,Version 1,0.598402619361877,No
409723.0,45-65,30-59,45-49,45+,18-49,45-59,40-49,Black 45-59,Black 45-59,Black 45-64,Hillary Clinton,,,Complete,Call 2,3.0,,Favors the wealthy,Very worried,Worried,High school or less,No college degree,High school graduate or less,Non white no college degree,2.0,,,Both of them,Only Clinton or Both of them,Only Sanders or Both of them,Less than 100k,"Under $30,000",Less than 50k,Less than 50 thousand,"Under $50,000","Under $30,000","Under $50,000 and non white",,,,Economy/Jobs,Generally continue Barack Obama's policies,Have experience in politics,45+,18-64,Independent/Something else,Black non-Democrat,Black Independent,Independent,All others,Conservative,Moderate or conservative,Conservative,9.0,,Honest and trustworthy,Black,Black,State questionnaire,Black,Non-white,,,,,South,,,,Hillary Clinton,Female,Black women,"Cities 10,000-50,000",Small Cities/Rural,Alabama,Election day exit poll,In the last month,Earlier than that,In the last month,Earlier than that,Neither did,Only Sanders or Neither of them,Only Clinton or Neither of them,,Only Clinton or Both of them,Only Clinton,Only Clinton or Neither of them,Version 1,0.653250634670258,No
404446.0,30-44,30-59,40-44,18-44,18-49,30-44,40-49,Black 30-44,Black 30-44,Black 30-44,Hillary Clinton,,,Complete,Call 1,6.0,,Favors the wealthy,Somewhat worried,Worried,College graduate,College graduate,More than High school graduate,Non white college degree,3.0,,,Both of them,Only Clinton or Both of them,Only Sanders or Both of them,100k or more,"$30,000 or more",50k or more,100 thousand or more,"$100,000-$199,999","$100,000-$199,999","Over $50,000 and non white",,,,Economy/Jobs,Change to less liberal policies,Have experience in politics,18-44,18-64,Independent/Something else,Black non-Democrat,Black Independent,Something else,All others,Moderate,Moderate or conservative,Moderate,26.0,,Can win in November,Black,Black,State questionnaire,Black,Non-white,,,,,South,,,,Hillary Clinton,Male,Black men,"Cities 50,000-500,000","Cities over 50,000",Alabama,Election day exit poll,Just today,Last few days,In the last month,This month,Neither did,Only Sanders or Neither of them,Only Clinton or Neither of them,,Only Clinton or Both of them,Both of them,Only Sanders or Both of them,Version 1,0.892225444316864,No
404436.0,18-29,18-29,25-29,18-44,18-49,18-29,25-29,Black 18-29,Black 18-29,Black 18-29,Hillary Clinton,,,Complete,Call 1,6.0,,Is fair to most Americans,Very worried,Worried,High school or less,No college degree,High school graduate or less,Non white no college degree,3.0,,,Neither of them,Only Sanders or Neither of them,Only Clinton or Neither of them,100k or more,"$30,000 or more",50k or more,100 thousand or more,"$100,000-$199,999","$100,000-$199,999","Over $50,000 and non white",,,,Economy/Jobs,Generally continue Barack Obama's policies,Be from outside the political establishment,18-44,18-64,Democrat,Black Democrat,Black Democrat,Democrat,Non-White Democrats,Conservative,Moderate or conservative,Conservative,31.0,,Honest and trustworthy,Black,Black,State questionnaire,Black,Non-white,,,,,South,,,,Hillary Clinton,Male,Black men,Suburbs,Suburbs,Alabama,Election day exit poll,Just today,Last few days,In the last month,This month,Neither did,Only Sanders or Neither of them,Only Clinton or Neither of them,,Omit,Omit,Omit,Version 1,0.5520179271698,No
404434.0,45-65,60+,60-64,45+,50+,60+,50-64,Non-Black 60+,White 60+,White 45-64,Hillary Clinton,,,Complete,Call 1,6.0,,Favors the wealthy,Somewhat worried,Worried,College graduate,College graduate,More than High school graduate,White college degree,2.0,,,Both of them,Only Clinton or Both of them,Only Sanders or Both of them,Less than 100k,"$30,000 or more",50k or more,50 to 100 thousand,"$50,000-$99,999","$50,000-$99,999","Over $50,000 and white",,,,Income inequality,Change to more liberal policies,Have experience in politics,45+,18-64,Democrat,Non-black Democrat,White Democrat,Democrat,White Democrat,Very liberal,Liberal,Liberal,74.0,,Has the right experience,White,White,State questionnaire,White,White,,,,,South,,,,Hillary Clinton,Female,White women,Suburbs,Suburbs,Alabama,Election day exit poll,Before that,Earlier than that,Earlier than that,Earlier than that,Both did,Only Clinton or Both of them,Only Sanders or Both of them,,Only Clinton or Both of them,Both of them,Only Sanders or Both of them,Version 1,1.29412114620209,No
403391.0,45-65,30-59,50-59,45+,50+,45-59,50-64,Black 45-59,Black 45-59,Black 45-64,Hillary Clinton,,,Complete,Call 1,2.0,,Is fair to most Americans,Not too worried,Not worried,High school or less,No college degree,High school graduate or less,Non white no college degree,3.0,,,Only Clinton,Only Clinton or Both of them,Only Clinton or Neither of them,Less than 100k,"$30,000 or more",50k or more,50 to 100 thousand,"$50,000-$99,999","$50,000-$99,999","Over $50,000 and non white",,,,Economy/Jobs,Generally continue Barack Obama's policies,Have experience in politics,45+,18-64,Democrat,Black Democrat,Black Democrat,Democrat,Non-White Democrats,Conservative,Moderate or conservative,Conservative,67.0,,Has the right experience,Black,Black,State questionnaire,Black,Non-white,,,,,South,,,,Hillary Clinton,Female,Black women,"Cities 50,000-500,000","Cities over 50,000",Alabama,Election day exit poll,In the last month,Earlier than that,In the last month,Earlier than that,Neither did,Only Sanders or Neither of them,Only Clinton or Neither of them,,Only Clinton or Both of them,Only Clinton,Only Clinton or Neither of them,Version 1,0.965510427951813,No
410209.0,18-29,18-29,25-29,18-44,18-49,18-29,25-29,Black 18-29,Black 18-29,Black 18-29,Hillary Clinton,,,Complete,Call 2,7.0,,Favors the wealthy,Somewhat worried,Worried,College graduate,College graduate,More than High school graduate,Non white college degree,3.0,,,Only Clinton,Only Clinton or Both of them,Only Clinton or Neither of them,Less than 100k,"Under $30,000",Less than 50k,Less than 50 thousand,"Under $50,000","Under $30,000","Under $50,000 and non white",,,,Economy/Jobs,Generally continue Barack Obama's policies,Have experience in politics,18-44,18-64,Democrat,Black Democrat,Black Democrat,Democrat,Non-White Democrats,Somewhat liberal,Liberal,Liberal,17.0,,Honest and trustworthy,Black,Black,State questionnaire,Black,Non-white,,,,,South,,,,Hillary Clinton,Female,Black women,Rural,Small Cities/Rural,Alabama,Election day exit poll,Sometime last week,Earlier than that,In the last month,This month,Neither did,Only Sanders or Neither of them,Only Clinton or Neither of them,,Only Clinton or Both of them,Both of them,Only Sanders or Both of them,Version 1,1.25793468952179,No
412132.0,30-44,30-59,30-39,18-44,18-49,30-44,30-39,Black 30-44,Black 30-44,Black 30-44,Hillary Clinton,,,Complete,Call 2,1.0,,Favors the wealthy,Very worried,Worried,High school or less,No college degree,High school graduate or less,Non white no college degree,4.0,,,Only Clinton,Only Clinton or Both of them,Only Clinton or Neither of them,Less than 100k,"Under $30,000",Less than 50k,Less than 50 thousand,"Under $50,000","Under $30,000","Under $50,000 and non white",,,,Economy/Jobs,Generally continue Barack Obama's policies,Have experience in politics,18-44,18-64,Democrat,Black Democrat,Black Democrat,Democrat,Non-White Democrats,Very liberal,Liberal,Liberal,62.0,,Cares about people like me,Black,Black,State questionnaire,Black,Non-white,,,,,South,,,,Hillary Clinton,Male,Black men,Suburbs,Suburbs,Alabama,Election day exit poll,In the last month,Earlier than that,In the last month,Earlier than that,Neither did,Only Sanders or Neither of them,Only Clinton or Neither of them,,Only Clinton or Both of them,Only Clinton,Only Clinton or Neither of them,Version 1,0.424087733030319,No
410198.0,45-65,60+,60-64,45+,50+,60+,50-64,Black 60+,Black 60+,Black 45-64,Hillary Clinton,,,Complete,Call 2,5.0,,Favors the wealthy,Somewhat worried,Worried,Some college/assoc. degree,No college degree,More than High school graduate,Non white no college degree,1.0,,,Only Sanders,Only Sanders or Neither of them,Only Sanders or Both of them,Less than 100k,"$30,000 or more",50k or more,50 to 100 thousand,"$50,000-$99,999","$50,000-$99,999","Over $50,000 and non white",,,,Income inequality,Generally continue Barack Obama's policies,Have experience in politics,45+,18-64,Independent/Something else,Black non-Democrat,Black Independent,Independent,All others,Moderate,Moderate or conservative,Moderate,44.0,,Can win in November,Black,Black,State questionnaire,Black,Non-white,,,,,South,,,,Hillary Clinton,Male,Black men,"Cities 50,000-500,000","Cities over 50,000",Alabama,Election day exit poll,Just today,Last few days,In the last month,This month,Neither did,Only Sanders or Neither of them,Only Clinton or Neither of them,,Only Clinton or Both of them,Both of them,Only Sanders or Both of them,Version 1,0.690447747707367,No
404399.0,45-65,60+,60-64,45+,50+,60+,50-64,Black 60+,Black 60+,Black 45-64,Hillary Clinton,,,Complete,Call 1,6.0,,Favors the wealthy,Somewhat worried,Worried,Some college/assoc. degree,No college degree,More than High school graduate,Non white no college degree,2.0,,,Only Clinton,Only Clinton or Both of them,Only Clinton or Neither of them,100k or more,"$30,000 or more",50k or more,100 thousand or more,"$100,000-$199,999","$100,000-$199,999","Over $50,000 and non white",,,,Health care,Generally continue Barack Obama's policies,Have experience in politics,45+,18-64,Democrat,Black Democrat,Black Democrat,Democrat,Non-White Democrats,Somewhat liberal,Liberal,Liberal,74.0,,Cares about people like me,Black,Black,State questionnaire,Black,Non-white,,,,,South,,,,Omit,Male,Black men,Suburbs,Suburbs,Alabama,Election day exit poll,Before that,Earlier than that,Earlier than that,Earlier than that,Neither did,Only Sanders or Neither of them,Only Clinton or Neither of them,,Only Clinton or Both of them,Only Clinton,Only Clinton or Neither of them,Version 1,0.43163275718689,No
416942.0,45-65,30-59,50-59,45+,50+,45-59,50-64,Black 45-59,Black 45-59,Black 45-64,Hillary Clinton,,,Complete,Call 3,5.0,,Favors the wealthy,Very worried,Worried,High school or less,No college degree,High school graduate or less,Non white no college degree,1.0,,,Only Clinton,Only Clinton or Both of them,Only Clinton or Neither of them,Less than 100k,"Under $30,000",Less than 50k,Less than 50 thousand,"Under $50,000","Under $30,000","Under $50,000 and non white",,,,Economy/Jobs,Generally continue Barack Obama's policies,Have experience in politics,45+,18-64,Democrat,Black Democrat,Black Democrat,Democrat,Non-White Democrats,Very liberal,Liberal,Liberal,44.0,,Honest and trustworthy,Black,Black,State questionnaire,Black,Non-white,,,,,South,,,,Hillary Clinton,Female,Black women,"Cities 50,000-500,000","Cities over 50,000",Alabama,Election day exit poll,Just today,Last few days,In the last month,This month,Only Sanders did,Only Sanders or Neither of them,Only Sanders or Both of them,,Only Clinton or Both of them,Only Clinton,Only Clinton or Neither of them,Version 1,0.571341216564178,No
408252.0,30-44,30-59,40-44,18-44,18-49,30-44,40-49,Non-Black 30-44,White 30-44,White 30-44,Hillary Clinton,,,Complete,Call 2,5.0,,Favors the wealthy,Not too worried,Not worried,Some college/assoc. degree,No college degree,More than High school graduate,White no college degree,1.0,,,Both of them,Only Clinton or Both of them,Only Sanders or Both of them,Less than 100k,"$30,000 or more",Less than 50k,Less than 50 thousand,"Under $50,000","$30,000-$49,999","Under $50,000 and white",,,,Economy/Jobs,Generally continue Barack Obama's policies,Have experience in politics,18-44,18-64,Independent/Something else,Non-black non-Democrat,White Independent,Independent,White Independent,Somewhat liberal,Liberal,Liberal,23.0,,Cares about people like me,White,White,State questionnaire,White,White,,,,,South,,,,Hillary Clinton,Male,White men,Rural,Small Cities/Rural,Alabama,Election day exit poll,In the last month,Earlier than that,In the last month,Earlier than that,Only Sanders did,Only Sanders or Neither of them,Only Sanders or Both of them,,Only Clinton or Both of them,Both of them,Only Sanders or Both of them,Version 1,1.13165855407715,Yes
418745.0,45-65,30-59,50-59,45+,50+,45-59,50-64,Black 45-59,Black 45-59,Black 45-64,Hillary Clinton,,,Complete,Call 3,3.0,,Favors the wealthy,Very worried,Worried,Some college/assoc. degree,No college degree,More than High school graduate,Non white no college degree,2.0,,,Only Clinton,Only Clinton or Both of them,Only Clinton or Neither of them,100k or more,"$30,000 or more",50k or more,100 thousand or more,"$100,000-$199,999","$100,000-$199,999","Over $50,000 and non white",,,,Economy/Jobs,Generally continue Barack Obama's policies,Have experience in politics,45+,18-64,Democrat,Black Democrat,Black Democrat,Democrat,Non-White Democrats,Very liberal,Liberal,Liberal,82.0,,Can win in November,Black,Black,State questionnaire,Black,Non-white,,,,,South,,,,Hillary Clinton,Female,Black women,Rural,Small Cities/Rural,Alabama,Election day exit poll,Before that,Earlier than that,Earlier than that,Earlier than that,Only Clinton did,Only Clinton or Both of them,Only Clinton or Neither of them,,Only Clinton or Both of them,Only Clinton,Only Clinton or Neither of them,Version 1,1.8462495803833,No
403348.0,45-65,30-59,50-59,45+,50+,45-59,50-64,Black 45-59,Black 45-59,Black 45-64,Hillary Clinton,,,Complete,Call 1,5.0,,Favors the wealthy,Not too worried,Not worried,College graduate,College graduate,More than High school graduate,Non white college degree,1.0,,,Only Sanders,Only Sanders or Neither of them,Only Sanders or Both of them,100k or more,"$30,000 or more",50k or more,100 thousand or more,"$200,000 or more","$200,000 or more","Over $50,000 and non white",,,,Health care,Generally continue Barack Obama's policies,Have experience in politics,45+,18-64,Democrat,Black Democrat,Black Democrat,Democrat,Non-White Democrats,Moderate,Moderate or conservative,Moderate,46.0,,Can win in November,Black,Black,State questionnaire,Black,Non-white,,,,,South,,,,Hillary Clinton,Male,Black men,"Cities 50,000-500,000","Cities over 50,000",Alabama,Election day exit poll,In the last few days,Last few days,In the last month,This month,Neither did,Only Sanders or Neither of them,Only Clinton or Neither of them,,Only Clinton or Both of them,Both of them,Only Sanders or Both of them,Version 1,0.42626217007637,No
417771.0,45-65,60+,60-64,45+,50+,60+,50-64,Black 60+,Black 60+,Black 45-64,Hillary Clinton,,,Complete,Call 3,6.0,,Favors the wealthy,Very worried,Worried,Some college/assoc. degree,No college degree,More than High school graduate,Non white no college degree,2.0,,,Only Clinton,Only Clinton or Both of them,Only Clinton or Neither of them,Less than 100k,"$30,000 or more",50k or more,50 to 100 thousand,"$50,000-$99,999","$50,000-$99,999","Over $50,000 and non white",,,,Terrorism,Generally continue Barack Obama's policies,Have experience in politics,45+,18-64,Democrat,Black Democrat,Black Democrat,Democrat,Non-White Democrats,Somewhat liberal,Liberal,Liberal,75.0,,Honest and trustworthy,Black,Black,State questionnaire,Black,Non-white,,,,,South,,,,Hillary Clinton,Female,Black women,Suburbs,Suburbs,Alabama,Election day exit poll,Before that,Earlier than that,Earlier than that,Earlier than that,Neither did,Only Sanders or Neither of them,Only Clinton or Neither of them,,Only Clinton or Both of them,Only Clinton,Only Clinton or Neither of them,Version 1,0.115831561386585,No
410159.0,30-44,30-59,40-44,18-44,18-49,30-44,40-49,Black 30-44,Black 30-44,Black 30-44,Hillary Clinton,,,Complete,Call 2,5.0,,Favors the wealthy,Very worried,Worried,Some college/assoc. degree,No college degree,More than High school graduate,Non white no college degree,1.0,,,Only Clinton,Only Clinton or Both of them,Only Clinton or Neither of them,Less than 100k,"Under $30,000",Less than 50k,Less than 50 thousand,"Under $50,000","Under $30,000","Under $50,000 and non white",,,,Economy/Jobs,Generally continue Barack Obama's policies,Have experience in politics,18-44,18-64,Democrat,Black Democrat,Black Democrat,Democrat,Non-White Democrats,Somewhat liberal,Liberal,Liberal,44.0,,Honest and trustworthy,Black,Black,State questionnaire,Black,Non-white,,,,,South,,,,Hillary Clinton,Female,Black women,"Cities 50,000-500,000","Cities over 50,000",Alabama,Election day exit poll,Before that,Earlier than that,Earlier than that,Earlier than that,Neither did,Only Sanders or Neither of them,Only Clinton or Neither of them,,Only Clinton or Both of them,Only Clinton,Only Clinton or Neither of them,Version 1,0.571341216564178,No
417879.0,65+,60+,65 or over,45+,50+,60+,65+,Black 60+,Black 60+,Black 65+,Hillary Clinton,,,Complete,Call 3,7.0,,Favors the wealthy,Very worried,Worried,Some college/assoc. degree,No college degree,More than High school graduate,Non white no college degree,3.0,,,Both of them,Only Clinton or Both of them,Only Sanders or Both of them,Less than 100k,"Under $30,000",Less than 50k,Less than 50 thousand,"Under $50,000","Under $30,000","Under $50,000 and non white",,,,Economy/Jobs,Generally continue Barack Obama's policies,Have experience in politics,45+,65+,Independent/Something else,Black non-Democrat,Black Independent,Independent,All others,Somewhat liberal,Liberal,Liberal,38.0,,Cares about people like me,Black,Black,State questionnaire,Black,Non-white,,,,,South,,,,Hillary Clinton,Female,Black women,"Cities 50,000-500,000","Cities over 50,000",Alabama,Election day exit poll,Before that,Earlier than that,Earlier than that,Earlier than that,Neither did,Only Sanders or Neither of them,Only Clinton or Neither of them,,Only Clinton or Both of them,Both of them,Only Sanders or Both of them,Version 1,1.49802899360657,No
404361.0,45-65,30-59,50-59,45+,50+,45-59,50-64,Non-Black 45-59,All others,All others,Hillary Clinton,,,Complete,Call 1,6.0,,Favors the wealthy,Very worried,Worried,Postgraduate study,College graduate,More than High school graduate,Non white college degree,3.0,,,Both of them,Only Clinton or Both of them,Only Sanders or Both of them,100k or more,"$30,000 or more",50k or more,100 thousand or more,"$200,000 or more","$200,000 or more","Over $50,000 and non white",,,,Terrorism,Change to more liberal policies,Have experience in politics,45+,18-64,Democrat,Non-black Democrat,All Other,Democrat,Non-White Democrats,Somewhat liberal,Liberal,Liberal,26.0,,Has the right experience,Other,Asian,State questionnaire,Asian,Non-white,,,,,South,,,,Hillary Clinton,Female,All other races,"Cities 50,000-500,000","Cities over 50,000",Alabama,Election day exit poll,Before that,Earlier than that,Earlier than that,Earlier than that,Neither did,Only Sanders or Neither of them,Only Clinton or Neither of them,,Only Clinton or Both of them,Both of them,Only Sanders or Both of them,Version 1,1.53397881984711,No
417867.0,45-65,30-59,50-59,45+,50+,45-59,50-64,Non-Black 45-59,All others,All others,Hillary Clinton,,,Complete,Call 3,1.0,,Favors the wealthy,Very worried,Worried,High school or less,No college degree,High school graduate or less,Non white no college degree,4.0,,,Only Clinton,Only Clinton or Both of them,Only Clinton or Neither of them,Less than 100k,"Under $30,000",Less than 50k,Less than 50 thousand,"Under $50,000","Under $30,000","Under $50,000 and non white",,,,Income inequality,Change to less liberal policies,Have experience in politics,45+,18-64,Democrat,Non-black Democrat,All Other,Democrat,Non-White Democrats,Moderate,Moderate or conservative,Moderate,62.0,,Cares about people like me,Other,Other,State questionnaire,Other,Non-white,,,,,South,,,,Hillary Clinton,Female,All other races,Suburbs,Suburbs,Alabama,Election day exit poll,Before that,Earlier than that,Earlier than that,Earlier than that,Neither did,Only Sanders or Neither of them,Only Clinton or Neither of them,,Only Clinton or Both of them,Only Clinton,Only Clinton or Neither of them,Version 1,1.57781255245209,No
412068.0,65+,60+,65 or over,45+,50+,60+,65+,Black 60+,Black 60+,Black 65+,Hillary Clinton,,,Complete,Call 2,7.0,,Favors the wealthy,Somewhat worried,Worried,Some college/assoc. degree,No college degree,More than High school graduate,Non white no college degree,3.0,,,Both of them,Only Clinton or Both of them,Only Sanders or Both of them,Less than 100k,"$30,000 or more",Less than 50k,Less than 50 thousand,"Under $50,000","$30,000-$49,999","Under $50,000 and non white",,,,Terrorism,Generally continue Barack Obama's policies,Have experience in politics,45+,65+,Independent/Something else,Black non-Democrat,Black Independent,Independent,All others,Very liberal,Liberal,Liberal,38.0,,Cares about people like me,Black,Black,State questionnaire,Black,Non-white,,,,,South,,,,Hillary Clinton,Female,Black women,"Cities 50,000-500,000","Cities over 50,000",Alabama,Election day exit poll,Before that,Earlier than that,Earlier than that,Earlier than that,Neither did,Only Sanders or Neither of them,Only Clinton or Neither of them,,Only Clinton or Both of them,Both of them,Only Sanders or Both of them,Version 1,1.49802899360657,No
410128.0,45-65,30-59,50-59,45+,50+,45-59,50-64,Black 45-59,Black 45-59,Black 45-64,Hillary Clinton,,,Complete,Call 2,7.0,,Favors the wealthy,Somewhat worried,Worried,Some college/assoc. degree,No college degree,More than High school graduate,Non white no college degree,3.0,,,Both of them,Only Clinton or Both of them,Only Sanders or Both of them,Less than 100k,"$30,000 or more",Less than 50k,Less than 50 thousand,"Under $50,000","$30,000-$49,999","Under $50,000 and non white",,,,Economy/Jobs,Generally continue Barack Obama's policies,Have experience in politics,45+,18-64,Independent/Something else,Black non-Democrat,Black Independent,Independent,All others,Moderate,Moderate or conservative,Moderate,17.0,,Cares about people like me,Black,Black,State questionnaire,Black,Non-white,,,,,South,,,,Hillary Clinton,Male,Black men,Rural,Small Cities/Rural,Alabama,Election day exit poll,Before that,Earlier than that,Earlier than that,Earlier than that,Neither did,Only Sanders or Neither of them,Only Clinton or Neither of them,,Only Clinton or Both of them,Both of them,Only Sanders or Both of them,Version 1,1.28541266918182,No
417842.0,45-65,60+,60-64,45+,50+,60+,50-64,Non-Black 60+,White 60+,White 45-64,Hillary Clinton,,,Complete,Call 3,1.0,,Is fair to most Americans,Not too worried,Not worried,College graduate,College graduate,More than High school graduate,White college degree,4.0,,,Only Clinton,Only Clinton or Both of them,Only Clinton or Neither of them,Less than 100k,"Under $30,000",Less than 50k,Less than 50 thousand,"Under $50,000","Under $30,000","Under $50,000 and white",,,,Economy/Jobs,Generally continue Barack Obama's policies,Have experience in politics,45+,18-64,Democrat,Non-black Democrat,White Democrat,Democrat,White Democrat,Somewhat liberal,Liberal,Liberal,62.0,,Honest and trustworthy,White,White,State questionnaire,White,White,,,,,South,,,,Hillary Clinton,Male,White men,Suburbs,Suburbs,Alabama,Election day exit poll,Before that,Earlier than that,Earlier than that,Earlier than that,Only Clinton did,Only Clinton or Both of them,Only Clinton or Neither of them,,Only Clinton or Both of them,Only Clinton,Only Clinton or Neither of them,Version 1,1.65083014965057,No
410114.0,18-29,18-29,18-24,18-44,18-49,18-29,18-24,,,,Hillary Clinton,,,Complete,Call 2,5.0,,Favors the wealthy,Very worried,Worried,College graduate,College graduate,More than High school graduate,,1.0,,,Neither of them,Only Sanders or Neither of them,Only Clinton or Neither of them,Less than 100k,"Under $30,000",Less than 50k,Less than 50 thousand,"Under $50,000","Under $30,000",,,,,Economy/Jobs,Change to more liberal policies,Have experience in politics,18-44,18-64,Democrat,,,Democrat,,Somewhat liberal,Liberal,Liberal,44.0,,Cares about people like me,,,State questionnaire,,,,,,,South,,,,Hillary Clinton,Female,,"Cities 50,000-500,000","Cities over 50,000",Alabama,Election day exit poll,Sometime last week,Earlier than that,In the last month,This month,Both did,Only Clinton or Both of them,Only Sanders or Both of them,,Only Clinton or Both of them,Both of them,Only Sanders or Both of them,Version 1,1.14151203632355,
410778.0,30-44,30-59,40-44,18-44,18-49,30-44,40-49,Black 30-44,Black 30-44,Black 30-44,Hillary Clinton,,,Complete,Call 2,6.0,,Favors the wealthy,Very worried,Worried,College graduate,College graduate,More than High school graduate,Non white college degree,3.0,,,Both of them,Only Clinton or Both of them,Only Sanders or Both of them,100k or more,"$30,000 or more",50k or more,100 thousand or more,"$100,000-$199,999","$100,000-$199,999","Over $50,000 and non white",,,,Economy/Jobs,Generally continue Barack Obama's policies,Have experience in politics,18-44,18-64,Democrat,Black Democrat,Black Democrat,Democrat,Non-White Democrats,Moderate,Moderate or conservative,Moderate,31.0,,Can win in November,Black,Black,State questionnaire,Black,Non-white,,,,,South,,,,Hillary Clinton,Female,Black women,Suburbs,Suburbs,Alabama,Election day exit poll,Before that,Earlier than that,Earlier than that,Earlier than that,Neither did,Only Sanders or Neither of them,Only Clinton or Neither of them,,Only Clinton or Both of them,Both of them,Only Sanders or Both of them,Version 1,0.463868707418442,No
415892.0,65+,60+,65 or over,45+,50+,60+,65+,Non-Black 60+,White 60+,White 65+,Hillary Clinton,,,Complete,Call 3,4.0,,Favors the wealthy,Very worried,Worried,High school or less,No college degree,High school graduate or less,White no college degree,1.0,,,Only Clinton,Only Clinton or Both of them,Only Clinton or Neither of them,Less than 100k,"Under $30,000",Less than 50k,Less than 50 thousand,"Under $50,000","Under $30,000","Under $50,000 and white",,,,Income inequality,Change to less liberal policies,Have experience in politics,45+,65+,Democrat,Non-black Democrat,White Democrat,Democrat,White Democrat,Somewhat liberal,Liberal,Liberal,41.0,,Can win in November,White,White,State questionnaire,White,White,,,,,South,,,,Hillary Clinton,Female,White women,Suburbs,Suburbs,Alabama,Election day exit poll,Before that,Earlier than that,Earlier than that,Earlier than that,Both did,Only Clinton or Both of them,Only Sanders or Both of them,,Only Clinton or Both of them,Only Clinton,Only Clinton or Neither of them,Version 1,1.31105065345764,Yes
404299.0,65+,60+,65 or over,45+,50+,60+,65+,Non-Black 60+,White 60+,White 65+,Hillary Clinton,,,Complete,Call 1,6.0,,Favors the wealthy,Not too worried,Not worried,Postgraduate study,College graduate,More than High school graduate,White college degree,3.0,,,Both of them,Only Clinton or Both of them,Only Sanders or Both of them,Less than 100k,"$30,000 or more",Less than 50k,Less than 50 thousand,"Under $50,000","$30,000-$49,999","Under $50,000 and white",,,,Income inequality,Generally continue Barack Obama's policies,Have experience in politics,45+,65+,Democrat,Non-black Democrat,White Democrat,Democrat,White Democrat,Very liberal,Liberal,Liberal,26.0,,Has the right experience,White,White,State questionnaire,White,White,,,,,South,,,,Hillary Clinton,Male,White men,"Cities 50,000-500,000","Cities over 50,000",Alabama,Election day exit poll,In the last month,Earlier than that,In the last month,Earlier than that,Only Sanders did,Only Sanders or Neither of them,Only Sanders or Both of them,,Only Sanders or Neither of them,Neither of them,Only Clinton or Neither of them,Version 1,1.60496771335602,No
410090.0,65+,60+,65 or over,45+,50+,60+,65+,Black 60+,Black 60+,Black 65+,Hillary Clinton,,,Complete,Call 2,1.0,,Favors the wealthy,Very worried,Worried,High school or less,No college degree,High school graduate or less,Non white no college degree,4.0,,,Only Clinton,Only Clinton or Both of them,Only Clinton or Neither of them,Less than 100k,"Under $30,000",Less than 50k,Less than 50 thousand,"Under $50,000","Under $30,000","Under $50,000 and non white",,,,Health care,Generally continue Barack Obama's policies,Have experience in politics,45+,65+,Democrat,Black Democrat,Black Democrat,Democrat,Non-White Democrats,Very liberal,Liberal,Liberal,57.0,,Honest and trustworthy,Black,Black,State questionnaire,Black,Non-white,,,,,South,,,,Hillary Clinton,Male,Black men,"Cities 50,000-500,000","Cities over 50,000",Alabama,Election day exit poll,Before that,Earlier than that,Earlier than that,Earlier than that,Only Sanders did,Only Sanders or Neither of them,Only Sanders or Both of them,,Only Clinton or Both of them,Only Clinton,Only Clinton or Neither of them,Version 1,0.754632174968719,No
412013.0,30-44,30-59,30-39,18-44,18-49,30-44,30-39,Black 30-44,Black 30-44,Black 30-44,Hillary Clinton,,,Complete,Call 2,7.0,,Favors the wealthy,Very worried,Worried,Some college/assoc. degree,No college degree,More than High school graduate,Non white no college degree,3.0,,,Only Clinton,Only Clinton or Both of them,Only Clinton or Neither of them,Less than 100k,"Under $30,000",Less than 50k,Less than 50 thousand,"Under $50,000","Under $30,000","Under $50,000 and non white",,,,Health care,Generally continue Barack Obama's policies,Be from outside the political establishment,18-44,18-64,Republican,Black non-Democrat,All Republicans,Republican,All others,Moderate,Moderate or conservative,Moderate,38.0,,Honest and trustworthy,Black,Black,State questionnaire,Black,Non-white,,,,,South,,,,Hillary Clinton,Female,Black women,"Cities 50,000-500,000","Cities over 50,000",Alabama,Election day exit poll,Before that,Earlier than that,Earlier than that,Earlier than that,Only Clinton did,Only Clinton or Both of them,Only Clinton or Neither of them,,Only Clinton or Both of them,Only Clinton,Only Clinton or Neither of them,Version 1,1.13390827178955,No
404288.0,45-65,60+,60-64,45+,50+,60+,50-64,Black 60+,Black 60+,Black 45-64,Hillary Clinton,,,Complete,Call 1,6.0,,Favors the wealthy,Very worried,Worried,Postgraduate study,College graduate,More than High school graduate,Non white college degree,2.0,,,Only Clinton,Only Clinton or Both of them,Only Clinton or Neither of them,100k or more,"$30,000 or more",50k or more,100 thousand or more,"$100,000-$199,999","$100,000-$199,999","Over $50,000 and non white",,,,Terrorism,Generally continue Barack Obama's policies,Have experience in politics,45+,18-64,Democrat,Black Democrat,Black Democrat,Democrat,Non-White Democrats,Somewhat liberal,Liberal,Liberal,75.0,,Cares about people like me,Black,Black,State questionnaire,Black,Non-white,,,,,South,,,,Hillary Clinton,Male,Black men,Suburbs,Suburbs,Alabama,Election day exit poll,Before that,Earlier than that,Earlier than that,Earlier than that,Neither did,Only Sanders or Neither of them,Only Clinton or Neither of them,,Only Clinton or Both of them,Only Clinton,Only Clinton or Neither of them,Version 1,0.127731561660767,No
404285.0,45-65,30-59,50-59,45+,50+,45-59,50-64,Black 45-59,Black 45-59,Black 45-64,Hillary Clinton,,,Complete,Call 1,6.0,,Is fair to most Americans,Very worried,Worried,Postgraduate study,College graduate,More than High school graduate,Non white college degree,2.0,,,Both of them,Only Clinton or Both of them,Only Sanders or Both of them,100k or more,"$30,000 or more",50k or more,100 thousand or more,"$200,000 or more","$200,000 or more","Over $50,000 and non white",,,,Economy/Jobs,Generally continue Barack Obama's policies,Have experience in politics,45+,18-64,Democrat,Black Democrat,Black Democrat,Democrat,Non-White Democrats,Moderate,Moderate or conservative,Moderate,77.0,,Has the right experience,Black,Black,State questionnaire,Black,Non-white,,,,,South,,,,Hillary Clinton,Female,Black women,"Cities 50,000-500,000","Cities over 50,000",Alabama,Election day exit poll,Before that,Earlier than that,Earlier than that,Earlier than that,Neither did,Only Sanders or Neither of them,Only Clinton or Neither of them,,Only Clinton or Both of them,Both of them,Only Sanders or Both of them,Version 1,0.824218571186066,No
410071.0,65+,60+,65 or over,45+,50+,60+,65+,Black 60+,Black 60+,Black 65+,Hillary Clinton,,,Complete,Call 2,7.0,,Favors the wealthy,Very worried,Worried,Some college/assoc. degree,No college degree,More than High school graduate,Non white no college degree,3.0,,,Only Clinton,Only Clinton or Both of them,Only Clinton or Neither of them,Less than 100k,"Under $30,000",Less than 50k,Less than 50 thousand,"Under $50,000","Under $30,000","Under $50,000 and non white",,,,Economy/Jobs,Generally continue Barack Obama's policies,Have experience in politics,45+,65+,Democrat,Black Democrat,Black Democrat,Democrat,Non-White Democrats,Moderate,Moderate or conservative,Moderate,17.0,,Has the right experience,Black,Black,State questionnaire,Black,Non-white,,,,,South,,,,Hillary Clinton,Female,Black women,Rural,Small Cities/Rural,Alabama,Election day exit poll,Before that,Earlier than that,Earlier than that,Earlier than that,Both did,Only Clinton or Both of them,Only Sanders or Both of them,,Only Clinton or Both of them,Only Clinton,Only Clinton or Neither of them,Version 1,1.53997468948364,No
410053.0,30-44,30-59,30-39,18-44,18-49,30-44,30-39,Black 30-44,Black 30-44,Black 30-44,Hillary Clinton,,,Complete,Call 2,1.0,,Is fair to most Americans,Very worried,Worried,College graduate,College graduate,More than High school graduate,Non white college degree,4.0,,,Only Clinton,Only Clinton or Both of them,Only Clinton or Neither of them,Less than 100k,"$30,000 or more",Less than 50k,Less than 50 thousand,"Under $50,000","$30,000-$49,999","Under $50,000 and non white",,,,Economy/Jobs,Generally continue Barack Obama's policies,Have experience in politics,18-44,18-64,Democrat,Black Democrat,Black Democrat,Democrat,Non-White Democrats,Conservative,Moderate or conservative,Conservative,57.0,,Has the right experience,Black,Black,State questionnaire,Black,Non-white,,,,,South,,,,Hillary Clinton,Female,Black women,"Cities 50,000-500,000","Cities over 50,000",Alabama,Election day exit poll,Before that,Earlier than that,Earlier than that,Earlier than that,Neither did,Only Sanders or Neither of them,Only Clinton or Neither of them,,Only Clinton or Both of them,Only Clinton,Only Clinton or Neither of them,Version 1,0.598402619361877,No
410051.0,30-44,30-59,30-39,18-44,18-49,30-44,30-39,Non-Black 30-44,Latino 30-44,Latino 30-44,Hillary Clinton,,,Complete,Call 2,1.0,,Favors the wealthy,Somewhat worried,Worried,College graduate,College graduate,More than High school graduate,Non white college degree,4.0,,,Both of them,Only Clinton or Both of them,Only Sanders or Both of them,Less than 100k,"$30,000 or more",Less than 50k,Less than 50 thousand,"Under $50,000","$30,000-$49,999","Under $50,000 and non white",,,,Economy/Jobs,Change to less liberal policies,Have experience in politics,18-44,18-64,Independent/Something else,Non-black non-Democrat,Latino Independent,Something else,All others,Moderate,Moderate or conservative,Moderate,59.0,,Has the right experience,Other,Hispanic/Latino,State questionnaire,Hispanic/Latino,Non-white,,,,,South,,,,Hillary Clinton,Female,Latino women,"Cities 50,000-500,000","Cities over 50,000",Alabama,Election day exit poll,Before that,Earlier than that,Earlier than that,Earlier than that,Neither did,Only Sanders or Neither of them,Only Clinton or Neither of them,,Only Clinton or Both of them,Both of them,Only Sanders or Both of them,Version 1,1.23266065120697,No
403224.0,45-65,30-59,50-59,45+,50+,45-59,50-64,Black 45-59,Black 45-59,Black 45-64,Hillary Clinton,,,Complete,Call 1,5.0,,Favors the wealthy,Not at all worried,Not worried,Postgraduate study,College graduate,More than High school graduate,Non white college degree,1.0,,,Neither of them,Only Sanders or Neither of them,Only Clinton or Neither of them,100k or more,"$30,000 or more",50k or more,100 thousand or more,"$200,000 or more","$200,000 or more","Over $50,000 and non white",,,,Health care,Generally continue Barack Obama's policies,Have experience in politics,45+,18-64,Independent/Something else,Black non-Democrat,Black Independent,Independent,All others,Moderate,Moderate or conservative,Moderate,46.0,,Has the right experience,Black,Black,State questionnaire,Black,Non-white,,,,,South,,,,Omit,Female,Black women,"Cities 50,000-500,000","Cities over 50,000",Alabama,Election day exit poll,Before that,Earlier than that,Earlier than that,Earlier than that,Neither did,Only Sanders or Neither of them,Only Clinton or Neither of them,,Only Clinton or Both of them,Both of them,Only Sanders or Both of them,Version 1,0.42626217007637,No
403220.0,30-44,30-59,30-39,18-44,18-49,30-44,30-39,Black 30-44,Black 30-44,Black 30-44,Hillary Clinton,,,Complete,Call 1,7.0,,Is fair to most Americans,Somewhat worried,Worried,College graduate,College graduate,More than High school graduate,Non white college degree,3.0,,,Only Clinton,Only Clinton or Both of them,Only Clinton or Neither of them,Less than 100k,"Under $30,000",Less than 50k,Less than 50 thousand,"Under $50,000","Under $30,000","Under $50,000 and non white",,,,Economy/Jobs,Generally continue Barack Obama's policies,Have experience in politics,18-44,18-64,Democrat,Black Democrat,Black Democrat,Democrat,Non-White Democrats,Very liberal,Liberal,Liberal,17.0,,Honest and trustworthy,Black,Black,State questionnaire,Black,Non-white,,,,,South,,,,Hillary Clinton,Female,Black women,Rural,Small Cities/Rural,Alabama,Election day exit poll,Before that,Earlier than that,Earlier than that,Earlier than that,Only Clinton did,Only Clinton or Both of them,Only Clinton or Neither of them,,Only Clinton or Both of them,Only Clinton,Only Clinton or Neither of them,Version 1,1.16565835475922,No
404235.0,45-65,30-59,45-49,45+,18-49,45-59,40-49,Black 45-59,Black 45-59,Black 45-64,Hillary Clinton,,,Complete,Call 1,6.0,,Favors the wealthy,Not too worried,Not worried,College graduate,College graduate,More than High school graduate,Non white college degree,2.0,,,Both of them,Only Clinton or Both of them,Only Sanders or Both of them,Less than 100k,"$30,000 or more",50k or more,50 to 100 thousand,"$50,000-$99,999","$50,000-$99,999","Over $50,000 and non white",,,,Health care,Generally continue Barack Obama's policies,Have experience in politics,45+,18-64,Democrat,Black Democrat,Black Democrat,Democrat,Non-White Democrats,Conservative,Moderate or conservative,Conservative,75.0,,Honest and trustworthy,Black,Black,State questionnaire,Black,Non-white,,,,,South,,,,Hillary Clinton,Female,Black women,Suburbs,Suburbs,Alabama,Election day exit poll,Before that,Earlier than that,Earlier than that,Earlier than that,Both did,Only Clinton or Both of them,Only Sanders or Both of them,,Only Clinton or Both of them,Both of them,Only Sanders or Both of them,Version 1,0.0966842919588089,No
411957.0,,,,,,,,,,,Hillary Clinton,,,Complete,Call 2,7.0,,Favors the wealthy,Very worried,Worried,College graduate,College graduate,More than High school graduate,Non white college degree,3.0,,,Only Clinton,Only Clinton or Both of them,Only Clinton or Neither of them,Less than 100k,"$30,000 or more",Less than 50k,Less than 50 thousand,"Under $50,000","$30,000-$49,999","Under $50,000 and non white",,,,Economy/Jobs,Generally continue Barack Obama's policies,Have experience in politics,,,Democrat,Black Democrat,Black Democrat,Democrat,Non-White Democrats,Moderate,Moderate or conservative,Moderate,38.0,,Has the right experience,Black,Black,State questionnaire,Black,Non-white,,,,,South,,,,Hillary Clinton,Female,Black women,"Cities 50,000-500,000","Cities over 50,000",Alabama,Election day exit poll,Before that,Earlier than that,Earlier than that,Earlier than that,Neither did,Only Sanders or Neither of them,Only Clinton or Neither of them,,Only Clinton or Both of them,Only Clinton,Only Clinton or Neither of them,Version 1,1.14145767688751,No
404230.0,30-44,30-59,30-39,18-44,18-49,30-44,30-39,Black 30-44,Black 30-44,Black 30-44,Hillary Clinton,,,Complete,Call 1,6.0,,Favors the wealthy,Somewhat worried,Worried,College graduate,College graduate,More than High school graduate,Non white college degree,3.0,,,Only Clinton,Only Clinton or Both of them,Only Clinton or Neither of them,Less than 100k,"$30,000 or more",Less than 50k,Less than 50 thousand,"Under $50,000","$30,000-$49,999","Under $50,000 and non white",,,,Income inequality,Generally continue Barack Obama's policies,Have experience in politics,18-44,18-64,Democrat,Black Democrat,Black Democrat,Democrat,Non-White Democrats,Conservative,Moderate or conservative,Conservative,26.0,,Cares about people like me,Black,Black,State questionnaire,Black,Non-white,,,,,South,,,,Hillary Clinton,Female,Black women,"Cities 50,000-500,000","Cities over 50,000",Alabama,Election day exit poll,Before that,Earlier than that,Earlier than that,Earlier than that,Neither did,Only Sanders or Neither of them,Only Clinton or Neither of them,,Only Clinton or Both of them,Only Clinton,Only Clinton or Neither of them,Version 1,0.809102058410645,No
410018.0,30-44,30-59,40-44,18-44,18-49,30-44,40-49,Black 30-44,Black 30-44,Black 30-44,Hillary Clinton,,,Complete,Call 2,1.0,,Favors the wealthy,Very worried,Worried,College graduate,College graduate,More than High school graduate,Non white college degree,4.0,,,Neither of them,Only Sanders or Neither of them,Only Clinton or Neither of them,Less than 100k,"$30,000 or more",Less than 50k,Less than 50 thousand,"Under $50,000","$30,000-$49,999","Under $50,000 and non white",,,,Economy/Jobs,Generally continue Barack Obama's policies,Be from outside the political establishment,18-44,18-64,Democrat,Black Democrat,Black Democrat,Democrat,Non-White Democrats,Very liberal,Liberal,Liberal,57.0,,Has the right experience,Black,Black,State questionnaire,Black,Non-white,,,,,South,,,,Hillary Clinton,Male,Black men,"Cities 50,000-500,000","Cities over 50,000",Alabama,Election day exit poll,Just today,Last few days,In the last month,This month,Neither did,Only Sanders or Neither of them,Only Clinton or Neither of them,,Only Clinton or Both of them,Both of them,Only Sanders or Both of them,Version 1,0.598402619361877,No
416772.0,45-65,30-59,50-59,45+,50+,45-59,50-64,Black 45-59,Black 45-59,Black 45-64,Hillary Clinton,,,Complete,Call 3,5.0,,Favors the wealthy,Very worried,Worried,College graduate,College graduate,More than High school graduate,Non white college degree,1.0,,,Only Sanders,Only Sanders or Neither of them,Only Sanders or Both of them,100k or more,"$30,000 or more",50k or more,100 thousand or more,"$100,000-$199,999","$100,000-$199,999","Over $50,000 and non white",,,,Terrorism,Generally continue Barack Obama's policies,Have experience in politics,45+,18-64,Democrat,Black Democrat,Black Democrat,Democrat,Non-White Democrats,Somewhat liberal,Liberal,Liberal,46.0,,Can win in November,Black,Black,State questionnaire,Black,Non-white,,,,,South,,,,Hillary Clinton,Male,Black men,"Cities 50,000-500,000","Cities over 50,000",Alabama,Election day exit poll,Before that,Earlier than that,Earlier than that,Earlier than that,Both did,Only Clinton or Both of them,Only Sanders or Both of them,,Only Clinton or Both of them,Both of them,Only Sanders or Both of them,Version 1,0.42626217007637,No
404208.0,45-65,30-59,50-59,45+,50+,45-59,50-64,Black 45-59,Black 45-59,Black 45-64,Hillary Clinton,,,Complete,Call 1,6.0,,Favors the wealthy,Very worried,Worried,College graduate,College graduate,More than High school graduate,Non white college degree,2.0,,,Both of them,Only Clinton or Both of them,Only Sanders or Both of them,100k or more,"$30,000 or more",50k or more,100 thousand or more,"$200,000 or more","$200,000 or more","Over $50,000 and non white",,,,Health care,Generally continue Barack Obama's policies,Have experience in politics,45+,18-64,Democrat,Black Democrat,Black Democrat,Democrat,Non-White Democrats,Somewhat liberal,Liberal,Liberal,77.0,,Has the right experience,Black,Black,State questionnaire,Black,Non-white,,,,,South,,,,Hillary Clinton,Female,Black women,"Cities 50,000-500,000","Cities over 50,000",Alabama,Election day exit poll,Before that,Earlier than that,Earlier than that,Earlier than that,Neither did,Only Sanders or Neither of them,Only Clinton or Neither of them,,Only Clinton or Both of them,Only Clinton,Only Clinton or Neither of them,Version 1,0.824218571186066,No
416762.0,30-44,30-59,30-39,18-44,18-49,30-44,30-39,Black 30-44,Black 30-44,Black 30-44,Hillary Clinton,,,Complete,Call 3,5.0,,Is fair to most Americans,Very worried,Worried,Some college/assoc. degree,No college degree,More than High school graduate,Non white no college degree,1.0,,,Both of them,Only Clinton or Both of them,Only Sanders or Both of them,Less than 100k,"$30,000 or more",Less than 50k,Less than 50 thousand,"Under $50,000","$30,000-$49,999","Under $50,000 and non white",,,,Economy/Jobs,Change to more liberal policies,Have experience in politics,18-44,18-64,Democrat,Black Democrat,Black Democrat,Democrat,Non-White Democrats,Very liberal,Liberal,Liberal,44.0,,Cares about people like me,Black,Black,State questionnaire,Black,Non-white,,,,,South,,,,Hillary Clinton,Female,Black women,"Cities 50,000-500,000","Cities over 50,000",Alabama,Election day exit poll,Before that,Earlier than that,Earlier than that,Earlier than that,Only Sanders did,Only Sanders or Neither of them,Only Sanders or Both of them,,Only Clinton or Both of them,Both of them,Only Sanders or Both of them,Version 1,0.571341216564178,No
405054.0,45-65,30-59,50-59,45+,50+,45-59,50-64,Black 45-59,Black 45-59,Black 45-64,Hillary Clinton,,,Complete,Call 1,6.0,,Favors the wealthy,Very worried,Worried,Some college/assoc. degree,No college degree,More than High school graduate,Non white no college degree,2.0,,,Only Sanders,Only Sanders or Neither of them,Only Sanders or Both of them,100k or more,"$30,000 or more",50k or more,100 thousand or more,"$100,000-$199,999","$100,000-$199,999","Over $50,000 and non white",,,,Economy/Jobs,Generally continue Barack Obama's policies,Have experience in politics,45+,18-64,Democrat,Black Democrat,Black Democrat,Democrat,Non-White Democrats,Moderate,Moderate or conservative,Moderate,75.0,,Cares about people like me,Black,Black,State questionnaire,Black,Non-white,,,,,South,,,,Hillary Clinton,Female,Black women,Suburbs,Suburbs,Alabama,Election day exit poll,Before that,Earlier than that,Earlier than that,Earlier than that,Neither did,Only Sanders or Neither of them,Only Clinton or Neither of them,,Only Clinton or Both of them,Only Clinton,Only Clinton or Neither of them,Version 1,0.0966842919588089,No
417717.0,18-29,18-29,25-29,18-44,18-49,18-29,25-29,Black 18-29,Black 18-29,Black 18-29,Hillary Clinton,,,Complete,Call 3,7.0,,Favors the wealthy,Somewhat worried,Worried,Some college/assoc. degree,No college degree,More than High school graduate,Non white no college degree,3.0,,,Both of them,Only Clinton or Both of them,Only Sanders or Both of them,Less than 100k,"$30,000 or more",Less than 50k,Less than 50 thousand,"Under $50,000","$30,000-$49,999","Under $50,000 and non white",,,,Omit,Generally continue Barack Obama's policies,Have experience in politics,18-44,18-64,Independent/Something else,Black non-Democrat,Black Independent,Independent,All others,Somewhat liberal,Liberal,Liberal,38.0,,Honest and trustworthy,Black,Black,State questionnaire,Black,Non-white,,,,,South,,,,Hillary Clinton,Female,Black women,"Cities 50,000-500,000","Cities over 50,000",Alabama,Election day exit poll,Before that,Earlier than that,Earlier than that,Earlier than that,Neither did,Only Sanders or Neither of them,Only Clinton or Neither of them,,Only Clinton or Both of them,Both of them,Only Sanders or Both of them,Version 1,1.22367119789124,No
409985.0,65+,60+,65 or over,45+,50+,60+,65+,Black 60+,Black 60+,Black 65+,Hillary Clinton,,,Complete,Call 2,1.0,,Is fair to most Americans,Very worried,Worried,High school or less,No college degree,High school graduate or less,Non white no college degree,4.0,,,Both of them,Only Clinton or Both of them,Only Sanders or Both of them,Less than 100k,"$30,000 or more",Less than 50k,Less than 50 thousand,"Under $50,000","$30,000-$49,999","Under $50,000 and non white",,,,Economy/Jobs,Generally continue Barack Obama's policies,Have experience in politics,45+,65+,Democrat,Black Democrat,Black Democrat,Democrat,Non-White Democrats,Somewhat liberal,Liberal,Liberal,58.0,,Has the right experience,Black,Black,State questionnaire,Black,Non-white,,,,,South,,,,Hillary Clinton,Female,Black women,"Cities 50,000-500,000","Cities over 50,000",Alabama,Election day exit poll,In the last month,Earlier than that,In the last month,Earlier than that,Both did,Only Clinton or Both of them,Only Sanders or Both of them,,Only Clinton or Both of them,Both of them,Only Sanders or Both of them,Version 1,0.276577264070511,No
410657.0,65+,60+,65 or over,45+,50+,60+,65+,Black 60+,Black 60+,Black 65+,Hillary Clinton,,,Complete,Call 2,1.0,,Is fair to most Americans,Somewhat worried,Worried,College graduate,College graduate,More than High school graduate,Non white college degree,4.0,,,Only Clinton,Only Clinton or Both of them,Only Clinton or Neither of them,Less than 100k,"Under $30,000",Less than 50k,Less than 50 thousand,"Under $50,000","Under $30,000","Under $50,000 and non white",,,,Health care,Generally continue Barack Obama's policies,Have experience in politics,45+,65+,Democrat,Black Democrat,Black Democrat,Democrat,Non-White Democrats,Very liberal,Liberal,Liberal,57.0,,Cares about people like me,Black,Black,State questionnaire,Black,Non-white,,,,,South,,,,Hillary Clinton,Male,Black men,"Cities 50,000-500,000","Cities over 50,000",Alabama,Election day exit poll,Before that,Earlier than that,Earlier than that,Earlier than that,Only Clinton did,Only Clinton or Both of them,Only Clinton or Neither of them,,Only Clinton or Both of them,Only Clinton,Only Clinton or Neither of them,Version 1,0.754632174968719,No
409978.0,65+,60+,65 or over,45+,50+,60+,65+,Black 60+,Black 60+,Black 65+,Hillary Clinton,,,Complete,Call 2,1.0,,Favors the wealthy,Very worried,Worried,Some college/assoc. degree,No college degree,More than High school graduate,Non white no college degree,4.0,,,Neither of them,Only Sanders or Neither of them,Only Clinton or Neither of them,Less than 100k,"Under $30,000",Less than 50k,Less than 50 thousand,"Under $50,000","Under $30,000","Under $50,000 and non white",,,,Economy/Jobs,Generally continue Barack Obama's policies,Have experience in politics,45+,65+,Democrat,Black Democrat,Black Democrat,Democrat,Non-White Democrats,Very liberal,Liberal,Liberal,57.0,,Has the right experience,Black,Black,State questionnaire,Black,Non-white,,,,,South,,,,Hillary Clinton,Female,Black women,"Cities 50,000-500,000","Cities over 50,000",Alabama,Election day exit poll,Sometime last week,Earlier than that,In the last month,This month,Both did,Only Clinton or Both of them,Only Sanders or Both of them,,Only Clinton or Both of them,Only Clinton,Only Clinton or Neither of them,Version 1,0.68432754278183,No
403159.0,30-44,30-59,40-44,18-44,18-49,30-44,40-49,Black 30-44,Black 30-44,Black 30-44,Hillary Clinton,,,Complete,Call 1,1.0,,Favors the wealthy,Very worried,Worried,College graduate,College graduate,More than High school graduate,Non white college degree,4.0,,,Only Clinton,Only Clinton or Both of them,Only Clinton or Neither of them,Less than 100k,"$30,000 or more",50k or more,50 to 100 thousand,"$50,000-$99,999","$50,000-$99,999","Over $50,000 and non white",,,,Economy/Jobs,Generally continue Barack Obama's policies,Have experience in politics,18-44,18-64,Democrat,Black Democrat,Black Democrat,Democrat,Non-White Democrats,Conservative,Moderate or conservative,Conservative,58.0,,Honest and trustworthy,Black,Black,State questionnaire,Black,Non-white,,,,,South,,,,Hillary Clinton,Female,Black women,"Cities 50,000-500,000","Cities over 50,000",Alabama,Election day exit poll,Before that,Earlier than that,Earlier than that,Earlier than that,Neither did,Only Sanders or Neither of them,Only Clinton or Neither of them,,Only Clinton or Both of them,Only Clinton,Only Clinton or Neither of them,Version 1,0.241849914193153,No
403152.0,45-65,30-59,50-59,45+,50+,45-59,50-64,Black 45-59,Black 45-59,Black 45-64,Hillary Clinton,,,Complete,Call 1,7.0,,Is fair to most Americans,Somewhat worried,Worried,Some college/assoc. degree,No college degree,More than High school graduate,Non white no college degree,3.0,,,Both of them,Only Clinton or Both of them,Only Sanders or Both of them,Less than 100k,"Under $30,000",Less than 50k,Less than 50 thousand,"Under $50,000","Under $30,000","Under $50,000 and non white",,,,Economy/Jobs,Generally continue Barack Obama's policies,Have experience in politics,45+,18-64,Democrat,Black Democrat,Black Democrat,Democrat,Non-White Democrats,Conservative,Moderate or conservative,Conservative,17.0,,Has the right experience,Black,Black,State questionnaire,Black,Non-white,,,,,South,,,,Hillary Clinton,Male,Black men,Rural,Small Cities/Rural,Alabama,Election day exit poll,Before that,Earlier than that,Earlier than that,Earlier than that,Neither did,Only Sanders or Neither of them,Only Clinton or Neither of them,,Only Clinton or Both of them,Only Clinton,Only Clinton or Neither of them,Version 1,1.28541266918182,No
404160.0,30-44,30-59,40-44,18-44,18-49,30-44,40-49,Non-Black 30-44,All others,All others,Hillary Clinton,,,Complete,Call 1,6.0,,Favors the wealthy,Not too worried,Not worried,Postgraduate study,College graduate,More than High school graduate,Non white college degree,3.0,,,Only Sanders,Only Sanders or Neither of them,Only Sanders or Both of them,100k or more,"$30,000 or more",50k or more,100 thousand or more,"$100,000-$199,999","$100,000-$199,999","Over $50,000 and non white",,,,Economy/Jobs,Change to more liberal policies,Have experience in politics,18-44,18-64,Democrat,Non-black Democrat,All Other,Democrat,Non-White Democrats,Very liberal,Liberal,Liberal,26.0,,Can win in November,Other,Asian,State questionnaire,Asian,Non-white,,,,,South,,,,Hillary Clinton,Female,All other races,"Cities 50,000-500,000","Cities over 50,000",Alabama,Election day exit poll,Before that,Earlier than that,Earlier than that,Earlier than that,Neither did,Only Sanders or Neither of them,Only Clinton or Neither of them,,Only Clinton or Both of them,Both of them,Only Sanders or Both of them,Version 1,1.53397881984711,No
410628.0,45-65,60+,60-64,45+,50+,60+,50-64,Black 60+,Black 60+,Black 45-64,Hillary Clinton,,,Complete,Call 2,1.0,,Favors the wealthy,Very worried,Worried,Some college/assoc. degree,No college degree,More than High school graduate,Non white no college degree,4.0,,,Both of them,Only Clinton or Both of them,Only Sanders or Both of them,Less than 100k,"$30,000 or more",Less than 50k,Less than 50 thousand,"Under $50,000","$30,000-$49,999","Under $50,000 and non white",,,,Health care,Generally continue Barack Obama's policies,Have experience in politics,45+,18-64,Democrat,Black Democrat,Black Democrat,Democrat,Non-White Democrats,Very liberal,Liberal,Liberal,57.0,,Can win in November,Black,Black,State questionnaire,Black,Non-white,,,,,South,,,,Hillary Clinton,Female,Black women,"Cities 50,000-500,000","Cities over 50,000",Alabama,Election day exit poll,Before that,Earlier than that,Earlier than that,Earlier than that,Neither did,Only Sanders or Neither of them,Only Clinton or Neither of them,,Only Clinton or Both of them,Both of them,Only Sanders or Both of them,Version 1,0.68432754278183,No
418534.0,65+,60+,65 or over,45+,50+,60+,65+,Black 60+,Black 60+,Black 65+,Hillary Clinton,,,Complete,Call 3,3.0,,Is fair to most Americans,Somewhat worried,Worried,Some college/assoc. degree,No college degree,More than High school graduate,Non white no college degree,2.0,,,Both of them,Only Clinton or Both of them,Only Sanders or Both of them,Less than 100k,"Under $30,000",Less than 50k,Less than 50 thousand,"Under $50,000","Under $30,000","Under $50,000 and non white",,,,Economy/Jobs,Generally continue Barack Obama's policies,Have experience in politics,45+,65+,Democrat,Black Democrat,Black Democrat,Democrat,Non-White Democrats,Moderate,Moderate or conservative,Moderate,82.0,,Has the right experience,Black,Black,State questionnaire,Black,Non-white,,,,,South,,,,Hillary Clinton,Female,Black women,Rural,Small Cities/Rural,Alabama,Election day exit poll,Before that,Earlier than that,Earlier than that,Earlier than that,Both did,Only Clinton or Both of them,Only Sanders or Both of them,,Only Clinton or Both of them,Both of them,Only Sanders or Both of them,Version 1,2.21187925338745,No
409944.0,65+,60+,65 or over,45+,50+,60+,65+,Non-Black 60+,White 60+,White 65+,Hillary Clinton,,,Complete,Call 2,1.0,,Is fair to most Americans,Somewhat worried,Worried,Postgraduate study,College graduate,More than High school graduate,White college degree,4.0,,,Both of them,Only Clinton or Both of them,Only Sanders or Both of them,Less than 100k,"Under $30,000",Less than 50k,Less than 50 thousand,"Under $50,000","Under $30,000","Under $50,000 and white",,,,Terrorism,Change to less liberal policies,Have experience in politics,45+,65+,Democrat,Non-black Democrat,White Democrat,Democrat,White Democrat,Moderate,Moderate or conservative,Moderate,58.0,,Cares about people like me,White,White,State questionnaire,White,White,,,,,South,,,,Hillary Clinton,Female,White women,"Cities 50,000-500,000","Cities over 50,000",Alabama,Election day exit poll,In the last few days,Last few days,In the last month,This month,Neither did,Only Sanders or Neither of them,Only Clinton or Neither of them,,Only Clinton or Both of them,Both of them,Only Sanders or Both of them,Version 1,0.941439926624298,No
409928.0,45-65,30-59,45-49,45+,18-49,45-59,40-49,Black 45-59,Black 45-59,Black 45-64,Hillary Clinton,,,Complete,Call 2,2.0,,Favors the wealthy,Somewhat worried,Worried,Postgraduate study,College graduate,More than High school graduate,Non white college degree,3.0,,,Only Clinton,Only Clinton or Both of them,Only Clinton or Neither of them,Less than 100k,"$30,000 or more",50k or more,50 to 100 thousand,"$50,000-$99,999","$50,000-$99,999","Over $50,000 and non white",,,,Economy/Jobs,Generally continue Barack Obama's policies,Have experience in politics,45+,18-64,Democrat,Black Democrat,Black Democrat,Democrat,Non-White Democrats,Moderate,Moderate or conservative,Moderate,67.0,,Has the right experience,Black,Black,State questionnaire,Black,Non-white,,,,,South,,,,Hillary Clinton,Female,Black women,"Cities 50,000-500,000","Cities over 50,000",Alabama,Election day exit poll,Before that,Earlier than that,Earlier than that,Earlier than that,Only Clinton did,Only Clinton or Both of them,Only Clinton or Neither of them,,Only Clinton or Both of them,Only Clinton,Only Clinton or Neither of them,Version 1,0.965510427951813,No
404134.0,65+,60+,65 or over,45+,50+,60+,65+,Black 60+,Black 60+,Black 65+,Hillary Clinton,,,Complete,Call 1,6.0,,Favors the wealthy,Not at all worried,Not worried,College graduate,College graduate,More than High school graduate,Non white college degree,2.0,,,Both of them,Only Clinton or Both of them,Only Sanders or Both of them,Less than 100k,"$30,000 or more",50k or more,50 to 100 thousand,"$50,000-$99,999","$50,000-$99,999","Over $50,000 and non white",,,,Income inequality,Generally continue Barack Obama's policies,Have experience in politics,45+,65+,Democrat,Black Democrat,Black Democrat,Democrat,Non-White Democrats,Moderate,Moderate or conservative,Moderate,77.0,,Has the right experience,Black,Black,State questionnaire,Black,Non-white,,,,,South,,,,Hillary Clinton,Male,Black men,"Cities 50,000-500,000","Cities over 50,000",Alabama,Election day exit poll,Before that,Earlier than that,Earlier than that,Earlier than that,Neither did,Only Sanders or Neither of them,Only Clinton or Neither of them,,Only Clinton or Both of them,Both of them,Only Sanders or Both of them,Version 1,1.08889174461365,No
417645.0,18-29,18-29,18-24,18-44,18-49,18-29,18-24,Black 18-29,Black 18-29,Black 18-29,Hillary Clinton,,,Complete,Call 3,7.0,,Favors the wealthy,Somewhat worried,Worried,High school or less,No college degree,High school graduate or less,Non white no college degree,3.0,,,Only Clinton,Only Clinton or Both of them,Only Clinton or Neither of them,Less than 100k,"$30,000 or more",50k or more,50 to 100 thousand,"$50,000-$99,999","$50,000-$99,999","Over $50,000 and non white",,,,Economy/Jobs,Change to more liberal policies,Have experience in politics,18-44,18-64,Democrat,Black Democrat,Black Democrat,Democrat,Non-White Democrats,Somewhat liberal,Liberal,Liberal,33.0,,Honest and trustworthy,Black,Black,State questionnaire,Black,Non-white,,,,,South,,,,Hillary Clinton,Male,Black men,"Cities 50,000-500,000","Cities over 50,000",Alabama,Election day exit poll,In the last few days,Last few days,In the last month,This month,Both did,Only Clinton or Both of them,Only Sanders or Both of them,,Only Clinton or Both of them,Only Clinton,Only Clinton or Neither of them,Version 1,2.48892307281494,No
409918.0,45-65,60+,60-64,45+,50+,60+,50-64,Black 60+,Black 60+,Black 45-64,Hillary Clinton,,,Complete,Call 2,2.0,,Favors the wealthy,Somewhat worried,Worried,College graduate,College graduate,More than High school graduate,Non white college degree,3.0,,,Only Clinton,Only Clinton or Both of them,Only Clinton or Neither of them,100k or more,"$30,000 or more",50k or more,100 thousand or more,"$100,000-$199,999","$100,000-$199,999","Over $50,000 and non white",,,,Economy/Jobs,Generally continue Barack Obama's policies,Have experience in politics,45+,18-64,Democrat,Black Democrat,Black Democrat,Democrat,Non-White Democrats,Moderate,Moderate or conservative,Moderate,69.0,,Cares about people like me,Black,Black,State questionnaire,Black,Non-white,,,,,South,,,,Hillary Clinton,Female,Black women,Suburbs,Suburbs,Alabama,Election day exit poll,Before that,Earlier than that,Earlier than that,Earlier than that,Only Sanders did,Only Sanders or Neither of them,Only Sanders or Both of them,,Only Clinton or Both of them,Only Clinton,Only Clinton or Neither of them,Version 1,1.33968186378479,No
404123.0,45-65,60+,60-64,45+,50+,60+,50-64,Black 60+,Black 60+,Black 45-64,Hillary Clinton,,,Complete,Call 1,6.0,,Favors the wealthy,Somewhat worried,Worried,Some college/assoc. degree,No college degree,More than High school graduate,Non white no college degree,2.0,,,Both of them,Only Clinton or Both of them,Only Sanders or Both of them,Less than 100k,"$30,000 or more",50k or more,50 to 100 thousand,"$50,000-$99,999","$50,000-$99,999","Over $50,000 and non white",,,,Terrorism,Generally continue Barack Obama's policies,Have experience in politics,45+,18-64,Democrat,Black Democrat,Black Democrat,Democrat,Non-White Democrats,Conservative,Moderate or conservative,Conservative,74.0,,Has the right experience,Black,Black,State questionnaire,Black,Non-white,,,,,South,,,,Hillary Clinton,Male,Black men,Suburbs,Suburbs,Alabama,Election day exit poll,Before that,Earlier than that,Earlier than that,Earlier than that,Neither did,Only Sanders or Neither of them,Only Clinton or Neither of them,,Only Clinton or Both of them,Both of them,Only Sanders or Both of them,Version 1,0.43163275718689,No
410590.0,45-65,30-59,50-59,45+,50+,45-59,50-64,Black 45-59,Black 45-59,Black 45-64,Hillary Clinton,,,Complete,Call 2,6.0,,Favors the wealthy,Somewhat worried,Worried,Some college/assoc. degree,No college degree,More than High school graduate,Non white no college degree,3.0,,,Only Clinton,Only Clinton or Both of them,Only Clinton or Neither of them,Less than 100k,"$30,000 or more",Less than 50k,Less than 50 thousand,"Under $50,000","$30,000-$49,999","Under $50,000 and non white",,,,Terrorism,Generally continue Barack Obama's policies,Have experience in politics,45+,18-64,Democrat,Black Democrat,Black Democrat,Democrat,Non-White Democrats,Somewhat liberal,Liberal,Liberal,31.0,,Cares about people like me,Black,Black,State questionnaire,Black,Non-white,,,,,South,,,,Hillary Clinton,Female,Black women,Suburbs,Suburbs,Alabama,Election day exit poll,In the last few days,Last few days,In the last month,This month,Neither did,Only Sanders or Neither of them,Only Clinton or Neither of them,,Only Clinton or Both of them,Only Clinton,Only Clinton or Neither of them,Version 1,0.463868707418442,No
404093.0,65+,60+,65 or over,45+,50+,60+,65+,,,,Hillary Clinton,,,Complete,Call 1,1.0,,Favors the wealthy,Very worried,Worried,College graduate,College graduate,More than High school graduate,,4.0,,,Only Clinton,Only Clinton or Both of them,Only Clinton or Neither of them,Less than 100k,"$30,000 or more",Less than 50k,Less than 50 thousand,"Under $50,000","$30,000-$49,999",,,,,Economy/Jobs,Generally continue Barack Obama's policies,Have experience in politics,45+,65+,Democrat,,,Democrat,,Very liberal,Liberal,Liberal,1.0,,Has the right experience,,,State questionnaire,,,,,,,South,,,,Hillary Clinton,Female,,Suburbs,Suburbs,Alabama,Election day exit poll,Before that,Earlier than that,Earlier than that,Earlier than that,Only Sanders did,Only Sanders or Neither of them,Only Sanders or Both of them,,Only Clinton or Both of them,Only Clinton,Only Clinton or Neither of them,Version 1,0.554355263710022,
411816.0,45-65,60+,60-64,45+,50+,60+,50-64,Black 60+,Black 60+,Black 45-64,Hillary Clinton,,,Complete,Call 2,7.0,,Favors the wealthy,Somewhat worried,Worried,Some college/assoc. degree,No college degree,More than High school graduate,Non white no college degree,3.0,,,Both of them,Only Clinton or Both of them,Only Sanders or Both of them,Less than 100k,"$30,000 or more",Less than 50k,Less than 50 thousand,"Under $50,000","$30,000-$49,999","Under $50,000 and non white",,,,Terrorism,Generally continue Barack Obama's policies,Have experience in politics,45+,18-64,Independent/Something else,Black non-Democrat,Black Independent,Independent,All others,Moderate,Moderate or conservative,Moderate,38.0,,Honest and trustworthy,Black,Black,State questionnaire,Black,Non-white,,,,,South,,,,Hillary Clinton,Female,Black women,"Cities 50,000-500,000","Cities over 50,000",Alabama,Election day exit poll,Before that,Earlier than that,Earlier than that,Earlier than that,Both did,Only Clinton or Both of them,Only Sanders or Both of them,,Only Clinton or Both of them,Both of them,Only Sanders or Both of them,Version 1,1.49802899360657,No
409872.0,30-44,30-59,40-44,18-44,18-49,30-44,40-49,Black 30-44,Black 30-44,Black 30-44,Hillary Clinton,,,Complete,Call 2,2.0,,Is fair to most Americans,Very worried,Worried,High school or less,No college degree,High school graduate or less,Non white no college degree,3.0,,,Only Clinton,Only Clinton or Both of them,Only Clinton or Neither of them,Less than 100k,"Under $30,000",Less than 50k,Less than 50 thousand,"Under $50,000","Under $30,000","Under $50,000 and non white",,,,Income inequality,Generally continue Barack Obama's policies,Have experience in politics,18-44,18-64,Democrat,Black Democrat,Black Democrat,Democrat,Non-White Democrats,Somewhat liberal,Liberal,Liberal,67.0,,Cares about people like me,Black,Black,State questionnaire,Black,Non-white,,,,,South,,,,Hillary Clinton,Female,Black women,"Cities 50,000-500,000","Cities over 50,000",Alabama,Election day exit poll,Before that,Earlier than that,Earlier than that,Earlier than that,Both did,Only Clinton or Both of them,Only Sanders or Both of them,,Only Clinton or Both of them,Only Clinton,Only Clinton or Neither of them,Version 1,0.965510427951813,No
416641.0,45-65,30-59,45-49,45+,18-49,45-59,40-49,Black 45-59,Black 45-59,Black 45-64,Hillary Clinton,,,Complete,Call 3,1.0,,Favors the wealthy,Not too worried,Not worried,Some college/assoc. degree,No college degree,More than High school graduate,Non white no college degree,4.0,,,Only Clinton,Only Clinton or Both of them,Only Clinton or Neither of them,Less than 100k,"$30,000 or more",Less than 50k,Less than 50 thousand,"Under $50,000","$30,000-$49,999","Under $50,000 and non white",,,,Health care,Generally continue Barack Obama's policies,Have experience in politics,45+,18-64,Independent/Something else,Black non-Democrat,Black Independent,Independent,All others,Very liberal,Liberal,Liberal,57.0,,Can win in November,Black,Black,State questionnaire,Black,Non-white,,,,,South,,,,Hillary Clinton,Male,Black men,"Cities 50,000-500,000","Cities over 50,000",Alabama,Election day exit poll,In the last few days,Last few days,In the last month,This month,Only Clinton did,Only Clinton or Both of them,Only Clinton or Neither of them,,Only Clinton or Both of them,Only Clinton,Only Clinton or Neither of them,Version 1,0.598402619361877,No
409869.0,45-65,30-59,50-59,45+,50+,45-59,50-64,Non-Black 45-59,Latino 45-59,Latino 45-64,Hillary Clinton,,,Complete,Call 2,3.0,,Favors the wealthy,Very worried,Worried,Some college/assoc. degree,No college degree,More than High school graduate,Non white no college degree,2.0,,,Both of them,Only Clinton or Both of them,Only Sanders or Both of them,Less than 100k,"$30,000 or more",50k or more,50 to 100 thousand,"$50,000-$99,999","$50,000-$99,999","Over $50,000 and non white",,,,Health care,Generally continue Barack Obama's policies,Have experience in politics,45+,18-64,Independent/Something else,Non-black non-Democrat,Latino Independent,Independent,All others,Somewhat liberal,Liberal,Liberal,7.0,,Has the right experience,Other,Hispanic/Latino,State questionnaire,Hispanic/Latino,Non-white,,,,,South,,,,Hillary Clinton,Male,Latino men,Suburbs,Suburbs,Alabama,Election day exit poll,Before that,Earlier than that,Earlier than that,Earlier than that,Neither did,Only Sanders or Neither of them,Only Clinton or Neither of them,,Only Clinton or Both of them,Only Clinton,Only Clinton or Neither of them,Version 1,0.696241497993469,No
417588.0,45-65,30-59,45-49,45+,18-49,45-59,40-49,Black 45-59,Black 45-59,Black 45-64,Hillary Clinton,,,Complete,Call 3,6.0,,Favors the wealthy,Somewhat worried,Worried,Postgraduate study,College graduate,More than High school graduate,Non white college degree,2.0,,,Both of them,Only Clinton or Both of them,Only Sanders or Both of them,100k or more,"$30,000 or more",50k or more,100 thousand or more,"$100,000-$199,999","$100,000-$199,999","Over $50,000 and non white",,,,Health care,Generally continue Barack Obama's policies,Have experience in politics,45+,18-64,Democrat,Black Democrat,Black Democrat,Democrat,Non-White Democrats,Moderate,Moderate or conservative,Moderate,75.0,,Cares about people like me,Black,Black,State questionnaire,Black,Non-white,,,,,South,,,,Hillary Clinton,Female,Black women,Suburbs,Suburbs,Alabama,Election day exit poll,Before that,Earlier than that,Earlier than that,Earlier than that,Both did,Only Clinton or Both of them,Only Sanders or Both of them,,Only Clinton or Both of them,Both of them,Only Sanders or Both of them,Version 1,0.0966842919588089,No
404924.0,45-65,30-59,50-59,45+,50+,45-59,50-64,Non-Black 45-59,White 45-59,White 45-64,Hillary Clinton,,,Complete,Call 1,6.0,,Favors the wealthy,Very worried,Worried,High school or less,No college degree,High school graduate or less,White no college degree,2.0,,,Only Sanders,Only Sanders or Neither of them,Only Sanders or Both of them,Less than 100k,"$30,000 or more",50k or more,50 to 100 thousand,"$50,000-$99,999","$50,000-$99,999","Over $50,000 and white",,,,Income inequality,Generally continue Barack Obama's policies,Be from outside the political establishment,45+,18-64,Republican,Non-black non-Democrat,All Republicans,Republican,White Republican,Conservative,Moderate or conservative,Conservative,75.0,,Cares about people like me,White,White,State questionnaire,White,White,,,,,South,,,,Hillary Clinton,Female,White women,Suburbs,Suburbs,Alabama,Election day exit poll,In the last month,Earlier than that,In the last month,Earlier than that,Neither did,Only Sanders or Neither of them,Only Clinton or Neither of them,,Only Clinton or Both of them,Both of them,Only Sanders or Both of them,Version 1,0.366025865077972,No
404067.0,18-29,18-29,25-29,18-44,18-49,18-29,25-29,Black 18-29,Black 18-29,Black 18-29,Hillary Clinton,,,Complete,Call 1,6.0,,Favors the wealthy,Somewhat worried,Worried,Postgraduate study,College graduate,More than High school graduate,Non white college degree,2.0,,,Only Clinton,Only Clinton or Both of them,Only Clinton or Neither of them,Less than 100k,"Under $30,000",Less than 50k,Less than 50 thousand,"Under $50,000","Under $30,000","Under $50,000 and non white",,,,Economy/Jobs,Generally continue Barack Obama's policies,Have experience in politics,18-44,18-64,Democrat,Black Democrat,Black Democrat,Democrat,Non-White Democrats,Somewhat liberal,Liberal,Liberal,77.0,,Has the right experience,Black,Black,State questionnaire,Black,Non-white,,,,,South,,,,Hillary Clinton,Female,Black women,"Cities 50,000-500,000","Cities over 50,000",Alabama,Election day exit poll,Before that,Earlier than that,Earlier than that,Earlier than that,Neither did,Only Sanders or Neither of them,Only Clinton or Neither of them,,Only Clinton or Both of them,Only Clinton,Only Clinton or Neither of them,Version 1,0.824218571186066,No
417079.0,30-44,30-59,30-39,18-44,18-49,30-44,30-39,Black 30-44,Black 30-44,Black 30-44,Hillary Clinton,,,Complete,Call 3,2.0,,Favors the wealthy,Very worried,Worried,Postgraduate study,College graduate,More than High school graduate,Non white college degree,3.0,,,Only Clinton,Only Clinton or Both of them,Only Clinton or Neither of them,Less than 100k,"$30,000 or more",Less than 50k,Less than 50 thousand,"Under $50,000","$30,000-$49,999","Under $50,000 and non white",,,,Economy/Jobs,Generally continue Barack Obama's policies,Have experience in politics,18-44,18-64,Democrat,Black Democrat,Black Democrat,Democrat,Non-White Democrats,Moderate,Moderate or conservative,Moderate,69.0,,Has the right experience,Black,Black,State questionnaire,Black,Non-white,,,,,South,,,,Hillary Clinton,Male,Black men,Suburbs,Suburbs,Alabama,Election day exit poll,Before that,Earlier than that,Earlier than that,Earlier than that,Neither did,Only Sanders or Neither of them,Only Clinton or Neither of them,,Only Clinton or Both of them,Only Clinton,Only Clinton or Neither of them,Version 1,1.11822891235352,No
416628.0,45-65,60+,60-64,45+,50+,60+,50-64,Black 60+,Black 60+,Black 45-64,Hillary Clinton,,,Complete,Call 3,1.0,,Favors the wealthy,Very worried,Worried,Some college/assoc. degree,No college degree,More than High school graduate,Non white no college degree,4.0,,,Only Clinton,Only Clinton or Both of them,Only Clinton or Neither of them,Less than 100k,"Under $30,000",Less than 50k,Less than 50 thousand,"Under $50,000","Under $30,000","Under $50,000 and non white",,,,Economy/Jobs,Generally continue Barack Obama's policies,Have experience in politics,45+,18-64,Democrat,Black Democrat,Black Democrat,Democrat,Non-White Democrats,Very liberal,Liberal,Liberal,57.0,,Honest and trustworthy,Black,Black,State questionnaire,Black,Non-white,,,,,South,,,,Hillary Clinton,Female,Black women,"Cities 50,000-500,000","Cities over 50,000",Alabama,Election day exit poll,Before that,Earlier than that,Earlier than that,Earlier than that,Only Sanders did,Only Sanders or Neither of them,Only Sanders or Both of them,,Only Clinton or Both of them,Only Clinton,Only Clinton or Neither of them,Version 1,0.68432754278183,No
404060.0,45-65,30-59,50-59,45+,50+,45-59,50-64,Non-Black 45-59,White 45-59,White 45-64,Hillary Clinton,,,Complete,Call 1,1.0,,Favors the wealthy,Somewhat worried,Worried,Some college/assoc. degree,No college degree,More than High school graduate,White no college degree,4.0,,,Both of them,Only Clinton or Both of them,Only Sanders or Both of them,Less than 100k,"$30,000 or more",50k or more,50 to 100 thousand,"$50,000-$99,999","$50,000-$99,999","Over $50,000 and white",,,,Health care,Generally continue Barack Obama's policies,Have experience in politics,45+,18-64,Democrat,Non-black Democrat,White Democrat,Democrat,White Democrat,Somewhat liberal,Liberal,Liberal,1.0,,Has the right experience,White,White,State questionnaire,White,White,,,,,South,,,,Hillary Clinton,Male,White men,Suburbs,Suburbs,Alabama,Election day exit poll,Before that,Earlier than that,Earlier than that,Earlier than that,Both did,Only Clinton or Both of them,Only Sanders or Both of them,,Only Clinton or Both of them,Both of them,Only Sanders or Both of them,Version 1,0.808054983615875,No
417570.0,18-29,18-29,25-29,18-44,18-49,18-29,25-29,Non-Black 18-29,White 18-29,White 18-29,Hillary Clinton,,,Complete,Call 3,7.0,,Favors the wealthy,Somewhat worried,Worried,Postgraduate study,College graduate,More than High school graduate,White college degree,3.0,,,Both of them,Only Clinton or Both of them,Only Sanders or Both of them,100k or more,"$30,000 or more",50k or more,100 thousand or more,"$100,000-$199,999","$100,000-$199,999","Over $50,000 and white",,,,Income inequality,Generally continue Barack Obama's policies,Have experience in politics,18-44,18-64,Democrat,Non-black Democrat,White Democrat,Democrat,White Democrat,Somewhat liberal,Liberal,Liberal,33.0,,Has the right experience,White,White,State questionnaire,White,White,,,,,South,,,,Hillary Clinton,Female,White women,"Cities 50,000-500,000","Cities over 50,000",Alabama,Election day exit poll,Before that,Earlier than that,Earlier than that,Earlier than that,Neither did,Only Sanders or Neither of them,Only Clinton or Neither of them,,Only Clinton or Both of them,Both of them,Only Sanders or Both of them,Version 1,3.96523928642273,No
409835.0,30-44,30-59,30-39,18-44,18-49,30-44,30-39,Black 30-44,Black 30-44,Black 30-44,Hillary Clinton,,,Complete,Call 2,3.0,,Favors the wealthy,Somewhat worried,Worried,Some college/assoc. degree,No college degree,More than High school graduate,Non white no college degree,2.0,,,Both of them,Only Clinton or Both of them,Only Sanders or Both of them,Less than 100k,"$30,000 or more",Less than 50k,Less than 50 thousand,"Under $50,000","$30,000-$49,999","Under $50,000 and non white",,,,Economy/Jobs,Change to more liberal policies,Be from outside the political establishment,18-44,18-64,Independent/Something else,Black non-Democrat,Black Independent,Independent,All others,Very liberal,Liberal,Liberal,7.0,,Honest and trustworthy,Black,Black,State questionnaire,Black,Non-white,,,,,South,,,,Hillary Clinton,Female,Black women,Suburbs,Suburbs,Alabama,Election day exit poll,Before that,Earlier than that,Earlier than that,Earlier than that,Neither did,Only Sanders or Neither of them,Only Clinton or Neither of them,,Only Clinton or Both of them,Both of them,Only Sanders or Both of them,Version 1,0.183909446001053,No
409831.0,45-65,60+,60-64,45+,50+,60+,50-64,Black 60+,Black 60+,Black 45-64,Hillary Clinton,,,Complete,Call 2,2.0,,Favors the wealthy,Very worried,Worried,Postgraduate study,College graduate,More than High school graduate,Non white college degree,3.0,,,Both of them,Only Clinton or Both of them,Only Sanders or Both of them,Less than 100k,"$30,000 or more",50k or more,50 to 100 thousand,"$50,000-$99,999","$50,000-$99,999","Over $50,000 and non white",,,,Income inequality,Generally continue Barack Obama's policies,Have experience in politics,45+,18-64,Democrat,Black Democrat,Black Democrat,Democrat,Non-White Democrats,Moderate,Moderate or conservative,Moderate,69.0,,Cares about people like me,Black,Black,State questionnaire,Black,Non-white,,,,,South,,,,Hillary Clinton,Female,Black women,Suburbs,Suburbs,Alabama,Election day exit poll,Before that,Earlier than that,Earlier than that,Earlier than that,Neither did,Only Sanders or Neither of them,Only Clinton or Neither of them,,Only Clinton or Both of them,Both of them,Only Sanders or Both of them,Version 1,1.33968186378479,No
404027.0,45-65,30-59,45-49,45+,18-49,45-59,40-49,Non-Black 45-59,White 45-59,White 45-64,Hillary Clinton,,,Not complete,Call 1,1.0,,Favors the wealthy,,,,,,,4.0,,,,,,,,,,,,,,,,,Change to less liberal policies,Have experience in politics,45+,18-64,,,,,,,,,59.0,,,White,White,State questionnaire,White,White,,,,,South,,,,Hillary Clinton,Male,White men,"Cities 50,000-500,000","Cities over 50,000",Alabama,Election day exit poll,Before that,Earlier than that,Earlier than that,Earlier than that,,,,,,,,Version 1,1.23266065120697,
410500.0,45-65,30-59,50-59,45+,50+,45-59,50-64,Black 45-59,Black 45-59,Black 45-64,Hillary Clinton,,,Complete,Call 2,1.0,,Favors the wealthy,Somewhat worried,Worried,High school or less,No college degree,High school graduate or less,Non white no college degree,4.0,,,Only Clinton,Only Clinton or Both of them,Only Clinton or Neither of them,Less than 100k,"$30,000 or more",Less than 50k,Less than 50 thousand,"Under $50,000","$30,000-$49,999","Under $50,000 and non white",,,,Health care,Change to more liberal policies,Have experience in politics,45+,18-64,Democrat,Black Democrat,Black Democrat,Democrat,Non-White Democrats,Somewhat liberal,Liberal,Liberal,1.0,,Honest and trustworthy,Black,Black,State questionnaire,Black,Non-white,,,,,South,,,,Hillary Clinton,Male,Black men,Suburbs,Suburbs,Alabama,Election day exit poll,In the last month,Earlier than that,In the last month,Earlier than that,Both did,Only Clinton or Both of them,Only Sanders or Both of them,,Only Clinton or Both of them,Only Clinton,Only Clinton or Neither of them,Version 1,0.217190697789192,No
404001.0,65+,60+,65 or over,45+,50+,60+,65+,Black 60+,Black 60+,Black 65+,Hillary Clinton,,,Complete,Call 1,6.0,,Favors the wealthy,Very worried,Worried,Postgraduate study,College graduate,More than High school graduate,Non white college degree,2.0,,,Both of them,Only Clinton or Both of them,Only Sanders or Both of them,Less than 100k,"$30,000 or more",50k or more,50 to 100 thousand,"$50,000-$99,999","$50,000-$99,999","Over $50,000 and non white",,,,Economy/Jobs,Generally continue Barack Obama's policies,Have experience in politics,45+,65+,Democrat,Black Democrat,Black Democrat,Democrat,Non-White Democrats,Moderate,Moderate or conservative,Moderate,77.0,,Has the right experience,Black,Black,State questionnaire,Black,Non-white,,,,,South,,,,Hillary Clinton,Female,Black women,"Cities 50,000-500,000","Cities over 50,000",Alabama,Election day exit poll,Before that,Earlier than that,Earlier than that,Earlier than that,Neither did,Only Sanders or Neither of them,Only Clinton or Neither of them,,Only Clinton or Both of them,Both of them,Only Sanders or Both of them,Version 1,0.987446069717407,No
403997.0,45-65,30-59,45-49,45+,18-49,45-59,40-49,Black 45-59,Black 45-59,Black 45-64,Hillary Clinton,,,Not complete,Call 1,1.0,,Favors the wealthy,,,,,,,4.0,,,,,,,,,,,,,,,,,Generally continue Barack Obama's policies,Have experience in politics,45+,18-64,,,,,,,,,1.0,,,Black,Black,State questionnaire,Black,Non-white,,,,,South,,,,Hillary Clinton,Female,Black women,Suburbs,Suburbs,Alabama,Election day exit poll,Before that,Earlier than that,Earlier than that,Earlier than that,,,,,,,,Version 1,0.217190697789192,
404840.0,45-65,30-59,45-49,45+,18-49,45-59,40-49,Non-Black 45-59,White 45-59,White 45-64,Hillary Clinton,,,Complete,Call 1,6.0,,Favors the wealthy,Somewhat worried,Worried,Postgraduate study,College graduate,More than High school graduate,White college degree,3.0,,,Both of them,Only Clinton or Both of them,Only Sanders or Both of them,100k or more,"$30,000 or more",50k or more,100 thousand or more,"$100,000-$199,999","$100,000-$199,999","Over $50,000 and white",,,,Income inequality,Generally continue Barack Obama's policies,Have experience in politics,45+,18-64,Democrat,Non-black Democrat,White Democrat,Democrat,White Democrat,Very liberal,Liberal,Liberal,26.0,,Has the right experience,White,White,State questionnaire,White,White,,,,,South,,,,Hillary Clinton,Female,White women,"Cities 50,000-500,000","Cities over 50,000",Alabama,Election day exit poll,In the last few days,Last few days,In the last month,This month,Neither did,Only Sanders or Neither of them,Only Clinton or Neither of them,,Only Clinton or Both of them,Both of them,Only Sanders or Both of them,Version 1,1.53397881984711,No
403981.0,45-65,30-59,50-59,45+,50+,45-59,50-64,Non-Black 45-59,White 45-59,White 45-64,Hillary Clinton,,,Complete,Call 1,1.0,,Favors the wealthy,Very worried,Worried,College graduate,College graduate,More than High school graduate,White college degree,4.0,,,Only Clinton,Only Clinton or Both of them,Only Clinton or Neither of them,Less than 100k,"$30,000 or more",50k or more,50 to 100 thousand,"$50,000-$99,999","$50,000-$99,999","Over $50,000 and white",,,,Health care,Generally continue Barack Obama's policies,Have experience in politics,45+,18-64,Democrat,Non-black Democrat,White Democrat,Democrat,White Democrat,Very liberal,Liberal,Liberal,60.0,,Cares about people like me,White,White,State questionnaire,White,White,,,,,South,,,,Hillary Clinton,Female,White women,Suburbs,Suburbs,Alabama,Election day exit poll,Before that,Earlier than that,Earlier than that,Earlier than that,Only Clinton did,Only Clinton or Both of them,Only Clinton or Neither of them,,Only Clinton or Both of them,Only Clinton,Only Clinton or Neither of them,Version 1,0.972134470939636,No
409759.0,18-29,18-29,18-24,18-44,18-49,18-29,18-24,Non-Black 18-29,White 18-29,White 18-29,Hillary Clinton,,,Complete,Call 2,3.0,,Favors the wealthy,Not too worried,Not worried,Some college/assoc. degree,No college degree,More than High school graduate,White no college degree,2.0,,,Both of them,Only Clinton or Both of them,Only Sanders or Both of them,Less than 100k,"$30,000 or more",50k or more,50 to 100 thousand,"$50,000-$99,999","$50,000-$99,999","Over $50,000 and white",,,,Income inequality,Generally continue Barack Obama's policies,Have experience in politics,18-44,18-64,Democrat,Non-black Democrat,White Democrat,Democrat,White Democrat,Very liberal,Liberal,Liberal,7.0,,Has the right experience,White,White,State questionnaire,White,White,,,,,South,,,,Hillary Clinton,Male,White men,Suburbs,Suburbs,Alabama,Election day exit poll,Before that,Earlier than that,Earlier than that,Earlier than that,Neither did,Only Sanders or Neither of them,Only Clinton or Neither of them,,Only Clinton or Both of them,Both of them,Only Sanders or Both of them,Version 1,0.696241497993469,No
409753.0,65+,60+,65 or over,45+,50+,60+,65+,Non-Black 60+,White 60+,White 65+,Hillary Clinton,,,Complete,Call 2,3.0,,Favors the wealthy,Very worried,Worried,High school or less,No college degree,High school graduate or less,White no college degree,2.0,,,Neither of them,Only Sanders or Neither of them,Only Clinton or Neither of them,Less than 100k,"Under $30,000",Less than 50k,Less than 50 thousand,"Under $50,000","Under $30,000","Under $50,000 and white",,,,Economy/Jobs,Change to less liberal policies,Have experience in politics,45+,65+,Democrat,Non-black Democrat,White Democrat,Democrat,White Democrat,Moderate,Moderate or conservative,Moderate,9.0,,Can win in November,White,White,State questionnaire,White,White,,,,,South,,,,Hillary Clinton,Male,White men,"Cities 10,000-50,000",Small Cities/Rural,Alabama,Election day exit poll,Just today,Last few days,In the last month,This month,Neither did,Only Sanders or Neither of them,Only Clinton or Neither of them,,Only Clinton or Both of them,Only Clinton,Only Clinton or Neither of them,Version 1,2.58751368522644,Yes
409735.0,45-65,30-59,45-49,45+,18-49,45-59,40-49,Black 45-59,Black 45-59,Black 45-64,Hillary Clinton,,,Complete,Call 2,2.0,,Favors the wealthy,Somewhat worried,Worried,College graduate,College graduate,More than High school graduate,Non white college degree,3.0,,,Both of them,Only Clinton or Both of them,Only Sanders or Both of them,Less than 100k,"$30,000 or more",Less than 50k,Less than 50 thousand,"Under $50,000","$30,000-$49,999","Under $50,000 and non white",,,,Terrorism,Generally continue Barack Obama's policies,Have experience in politics,45+,18-64,Democrat,Black Democrat,Black Democrat,Democrat,Non-White Democrats,Moderate,Moderate or conservative,Moderate,67.0,,Cares about people like me,Black,Black,State questionnaire,Black,Non-white,,,,,South,,,,Hillary Clinton,Female,Black women,"Cities 50,000-500,000","Cities over 50,000",Alabama,Election day exit poll,Sometime last week,Earlier than that,In the last month,This month,Neither did,Only Sanders or Neither of them,Only Clinton or Neither of them,,Only Clinton or Both of them,Both of them,Only Sanders or Both of them,Version 1,0.965510427951813,No
417908.0,30-44,30-59,30-39,18-44,18-49,30-44,30-39,Black 30-44,Black 30-44,Black 30-44,Hillary Clinton,,,Complete,Call 3,1.0,,Is fair to most Americans,Very worried,Worried,College graduate,College graduate,More than High school graduate,Non white college degree,4.0,,,Both of them,Only Clinton or Both of them,Only Sanders or Both of them,Less than 100k,"$30,000 or more",Less than 50k,Less than 50 thousand,"Under $50,000","$30,000-$49,999","Under $50,000 and non white",,,,Income inequality,Generally continue Barack Obama's policies,Have experience in politics,18-44,18-64,Democrat,Black Democrat,Black Democrat,Democrat,Non-White Democrats,Moderate,Moderate or conservative,Moderate,62.0,,Cares about people like me,Black,Black,State questionnaire,Black,Non-white,,,,,South,,,,Hillary Clinton,Female,Black women,Suburbs,Suburbs,Alabama,Election day exit poll,Before that,Earlier than that,Earlier than that,Earlier than that,Neither did,Only Sanders or Neither of them,Only Clinton or Neither of them,,Only Clinton or Both of them,Both of them,Only Sanders or Both of them,Version 1,0.424087733030319,No
403940.0,65+,60+,65 or over,45+,50+,60+,65+,Black 60+,Black 60+,Black 65+,Hillary Clinton,,,Complete,Call 1,1.0,,Omit,Somewhat worried,Worried,High school or less,No college degree,High school graduate or less,Non white no college degree,4.0,,,Only Clinton,Only Clinton or Both of them,Only Clinton or Neither of them,,,,,,,,,,,Health care,Generally continue Barack Obama's policies,Have experience in politics,45+,65+,Democrat,Black Democrat,Black Democrat,Democrat,Non-White Democrats,Somewhat liberal,Liberal,Liberal,60.0,,Omit,Black,Black,State questionnaire,Black,Non-white,,,,,South,,,,Hillary Clinton,Female,Black women,Suburbs,Suburbs,Alabama,Election day exit poll,Sometime last week,Earlier than that,In the last month,This month,Only Clinton did,Only Clinton or Both of them,Only Clinton or Neither of them,,Only Clinton or Both of them,Only Clinton,Only Clinton or Neither of them,Version 1,0.298811376094818,No
417899.0,45-65,30-59,50-59,45+,50+,45-59,50-64,Black 45-59,Black 45-59,Black 45-64,Hillary Clinton,,,Complete,Call 3,6.0,,Favors the wealthy,Not at all worried,Not worried,Some college/assoc. degree,No college degree,More than High school graduate,Non white no college degree,2.0,,,Both of them,Only Clinton or Both of them,Only Sanders or Both of them,Less than 100k,"$30,000 or more",50k or more,50 to 100 thousand,"$50,000-$99,999","$50,000-$99,999","Over $50,000 and non white",,,,Economy/Jobs,Generally continue Barack Obama's policies,Have experience in politics,45+,18-64,Democrat,Black Democrat,Black Democrat,Democrat,Non-White Democrats,Moderate,Moderate or conservative,Moderate,75.0,,Honest and trustworthy,Black,Black,State questionnaire,Black,Non-white,,,,,South,,,,Hillary Clinton,Male,Black men,Suburbs,Suburbs,Alabama,Election day exit poll,Just today,Last few days,In the last month,This month,Neither did,Only Sanders or Neither of them,Only Clinton or Neither of them,,Only Clinton or Both of them,Both of them,Only Sanders or Both of them,Version 1,0.0966842919588089,No
403930.0,45-65,30-59,45-49,45+,18-49,45-59,40-49,Black 45-59,Black 45-59,Black 45-64,Hillary Clinton,,,Complete,Call 1,6.0,,Favors the wealthy,Very worried,Worried,College graduate,College graduate,More than High school graduate,Non white college degree,2.0,,,Both of them,Only Clinton or Both of them,Only Sanders or Both of them,100k or more,"$30,000 or more",50k or more,100 thousand or more,"$200,000 or more","$200,000 or more","Over $50,000 and non white",,,,Terrorism,Change to more liberal policies,Have experience in politics,45+,18-64,Democrat,Black Democrat,Black Democrat,Democrat,Non-White Democrats,Moderate,Moderate or conservative,Moderate,77.0,,Can win in November,Black,Black,State questionnaire,Black,Non-white,,,,,South,,,,Hillary Clinton,Female,Black women,"Cities 50,000-500,000","Cities over 50,000",Alabama,Election day exit poll,In the last few days,Last few days,In the last month,This month,Both did,Only Clinton or Both of them,Only Sanders or Both of them,,Only Clinton or Both of them,Both of them,Only Sanders or Both of them,Version 1,0.824218571186066,No
409713.0,,,,,,,,,,,Hillary Clinton,,,Complete,Call 2,3.0,,Favors the wealthy,Very worried,Worried,,,,,2.0,,,Only Clinton,Only Clinton or Both of them,Only Clinton or Neither of them,,,,,,,,,,,Income inequality,Generally continue Barack Obama's policies,Have experience in politics,,,Democrat,Black Democrat,Black Democrat,Democrat,Non-White Democrats,Moderate,Moderate or conservative,Moderate,73.0,,Honest and trustworthy,Black,Black,State questionnaire,Black,Non-white,,,,,South,,,,Hillary Clinton,Female,Black women,Suburbs,Suburbs,Alabama,Election day exit poll,Before that,Earlier than that,Earlier than that,Earlier than that,Neither did,Only Sanders or Neither of them,Only Clinton or Neither of them,,Only Clinton or Both of them,Only Clinton,Only Clinton or Neither of them,Version 1,0.578375518321991,
417432.0,45-65,60+,60-64,45+,50+,60+,50-64,Non-Black 60+,White 60+,White 45-64,Hillary Clinton,,,Complete,Call 3,6.0,,Is fair to most Americans,Very worried,Worried,High school or less,No college degree,High school graduate or less,White no college degree,2.0,,,Neither of them,Only Sanders or Neither of them,Only Clinton or Neither of them,,,,,,,,,,,Terrorism,Change to less liberal policies,Have experience in politics,45+,18-64,Democrat,Non-black Democrat,White Democrat,Democrat,White Democrat,Moderate,Moderate or conservative,Moderate,5.0,,Has the right experience,White,White,State questionnaire,White,White,,,,,South,,,,Hillary Clinton,Female,White women,Suburbs,Suburbs,Alabama,Election day exit poll,Before that,Earlier than that,Earlier than that,Earlier than that,Both did,Only Clinton or Both of them,Only Sanders or Both of them,,Only Clinton or Both of them,Only Clinton,Only Clinton or Neither of them,Version 1,0.345001816749573,
403900.0,30-44,30-59,40-44,18-44,18-49,30-44,40-49,Non-Black 30-44,White 30-44,White 30-44,Hillary Clinton,,,Complete,Call 1,1.0,,Is fair to most Americans,Not at all worried,Not worried,College graduate,College graduate,More than High school graduate,White college degree,4.0,,,Both of them,Only Clinton or Both of them,Only Sanders or Both of them,Less than 100k,"$30,000 or more",50k or more,50 to 100 thousand,"$50,000-$99,999","$50,000-$99,999","Over $50,000 and white",,,,Health care,Change to more liberal policies,Have experience in politics,18-44,18-64,Independent/Something else,Non-black non-Democrat,White Independent,Independent,White Independent,Moderate,Moderate or conservative,Moderate,60.0,,Cares about people like me,White,White,State questionnaire,White,White,,,,,South,,,,Hillary Clinton,Male,White men,Suburbs,Suburbs,Alabama,Election day exit poll,Just today,Last few days,In the last month,This month,Only Clinton did,Only Clinton or Both of them,Only Clinton or Neither of them,,Only Clinton or Both of them,Only Clinton,Only Clinton or Neither of them,Version 1,0.972134470939636,No
416472.0,30-44,30-59,30-39,18-44,18-49,30-44,30-39,Black 30-44,Black 30-44,Black 30-44,Hillary Clinton,,,Complete,Call 3,2.0,,Is fair to most Americans,Somewhat worried,Worried,College graduate,College graduate,More than High school graduate,Non white college degree,3.0,,,Both of them,Only Clinton or Both of them,Only Sanders or Both of them,Less than 100k,"$30,000 or more",Less than 50k,Less than 50 thousand,"Under $50,000","$30,000-$49,999","Under $50,000 and non white",,,,Income inequality,Generally continue Barack Obama's policies,Have experience in politics,18-44,18-64,Democrat,Black Democrat,Black Democrat,Democrat,Non-White Democrats,Very liberal,Liberal,Liberal,67.0,,Honest and trustworthy,Black,Black,State questionnaire,Black,Non-white,,,,,South,,,,Hillary Clinton,Female,Black women,"Cities 50,000-500,000","Cities over 50,000",Alabama,Election day exit poll,Before that,Earlier than that,Earlier than that,Earlier than that,Neither did,Only Sanders or Neither of them,Only Clinton or Neither of them,,Only Clinton or Both of them,Both of them,Only Sanders or Both of them,Version 1,0.965510427951813,No
417857.0,30-44,30-59,40-44,18-44,18-49,30-44,40-49,Black 30-44,Black 30-44,Black 30-44,Hillary Clinton,,,Complete,Call 3,6.0,,Favors the wealthy,Somewhat worried,Worried,College graduate,College graduate,More than High school graduate,Non white college degree,2.0,,,Only Clinton,Only Clinton or Both of them,Only Clinton or Neither of them,Less than 100k,"$30,000 or more",50k or more,50 to 100 thousand,"$50,000-$99,999","$50,000-$99,999","Over $50,000 and non white",,,,Economy/Jobs,Generally continue Barack Obama's policies,Have experience in politics,18-44,18-64,Democrat,Black Democrat,Black Democrat,Democrat,Non-White Democrats,Moderate,Moderate or conservative,Moderate,75.0,,Cares about people like me,Black,Black,State questionnaire,Black,Non-white,,,,,South,,,,Hillary Clinton,Female,Black women,Suburbs,Suburbs,Alabama,Election day exit poll,Before that,Earlier than that,Earlier than that,Earlier than that,Neither did,Only Sanders or Neither of them,Only Clinton or Neither of them,,Only Clinton or Both of them,Only Clinton,Only Clinton or Neither of them,Version 1,0.0966842919588089,No
410358.0,30-44,30-59,30-39,18-44,18-49,30-44,30-39,Black 30-44,Black 30-44,Black 30-44,Hillary Clinton,,,Complete,Call 2,7.0,,Favors the wealthy,Very worried,Worried,Some college/assoc. degree,No college degree,More than High school graduate,Non white no college degree,3.0,,,Only Clinton,Only Clinton or Both of them,Only Clinton or Neither of them,Less than 100k,"Under $30,000",Less than 50k,Less than 50 thousand,"Under $50,000","Under $30,000","Under $50,000 and non white",,,,Health care,Generally continue Barack Obama's policies,Have experience in politics,18-44,18-64,Democrat,Black Democrat,Black Democrat,Democrat,Non-White Democrats,Very liberal,Liberal,Liberal,17.0,,Can win in November,Black,Black,State questionnaire,Black,Non-white,,,,,South,,,,Hillary Clinton,Female,Black women,Rural,Small Cities/Rural,Alabama,Election day exit poll,Before that,Earlier than that,Earlier than that,Earlier than that,Neither did,Only Sanders or Neither of them,Only Clinton or Neither of them,,Only Clinton or Both of them,Only Clinton,Only Clinton or Neither of them,Version 1,1.16565835475922,No
404737.0,30-44,30-59,40-44,18-44,18-49,30-44,40-49,Black 30-44,Black 30-44,Black 30-44,Hillary Clinton,,,Complete,Call 1,6.0,,Favors the wealthy,Somewhat worried,Worried,College graduate,College graduate,More than High school graduate,Non white college degree,3.0,,,Both of them,Only Clinton or Both of them,Only Sanders or Both of them,Less than 100k,"$30,000 or more",50k or more,50 to 100 thousand,"$50,000-$99,999","$50,000-$99,999","Over $50,000 and non white",,,,Economy/Jobs,Generally continue Barack Obama's policies,Have experience in politics,18-44,18-64,Independent/Something else,Black non-Democrat,Black Independent,Independent,All others,Moderate,Moderate or conservative,Moderate,26.0,,Has the right experience,Black,Black,State questionnaire,Black,Non-white,,,,,South,,,,Hillary Clinton,Male,Black men,"Cities 50,000-500,000","Cities over 50,000",Alabama,Election day exit poll,Before that,Earlier than that,Earlier than that,Earlier than that,Neither did,Only Sanders or Neither of them,Only Clinton or Neither of them,,Only Clinton or Both of them,Both of them,Only Sanders or Both of them,Version 1,0.892225444316864,No
417391.0,45-65,30-59,45-49,45+,18-49,45-59,40-49,Non-Black 45-59,White 45-59,White 45-64,Hillary Clinton,,,Complete,Call 3,5.0,,Favors the wealthy,Very worried,Worried,Postgraduate study,College graduate,More than High school graduate,White college degree,1.0,,,Neither of them,Only Sanders or Neither of them,Only Clinton or Neither of them,100k or more,"$30,000 or more",50k or more,100 thousand or more,"$100,000-$199,999","$100,000-$199,999","Over $50,000 and white",,,,Terrorism,Change to less liberal policies,Be from outside the political establishment,45+,18-64,Democrat,Non-black Democrat,White Democrat,Democrat,White Democrat,Moderate,Moderate or conservative,Moderate,49.0,,Has the right experience,White,White,State questionnaire,White,White,,,,,South,,,,Hillary Clinton,Female,White women,"Cities 50,000-500,000","Cities over 50,000",Alabama,Election day exit poll,Just today,Last few days,In the last month,This month,Both did,Only Clinton or Both of them,Only Sanders or Both of them,,Only Sanders or Neither of them,Neither of them,Only Clinton or Neither of them,Version 1,1.01136934757233,No
404734.0,45-65,30-59,50-59,45+,50+,45-59,50-64,Black 45-59,Black 45-59,Black 45-64,Hillary Clinton,,,Complete,Call 1,1.0,,Favors the wealthy,Somewhat worried,Worried,Some college/assoc. degree,No college degree,More than High school graduate,Non white no college degree,4.0,,,Both of them,Only Clinton or Both of them,Only Sanders or Both of them,100k or more,"$30,000 or more",50k or more,100 thousand or more,"$100,000-$199,999","$100,000-$199,999","Over $50,000 and non white",,,,Terrorism,Generally continue Barack Obama's policies,Have experience in politics,45+,18-64,Democrat,Black Democrat,Black Democrat,Democrat,Non-White Democrats,Moderate,Moderate or conservative,Moderate,62.0,,Cares about people like me,Black,Black,State questionnaire,Black,Non-white,,,,,South,,,,Hillary Clinton,Female,Black women,Suburbs,Suburbs,Alabama,Election day exit poll,Before that,Earlier than that,Earlier than that,Earlier than that,Neither did,Only Sanders or Neither of them,Only Clinton or Neither of them,,Only Clinton or Both of them,Both of them,Only Sanders or Both of them,Version 1,0.424087733030319,No
403865.0,45-65,60+,60-64,45+,50+,60+,50-64,Black 60+,Black 60+,Black 45-64,Hillary Clinton,,,Complete,Call 1,5.0,,Favors the wealthy,Somewhat worried,Worried,Some college/assoc. degree,No college degree,More than High school graduate,Non white no college degree,1.0,,,Both of them,Only Clinton or Both of them,Only Sanders or Both of them,Less than 100k,"$30,000 or more",50k or more,50 to 100 thousand,"$50,000-$99,999","$50,000-$99,999","Over $50,000 and non white",,,,Health care,Generally continue Barack Obama's policies,Have experience in politics,45+,18-64,Democrat,Black Democrat,Black Democrat,Democrat,Non-White Democrats,Somewhat liberal,Liberal,Liberal,46.0,,Can win in November,Black,Black,State questionnaire,Black,Non-white,,,,,South,,,,Hillary Clinton,Male,Black men,"Cities 50,000-500,000","Cities over 50,000",Alabama,Election day exit poll,Before that,Earlier than that,Earlier than that,Earlier than that,Both did,Only Clinton or Both of them,Only Sanders or Both of them,,Only Clinton or Both of them,Only Clinton,Only Clinton or Neither of them,Version 1,0.515124320983887,No
403857.0,30-44,30-59,30-39,18-44,18-49,30-44,30-39,Black 30-44,Black 30-44,Black 30-44,Hillary Clinton,,,Complete,Call 1,1.0,,Is fair to most Americans,Not too worried,Not worried,College graduate,College graduate,More than High school graduate,Non white college degree,4.0,,,Only Clinton,Only Clinton or Both of them,Only Clinton or Neither of them,Less than 100k,"$30,000 or more",Less than 50k,Less than 50 thousand,"Under $50,000","$30,000-$49,999","Under $50,000 and non white",,,,Health care,Generally continue Barack Obama's policies,Have experience in politics,18-44,18-64,Democrat,Black Democrat,Black Democrat,Democrat,Non-White Democrats,Moderate,Moderate or conservative,Moderate,1.0,,Has the right experience,Black,Black,State questionnaire,Black,Non-white,,,,,South,,,,Hillary Clinton,Female,Black women,Suburbs,Suburbs,Alabama,Election day exit poll,Before that,Earlier than that,Earlier than that,Earlier than that,Neither did,Only Sanders or Neither of them,Only Clinton or Neither of them,,Only Clinton or Both of them,Only Clinton,Only Clinton or Neither of them,Version 1,0.217190697789192,No
409644.0,18-29,18-29,25-29,18-44,18-49,18-29,25-29,Black 18-29,Black 18-29,Black 18-29,Hillary Clinton,,,Complete,Call 2,2.0,,Is fair to most Americans,Very worried,Worried,College graduate,College graduate,More than High school graduate,Non white college degree,3.0,,,Only Clinton,Only Clinton or Both of them,Only Clinton or Neither of them,Less than 100k,"Under $30,000",Less than 50k,Less than 50 thousand,"Under $50,000","Under $30,000","Under $50,000 and non white",,,,Terrorism,Change to more liberal policies,Have experience in politics,18-44,18-64,Democrat,Black Democrat,Black Democrat,Democrat,Non-White Democrats,Somewhat liberal,Liberal,Liberal,67.0,,Cares about people like me,Black,Black,State questionnaire,Black,Non-white,,,,,South,,,,Hillary Clinton,Female,Black women,"Cities 50,000-500,000","Cities over 50,000",Alabama,Election day exit poll,Before that,Earlier than that,Earlier than that,Earlier than that,Neither did,Only Sanders or Neither of them,Only Clinton or Neither of them,,Only Clinton or Both of them,Only Clinton,Only Clinton or Neither of them,Version 1,1.04194259643555,No
416421.0,30-44,30-59,30-39,18-44,18-49,30-44,30-39,Black 30-44,Black 30-44,Black 30-44,Hillary Clinton,,,Complete,Call 3,7.0,,Favors the wealthy,Not at all worried,Not worried,College graduate,College graduate,More than High school graduate,Non white college degree,3.0,,,Only Clinton,Only Clinton or Both of them,Only Clinton or Neither of them,Less than 100k,"Under $30,000",Less than 50k,Less than 50 thousand,"Under $50,000","Under $30,000","Under $50,000 and non white",,,,Economy/Jobs,Change to more liberal policies,Have experience in politics,18-44,18-64,Democrat,Black Democrat,Black Democrat,Democrat,Non-White Democrats,Moderate,Moderate or conservative,Moderate,17.0,,Cares about people like me,Black,Black,State questionnaire,Black,Non-white,,,,,South,,,,Hillary Clinton,Female,Black women,Rural,Small Cities/Rural,Alabama,Election day exit poll,Before that,Earlier than that,Earlier than that,Earlier than that,Neither did,Only Sanders or Neither of them,Only Clinton or Neither of them,,Only Clinton or Both of them,Only Clinton,Only Clinton or Neither of them,Version 1,1.16565835475922,No
403837.0,65+,60+,65 or over,45+,50+,60+,65+,Black 60+,Black 60+,Black 65+,Hillary Clinton,,,Complete,Call 1,2.0,,Favors the wealthy,Somewhat worried,Worried,Some college/assoc. degree,No college degree,More than High school graduate,Non white no college degree,3.0,,,Only Sanders,Only Sanders or Neither of them,Only Sanders or Both of them,Less than 100k,"Under $30,000",Less than 50k,Less than 50 thousand,"Under $50,000","Under $30,000","Under $50,000 and non white",,,,Health care,Generally continue Barack Obama's policies,Have experience in politics,45+,65+,Democrat,Black Democrat,Black Democrat,Democrat,Non-White Democrats,Moderate,Moderate or conservative,Moderate,69.0,,Can win in November,Black,Black,State questionnaire,Black,Non-white,,,,,South,,,,Hillary Clinton,Male,Black men,Suburbs,Suburbs,Alabama,Election day exit poll,Just today,Last few days,In the last month,This month,Neither did,Only Sanders or Neither of them,Only Clinton or Neither of them,,Only Clinton or Both of them,Only Clinton,Only Clinton or Neither of them,Version 1,1.47731459140778,No
403823.0,18-29,18-29,25-29,18-44,18-49,18-29,25-29,Black 18-29,Black 18-29,Black 18-29,Hillary Clinton,,,Complete,Call 1,1.0,,Favors the wealthy,Somewhat worried,Worried,Some college/assoc. degree,No college degree,More than High school graduate,Non white no college degree,4.0,,,Both of them,Only Clinton or Both of them,Only Sanders or Both of them,Less than 100k,"Under $30,000",Less than 50k,Less than 50 thousand,"Under $50,000","Under $30,000","Under $50,000 and non white",,,,Economy/Jobs,Generally continue Barack Obama's policies,Have experience in politics,18-44,18-64,Democrat,Black Democrat,Black Democrat,Democrat,Non-White Democrats,Moderate,Moderate or conservative,Moderate,59.0,,Has the right experience,Black,Black,State questionnaire,Black,Non-white,,,,,South,,,,Hillary Clinton,Female,Black women,"Cities 50,000-500,000","Cities over 50,000",Alabama,Election day exit poll,In the last month,Earlier than that,In the last month,Earlier than that,Both did,Only Clinton or Both of them,Only Sanders or Both of them,,Only Clinton or Both of them,Both of them,Only Sanders or Both of them,Version 1,0.331317067146301,No
417335.0,45-65,30-59,45-49,45+,18-49,45-59,40-49,Black 45-59,Black 45-59,Black 45-64,Hillary Clinton,,,Complete,Call 3,1.0,,Is fair to most Americans,Very worried,Worried,Some college/assoc. degree,No college degree,More than High school graduate,Non white no college degree,4.0,,,Both of them,Only Clinton or Both of them,Only Sanders or Both of them,Less than 100k,"$30,000 or more",Less than 50k,Less than 50 thousand,"Under $50,000","$30,000-$49,999","Under $50,000 and non white",,,,Economy/Jobs,Change to more liberal policies,Have experience in politics,45+,18-64,Democrat,Black Democrat,Black Democrat,Democrat,Non-White Democrats,Somewhat liberal,Liberal,Liberal,58.0,,Honest and trustworthy,Black,Black,State questionnaire,Black,Non-white,,,,,South,,,,Hillary Clinton,Female,Black women,"Cities 50,000-500,000","Cities over 50,000",Alabama,Election day exit poll,Sometime last week,Earlier than that,In the last month,This month,Both did,Only Clinton or Both of them,Only Sanders or Both of them,,Only Clinton or Both of them,Both of them,Only Sanders or Both of them,Version 1,0.241849914193153,No
403811.0,18-29,18-29,25-29,18-44,18-49,18-29,25-29,Black 18-29,Black 18-29,Black 18-29,Hillary Clinton,,,Complete,Call 1,1.0,,Is fair to most Americans,Somewhat worried,Worried,Some college/assoc. degree,No college degree,More than High school graduate,Non white no college degree,4.0,,,Only Clinton,Only Clinton or Both of them,Only Clinton or Neither of them,Less than 100k,"Under $30,000",Less than 50k,Less than 50 thousand,"Under $50,000","Under $30,000","Under $50,000 and non white",,,,Economy/Jobs,Generally continue Barack Obama's policies,Be from outside the political establishment,18-44,18-64,Democrat,Black Democrat,Black Democrat,Democrat,Non-White Democrats,Very liberal,Liberal,Liberal,60.0,,Cares about people like me,Black,Black,State questionnaire,Black,Non-white,,,,,South,,,,Hillary Clinton,Female,Black women,Suburbs,Suburbs,Alabama,Election day exit poll,Just today,Last few days,In the last month,This month,Neither did,Only Sanders or Neither of them,Only Clinton or Neither of them,,Only Clinton or Both of them,Only Clinton,Only Clinton or Neither of them,Version 1,0.261292308568954,No
405735.0,65+,60+,65 or over,45+,50+,60+,65+,Black 60+,Black 60+,Black 65+,Hillary Clinton,,,Complete,Call 1,1.0,,Favors the wealthy,Very worried,Worried,High school or less,No college degree,High school graduate or less,Non white no college degree,4.0,,,Omit,Omit,Omit,Less than 100k,"$30,000 or more",Less than 50k,Less than 50 thousand,"Under $50,000","$30,000-$49,999","Under $50,000 and non white",,,,Economy/Jobs,Generally continue Barack Obama's policies,Have experience in politics,45+,65+,Democrat,Black Democrat,Black Democrat,Democrat,Non-White Democrats,Moderate,Moderate or conservative,Moderate,62.0,,Has the right experience,Black,Black,State questionnaire,Black,Non-white,,,,,South,,,,Hillary Clinton,Female,Black women,Suburbs,Suburbs,Alabama,Election day exit poll,In the last few days,Last few days,In the last month,This month,Omit,Omit,Omit,,Only Sanders or Neither of them,Neither of them,Only Clinton or Neither of them,Version 1,0.484982669353485,No
403803.0,30-44,30-59,30-39,18-44,18-49,30-44,30-39,Black 30-44,Black 30-44,Black 30-44,Hillary Clinton,,,Complete,Call 1,1.0,,Is fair to most Americans,Not too worried,Not worried,College graduate,College graduate,More than High school graduate,Non white college degree,4.0,,,Only Clinton,Only Clinton or Both of them,Only Clinton or Neither of them,Less than 100k,"$30,000 or more",Less than 50k,Less than 50 thousand,"Under $50,000","$30,000-$49,999","Under $50,000 and non white",,,,Terrorism,Generally continue Barack Obama's policies,Have experience in politics,18-44,18-64,Democrat,Black Democrat,Black Democrat,Democrat,Non-White Democrats,Very liberal,Liberal,Liberal,58.0,,Can win in November,Black,Black,State questionnaire,Black,Non-white,,,,,South,,,,Hillary Clinton,Female,Black women,"Cities 50,000-500,000","Cities over 50,000",Alabama,Election day exit poll,Before that,Earlier than that,Earlier than that,Earlier than that,Only Clinton did,Only Clinton or Both of them,Only Clinton or Neither of them,,Only Clinton or Both of them,Only Clinton,Only Clinton or Neither of them,Version 1,0.241849914193153,No
403799.0,45-65,30-59,45-49,45+,18-49,45-59,40-49,Black 45-59,Black 45-59,Black 45-64,Hillary Clinton,,,Not complete,Call 1,7.0,,Favors the wealthy,,,,,,,3.0,,,,,,,,,,,,,,,,,Generally continue Barack Obama's policies,Have experience in politics,45+,18-64,,,,,,,,,33.0,,,Black,Black,State questionnaire,Black,Non-white,,,,,South,,,,Hillary Clinton,Female,Black women,"Cities 50,000-500,000","Cities over 50,000",Alabama,Election day exit poll,Before that,Earlier than that,Earlier than that,Earlier than that,,,,,,,,Version 1,2.09147810935974,
412152.0,65+,60+,65 or over,45+,50+,60+,65+,Non-Black 60+,All others,Latino 65+,Hillary Clinton,,,Complete,Call 2,1.0,,Omit,Somewhat worried,Worried,Some college/assoc. degree,No college degree,More than High school graduate,Non white no college degree,4.0,,,Both of them,Only Clinton or Both of them,Only Sanders or Both of them,Less than 100k,"$30,000 or more",Less than 50k,Less than 50 thousand,"Under $50,000","$30,000-$49,999","Under $50,000 and non white",,,,Health care,Generally continue Barack Obama's policies,Have experience in politics,45+,65+,Democrat,Non-black Democrat,All Other,Democrat,Non-White Democrats,Very liberal,Liberal,Liberal,62.0,,Cares about people like me,Other,American Indian,State questionnaire,Other,Non-white,,,,,South,,,,Hillary Clinton,Female,All other races,Suburbs,Suburbs,Alabama,Election day exit poll,Sometime last week,Earlier than that,In the last month,This month,Neither did,Only Sanders or Neither of them,Only Clinton or Neither of them,,Omit,Omit,Omit,Version 1,1.65083014965057,No
403797.0,45-65,60+,60-64,45+,50+,60+,50-64,Non-Black 60+,White 60+,White 45-64,Hillary Clinton,,,Complete,Call 1,6.0,,Favors the wealthy,Not too worried,Not worried,High school or less,No college degree,High school graduate or less,White no college degree,2.0,,,Both of them,Only Clinton or Both of them,Only Sanders or Both of them,Less than 100k,"$30,000 or more",Less than 50k,Less than 50 thousand,"Under $50,000","$30,000-$49,999","Under $50,000 and white",,,,Income inequality,Generally continue Barack Obama's policies,Have experience in politics,45+,18-64,Independent/Something else,Non-black non-Democrat,White Independent,Something else,White Independent,Somewhat liberal,Liberal,Liberal,5.0,,Has the right experience,White,White,State questionnaire,White,White,,,,,South,,,,Hillary Clinton,Female,White women,Suburbs,Suburbs,Alabama,Election day exit poll,Before that,Earlier than that,Earlier than that,Earlier than that,Neither did,Only Sanders or Neither of them,Only Clinton or Neither of them,,Only Clinton or Both of them,Only Clinton,Only Clinton or Neither of them,Version 1,0.345001816749573,Yes
417312.0,45-65,30-59,50-59,45+,50+,45-59,50-64,Non-Black 45-59,White 45-59,White 45-64,Hillary Clinton,,,Complete,Call 3,5.0,,Favors the wealthy,Very worried,Worried,College graduate,College graduate,More than High school graduate,White college degree,1.0,,,Both of them,Only Clinton or Both of them,Only Sanders or Both of them,100k or more,"$30,000 or more",50k or more,100 thousand or more,"$100,000-$199,999","$100,000-$199,999","Over $50,000 and white",,,,Economy/Jobs,Generally continue Barack Obama's policies,Have experience in politics,45+,18-64,Democrat,Non-black Democrat,White Democrat,Democrat,White Democrat,Very liberal,Liberal,Liberal,49.0,,Has the right experience,White,White,State questionnaire,White,White,,,,,South,,,,Hillary Clinton,Male,White men,"Cities 50,000-500,000","Cities over 50,000",Alabama,Election day exit poll,Before that,Earlier than that,Earlier than that,Earlier than that,Neither did,Only Sanders or Neither of them,Only Clinton or Neither of them,,Only Clinton or Both of them,Both of them,Only Sanders or Both of them,Version 1,1.01136934757233,No
403794.0,30-44,30-59,30-39,18-44,18-49,30-44,30-39,Black 30-44,Black 30-44,Black 30-44,Hillary Clinton,,,Complete,Call 1,7.0,,Is fair to most Americans,Not at all worried,Not worried,Some college/assoc. degree,No college degree,More than High school graduate,Non white no college degree,3.0,,,Only Clinton,Only Clinton or Both of them,Only Clinton or Neither of them,Less than 100k,"Under $30,000",Less than 50k,Less than 50 thousand,"Under $50,000","Under $30,000","Under $50,000 and non white",,,,Economy/Jobs,Generally continue Barack Obama's policies,Have experience in politics,18-44,18-64,Democrat,Black Democrat,Black Democrat,Democrat,Non-White Democrats,Moderate,Moderate or conservative,Moderate,38.0,,Has the right experience,Black,Black,State questionnaire,Black,Non-white,,,,,South,,,,Hillary Clinton,Female,Black women,"Cities 50,000-500,000","Cities over 50,000",Alabama,Election day exit poll,Before that,Earlier than that,Earlier than that,Earlier than that,Neither did,Only Sanders or Neither of them,Only Clinton or Neither of them,,Only Clinton or Both of them,Only Clinton,Only Clinton or Neither of them,Version 1,1.13390827178955,No
403793.0,45-65,30-59,50-59,45+,50+,45-59,50-64,Black 45-59,Black 45-59,Black 45-64,Hillary Clinton,,,Complete,Call 1,6.0,,Favors the wealthy,Very worried,Worried,Some college/assoc. degree,No college degree,More than High school graduate,Non white no college degree,2.0,,,Both of them,Only Clinton or Both of them,Only Sanders or Both of them,Less than 100k,"$30,000 or more",50k or more,50 to 100 thousand,"$50,000-$99,999","$50,000-$99,999","Over $50,000 and non white",,,,Health care,Generally continue Barack Obama's policies,Have experience in politics,45+,18-64,Democrat,Black Democrat,Black Democrat,Democrat,Non-White Democrats,Moderate,Moderate or conservative,Moderate,77.0,,Cares about people like me,Black,Black,State questionnaire,Black,Non-white,,,,,South,,,,Hillary Clinton,Female,Black women,"Cities 50,000-500,000","Cities over 50,000",Alabama,Election day exit poll,Before that,Earlier than that,Earlier than that,Earlier than that,Neither did,Only Sanders or Neither of them,Only Clinton or Neither of them,,Only Clinton or Both of them,Both of them,Only Sanders or Both of them,Version 1,0.824218571186066,No
403789.0,45-65,60+,60-64,45+,50+,60+,50-64,Non-Black 60+,White 60+,White 45-64,Hillary Clinton,,,Complete,Call 1,1.0,,Favors the wealthy,Very worried,Worried,Postgraduate study,College graduate,More than High school graduate,White college degree,4.0,,,Both of them,Only Clinton or Both of them,Only Sanders or Both of them,Less than 100k,"$30,000 or more",Less than 50k,Less than 50 thousand,"Under $50,000","$30,000-$49,999","Under $50,000 and white",,,,Economy/Jobs,Generally continue Barack Obama's policies,Have experience in politics,45+,18-64,Democrat,Non-black Democrat,White Democrat,Democrat,White Democrat,Moderate,Moderate or conservative,Moderate,1.0,,Has the right experience,White,White,State questionnaire,White,White,,,,,South,,,,Hillary Clinton,Female,White women,Suburbs,Suburbs,Alabama,Election day exit poll,Before that,Earlier than that,Earlier than that,Earlier than that,Neither did,Only Sanders or Neither of them,Only Clinton or Neither of them,,Only Clinton or Both of them,Both of them,Only Sanders or Both of them,Version 1,0.845449924468994,No
409571.0,30-44,30-59,30-39,18-44,18-49,30-44,30-39,Black 30-44,Black 30-44,Black 30-44,Hillary Clinton,,,Complete,Call 2,2.0,,Is fair to most Americans,Very worried,Worried,College graduate,College graduate,More than High school graduate,Non white college degree,3.0,,,Only Clinton,Only Clinton or Both of them,Only Clinton or Neither of them,Less than 100k,"$30,000 or more",50k or more,50 to 100 thousand,"$50,000-$99,999","$50,000-$99,999","Over $50,000 and non white",,,,Health care,Generally continue Barack Obama's policies,Have experience in politics,18-44,18-64,Democrat,Black Democrat,Black Democrat,Democrat,Non-White Democrats,Moderate,Moderate or conservative,Moderate,67.0,,Honest and trustworthy,Black,Black,State questionnaire,Black,Non-white,,,,,South,,,,Hillary Clinton,Female,Black women,"Cities 50,000-500,000","Cities over 50,000",Alabama,Election day exit poll,Before that,Earlier than that,Earlier than that,Earlier than that,Neither did,Only Sanders or Neither of them,Only Clinton or Neither of them,,Only Clinton or Both of them,Only Clinton,Only Clinton or Neither of them,Version 1,0.965510427951813,No
405705.0,45-65,60+,60-64,45+,50+,60+,50-64,Black 60+,Black 60+,Black 45-64,Hillary Clinton,,,Complete,Call 1,1.0,,Is fair to most Americans,Very worried,Worried,High school or less,No college degree,High school graduate or less,Non white no college degree,4.0,,,Only Clinton,Only Clinton or Both of them,Only Clinton or Neither of them,Less than 100k,"$30,000 or more",Less than 50k,Less than 50 thousand,"Under $50,000","$30,000-$49,999","Under $50,000 and non white",,,,Terrorism,Generally continue Barack Obama's policies,Have experience in politics,45+,18-64,Democrat,Black Democrat,Black Democrat,Democrat,Non-White Democrats,Conservative,Moderate or conservative,Conservative,62.0,,Cares about people like me,Black,Black,State questionnaire,Black,Non-white,,,,,South,,,,Hillary Clinton,Male,Black men,Suburbs,Suburbs,Alabama,Election day exit poll,Before that,Earlier than that,Earlier than that,Earlier than that,Neither did,Only Sanders or Neither of them,Only Clinton or Neither of them,,Only Clinton or Both of them,Only Clinton,Only Clinton or Neither of them,Version 1,0.534807562828064,No
417290.0,30-44,30-59,40-44,18-44,18-49,30-44,40-49,Non-Black 30-44,White 30-44,White 30-44,Hillary Clinton,,,Complete,Call 3,1.0,,Favors the wealthy,Somewhat worried,Worried,Postgraduate study,College graduate,More than High school graduate,White college degree,4.0,,,Both of them,Only Clinton or Both of them,Only Sanders or Both of them,Less than 100k,"$30,000 or more",50k or more,50 to 100 thousand,"$50,000-$99,999","$50,000-$99,999","Over $50,000 and white",,,,Income inequality,Generally continue Barack Obama's policies,Have experience in politics,18-44,18-64,Democrat,Non-black Democrat,White Democrat,Democrat,White Democrat,Very liberal,Liberal,Liberal,58.0,,Can win in November,White,White,State questionnaire,White,White,,,,,South,,,,Hillary Clinton,Female,White women,"Cities 50,000-500,000","Cities over 50,000",Alabama,Election day exit poll,Before that,Earlier than that,Earlier than that,Earlier than that,Both did,Only Clinton or Both of them,Only Sanders or Both of them,,Only Clinton or Both of them,Both of them,Only Sanders or Both of them,Version 1,0.899799287319183,No
410254.0,18-29,18-29,25-29,18-44,18-49,18-29,25-29,Black 18-29,Black 18-29,Black 18-29,Hillary Clinton,,,Complete,Call 2,7.0,,Favors the wealthy,Very worried,Worried,College graduate,College graduate,More than High school graduate,Non white college degree,3.0,,,Only Clinton,Only Clinton or Both of them,Only Clinton or Neither of them,Less than 100k,"Under $30,000",Less than 50k,Less than 50 thousand,"Under $50,000","Under $30,000","Under $50,000 and non white",,,,Economy/Jobs,Generally continue Barack Obama's policies,Have experience in politics,18-44,18-64,Democrat,Black Democrat,Black Democrat,Democrat,Non-White Democrats,Moderate,Moderate or conservative,Moderate,17.0,,Cares about people like me,Black,Black,State questionnaire,Black,Non-white,,,,,South,,,,Hillary Clinton,Female,Black women,Rural,Small Cities/Rural,Alabama,Election day exit poll,Before that,Earlier than that,Earlier than that,Earlier than that,Neither did,Only Sanders or Neither of them,Only Clinton or Neither of them,,Only Clinton or Both of them,Only Clinton,Only Clinton or Neither of them,Version 1,1.25793468952179,No
403771.0,65+,60+,65 or over,45+,50+,60+,65+,Black 60+,Black 60+,Black 65+,Hillary Clinton,,,Complete,Call 1,1.0,,Favors the wealthy,Very worried,Worried,High school or less,No college degree,High school graduate or less,Non white no college degree,4.0,,,Only Clinton,Only Clinton or Both of them,Only Clinton or Neither of them,Less than 100k,"$30,000 or more",50k or more,50 to 100 thousand,"$50,000-$99,999","$50,000-$99,999","Over $50,000 and non white",,,,Health care,Generally continue Barack Obama's policies,Have experience in politics,45+,65+,Democrat,Black Democrat,Black Democrat,Democrat,Non-White Democrats,Very liberal,Liberal,Liberal,57.0,,Has the right experience,Black,Black,State questionnaire,Black,Non-white,,,,,South,,,,Hillary Clinton,Male,Black men,"Cities 50,000-500,000","Cities over 50,000",Alabama,Election day exit poll,Before that,Earlier than that,Earlier than that,Earlier than that,Only Sanders did,Only Sanders or Neither of them,Only Sanders or Both of them,,Only Clinton or Both of them,Only Clinton,Only Clinton or Neither of them,Version 1,0.754632174968719,No
403766.0,30-44,30-59,30-39,18-44,18-49,30-44,30-39,Non-Black 30-44,White 30-44,White 30-44,Hillary Clinton,,,Not complete,Call 1,7.0,,Favors the wealthy,,,,,,,3.0,,,,,,,,,,,,,,,,,Generally continue Barack Obama's policies,Have experience in politics,18-44,18-64,,,,,,,,,33.0,,,White,White,State questionnaire,White,White,,,,,South,,,,Hillary Clinton,Female,White women,"Cities 50,000-500,000","Cities over 50,000",Alabama,Election day exit poll,Sometime last week,Earlier than that,In the last month,This month,,,,,,,,Version 1,3.96523928642273,
403763.0,65+,60+,65 or over,45+,50+,60+,65+,,,,Hillary Clinton,,,Not complete,Call 1,1.0,,Omit,,,,,,,4.0,,,,,,,,,,,,,,,,,Generally continue Barack Obama's policies,Have experience in politics,45+,65+,,,,,,,,,59.0,,,,,State questionnaire,,,,,,,South,,,,Hillary Clinton,Male,,"Cities 50,000-500,000","Cities over 50,000",Alabama,Election day exit poll,Before that,Earlier than that,Earlier than that,Earlier than that,,,,,,,,Version 1,0.932528495788574,
403762.0,45-65,60+,60-64,45+,50+,60+,50-64,Black 60+,Black 60+,Black 45-64,Hillary Clinton,,,Complete,Call 1,1.0,,Is fair to most Americans,Very worried,Worried,Some college/assoc. degree,No college degree,More than High school graduate,Non white no college degree,4.0,,,Only Clinton,Only Clinton or Both of them,Only Clinton or Neither of them,Less than 100k,"$30,000 or more",Less than 50k,Less than 50 thousand,"Under $50,000","$30,000-$49,999","Under $50,000 and non white",,,,Income inequality,Generally continue Barack Obama's policies,Have experience in politics,45+,18-64,Democrat,Black Democrat,Black Democrat,Democrat,Non-White Democrats,Very liberal,Liberal,Liberal,58.0,,Has the right experience,Black,Black,State questionnaire,Black,Non-white,,,,,South,,,,Hillary Clinton,Male,Black men,"Cities 50,000-500,000","Cities over 50,000",Alabama,Election day exit poll,In the last month,Earlier than that,In the last month,Earlier than that,Only Sanders did,Only Sanders or Neither of them,Only Sanders or Both of them,,Only Clinton or Both of them,Only Clinton,Only Clinton or Neither of them,Version 1,0.304991513490677,No
409551.0,65+,60+,65 or over,45+,50+,60+,65+,Black 60+,Black 60+,Black 65+,Hillary Clinton,,,Complete,Call 2,2.0,,Favors the wealthy,Very worried,Worried,College graduate,College graduate,More than High school graduate,Non white college degree,4.0,,,Both of them,Only Clinton or Both of them,Only Sanders or Both of them,Less than 100k,"$30,000 or more",Less than 50k,Less than 50 thousand,"Under $50,000","$30,000-$49,999","Under $50,000 and non white",,,,Economy/Jobs,Generally continue Barack Obama's policies,Be from outside the political establishment,45+,65+,Democrat,Black Democrat,Black Democrat,Democrat,Non-White Democrats,Moderate,Moderate or conservative,Moderate,13.0,,Cares about people like me,Black,Black,State questionnaire,Black,Non-white,,,,,South,,,,Hillary Clinton,Female,Black women,Rural,Small Cities/Rural,Alabama,Election day exit poll,Before that,Earlier than that,Earlier than that,Earlier than that,Both did,Only Clinton or Both of them,Only Sanders or Both of them,,Only Clinton or Both of them,Both of them,Only Sanders or Both of them,Version 1,0.194594785571098,No
417274.0,45-65,30-59,50-59,45+,50+,45-59,50-64,Black 45-59,Black 45-59,Black 45-64,Hillary Clinton,,,Complete,Call 3,5.0,,Omit,Not at all worried,Not worried,College graduate,College graduate,More than High school graduate,Non white college degree,1.0,,,Both of them,Only Clinton or Both of them,Only Sanders or Both of them,Less than 100k,"$30,000 or more",50k or more,50 to 100 thousand,"$50,000-$99,999","$50,000-$99,999","Over $50,000 and non white",,,,Economy/Jobs,Generally continue Barack Obama's policies,Have experience in politics,45+,18-64,Democrat,Black Democrat,Black Democrat,Democrat,Non-White Democrats,Moderate,Moderate or conservative,Moderate,49.0,,Cares about people like me,Black,Black,State questionnaire,Black,Non-white,,,,,South,,,,Hillary Clinton,Female,Black women,"Cities 50,000-500,000","Cities over 50,000",Alabama,Election day exit poll,Before that,Earlier than that,Earlier than that,Earlier than that,Only Sanders did,Only Sanders or Neither of them,Only Sanders or Both of them,,Only Clinton or Both of them,Only Clinton,Only Clinton or Neither of them,Version 1,0.274259299039841,No
403754.0,45-65,30-59,50-59,45+,50+,45-59,50-64,Black 45-59,Black 45-59,Black 45-64,Hillary Clinton,,,Complete,Call 1,7.0,,Is fair to most Americans,Somewhat worried,Worried,High school or less,No college degree,High school graduate or less,Non white no college degree,3.0,,,Only Clinton,Only Clinton or Both of them,Only Clinton or Neither of them,Less than 100k,"Under $30,000",Less than 50k,Less than 50 thousand,"Under $50,000","Under $30,000","Under $50,000 and non white",,,,Health care,Change to less liberal policies,Have experience in politics,45+,18-64,Democrat,Black Democrat,Black Democrat,Democrat,Non-White Democrats,Somewhat liberal,Liberal,Liberal,17.0,,Cares about people like me,Black,Black,State questionnaire,Black,Non-white,,,,,South,,,,Hillary Clinton,Female,Black women,Rural,Small Cities/Rural,Alabama,Election day exit poll,Before that,Earlier than that,Earlier than that,Earlier than that,Only Clinton did,Only Clinton or Both of them,Only Clinton or Neither of them,,Only Clinton or Both of them,Only Clinton,Only Clinton or Neither of them,Version 1,1.16565835475922,No
405679.0,65+,60+,65 or over,45+,50+,60+,65+,Black 60+,Black 60+,Black 65+,Hillary Clinton,,,Complete,Call 1,1.0,,Is fair to most Americans,Not at all worried,Not worried,High school or less,No college degree,High school graduate or less,Non white no college degree,4.0,,,Only Clinton,Only Clinton or Both of them,Only Clinton or Neither of them,Less than 100k,"Under $30,000",Less than 50k,Less than 50 thousand,"Under $50,000","Under $30,000","Under $50,000 and non white",,,,Income inequality,Change to more liberal policies,Have experience in politics,45+,65+,Democrat,Black Democrat,Black Democrat,Democrat,Non-White Democrats,Very liberal,Liberal,Liberal,62.0,,Has the right experience,Black,Black,State questionnaire,Black,Non-white,,,,,South,,,,Hillary Clinton,Male,Black men,Suburbs,Suburbs,Alabama,Election day exit poll,Before that,Earlier than that,Earlier than that,Earlier than that,Both did,Only Clinton or Both of them,Only Sanders or Both of them,,Only Clinton or Both of them,Only Clinton,Only Clinton or Neither of them,Version 1,0.534807562828064,No
403747.0,65+,60+,65 or over,45+,50+,60+,65+,Non-Black 60+,White 60+,White 65+,Hillary Clinton,,,Complete,Call 1,4.0,,Favors the wealthy,Very worried,Worried,Postgraduate study,College graduate,More than High school graduate,White college degree,1.0,,,Both of them,Only Clinton or Both of them,Only Sanders or Both of them,Less than 100k,"$30,000 or more",50k or more,50 to 100 thousand,"$50,000-$99,999","$50,000-$99,999","Over $50,000 and white",,,,Income inequality,Generally continue Barack Obama's policies,Have experience in politics,45+,65+,Independent/Something else,Non-black non-Democrat,White Independent,Independent,White Independent,Very liberal,Liberal,Liberal,19.0,,Can win in November,White,White,State questionnaire,White,White,,,,,South,,,,Hillary Clinton,Male,White men,Rural,Small Cities/Rural,Alabama,Election day exit poll,Before that,Earlier than that,Earlier than that,Earlier than that,Neither did,Only Sanders or Neither of them,Only Clinton or Neither of them,,Only Clinton or Both of them,Only Clinton,Only Clinton or Neither of them,Version 1,3.28560543060303,No
410229.0,45-65,30-59,50-59,45+,50+,45-59,50-64,Black 45-59,Black 45-59,Black 45-64,Hillary Clinton,,,Complete,Call 2,1.0,,Favors the wealthy,Very worried,Worried,High school or less,No college degree,High school graduate or less,Non white no college degree,4.0,,,Only Clinton,Only Clinton or Both of them,Only Clinton or Neither of them,Less than 100k,"Under $30,000",Less than 50k,Less than 50 thousand,"Under $50,000","Under $30,000","Under $50,000 and non white",,,,Terrorism,Generally continue Barack Obama's policies,Have experience in politics,45+,18-64,Democrat,Black Democrat,Black Democrat,Democrat,Non-White Democrats,Very liberal,Liberal,Liberal,57.0,,Cares about people like me,Black,Black,State questionnaire,Black,Non-white,,,,,South,,,,Hillary Clinton,Male,Black men,"Cities 50,000-500,000","Cities over 50,000",Alabama,Election day exit poll,In the last few days,Last few days,In the last month,This month,Only Clinton did,Only Clinton or Both of them,Only Clinton or Neither of them,,Only Clinton or Both of them,Only Clinton,Only Clinton or Neither of them,Version 1,0.598402619361877,No
403737.0,65+,60+,65 or over,45+,50+,60+,65+,Black 60+,Black 60+,Black 65+,Hillary Clinton,,,Complete,Call 1,1.0,,Favors the wealthy,Very worried,Worried,Postgraduate study,College graduate,More than High school graduate,Non white college degree,4.0,,,Only Clinton,Only Clinton or Both of them,Only Clinton or Neither of them,100k or more,"$30,000 or more",50k or more,100 thousand or more,"$100,000-$199,999","$100,000-$199,999","Over $50,000 and non white",,,,Health care,Generally continue Barack Obama's policies,Have experience in politics,45+,65+,Democrat,Black Democrat,Black Democrat,Democrat,Non-White Democrats,Moderate,Moderate or conservative,Moderate,57.0,,Has the right experience,Black,Black,State questionnaire,Black,Non-white,,,,,South,,,,Hillary Clinton,Female,Black women,"Cities 50,000-500,000","Cities over 50,000",Alabama,Election day exit poll,Before that,Earlier than that,Earlier than that,Earlier than that,Neither did,Only Sanders or Neither of them,Only Clinton or Neither of them,,Only Sanders or Neither of them,Neither of them,Only Clinton or Neither of them,Version 1,0.68432754278183,No
403736.0,45-65,30-59,50-59,45+,50+,45-59,50-64,Black 45-59,Black 45-59,Black 45-64,Hillary Clinton,,,Complete,Call 1,7.0,,Favors the wealthy,Very worried,Worried,High school or less,No college degree,High school graduate or less,Non white no college degree,3.0,,,Neither of them,Only Sanders or Neither of them,Only Clinton or Neither of them,Less than 100k,"$30,000 or more",Less than 50k,Less than 50 thousand,"Under $50,000","$30,000-$49,999","Under $50,000 and non white",,,,Economy/Jobs,Change to less liberal policies,Be from outside the political establishment,45+,18-64,Democrat,Black Democrat,Black Democrat,Democrat,Non-White Democrats,Conservative,Moderate or conservative,Conservative,38.0,,Can win in November,Black,Black,State questionnaire,Black,Non-white,,,,,South,,,,Hillary Clinton,Male,Black men,"Cities 50,000-500,000","Cities over 50,000",Alabama,Election day exit poll,In the last month,Earlier than that,In the last month,Earlier than that,Both did,Only Clinton or Both of them,Only Sanders or Both of them,,Only Sanders or Neither of them,Neither of them,Only Clinton or Neither of them,Version 1,1.25040078163147,No
403732.0,30-44,30-59,40-44,18-44,18-49,30-44,40-49,Black 30-44,Black 30-44,Black 30-44,Hillary Clinton,,,Complete,Call 1,1.0,,Favors the wealthy,Not at all worried,Not worried,Postgraduate study,College graduate,More than High school graduate,Non white college degree,4.0,,,Omit,Omit,Omit,Less than 100k,"$30,000 or more",50k or more,50 to 100 thousand,"$50,000-$99,999","$50,000-$99,999","Over $50,000 and non white",,,,Economy/Jobs,Omit,Have experience in politics,18-44,18-64,Democrat,Black Democrat,Black Democrat,Democrat,Non-White Democrats,Moderate,Moderate or conservative,Moderate,58.0,,Cares about people like me,Black,Black,State questionnaire,Black,Non-white,,,,,South,,,,Omit,Female,Black women,"Cities 50,000-500,000","Cities over 50,000",Alabama,Election day exit poll,Before that,Earlier than that,Earlier than that,Earlier than that,Both did,Only Clinton or Both of them,Only Sanders or Both of them,,Omit,Omit,Omit,Version 1,0.241849914193153,No
403729.0,65+,60+,65 or over,45+,50+,60+,65+,Black 60+,Black 60+,Black 65+,Hillary Clinton,,,Complete,Call 1,7.0,,Is fair to most Americans,Somewhat worried,Worried,Some college/assoc. degree,No college degree,More than High school graduate,Non white no college degree,3.0,,,Only Clinton,Only Clinton or Both of them,Only Clinton or Neither of them,Less than 100k,"Under $30,000",Less than 50k,Less than 50 thousand,"Under $50,000","Under $30,000","Under $50,000 and non white",,,,Economy/Jobs,Generally continue Barack Obama's policies,Have experience in politics,45+,65+,Democrat,Black Democrat,Black Democrat,Democrat,Non-White Democrats,Moderate,Moderate or conservative,Moderate,33.0,,Cares about people like me,Black,Black,State questionnaire,Black,Non-white,,,,,South,,,,Hillary Clinton,Female,Black women,"Cities 50,000-500,000","Cities over 50,000",Alabama,Election day exit poll,Before that,Earlier than that,Earlier than that,Earlier than that,Neither did,Only Sanders or Neither of them,Only Clinton or Neither of them,,Only Clinton or Both of them,Only Clinton,Only Clinton or Neither of them,Version 1,2.76309394836426,No
405657.0,65+,60+,65 or over,45+,50+,60+,65+,Black 60+,Black 60+,Black 65+,Hillary Clinton,,,Complete,Call 1,1.0,,Favors the wealthy,Very worried,Worried,Some college/assoc. degree,No college degree,More than High school graduate,Non white no college degree,4.0,,,Only Clinton,Only Clinton or Both of them,Only Clinton or Neither of them,Less than 100k,"$30,000 or more",Less than 50k,Less than 50 thousand,"Under $50,000","$30,000-$49,999","Under $50,000 and non white",,,,Economy/Jobs,Generally continue Barack Obama's policies,Have experience in politics,45+,65+,Democrat,Black Democrat,Black Democrat,Democrat,Non-White Democrats,Moderate,Moderate or conservative,Moderate,62.0,,Cares about people like me,Black,Black,State questionnaire,Black,Non-white,,,,,South,,,,Hillary Clinton,Male,Black men,Suburbs,Suburbs,Alabama,Election day exit poll,Before that,Earlier than that,Earlier than that,Earlier than that,Both did,Only Clinton or Both of them,Only Sanders or Both of them,,Only Clinton or Both of them,Only Clinton,Only Clinton or Neither of them,Version 1,0.534807562828064,No
411449.0,45-65,30-59,45-49,45+,18-49,45-59,40-49,Non-Black 45-59,White 45-59,White 45-64,Hillary Clinton,,,Complete,Call 2,4.0,,Favors the wealthy,Somewhat worried,Worried,Some college/assoc. degree,No college degree,More than High school graduate,White no college degree,1.0,,,Both of them,Only Clinton or Both of them,Only Sanders or Both of them,Less than 100k,"$30,000 or more",Less than 50k,Less than 50 thousand,"Under $50,000","$30,000-$49,999","Under $50,000 and white",,,,Income inequality,Change to less liberal policies,Have experience in politics,45+,18-64,Democrat,Non-black Democrat,White Democrat,Democrat,White Democrat,Somewhat liberal,Liberal,Liberal,41.0,,Can win in November,White,White,State questionnaire,White,White,,,,,South,,,,Hillary Clinton,Female,White women,Suburbs,Suburbs,Alabama,Election day exit poll,In the last month,Earlier than that,In the last month,Earlier than that,Both did,Only Clinton or Both of them,Only Sanders or Both of them,,Only Clinton or Both of them,Only Clinton,Only Clinton or Neither of them,Version 1,1.25306189060211,Yes
417236.0,45-65,30-59,45-49,45+,18-49,45-59,40-49,Black 45-59,Black 45-59,Black 45-64,Hillary Clinton,,,Complete,Call 3,1.0,,Favors the wealthy,Very worried,Worried,Some college/assoc. degree,No college degree,More than High school graduate,Non white no college degree,4.0,,,Both of them,Only Clinton or Both of them,Only Sanders or Both of them,100k or more,"$30,000 or more",50k or more,100 thousand or more,"$100,000-$199,999","$100,000-$199,999","Over $50,000 and non white",,,,Economy/Jobs,Generally continue Barack Obama's policies,Be from outside the political establishment,45+,18-64,Democrat,Black Democrat,Black Democrat,Democrat,Non-White Democrats,Moderate,Moderate or conservative,Moderate,58.0,,Honest and trustworthy,Black,Black,State questionnaire,Black,Non-white,,,,,South,,,,Hillary Clinton,Female,Black women,"Cities 50,000-500,000","Cities over 50,000",Alabama,Election day exit poll,Before that,Earlier than that,Earlier than that,Earlier than that,Neither did,Only Sanders or Neither of them,Only Clinton or Neither of them,,Only Clinton or Both of them,Both of them,Only Sanders or Both of them,Version 1,0.241849914193153,No
417232.0,45-65,30-59,50-59,45+,50+,45-59,50-64,Non-Black 45-59,White 45-59,White 45-64,Hillary Clinton,,,Complete,Call 3,5.0,,Favors the wealthy,Very worried,Worried,Postgraduate study,College graduate,More than High school graduate,White college degree,1.0,,,Both of them,Only Clinton or Both of them,Only Sanders or Both of them,Less than 100k,"$30,000 or more",50k or more,50 to 100 thousand,"$50,000-$99,999","$50,000-$99,999","Over $50,000 and white",,,,Economy/Jobs,Generally continue Barack Obama's policies,Have experience in politics,45+,18-64,Democrat,Non-black Democrat,White Democrat,Democrat,White Democrat,Moderate,Moderate or conservative,Moderate,49.0,,Cares about people like me,White,White,State questionnaire,White,White,,,,,South,,,,Hillary Clinton,Female,White women,"Cities 50,000-500,000","Cities over 50,000",Alabama,Election day exit poll,Before that,Earlier than that,Earlier than that,Earlier than that,Neither did,Only Sanders or Neither of them,Only Clinton or Neither of them,,Only Clinton or Both of them,Only Clinton,Only Clinton or Neither of them,Version 1,1.01136934757233,No
403705.0,45-65,30-59,50-59,45+,50+,45-59,50-64,Black 45-59,Black 45-59,Black 45-64,Hillary Clinton,,,Complete,Call 1,1.0,,Favors the wealthy,Not at all worried,Not worried,Some college/assoc. degree,No college degree,More than High school graduate,Non white no college degree,4.0,,,Only Clinton,Only Clinton or Both of them,Only Clinton or Neither of them,100k or more,"$30,000 or more",50k or more,100 thousand or more,"$100,000-$199,999","$100,000-$199,999","Over $50,000 and non white",,,,Health care,Generally continue Barack Obama's policies,Have experience in politics,45+,18-64,Independent/Something else,Black non-Democrat,Black Independent,Something else,All others,Moderate,Moderate or conservative,Moderate,57.0,,Can win in November,Black,Black,State questionnaire,Black,Non-white,,,,,South,,,,Hillary Clinton,Female,Black women,"Cities 50,000-500,000","Cities over 50,000",Alabama,Election day exit poll,Before that,Earlier than that,Earlier than that,Earlier than that,Only Clinton did,Only Clinton or Both of them,Only Clinton or Neither of them,,Only Clinton or Both of them,Only Clinton,Only Clinton or Neither of them,Version 1,0.598402619361877,No
409492.0,45-65,30-59,50-59,45+,50+,45-59,50-64,Black 45-59,Black 45-59,Black 45-64,Hillary Clinton,,,Complete,Call 2,2.0,,Favors the wealthy,Very worried,Worried,Some college/assoc. degree,No college degree,More than High school graduate,Non white no college degree,3.0,,,Only Clinton,Only Clinton or Both of them,Only Clinton or Neither of them,Less than 100k,"Under $30,000",Less than 50k,Less than 50 thousand,"Under $50,000","Under $30,000","Under $50,000 and non white",,,,Economy/Jobs,Generally continue Barack Obama's policies,Have experience in politics,45+,18-64,Democrat,Black Democrat,Black Democrat,Democrat,Non-White Democrats,Moderate,Moderate or conservative,Moderate,67.0,,Has the right experience,Black,Black,State questionnaire,Black,Non-white,,,,,South,,,,Hillary Clinton,Female,Black women,"Cities 50,000-500,000","Cities over 50,000",Alabama,Election day exit poll,Before that,Earlier than that,Earlier than that,Earlier than that,Neither did,Only Sanders or Neither of them,Only Clinton or Neither of them,,Only Clinton or Both of them,Only Clinton,Only Clinton or Neither of them,Version 1,0.965510427951813,No
416742.0,45-65,30-59,50-59,45+,50+,45-59,50-64,Non-Black 45-59,White 45-59,White 45-64,Hillary Clinton,,,Complete,Call 3,3.0,,Favors the wealthy,Very worried,Worried,,,,,2.0,,,Both of them,Only Clinton or Both of them,Only Sanders or Both of them,,,,,,,,,,,Economy/Jobs,Change to less liberal policies,Have experience in politics,45+,18-64,,,,,,,,,7.0,,Cares about people like me,White,White,State questionnaire,White,White,,,,,South,,,,Hillary Clinton,Female,White women,Suburbs,Suburbs,Alabama,Election day exit poll,Just today,Last few days,In the last month,This month,Neither did,Only Sanders or Neither of them,Only Clinton or Neither of them,,Only Clinton or Both of them,Both of them,Only Sanders or Both of them,Version 1,0.696241497993469,
403684.0,30-44,30-59,30-39,18-44,18-49,30-44,30-39,Black 30-44,Black 30-44,Black 30-44,Hillary Clinton,,,Complete,Call 1,7.0,,Favors the wealthy,Very worried,Worried,High school or less,No college degree,High school graduate or less,Non white no college degree,3.0,,,Only Clinton,Only Clinton or Both of them,Only Clinton or Neither of them,Less than 100k,"Under $30,000",Less than 50k,Less than 50 thousand,"Under $50,000","Under $30,000","Under $50,000 and non white",,,,Health care,Generally continue Barack Obama's policies,Have experience in politics,18-44,18-64,Democrat,Black Democrat,Black Democrat,Democrat,Non-White Democrats,Very liberal,Liberal,Liberal,38.0,,Cares about people like me,Black,Black,State questionnaire,Black,Non-white,,,,,South,,,,Hillary Clinton,Female,Black women,"Cities 50,000-500,000","Cities over 50,000",Alabama,Election day exit poll,Just today,Last few days,In the last month,This month,Neither did,Only Sanders or Neither of them,Only Clinton or Neither of them,,Only Clinton or Both of them,Both of them,Only Sanders or Both of them,Version 1,1.13390827178955,No
417195.0,30-44,30-59,40-44,18-44,18-49,30-44,40-49,Black 30-44,Black 30-44,Black 30-44,Hillary Clinton,,,Complete,Call 3,1.0,,Favors the wealthy,Somewhat worried,Worried,College graduate,College graduate,More than High school graduate,Non white college degree,4.0,,,Omit,Omit,Omit,Less than 100k,"$30,000 or more",Less than 50k,Less than 50 thousand,"Under $50,000","$30,000-$49,999","Under $50,000 and non white",,,,Economy/Jobs,Generally continue Barack Obama's policies,Have experience in politics,18-44,18-64,Democrat,Black Democrat,Black Democrat,Democrat,Non-White Democrats,Somewhat liberal,Liberal,Liberal,58.0,,Can win in November,Black,Black,State questionnaire,Black,Non-white,,,,,South,,,,Hillary Clinton,Female,Black women,"Cities 50,000-500,000","Cities over 50,000",Alabama,Election day exit poll,Before that,Earlier than that,Earlier than that,Earlier than that,Neither did,Only Sanders or Neither of them,Only Clinton or Neither of them,,Only Sanders or Neither of them,Neither of them,Only Clinton or Neither of them,Version 1,0.241849914193153,No
403673.0,45-65,30-59,45-49,45+,18-49,45-59,40-49,Black 45-59,Black 45-59,Black 45-64,Hillary Clinton,,,Complete,Call 1,5.0,,Is fair to most Americans,Not at all worried,Not worried,College graduate,College graduate,More than High school graduate,Non white college degree,1.0,,,Both of them,Only Clinton or Both of them,Only Sanders or Both of them,100k or more,"$30,000 or more",50k or more,100 thousand or more,"$100,000-$199,999","$100,000-$199,999","Over $50,000 and non white",,,,Economy/Jobs,Generally continue Barack Obama's policies,Have experience in politics,45+,18-64,Democrat,Black Democrat,Black Democrat,Democrat,Non-White Democrats,Moderate,Moderate or conservative,Moderate,46.0,,Has the right experience,Black,Black,State questionnaire,Black,Non-white,,,,,South,,,,Hillary Clinton,Female,Black women,"Cities 50,000-500,000","Cities over 50,000",Alabama,Election day exit poll,Before that,Earlier than that,Earlier than that,Earlier than that,Both did,Only Clinton or Both of them,Only Sanders or Both of them,,Only Clinton or Both of them,Both of them,Only Sanders or Both of them,Version 1,0.42626217007637,No
403671.0,65+,60+,65 or over,45+,50+,60+,65+,Black 60+,Black 60+,Black 65+,Hillary Clinton,,,Complete,Call 1,1.0,,Favors the wealthy,Somewhat worried,Worried,Postgraduate study,College graduate,More than High school graduate,Non white college degree,4.0,,,Only Clinton,Only Clinton or Both of them,Only Clinton or Neither of them,Less than 100k,"$30,000 or more",50k or more,50 to 100 thousand,"$50,000-$99,999","$50,000-$99,999","Over $50,000 and non white",,,,Economy/Jobs,Generally continue Barack Obama's policies,Have experience in politics,45+,65+,Democrat,Black Democrat,Black Democrat,Democrat,Non-White Democrats,Somewhat liberal,Liberal,Liberal,57.0,,Honest and trustworthy,Black,Black,State questionnaire,Black,Non-white,,,,,South,,,,Hillary Clinton,Female,Black women,"Cities 50,000-500,000","Cities over 50,000",Alabama,Election day exit poll,Before that,Earlier than that,Earlier than that,Earlier than that,Neither did,Only Sanders or Neither of them,Only Clinton or Neither of them,,Only Clinton or Both of them,Only Clinton,Only Clinton or Neither of them,Version 1,0.68432754278183,No
403661.0,45-65,30-59,50-59,45+,50+,45-59,50-64,Black 45-59,Black 45-59,Black 45-64,Hillary Clinton,,,Complete,Call 1,1.0,,Favors the wealthy,Not too worried,Not worried,Some college/assoc. degree,No college degree,More than High school graduate,Non white no college degree,4.0,,,Only Clinton,Only Clinton or Both of them,Only Clinton or Neither of them,Less than 100k,"Under $30,000",Less than 50k,Less than 50 thousand,"Under $50,000","Under $30,000","Under $50,000 and non white",,,,Economy/Jobs,Generally continue Barack Obama's policies,Have experience in politics,45+,18-64,Independent/Something else,Black non-Democrat,Black Independent,Independent,All others,Moderate,Moderate or conservative,Moderate,58.0,,Has the right experience,Black,Black,State questionnaire,Black,Non-white,,,,,South,,,,Hillary Clinton,Female,Black women,"Cities 50,000-500,000","Cities over 50,000",Alabama,Election day exit poll,In the last month,Earlier than that,In the last month,Earlier than that,Only Sanders did,Only Sanders or Neither of them,Only Sanders or Both of them,,Only Sanders or Neither of them,Neither of them,Only Clinton or Neither of them,Version 1,0.241849914193153,No
405581.0,65+,60+,65 or over,45+,50+,60+,65+,Black 60+,Black 60+,Black 65+,Hillary Clinton,,,Complete,Call 1,1.0,,Omit,Not too worried,Not worried,Some college/assoc. degree,No college degree,More than High school graduate,Non white no college degree,4.0,,,Both of them,Only Clinton or Both of them,Only Sanders or Both of them,Less than 100k,"$30,000 or more",50k or more,50 to 100 thousand,"$50,000-$99,999","$50,000-$99,999","Over $50,000 and non white",,,,Health care,Generally continue Barack Obama's policies,Have experience in politics,45+,65+,Democrat,Black Democrat,Black Democrat,Democrat,Non-White Democrats,Somewhat liberal,Liberal,Liberal,62.0,,Has the right experience,Black,Black,State questionnaire,Black,Non-white,,,,,South,,,,Hillary Clinton,Male,Black men,Suburbs,Suburbs,Alabama,Election day exit poll,Before that,Earlier than that,Earlier than that,Earlier than that,Neither did,Only Sanders or Neither of them,Only Clinton or Neither of them,,Only Clinton or Both of them,Both of them,Only Sanders or Both of them,Version 1,0.534807562828064,No
403648.0,65+,60+,65 or over,45+,50+,60+,65+,Non-Black 60+,White 60+,White 65+,Hillary Clinton,,,Complete,Call 1,2.0,,Favors the wealthy,Not at all worried,Not worried,High school or less,No college degree,High school graduate or less,White no college degree,3.0,,,Only Clinton,Only Clinton or Both of them,Only Clinton or Neither of them,Less than 100k,"Under $30,000",Less than 50k,Less than 50 thousand,"Under $50,000","Under $30,000","Under $50,000 and white",,,,Terrorism,Generally continue Barack Obama's policies,Be from outside the political establishment,45+,65+,Democrat,Non-black Democrat,White Democrat,Democrat,White Democrat,Moderate,Moderate or conservative,Moderate,69.0,,Has the right experience,White,White,State questionnaire,White,White,,,,,South,,,,Hillary Clinton,Male,White men,Suburbs,Suburbs,Alabama,Election day exit poll,Just today,Last few days,In the last month,This month,Only Clinton did,Only Clinton or Both of them,Only Clinton or Neither of them,,Only Clinton or Both of them,Only Clinton,Only Clinton or Neither of them,Version 1,2.0115110874176,Yes
403634.0,18-29,18-29,25-29,18-44,18-49,18-29,25-29,Black 18-29,Black 18-29,Black 18-29,Hillary Clinton,,,Complete,Call 1,5.0,,Favors the wealthy,Very worried,Worried,College graduate,College graduate,More than High school graduate,Non white college degree,1.0,,,Both of them,Only Clinton or Both of them,Only Sanders or Both of them,100k or more,"$30,000 or more",50k or more,100 thousand or more,"$100,000-$199,999","$100,000-$199,999","Over $50,000 and non white",,,,Terrorism,Generally continue Barack Obama's policies,Have experience in politics,18-44,18-64,Democrat,Black Democrat,Black Democrat,Democrat,Non-White Democrats,Very liberal,Liberal,Liberal,46.0,,Honest and trustworthy,Black,Black,State questionnaire,Black,Non-white,,,,,South,,,,Hillary Clinton,Male,Black men,"Cities 50,000-500,000","Cities over 50,000",Alabama,Election day exit poll,Before that,Earlier than that,Earlier than that,Earlier than that,Neither did,Only Sanders or Neither of them,Only Clinton or Neither of them,,Only Clinton or Both of them,Only Clinton,Only Clinton or Neither of them,Version 1,0.42626217007637,No
417148.0,30-44,30-59,40-44,18-44,18-49,30-44,40-49,Black 30-44,Black 30-44,Black 30-44,Hillary Clinton,,,Complete,Call 3,3.0,,Favors the wealthy,Very worried,Worried,Some college/assoc. degree,No college degree,More than High school graduate,Non white no college degree,2.0,,,Only Clinton,Only Clinton or Both of them,Only Clinton or Neither of them,Less than 100k,"$30,000 or more",Less than 50k,Less than 50 thousand,"Under $50,000","$30,000-$49,999","Under $50,000 and non white",,,,Economy/Jobs,Change to less liberal policies,Have experience in politics,18-44,18-64,Democrat,Black Democrat,Black Democrat,Democrat,Non-White Democrats,Moderate,Moderate or conservative,Moderate,9.0,,Cares about people like me,Black,Black,State questionnaire,Black,Non-white,,,,,South,,,,Hillary Clinton,Female,Black women,"Cities 10,000-50,000",Small Cities/Rural,Alabama,Election day exit poll,In the last month,Earlier than that,In the last month,Earlier than that,Neither did,Only Sanders or Neither of them,Only Clinton or Neither of them,,Only Clinton or Both of them,Only Clinton,Only Clinton or Neither of them,Version 1,0.653250634670258,No
417147.0,30-44,30-59,30-39,18-44,18-49,30-44,30-39,Non-Black 30-44,All others,Latino 65+,Hillary Clinton,,,Complete,Call 3,1.0,,Favors the wealthy,Not at all worried,Not worried,College graduate,College graduate,More than High school graduate,Non white college degree,4.0,,,Both of them,Only Clinton or Both of them,Only Sanders or Both of them,Less than 100k,"$30,000 or more",Less than 50k,Less than 50 thousand,"Under $50,000","$30,000-$49,999","Under $50,000 and non white",,,,Health care,Generally continue Barack Obama's policies,Have experience in politics,18-44,18-64,Independent/Something else,Non-black non-Democrat,All Other,Independent,All others,Moderate,Moderate or conservative,Moderate,58.0,,Honest and trustworthy,Other,Other,State questionnaire,Other,Non-white,,,,,South,,,,Hillary Clinton,Female,All other races,"Cities 50,000-500,000","Cities over 50,000",Alabama,Election day exit poll,In the last few days,Last few days,In the last month,This month,Both did,Only Clinton or Both of them,Only Sanders or Both of them,,Only Clinton or Both of them,Both of them,Only Sanders or Both of them,Version 1,0.899799287319183,No
403629.0,30-44,30-59,30-39,18-44,18-49,30-44,30-39,Black 30-44,Black 30-44,Black 30-44,Hillary Clinton,,,Complete,Call 1,7.0,,Favors the wealthy,Very worried,Worried,College graduate,College graduate,More than High school graduate,Non white college degree,3.0,,,Only Clinton,Only Clinton or Both of them,Only Clinton or Neither of them,Less than 100k,"$30,000 or more",Less than 50k,Less than 50 thousand,"Under $50,000","$30,000-$49,999","Under $50,000 and non white",,,,Economy/Jobs,Generally continue Barack Obama's policies,Be from outside the political establishment,18-44,18-64,Democrat,Black Democrat,Black Democrat,Democrat,Non-White Democrats,Somewhat liberal,Liberal,Liberal,17.0,,Cares about people like me,Black,Black,State questionnaire,Black,Non-white,,,,,South,,,,Hillary Clinton,Female,Black women,Rural,Small Cities/Rural,Alabama,Election day exit poll,Before that,Earlier than that,Earlier than that,Earlier than that,Neither did,Only Sanders or Neither of them,Only Clinton or Neither of them,,Only Clinton or Both of them,Both of them,Only Sanders or Both of them,Version 1,1.16565835475922,No
405557.0,65+,60+,65 or over,45+,50+,60+,65+,,,,Hillary Clinton,,,Complete,Call 1,1.0,,Favors the wealthy,Very worried,Worried,High school or less,No college degree,High school graduate or less,,4.0,,,Only Clinton,Only Clinton or Both of them,Only Clinton or Neither of them,Less than 100k,"$30,000 or more",50k or more,50 to 100 thousand,"$50,000-$99,999","$50,000-$99,999",,,,,Terrorism,Generally continue Barack Obama's policies,Have experience in politics,45+,65+,Democrat,,,Democrat,,Very liberal,Liberal,Liberal,62.0,,Honest and trustworthy,,,State questionnaire,,,,,,,South,,,,Hillary Clinton,Male,,Suburbs,Suburbs,Alabama,Election day exit poll,Just today,Last few days,In the last month,This month,Both did,Only Clinton or Both of them,Only Sanders or Both of them,,Only Clinton or Both of them,Only Clinton,Only Clinton or Neither of them,Version 1,1.19364166259766,No
403623.0,45-65,30-59,50-59,45+,50+,45-59,50-64,Non-Black 45-59,White 45-59,White 45-64,Hillary Clinton,,,Complete,Call 1,4.0,,Favors the wealthy,Somewhat worried,Worried,Some college/assoc. degree,No college degree,More than High school graduate,White no college degree,1.0,,,Both of them,Only Clinton or Both of them,Only Sanders or Both of them,Less than 100k,"$30,000 or more",50k or more,50 to 100 thousand,"$50,000-$99,999","$50,000-$99,999","Over $50,000 and white",,,,Income inequality,Change to less liberal policies,Have experience in politics,45+,18-64,Independent/Something else,Non-black non-Democrat,White Independent,Independent,White Independent,Moderate,Moderate or conservative,Moderate,16.0,,Has the right experience,White,White,State questionnaire,White,White,,,,,South,,,,Hillary Clinton,Female,White women,Rural,Small Cities/Rural,Alabama,Election day exit poll,Before that,Earlier than that,Earlier than that,Earlier than that,Neither did,Only Sanders or Neither of them,Only Clinton or Neither of them,,Only Clinton or Both of them,Both of them,Only Sanders or Both of them,Version 1,0.909865379333496,No
418030.0,30-44,30-59,40-44,18-44,18-49,30-44,40-49,Non-Black 30-44,White 30-44,White 30-44,Hillary Clinton,,,Complete,Call 3,1.0,,Favors the wealthy,Not too worried,Not worried,Postgraduate study,College graduate,More than High school graduate,White college degree,4.0,,,Both of them,Only Clinton or Both of them,Only Sanders or Both of them,100k or more,"$30,000 or more",50k or more,100 thousand or more,"$100,000-$199,999","$100,000-$199,999","Over $50,000 and white",,,,Health care,Generally continue Barack Obama's policies,Have experience in politics,18-44,18-64,Independent/Something else,Non-black non-Democrat,White Independent,Independent,White Independent,,,,60.0,,Has the right experience,White,White,State questionnaire,White,White,,,,,South,,,,Hillary Clinton,Female,White women,Suburbs,Suburbs,Alabama,Election day exit poll,In the last few days,Last few days,In the last month,This month,Neither did,Only Sanders or Neither of them,Only Clinton or Neither of them,,Only Clinton or Both of them,Both of them,Only Sanders or Both of them,Version 1,0.972134470939636,No
403620.0,30-44,30-59,40-44,18-44,18-49,30-44,40-49,Black 30-44,Black 30-44,Black 30-44,Hillary Clinton,,,Complete,Call 1,7.0,,Is fair to most Americans,Not at all worried,Not worried,High school or less,No college degree,High school graduate or less,Non white no college degree,3.0,,,Only Clinton,Only Clinton or Both of them,Only Clinton or Neither of them,Less than 100k,"Under $30,000",Less than 50k,Less than 50 thousand,"Under $50,000","Under $30,000","Under $50,000 and non white",,,,Economy/Jobs,Generally continue Barack Obama's policies,Have experience in politics,18-44,18-64,Democrat,Black Democrat,Black Democrat,Democrat,Non-White Democrats,Somewhat liberal,Liberal,Liberal,33.0,,Can win in November,Black,Black,State questionnaire,Black,Non-white,,,,,South,,,,Hillary Clinton,Female,Black women,"Cities 50,000-500,000","Cities over 50,000",Alabama,Election day exit poll,In the last month,Earlier than that,In the last month,Earlier than that,Only Clinton did,Only Clinton or Both of them,Only Clinton or Neither of them,,Only Clinton or Both of them,Only Clinton,Only Clinton or Neither of them,Version 1,2.09147810935974,No
403617.0,45-65,30-59,45-49,45+,18-49,45-59,40-49,Black 45-59,Black 45-59,Black 45-64,Hillary Clinton,,,Complete,Call 1,7.0,,Is fair to most Americans,Somewhat worried,Worried,College graduate,College graduate,More than High school graduate,Non white college degree,3.0,,,Only Clinton,Only Clinton or Both of them,Only Clinton or Neither of them,Less than 100k,"$30,000 or more",50k or more,50 to 100 thousand,"$50,000-$99,999","$50,000-$99,999","Over $50,000 and non white",,,,Economy/Jobs,Generally continue Barack Obama's policies,Have experience in politics,45+,18-64,Democrat,Black Democrat,Black Democrat,Democrat,Non-White Democrats,Somewhat liberal,Liberal,Liberal,34.0,,Cares about people like me,Black,Black,State questionnaire,Black,Non-white,,,,,South,,,,Hillary Clinton,Female,Black women,"Cities 50,000-500,000","Cities over 50,000",Alabama,Election day exit poll,Before that,Earlier than that,Earlier than that,Earlier than that,Only Sanders did,Only Sanders or Neither of them,Only Sanders or Both of them,,Only Clinton or Both of them,Only Clinton,Only Clinton or Neither of them,Version 1,2.08624958992004,No
403593.0,45-65,60+,60-64,45+,50+,60+,50-64,Black 60+,Black 60+,Black 45-64,Hillary Clinton,,,Complete,Call 1,1.0,,Favors the wealthy,Not at all worried,Not worried,Some college/assoc. degree,No college degree,More than High school graduate,Non white no college degree,4.0,,,Only Clinton,Only Clinton or Both of them,Only Clinton or Neither of them,Less than 100k,"$30,000 or more",Less than 50k,Less than 50 thousand,"Under $50,000","$30,000-$49,999","Under $50,000 and non white",,,,Economy/Jobs,Generally continue Barack Obama's policies,Have experience in politics,45+,18-64,Democrat,Black Democrat,Black Democrat,Democrat,Non-White Democrats,Conservative,Moderate or conservative,Conservative,58.0,,Has the right experience,Black,Black,State questionnaire,Black,Non-white,,,,,South,,,,Hillary Clinton,Female,Black women,"Cities 50,000-500,000","Cities over 50,000",Alabama,Election day exit poll,Before that,Earlier than that,Earlier than that,Earlier than that,Only Sanders did,Only Sanders or Neither of them,Only Sanders or Both of them,,Only Clinton or Both of them,Only Clinton,Only Clinton or Neither of them,Version 1,0.276577264070511,No
403587.0,45-65,30-59,45-49,45+,18-49,45-59,40-49,Black 45-59,Black 45-59,Black 45-64,Hillary Clinton,,,Complete,Call 1,7.0,,Favors the wealthy,Not too worried,Not worried,College graduate,College graduate,More than High school graduate,Non white college degree,3.0,,,Both of them,Only Clinton or Both of them,Only Sanders or Both of them,Less than 100k,"$30,000 or more",50k or more,50 to 100 thousand,"$50,000-$99,999","$50,000-$99,999","Over $50,000 and non white",,,,Economy/Jobs,Generally continue Barack Obama's policies,Have experience in politics,45+,18-64,Democrat,Black Democrat,Black Democrat,Democrat,Non-White Democrats,Moderate,Moderate or conservative,Moderate,33.0,,Cares about people like me,Black,Black,State questionnaire,Black,Non-white,,,,,South,,,,Hillary Clinton,Male,Black men,"Cities 50,000-500,000","Cities over 50,000",Alabama,Election day exit poll,Before that,Earlier than that,Earlier than that,Earlier than that,Neither did,Only Sanders or Neither of them,Only Clinton or Neither of them,,Only Clinton or Both of them,Both of them,Only Sanders or Both of them,Version 1,2.30634713172913,No
403586.0,30-44,30-59,30-39,18-44,18-49,30-44,30-39,Black 30-44,Black 30-44,Black 30-44,Hillary Clinton,,,Complete,Call 1,3.0,,Favors the wealthy,Very worried,Worried,College graduate,College graduate,More than High school graduate,Non white college degree,2.0,,,Both of them,Only Clinton or Both of them,Only Sanders or Both of them,Less than 100k,"$30,000 or more",50k or more,50 to 100 thousand,"$50,000-$99,999","$50,000-$99,999","Over $50,000 and non white",,,,Terrorism,Generally continue Barack Obama's policies,Have experience in politics,18-44,18-64,Democrat,Black Democrat,Black Democrat,Democrat,Non-White Democrats,Somewhat liberal,Liberal,Liberal,73.0,,Cares about people like me,Black,Black,State questionnaire,Black,Non-white,,,,,South,,,,Hillary Clinton,Female,Black women,Suburbs,Suburbs,Alabama,Election day exit poll,Just today,Last few days,In the last month,This month,Both did,Only Clinton or Both of them,Only Sanders or Both of them,,Only Clinton or Both of them,Both of them,Only Sanders or Both of them,Version 1,0.578375518321991,No
417100.0,30-44,30-59,30-39,18-44,18-49,30-44,30-39,Black 30-44,Black 30-44,Black 30-44,Hillary Clinton,,,Complete,Call 3,1.0,,Favors the wealthy,Very worried,Worried,High school or less,No college degree,High school graduate or less,Non white no college degree,4.0,,,Only Clinton,Only Clinton or Both of them,Only Clinton or Neither of them,Less than 100k,"Under $30,000",Less than 50k,Less than 50 thousand,"Under $50,000","Under $30,000","Under $50,000 and non white",,,,Health care,Change to less liberal policies,Have experience in politics,18-44,18-64,Democrat,Black Democrat,Black Democrat,Democrat,Non-White Democrats,Somewhat liberal,Liberal,Liberal,58.0,,Has the right experience,Black,Black,State questionnaire,Black,Non-white,,,,,South,,,,Hillary Clinton,Female,Black women,"Cities 50,000-500,000","Cities over 50,000",Alabama,Election day exit poll,Before that,Earlier than that,Earlier than that,Earlier than that,Only Clinton did,Only Clinton or Both of them,Only Clinton or Neither of them,,Only Clinton or Both of them,Only Clinton,Only Clinton or Neither of them,Version 1,0.241849914193153,No
417086.0,18-29,18-29,25-29,18-44,18-49,18-29,25-29,Non-Black 18-29,White 18-29,White 18-29,Bernie Sanders,,,Complete,Call 3,5.0,,Favors the wealthy,Somewhat worried,Worried,College graduate,College graduate,More than High school graduate,White college degree,1.0,,,Only Sanders,Only Sanders or Neither of them,Only Sanders or Both of them,Less than 100k,"$30,000 or more",50k or more,50 to 100 thousand,"$50,000-$99,999","$50,000-$99,999","Over $50,000 and white",,,,Income inequality,Change to more liberal policies,Have experience in politics,18-44,18-64,Democrat,Non-black Democrat,White Democrat,Democrat,White Democrat,Somewhat liberal,Liberal,Liberal,49.0,,Honest and trustworthy,White,White,State questionnaire,White,White,,,,,South,,,,Bernie Sanders,Female,White women,"Cities 50,000-500,000","Cities over 50,000",Alabama,Election day exit poll,Before that,Earlier than that,Earlier than that,Earlier than that,Only Clinton did,Only Clinton or Both of them,Only Clinton or Neither of them,,Only Sanders or Neither of them,Only Sanders,Only Sanders or Both of them,Version 1,0.859481871128082,No
403566.0,65+,60+,65 or over,45+,50+,60+,65+,Non-Black 60+,White 60+,White 65+,Bernie Sanders,,,Complete,Call 1,7.0,,Is fair to most Americans,Somewhat worried,Worried,Some college/assoc. degree,No college degree,More than High school graduate,White no college degree,3.0,,,Only Sanders,Only Sanders or Neither of them,Only Sanders or Both of them,Less than 100k,"Under $30,000",Less than 50k,Less than 50 thousand,"Under $50,000","Under $30,000","Under $50,000 and white",,,,Economy/Jobs,Omit,Be from outside the political establishment,45+,65+,Democrat,Non-black Democrat,White Democrat,Democrat,White Democrat,Conservative,Moderate or conservative,Conservative,34.0,,Has the right experience,White,White,State questionnaire,White,White,,,,,South,,,,Bernie Sanders,Female,White women,"Cities 50,000-500,000","Cities over 50,000",Alabama,Election day exit poll,In the last few days,Last few days,In the last month,This month,Neither did,Only Sanders or Neither of them,Only Clinton or Neither of them,,Only Sanders or Neither of them,Neither of them,Only Clinton or Neither of them,Version 1,3.48627543449402,Yes
417490.0,18-29,18-29,18-24,18-44,18-49,18-29,18-24,Black 18-29,Black 18-29,Black 18-29,Bernie Sanders,,,Complete,Call 3,7.0,,Favors the wealthy,Very worried,Worried,College graduate,College graduate,More than High school graduate,Non white college degree,3.0,,,Only Sanders,Only Sanders or Neither of them,Only Sanders or Both of them,Less than 100k,"$30,000 or more",Less than 50k,Less than 50 thousand,"Under $50,000","$30,000-$49,999","Under $50,000 and non white",,,,Economy/Jobs,Generally continue Barack Obama's policies,Have experience in politics,18-44,18-64,Democrat,Black Democrat,Black Democrat,Democrat,Non-White Democrats,Somewhat liberal,Liberal,Liberal,33.0,,Cares about people like me,Black,Black,State questionnaire,Black,Non-white,,,,,South,,,,Bernie Sanders,Female,Black women,"Cities 50,000-500,000","Cities over 50,000",Alabama,Election day exit poll,In the last few days,Last few days,In the last month,This month,Neither did,Only Sanders or Neither of them,Only Clinton or Neither of them,,Only Sanders or Neither of them,Only Sanders,Only Sanders or Both of them,Version 1,1.04111814498901,No
403418.0,45-65,30-59,50-59,45+,50+,45-59,50-64,Non-Black 45-59,White 45-59,White 45-64,Bernie Sanders,,,Complete,Call 1,2.0,,Favors the wealthy,Somewhat worried,Worried,High school or less,No college degree,High school graduate or less,White no college degree,3.0,,,Only Clinton,Only Clinton or Both of them,Only Clinton or Neither of them,Less than 100k,"Under $30,000",Less than 50k,Less than 50 thousand,"Under $50,000","Under $30,000","Under $50,000 and white",,,,Income inequality,Generally continue Barack Obama's policies,Have experience in politics,45+,18-64,Democrat,Non-black Democrat,White Democrat,Democrat,White Democrat,,,,67.0,,Cares about people like me,White,White,State questionnaire,White,White,,,,,South,,,,Hillary Clinton,Male,White men,"Cities 50,000-500,000","Cities over 50,000",Alabama,Election day exit poll,Just today,Last few days,In the last month,This month,Neither did,Only Sanders or Neither of them,Only Clinton or Neither of them,,Only Clinton or Both of them,Only Clinton,Only Clinton or Neither of them,Version 1,1.42577505111694,Yes
415003.0,30-44,30-59,30-39,18-44,18-49,30-44,30-39,Non-Black 30-44,White 30-44,White 30-44,Bernie Sanders,,,Complete,Call 3,7.0,,Favors the wealthy,Very worried,Worried,Postgraduate study,College graduate,More than High school graduate,White college degree,3.0,,,Only Sanders,Only Sanders or Neither of them,Only Sanders or Both of them,Less than 100k,"$30,000 or more",Less than 50k,Less than 50 thousand,"Under $50,000","$30,000-$49,999","Under $50,000 and white",,,,Economy/Jobs,Generally continue Barack Obama's policies,Be from outside the political establishment,18-44,18-64,Independent/Something else,Non-black non-Democrat,White Independent,Independent,White Independent,Very liberal,Liberal,Liberal,34.0,,Cares about people like me,White,White,State questionnaire,White,White,,,,,South,,,,Bernie Sanders,Male,White men,"Cities 50,000-500,000","Cities over 50,000",Alabama,Election day exit poll,Before that,Earlier than that,Earlier than that,Earlier than that,Neither did,Only Sanders or Neither of them,Only Clinton or Neither of them,,Only Clinton or Both of them,Both of them,Only Sanders or Both of them,Version 1,3.08077716827393,No
404283.0,30-44,30-59,40-44,18-44,18-49,30-44,40-49,Non-Black 30-44,White 30-44,White 30-44,Bernie Sanders,,,Complete,Call 1,6.0,,Favors the wealthy,Somewhat worried,Worried,College graduate,College graduate,More than High school graduate,White college degree,2.0,,,Only Sanders,Only Sanders or Neither of them,Only Sanders or Both of them,Less than 100k,"$30,000 or more",50k or more,50 to 100 thousand,"$50,000-$99,999","$50,000-$99,999","Over $50,000 and white",,,,Income inequality,Change to more liberal policies,Have experience in politics,18-44,18-64,Independent/Something else,Non-black non-Democrat,White Independent,Independent,White Independent,Very liberal,Liberal,Liberal,74.0,,Honest and trustworthy,White,White,State questionnaire,White,White,,,,,South,,,,Bernie Sanders,Female,White women,Suburbs,Suburbs,Alabama,Election day exit poll,Before that,Earlier than that,Earlier than that,Earlier than that,Neither did,Only Sanders or Neither of them,Only Clinton or Neither of them,,Only Sanders or Neither of them,Only Sanders,Only Sanders or Both of them,Version 1,1.14428186416626,No
411127.0,65+,60+,65 or over,45+,50+,60+,65+,Non-Black 60+,White 60+,White 65+,Bernie Sanders,,,Complete,Call 2,5.0,,Favors the wealthy,Very worried,Worried,Postgraduate study,College graduate,More than High school graduate,White college degree,1.0,,,Only Sanders,Only Sanders or Neither of them,Only Sanders or Both of them,Less than 100k,"$30,000 or more",Less than 50k,Less than 50 thousand,"Under $50,000","$30,000-$49,999","Under $50,000 and white",,,,Income inequality,Change to less liberal policies,Have experience in politics,45+,65+,Democrat,Non-black Democrat,White Democrat,Democrat,White Democrat,Very liberal,Liberal,Liberal,49.0,,Honest and trustworthy,White,White,State questionnaire,White,White,,,,,South,,,,Bernie Sanders,Female,White women,"Cities 50,000-500,000","Cities over 50,000",Alabama,Election day exit poll,Just today,Last few days,In the last month,This month,Only Clinton did,Only Clinton or Both of them,Only Clinton or Neither of them,,Only Sanders or Neither of them,Only Sanders,Only Sanders or Both of them,Version 1,0.933767318725586,No
404225.0,45-65,30-59,50-59,45+,50+,45-59,50-64,Non-Black 45-59,White 45-59,White 45-64,Bernie Sanders,,,Complete,Call 1,1.0,,Favors the wealthy,Very worried,Worried,College graduate,College graduate,More than High school graduate,White college degree,4.0,,,Both of them,Only Clinton or Both of them,Only Sanders or Both of them,Less than 100k,"$30,000 or more",Less than 50k,Less than 50 thousand,"Under $50,000","$30,000-$49,999","Under $50,000 and white",,,,Economy/Jobs,Change to more liberal policies,Have experience in politics,45+,18-64,Independent/Something else,Non-black non-Democrat,White Independent,Independent,White Independent,Very liberal,Liberal,Liberal,59.0,,Cares about people like me,White,White,State questionnaire,White,White,,,,,South,,,,Bernie Sanders,Female,White women,"Cities 50,000-500,000","Cities over 50,000",Alabama,Election day exit poll,Before that,Earlier than that,Earlier than that,Earlier than that,Neither did,Only Sanders or Neither of them,Only Clinton or Neither of them,,Only Clinton or Both of them,Both of them,Only Sanders or Both of them,Version 1,0.762987375259399,No
411064.0,45-65,60+,60-64,45+,50+,60+,50-64,Non-Black 60+,Latino 60+,Latino 45-64,Bernie Sanders,,,Complete,Call 2,5.0,,Favors the wealthy,Very worried,Worried,Some college/assoc. degree,No college degree,More than High school graduate,Non white no college degree,1.0,,,Only Sanders,Only Sanders or Neither of them,Only Sanders or Both of them,Less than 100k,"Under $30,000",Less than 50k,Less than 50 thousand,"Under $50,000","Under $30,000","Under $50,000 and non white",,,,Health care,Change to more liberal policies,Have experience in politics,45+,18-64,Independent/Something else,Non-black non-Democrat,Latino Independent,Independent,All others,Somewhat liberal,Liberal,Liberal,49.0,,Cares about people like me,Other,Hispanic/Latino,State questionnaire,Hispanic/Latino,Non-white,,,,,South,,,,Bernie Sanders,Female,Latino women,"Cities 50,000-500,000","Cities over 50,000",Alabama,Election day exit poll,Before that,Earlier than that,Earlier than that,Earlier than that,Neither did,Only Sanders or Neither of them,Only Clinton or Neither of them,,Only Sanders or Neither of them,Only Sanders,Only Sanders or Both of them,Version 1,0.933767318725586,No
416841.0,45-65,30-59,50-59,45+,50+,45-59,50-64,Non-Black 45-59,White 45-59,White 45-64,Bernie Sanders,,,Complete,Call 3,3.0,,Favors the wealthy,Somewhat worried,Worried,Some college/assoc. degree,No college degree,More than High school graduate,White no college degree,2.0,,,Both of them,Only Clinton or Both of them,Only Sanders or Both of them,Less than 100k,"$30,000 or more",50k or more,50 to 100 thousand,"$50,000-$99,999","$50,000-$99,999","Over $50,000 and white",,,,Income inequality,Change to more liberal policies,Have experience in politics,45+,18-64,Independent/Something else,Non-black non-Democrat,White Independent,Independent,White Independent,Very liberal,Liberal,Liberal,7.0,,Honest and trustworthy,White,White,State questionnaire,White,White,,,,,South,,,,Bernie Sanders,Male,White men,Suburbs,Suburbs,Alabama,Election day exit poll,In the last month,Earlier than that,In the last month,Earlier than that,Neither did,Only Sanders or Neither of them,Only Clinton or Neither of them,,Only Clinton or Both of them,Both of them,Only Sanders or Both of them,Version 1,0.644117295742035,No
403279.0,65+,60+,65 or over,45+,50+,60+,65+,Non-Black 60+,White 60+,White 65+,Bernie Sanders,,,Complete,Call 1,1.0,,Favors the wealthy,Somewhat worried,Worried,Postgraduate study,College graduate,More than High school graduate,White college degree,4.0,,,Only Sanders,Only Sanders or Neither of them,Only Sanders or Both of them,Less than 100k,"Under $30,000",Less than 50k,Less than 50 thousand,"Under $50,000","Under $30,000","Under $50,000 and white",,,,Economy/Jobs,Change to less liberal policies,Be from outside the political establishment,45+,65+,Democrat,Non-black Democrat,White Democrat,Democrat,White Democrat,Moderate,Moderate or conservative,Moderate,58.0,,Has the right experience,White,White,State questionnaire,White,White,,,,,South,,,,Bernie Sanders,Female,White women,"Cities 50,000-500,000","Cities over 50,000",Alabama,Election day exit poll,Before that,Earlier than that,Earlier than that,Earlier than that,Neither did,Only Sanders or Neither of them,Only Clinton or Neither of them,,Only Sanders or Neither of them,Only Sanders,Only Sanders or Both of them,Version 1,0.735803365707397,No
410995.0,45-65,30-59,50-59,45+,50+,45-59,50-64,Non-Black 45-59,White 45-59,White 45-64,Bernie Sanders,,,Complete,Call 2,5.0,,Favors the wealthy,Somewhat worried,Worried,Postgraduate study,College graduate,More than High school graduate,White college degree,1.0,,,Both of them,Only Clinton or Both of them,Only Sanders or Both of them,100k or more,"$30,000 or more",50k or more,100 thousand or more,"$100,000-$199,999","$100,000-$199,999","Over $50,000 and white",,,,Income inequality,Change to more liberal policies,Have experience in politics,45+,18-64,Democrat,Non-black Democrat,White Democrat,Democrat,White Democrat,Somewhat liberal,Liberal,Liberal,49.0,,Cares about people like me,White,White,State questionnaire,White,White,,,,,South,,,,Hillary Clinton,Male,White men,"Cities 50,000-500,000","Cities over 50,000",Alabama,Election day exit poll,Before that,Earlier than that,Earlier than that,Earlier than that,Neither did,Only Sanders or Neither of them,Only Clinton or Neither of them,,Only Clinton or Both of them,Both of them,Only Sanders or Both of them,Version 1,0.87825620174408,No
403260.0,18-29,18-29,18-24,18-44,18-49,18-29,18-24,Non-Black 18-29,White 18-29,White 18-29,Bernie Sanders,,,Complete,Call 1,5.0,,Is fair to most Americans,Very worried,Worried,Some college/assoc. degree,No college degree,More than High school graduate,White no college degree,1.0,,,Only Sanders,Only Sanders or Neither of them,Only Sanders or Both of them,Less than 100k,"$30,000 or more",Less than 50k,Less than 50 thousand,"Under $50,000","$30,000-$49,999","Under $50,000 and white",,,,Income inequality,Change to more liberal policies,Omit,18-44,18-64,Independent/Something else,Non-black non-Democrat,White Independent,Independent,White Independent,Very liberal,Liberal,Liberal,23.0,,Honest and trustworthy,White,White,State questionnaire,White,White,,,,,South,,,,Bernie Sanders,Female,White women,Rural,Small Cities/Rural,Alabama,Election day exit poll,Before that,Earlier than that,Earlier than that,Earlier than that,Neither did,Only Sanders or Neither of them,Only Clinton or Neither of them,,Only Sanders or Neither of them,Only Sanders,Only Sanders or Both of them,Version 1,0.961706042289734,Yes
416749.0,65+,60+,65 or over,45+,50+,60+,65+,Black 60+,Black 60+,Black 65+,Bernie Sanders,,,Complete,Call 3,2.0,,Favors the wealthy,Not at all worried,Not worried,Some college/assoc. degree,No college degree,More than High school graduate,Non white no college degree,3.0,,,Both of them,Only Clinton or Both of them,Only Sanders or Both of them,Less than 100k,"Under $30,000",Less than 50k,Less than 50 thousand,"Under $50,000","Under $30,000","Under $50,000 and non white",,,,Economy/Jobs,Generally continue Barack Obama's policies,Have experience in politics,45+,65+,Democrat,Black Democrat,Black Democrat,Democrat,Non-White Democrats,Moderate,Moderate or conservative,Moderate,67.0,,Cares about people like me,Black,Black,State questionnaire,Black,Non-white,,,,,South,,,,Bernie Sanders,Male,Black men,"Cities 50,000-500,000","Cities over 50,000",Alabama,Election day exit poll,Before that,Earlier than that,Earlier than that,Earlier than that,Neither did,Only Sanders or Neither of them,Only Clinton or Neither of them,,Only Sanders or Neither of them,Only Sanders,Only Sanders or Both of them,Version 1,0.48062202334404,No
416744.0,45-65,60+,60-64,45+,50+,60+,50-64,Non-Black 60+,White 60+,White 45-64,Bernie Sanders,,,Complete,Call 3,4.0,,Favors the wealthy,Not too worried,Not worried,College graduate,College graduate,More than High school graduate,White college degree,1.0,,,Both of them,Only Clinton or Both of them,Only Sanders or Both of them,Less than 100k,"$30,000 or more",50k or more,50 to 100 thousand,"$50,000-$99,999","$50,000-$99,999","Over $50,000 and white",,,,Health care,Generally continue Barack Obama's policies,Have experience in politics,45+,18-64,Democrat,Non-black Democrat,White Democrat,Democrat,White Democrat,Very liberal,Liberal,Liberal,16.0,,Honest and trustworthy,White,White,State questionnaire,White,White,,,,,South,,,,Bernie Sanders,Male,White men,Rural,Small Cities/Rural,Alabama,Election day exit poll,Before that,Earlier than that,Earlier than that,Earlier than that,Neither did,Only Sanders or Neither of them,Only Clinton or Neither of them,,Only Clinton or Both of them,Both of them,Only Sanders or Both of them,Version 1,0.840051710605621,No
403225.0,18-29,18-29,18-24,18-44,18-49,18-29,18-24,Non-Black 18-29,White 18-29,White 18-29,Bernie Sanders,,,Complete,Call 1,5.0,,Favors the wealthy,Very worried,Worried,Some college/assoc. degree,No college degree,More than High school graduate,White no college degree,1.0,,,Only Sanders,Only Sanders or Neither of them,Only Sanders or Both of them,Less than 100k,"Under $30,000",Less than 50k,Less than 50 thousand,"Under $50,000","Under $30,000","Under $50,000 and white",,,,Economy/Jobs,Change to more liberal policies,Have experience in politics,18-44,18-64,Independent/Something else,Non-black non-Democrat,White Independent,Independent,White Independent,Somewhat liberal,Liberal,Liberal,23.0,,Cares about people like me,White,White,State questionnaire,White,White,,,,,South,,,,Bernie Sanders,Female,White women,Rural,Small Cities/Rural,Alabama,Election day exit poll,Before that,Earlier than that,Earlier than that,Earlier than that,Only Clinton did,Only Clinton or Both of them,Only Clinton or Neither of them,,Only Sanders or Neither of them,Only Sanders,Only Sanders or Both of them,Version 1,0.961706042289734,Yes
403178.0,30-44,30-59,30-39,18-44,18-49,30-44,30-39,Non-Black 30-44,White 30-44,White 30-44,Bernie Sanders,,,Complete,Call 1,1.0,,Favors the wealthy,Not too worried,Not worried,College graduate,College graduate,More than High school graduate,White college degree,4.0,,,Both of them,Only Clinton or Both of them,Only Sanders or Both of them,Less than 100k,"$30,000 or more",50k or more,50 to 100 thousand,"$50,000-$99,999","$50,000-$99,999","Over $50,000 and white",,,,Health care,Generally continue Barack Obama's policies,Have experience in politics,18-44,18-64,Democrat,Non-black Democrat,White Democrat,Democrat,White Democrat,Very liberal,Liberal,Liberal,59.0,,Honest and trustworthy,White,White,State questionnaire,White,White,,,,,South,,,,Hillary Clinton,Female,White women,"Cities 50,000-500,000","Cities over 50,000",Alabama,Election day exit poll,Just today,Last few days,In the last month,This month,Neither did,Only Sanders or Neither of them,Only Clinton or Neither of them,,Only Clinton or Both of them,Both of them,Only Sanders or Both of them,Version 1,0.762987375259399,No
417140.0,18-29,18-29,18-24,18-44,18-49,18-29,18-24,Non-Black 18-29,White 18-29,White 18-29,Bernie Sanders,,,Complete,Call 3,6.0,,Is fair to most Americans,Somewhat worried,Worried,Some college/assoc. degree,No college degree,More than High school graduate,White no college degree,3.0,,,Only Sanders,Only Sanders or Neither of them,Only Sanders or Both of them,Less than 100k,"$30,000 or more",Less than 50k,Less than 50 thousand,"Under $50,000","$30,000-$49,999","Under $50,000 and white",,,,Economy/Jobs,Change to more liberal policies,Have experience in politics,18-44,18-64,Democrat,Non-black Democrat,White Democrat,Democrat,White Democrat,Somewhat liberal,Liberal,Liberal,26.0,,Cares about people like me,White,White,State questionnaire,White,White,,,,,South,,,,Bernie Sanders,Male,White men,"Cities 50,000-500,000","Cities over 50,000",Alabama,Election day exit poll,Before that,Earlier than that,Earlier than that,Earlier than that,Only Clinton did,Only Clinton or Both of them,Only Clinton or Neither of them,,Only Sanders or Neither of them,Only Sanders,Only Sanders or Both of them,Version 1,1.28938949108124,Yes
403141.0,18-29,18-29,18-24,18-44,18-49,18-29,18-24,Non-Black 18-29,Latino 18-29,Latino 18-29,Bernie Sanders,,,Complete,Call 1,3.0,,Is fair to most Americans,Somewhat worried,Worried,High school or less,No college degree,High school graduate or less,Non white no college degree,2.0,,,Only Sanders,Only Sanders or Neither of them,Only Sanders or Both of them,Less than 100k,"$30,000 or more",Less than 50k,Less than 50 thousand,"Under $50,000","$30,000-$49,999","Under $50,000 and non white",,,,Omit,Change to more liberal policies,Have experience in politics,18-44,18-64,Democrat,Non-black Democrat,Latino Democrat,Democrat,Non-White Democrats,Very liberal,Liberal,Liberal,7.0,,Honest and trustworthy,Other,Hispanic/Latino,State questionnaire,Hispanic/Latino,Non-white,,,,,South,,,,Bernie Sanders,Female,Latino women,Suburbs,Suburbs,Alabama,Election day exit poll,In the last month,Earlier than that,In the last month,Earlier than that,Neither did,Only Sanders or Neither of them,Only Clinton or Neither of them,,Only Clinton or Both of them,Both of them,Only Sanders or Both of them,Version 1,0.644117295742035,No
410840.0,45-65,30-59,50-59,45+,50+,45-59,50-64,Non-Black 45-59,All others,All others,Bernie Sanders,,,Complete,Call 2,5.0,,Is fair to most Americans,Very worried,Worried,Postgraduate study,College graduate,More than High school graduate,Non white college degree,1.0,,,Neither of them,Only Sanders or Neither of them,Only Clinton or Neither of them,Less than 100k,"Under $30,000",Less than 50k,Less than 50 thousand,"Under $50,000","Under $30,000","Under $50,000 and non white",,,,Economy/Jobs,Change to less liberal policies,Be from outside the political establishment,45+,18-64,Independent/Something else,Non-black non-Democrat,All Other,Something else,All others,Conservative,Moderate or conservative,Conservative,49.0,,Honest and trustworthy,Other,Other,State questionnaire,Other,Non-white,,,,,South,,,,Bernie Sanders,Male,All other races,"Cities 50,000-500,000","Cities over 50,000",Alabama,Election day exit poll,Before that,Earlier than that,Earlier than that,Earlier than that,Only Clinton did,Only Clinton or Both of them,Only Clinton or Neither of them,,Only Sanders or Neither of them,Neither of them,Only Clinton or Neither of them,Version 1,0.87825620174408,No
405037.0,45-65,30-59,50-59,45+,50+,45-59,50-64,Non-Black 45-59,White 45-59,White 45-64,Bernie Sanders,,,Complete,Call 1,6.0,,Favors the wealthy,Somewhat worried,Worried,Some college/assoc. degree,No college degree,More than High school graduate,White no college degree,3.0,,,Only Sanders,Only Sanders or Neither of them,Only Sanders or Both of them,Less than 100k,"$30,000 or more",Less than 50k,Less than 50 thousand,"Under $50,000","$30,000-$49,999","Under $50,000 and white",,,,Income inequality,Generally continue Barack Obama's policies,Have experience in politics,45+,18-64,Independent/Something else,Non-black non-Democrat,White Independent,Independent,White Independent,Moderate,Moderate or conservative,Moderate,31.0,,Cares about people like me,White,White,State questionnaire,White,White,,,,,South,,,,Bernie Sanders,Female,White women,Suburbs,Suburbs,Alabama,Election day exit poll,Before that,Earlier than that,Earlier than that,Earlier than that,Both did,Only Clinton or Both of them,Only Sanders or Both of them,,Only Sanders or Neither of them,Only Sanders,Only Sanders or Both of them,Version 1,0.621180474758148,Yes
403082.0,30-44,30-59,30-39,18-44,18-49,30-44,30-39,Non-Black 30-44,White 30-44,White 30-44,Bernie Sanders,,,Complete,Call 1,3.0,,Favors the wealthy,Very worried,Worried,Postgraduate study,College graduate,More than High school graduate,White college degree,2.0,,,Only Sanders,Only Sanders or Neither of them,Only Sanders or Both of them,Less than 100k,"$30,000 or more",50k or more,50 to 100 thousand,"$50,000-$99,999","$50,000-$99,999","Over $50,000 and white",,,,Income inequality,Change to more liberal policies,Have experience in politics,18-44,18-64,Independent/Something else,Non-black non-Democrat,White Independent,Independent,White Independent,Very liberal,Liberal,Liberal,7.0,,Honest and trustworthy,White,White,State questionnaire,White,White,,,,,South,,,,Bernie Sanders,Male,White men,Suburbs,Suburbs,Alabama,Election day exit poll,Before that,Earlier than that,Earlier than that,Earlier than that,Neither did,Only Sanders or Neither of them,Only Clinton or Neither of them,,Only Sanders or Neither of them,Only Sanders,Only Sanders or Both of them,Version 1,0.644117295742035,No
416589.0,45-65,30-59,45-49,45+,18-49,45-59,40-49,Non-Black 45-59,White 45-59,White 45-64,Bernie Sanders,,,Complete,Call 3,5.0,,Favors the wealthy,Very worried,Worried,Postgraduate study,College graduate,More than High school graduate,White college degree,1.0,,,Only Sanders,Only Sanders or Neither of them,Only Sanders or Both of them,100k or more,"$30,000 or more",50k or more,100 thousand or more,"$100,000-$199,999","$100,000-$199,999","Over $50,000 and white",,,,Income inequality,Generally continue Barack Obama's policies,Be from outside the political establishment,45+,18-64,Independent/Something else,Non-black non-Democrat,White Independent,Something else,White Independent,Somewhat liberal,Liberal,Liberal,46.0,,Honest and trustworthy,White,White,State questionnaire,White,White,,,,,South,,,,Bernie Sanders,Male,White men,"Cities 50,000-500,000","Cities over 50,000",Alabama,Election day exit poll,Before that,Earlier than that,Earlier than that,Earlier than that,Neither did,Only Sanders or Neither of them,Only Clinton or Neither of them,,Only Sanders or Neither of them,Only Sanders,Only Sanders or Both of them,Version 1,1.36501264572144,No
405001.0,18-29,18-29,25-29,18-44,18-49,18-29,25-29,Non-Black 18-29,White 18-29,White 18-29,Bernie Sanders,,,Complete,Call 1,6.0,,Favors the wealthy,Somewhat worried,Worried,College graduate,College graduate,More than High school graduate,White college degree,3.0,,,Neither of them,Only Sanders or Neither of them,Only Clinton or Neither of them,Less than 100k,"$30,000 or more",Less than 50k,Less than 50 thousand,"Under $50,000","$30,000-$49,999","Under $50,000 and white",,,,Economy/Jobs,Change to more liberal policies,Have experience in politics,18-44,18-64,Independent/Something else,Non-black non-Democrat,White Independent,Independent,White Independent,Moderate,Moderate or conservative,Moderate,31.0,,Cares about people like me,White,White,State questionnaire,White,White,,,,,South,,,,Bernie Sanders,Male,White men,Suburbs,Suburbs,Alabama,Election day exit poll,Just today,Last few days,In the last month,This month,Only Clinton did,Only Clinton or Both of them,Only Clinton or Neither of them,,Only Clinton or Both of them,Both of them,Only Sanders or Both of them,Version 1,0.739223778247833,No
403047.0,18-29,18-29,25-29,18-44,18-49,18-29,25-29,Non-Black 18-29,White 18-29,White 18-29,Bernie Sanders,,,Complete,Call 1,5.0,,Favors the wealthy,Very worried,Worried,College graduate,College graduate,More than High school graduate,White college degree,1.0,,,Only Sanders,Only Sanders or Neither of them,Only Sanders or Both of them,100k or more,"$30,000 or more",50k or more,100 thousand or more,"$100,000-$199,999","$100,000-$199,999","Over $50,000 and white",,,,Income inequality,Generally continue Barack Obama's policies,Have experience in politics,18-44,18-64,Independent/Something else,Non-black non-Democrat,White Independent,Independent,White Independent,Very liberal,Liberal,Liberal,46.0,,Cares about people like me,White,White,State questionnaire,White,White,,,,,South,,,,Bernie Sanders,Female,White women,"Cities 50,000-500,000","Cities over 50,000",Alabama,Election day exit poll,Before that,Earlier than that,Earlier than that,Earlier than that,Neither did,Only Sanders or Neither of them,Only Clinton or Neither of them,,Only Clinton or Both of them,Both of them,Only Sanders or Both of them,Version 1,1.33583295345306,No
417031.0,45-65,30-59,45-49,45+,18-49,45-59,40-49,Non-Black 45-59,White 45-59,White 45-64,Bernie Sanders,,,Complete,Call 3,6.0,,Favors the wealthy,Very worried,Worried,College graduate,College graduate,More than High school graduate,White college degree,3.0,,,Only Sanders,Only Sanders or Neither of them,Only Sanders or Both of them,Less than 100k,"$30,000 or more",50k or more,50 to 100 thousand,"$50,000-$99,999","$50,000-$99,999","Over $50,000 and white",,,,Income inequality,Generally continue Barack Obama's policies,Be from outside the political establishment,45+,18-64,Democrat,Non-black Democrat,White Democrat,Democrat,White Democrat,Somewhat liberal,Liberal,Liberal,26.0,,Cares about people like me,White,White,State questionnaire,White,White,,,,,South,,,,Bernie Sanders,Female,White women,"Cities 50,000-500,000","Cities over 50,000",Alabama,Election day exit poll,Just today,Last few days,In the last month,This month,Omit,Omit,Omit,,Only Sanders or Neither of them,Only Sanders,Only Sanders or Both of them,Version 1,1.08349275588989,No
417025.0,30-44,30-59,30-39,18-44,18-49,30-44,30-39,Black 30-44,Black 30-44,Black 30-44,Bernie Sanders,,,Complete,Call 3,1.0,,Favors the wealthy,Not too worried,Not worried,College graduate,College graduate,More than High school graduate,Non white college degree,4.0,,,Both of them,Only Clinton or Both of them,Only Sanders or Both of them,Less than 100k,"$30,000 or more",50k or more,50 to 100 thousand,"$50,000-$99,999","$50,000-$99,999","Over $50,000 and non white",,,,Economy/Jobs,Change to more liberal policies,Have experience in politics,18-44,18-64,Independent/Something else,Black non-Democrat,Black Independent,Independent,All others,Moderate,Moderate or conservative,Moderate,59.0,,Cares about people like me,Black,Black,State questionnaire,Black,Non-white,,,,,South,,,,Bernie Sanders,Male,Black men,"Cities 50,000-500,000","Cities over 50,000",Alabama,Election day exit poll,Just today,Last few days,In the last month,This month,Neither did,Only Sanders or Neither of them,Only Clinton or Neither of them,,Only Clinton or Both of them,Both of them,Only Sanders or Both of them,Version 1,0.331317067146301,No
403020.0,30-44,30-59,30-39,18-44,18-49,30-44,30-39,Non-Black 30-44,White 30-44,White 30-44,Bernie Sanders,,,Complete,Call 1,3.0,,Favors the wealthy,Very worried,Worried,Postgraduate study,College graduate,More than High school graduate,White college degree,2.0,,,Both of them,Only Clinton or Both of them,Only Sanders or Both of them,Less than 100k,"$30,000 or more",Less than 50k,Less than 50 thousand,"Under $50,000","$30,000-$49,999","Under $50,000 and white",,,,Economy/Jobs,Change to more liberal policies,Have experience in politics,18-44,18-64,Democrat,Non-black Democrat,White Democrat,Democrat,White Democrat,Very liberal,Liberal,Liberal,7.0,,Has the right experience,White,White,State questionnaire,White,White,,,,,South,,,,Bernie Sanders,Female,White women,Suburbs,Suburbs,Alabama,Election day exit poll,Before that,Earlier than that,Earlier than that,Earlier than that,Neither did,Only Sanders or Neither of them,Only Clinton or Neither of them,,Only Clinton or Both of them,Both of them,Only Sanders or Both of them,Version 1,0.644117295742035,No
403014.0,45-65,30-59,50-59,45+,50+,45-59,50-64,Non-Black 45-59,White 45-59,White 45-64,Bernie Sanders,,,Complete,Call 1,5.0,,Favors the wealthy,Somewhat worried,Worried,Postgraduate study,College graduate,More than High school graduate,White college degree,1.0,,,Only Sanders,Only Sanders or Neither of them,Only Sanders or Both of them,100k or more,"$30,000 or more",50k or more,100 thousand or more,"$100,000-$199,999","$100,000-$199,999","Over $50,000 and white",,,,Economy/Jobs,Change to more liberal policies,Have experience in politics,45+,18-64,Democrat,Non-black Democrat,White Democrat,Democrat,White Democrat,Very liberal,Liberal,Liberal,46.0,,Cares about people like me,White,White,State questionnaire,White,White,,,,,South,,,,Bernie Sanders,Male,White men,"Cities 50,000-500,000","Cities over 50,000",Alabama,Election day exit poll,Before that,Earlier than that,Earlier than that,Earlier than that,Neither did,Only Sanders or Neither of them,Only Clinton or Neither of them,,Only Clinton or Both of them,Both of them,Only Sanders or Both of them,Version 1,1.36501264572144,No
416525.0,18-29,18-29,25-29,18-44,18-49,18-29,25-29,Black 18-29,Black 18-29,Black 18-29,Bernie Sanders,,,Complete,Call 3,5.0,,Favors the wealthy,Not too worried,Not worried,College graduate,College graduate,More than High school graduate,Non white college degree,1.0,,,Only Sanders,Only Sanders or Neither of them,Only Sanders or Both of them,Less than 100k,"$30,000 or more",Less than 50k,Less than 50 thousand,"Under $50,000","$30,000-$49,999","Under $50,000 and non white",,,,Economy/Jobs,Change to more liberal policies,Have experience in politics,18-44,18-64,Independent/Something else,Black non-Democrat,Black Independent,Independent,All others,Very liberal,Liberal,Liberal,44.0,,Honest and trustworthy,Black,Black,State questionnaire,Black,Non-white,,,,,South,,,,Bernie Sanders,Male,Black men,"Cities 50,000-500,000","Cities over 50,000",Alabama,Election day exit poll,Before that,Earlier than that,Earlier than that,Earlier than that,Neither did,Only Sanders or Neither of them,Only Clinton or Neither of them,,Only Clinton or Both of them,Both of them,Only Sanders or Both of them,Version 1,0.571341216564178,No
404907.0,45-65,30-59,45-49,45+,18-49,45-59,40-49,Black 45-59,Black 45-59,Black 45-64,Bernie Sanders,,,Complete,Call 1,6.0,,Favors the wealthy,Somewhat worried,Worried,Postgraduate study,College graduate,More than High school graduate,Non white college degree,3.0,,,Only Clinton,Only Clinton or Both of them,Only Clinton or Neither of them,Less than 100k,"$30,000 or more",50k or more,50 to 100 thousand,"$50,000-$99,999","$50,000-$99,999","Over $50,000 and non white",,,,Economy/Jobs,Generally continue Barack Obama's policies,Have experience in politics,45+,18-64,Democrat,Black Democrat,Black Democrat,Democrat,Non-White Democrats,Moderate,Moderate or conservative,Moderate,31.0,,Cares about people like me,Black,Black,State questionnaire,Black,Non-white,,,,,South,,,,Hillary Clinton,Male,Black men,Suburbs,Suburbs,Alabama,Election day exit poll,Just today,Last few days,In the last month,This month,Only Clinton did,Only Clinton or Both of them,Only Clinton or Neither of them,,Only Clinton or Both of them,Only Clinton,Only Clinton or Neither of them,Version 1,0.23090948164463,No
402967.0,30-44,30-59,30-39,18-44,18-49,30-44,30-39,Non-Black 30-44,White 30-44,White 30-44,Bernie Sanders,,,Complete,Call 1,3.0,,Favors the wealthy,Somewhat worried,Worried,Some college/assoc. degree,No college degree,More than High school graduate,White no college degree,2.0,,,Only Sanders,Only Sanders or Neither of them,Only Sanders or Both of them,Less than 100k,"Under $30,000",Less than 50k,Less than 50 thousand,"Under $50,000","Under $30,000","Under $50,000 and white",,,,Economy/Jobs,Change to more liberal policies,Have experience in politics,18-44,18-64,Independent/Something else,Non-black non-Democrat,White Independent,Independent,White Independent,Somewhat liberal,Liberal,Liberal,7.0,,Honest and trustworthy,White,White,State questionnaire,White,White,,,,,South,,,,Bernie Sanders,Male,White men,Suburbs,Suburbs,Alabama,Election day exit poll,Before that,Earlier than that,Earlier than that,Earlier than that,Only Clinton did,Only Clinton or Both of them,Only Clinton or Neither of them,,Only Sanders or Neither of them,Only Sanders,Only Sanders or Both of them,Version 1,0.644117295742035,Yes
410682.0,45-65,30-59,45-49,45+,18-49,45-59,40-49,Non-Black 45-59,White 45-59,White 45-64,Bernie Sanders,,,Complete,Call 2,6.0,,Favors the wealthy,Somewhat worried,Worried,College graduate,College graduate,More than High school graduate,White college degree,2.0,,,Both of them,Only Clinton or Both of them,Only Sanders or Both of them,Less than 100k,"$30,000 or more",50k or more,50 to 100 thousand,"$50,000-$99,999","$50,000-$99,999","Over $50,000 and white",,,,Income inequality,Change to more liberal policies,Have experience in politics,45+,18-64,Democrat,Non-black Democrat,White Democrat,Democrat,White Democrat,Somewhat liberal,Liberal,Liberal,75.0,,Honest and trustworthy,White,White,State questionnaire,White,White,,,,,South,,,,Bernie Sanders,Male,White men,Suburbs,Suburbs,Alabama,Election day exit poll,Before that,Earlier than that,Earlier than that,Earlier than that,Neither did,Only Sanders or Neither of them,Only Clinton or Neither of them,,Only Clinton or Both of them,Both of them,Only Sanders or Both of them,Version 1,0.338623315095901,No
416934.0,18-29,18-29,25-29,18-44,18-49,18-29,25-29,Non-Black 18-29,White 18-29,White 18-29,Bernie Sanders,,,Complete,Call 3,3.0,,Favors the wealthy,Somewhat worried,Worried,Postgraduate study,College graduate,More than High school graduate,White college degree,2.0,,,Only Sanders,Only Sanders or Neither of them,Only Sanders or Both of them,Less than 100k,"$30,000 or more",Less than 50k,Less than 50 thousand,"Under $50,000","$30,000-$49,999","Under $50,000 and white",,,,Income inequality,Generally continue Barack Obama's policies,Have experience in politics,18-44,18-64,Democrat,Non-black Democrat,White Democrat,Democrat,White Democrat,Very liberal,Liberal,Liberal,7.0,,Cares about people like me,White,White,State questionnaire,White,White,,,,,South,,,,Bernie Sanders,Male,White men,Suburbs,Suburbs,Alabama,Election day exit poll,Before that,Earlier than that,Earlier than that,Earlier than that,Neither did,Only Sanders or Neither of them,Only Clinton or Neither of them,,Only Sanders or Neither of them,Only Sanders,Only Sanders or Both of them,Version 1,0.644117295742035,No
411312.0,45-65,60+,60-64,45+,50+,60+,50-64,Non-Black 60+,Latino 60+,Latino 45-64,Bernie Sanders,,,Complete,Call 2,5.0,,Favors the wealthy,Somewhat worried,Worried,Postgraduate study,College graduate,More than High school graduate,Non white college degree,1.0,,,Both of them,Only Clinton or Both of them,Only Sanders or Both of them,100k or more,"$30,000 or more",50k or more,100 thousand or more,"$100,000-$199,999","$100,000-$199,999","Over $50,000 and non white",,,,Economy/Jobs,Change to more liberal policies,Have experience in politics,45+,18-64,Democrat,Non-black Democrat,Latino Democrat,Democrat,Non-White Democrats,Very liberal,Liberal,Liberal,49.0,,Can win in November,Other,Hispanic/Latino,State questionnaire,Hispanic/Latino,Non-white,,,,,South,,,,Bernie Sanders,Female,Latino women,"Cities 50,000-500,000","Cities over 50,000",Alabama,Election day exit poll,Before that,Earlier than that,Earlier than that,Earlier than that,Neither did,Only Sanders or Neither of them,Only Clinton or Neither of them,,Omit,Omit,Omit,Version 1,0.933767318725586,No
402903.0,65+,60+,65 or over,45+,50+,60+,65+,Black 60+,Black 60+,Black 65+,Bernie Sanders,,,Complete,Call 1,5.0,,Favors the wealthy,Very worried,Worried,College graduate,College graduate,More than High school graduate,Non white college degree,1.0,,,Only Sanders,Only Sanders or Neither of them,Only Sanders or Both of them,100k or more,"$30,000 or more",50k or more,100 thousand or more,"$200,000 or more","$200,000 or more","Over $50,000 and non white",,,,Health care,Change to less liberal policies,Be from outside the political establishment,45+,65+,Democrat,Black Democrat,Black Democrat,Democrat,Non-White Democrats,Moderate,Moderate or conservative,Moderate,46.0,,Cares about people like me,Black,Black,State questionnaire,Black,Non-white,,,,,South,,,,Bernie Sanders,Female,Black women,"Cities 50,000-500,000","Cities over 50,000",Alabama,Election day exit poll,Before that,Earlier than that,Earlier than that,Earlier than that,Neither did,Only Sanders or Neither of them,Only Clinton or Neither of them,,Only Clinton or Both of them,Both of them,Only Sanders or Both of them,Version 1,0.42626217007637,No
416392.0,18-29,18-29,25-29,18-44,18-49,18-29,25-29,Non-Black 18-29,White 18-29,White 18-29,Bernie Sanders,,,Complete,Call 3,6.0,,Favors the wealthy,Somewhat worried,Worried,College graduate,College graduate,More than High school graduate,White college degree,2.0,,,Only Sanders,Only Sanders or Neither of them,Only Sanders or Both of them,Less than 100k,"$30,000 or more",50k or more,50 to 100 thousand,"$50,000-$99,999","$50,000-$99,999","Over $50,000 and white",,,,Health care,Change to more liberal policies,Have experience in politics,18-44,18-64,Democrat,Non-black Democrat,White Democrat,Democrat,White Democrat,Somewhat liberal,Liberal,Liberal,74.0,,Honest and trustworthy,White,White,State questionnaire,White,White,,,,,South,,,,Bernie Sanders,Female,White women,Suburbs,Suburbs,Alabama,Election day exit poll,In the last few days,Last few days,In the last month,This month,Neither did,Only Sanders or Neither of them,Only Clinton or Neither of them,,Only Sanders or Neither of them,Only Sanders,Only Sanders or Both of them,Version 1,1.14428186416626,No
402825.0,45-65,30-59,45-49,45+,18-49,45-59,40-49,Black 45-59,Black 45-59,Black 45-64,Bernie Sanders,,,Complete,Call 1,5.0,,Favors the wealthy,Somewhat worried,Worried,Some college/assoc. degree,No college degree,More than High school graduate,Non white no college degree,1.0,,,Only Sanders,Only Sanders or Neither of them,Only Sanders or Both of them,100k or more,"$30,000 or more",50k or more,100 thousand or more,"$100,000-$199,999","$100,000-$199,999","Over $50,000 and non white",,,,Terrorism,Change to more liberal policies,Have experience in politics,45+,18-64,Democrat,Black Democrat,Black Democrat,Democrat,Non-White Democrats,Moderate,Moderate or conservative,Moderate,46.0,,Cares about people like me,Black,Black,State questionnaire,Black,Non-white,,,,,South,,,,Bernie Sanders,Male,Black men,"Cities 50,000-500,000","Cities over 50,000",Alabama,Election day exit poll,In the last few days,Last few days,In the last month,This month,Neither did,Only Sanders or Neither of them,Only Clinton or Neither of them,,Only Clinton or Both of them,Both of them,Only Sanders or Both of them,Version 1,0.42626217007637,No
410543.0,30-44,30-59,30-39,18-44,18-49,30-44,30-39,,,,Bernie Sanders,,,Complete,Call 2,1.0,,Favors the wealthy,Not at all worried,Not worried,Some college/assoc. degree,No college degree,More than High school graduate,,4.0,,,Only Sanders,Only Sanders or Neither of them,Only Sanders or Both of them,Less than 100k,"Under $30,000",Less than 50k,Less than 50 thousand,"Under $50,000","Under $30,000",,,,,Income inequality,Generally continue Barack Obama's policies,Have experience in politics,18-44,18-64,Democrat,,,Democrat,,Moderate,Moderate or conservative,Moderate,1.0,,Honest and trustworthy,,,State questionnaire,,,,,,,South,,,,Bernie Sanders,Male,,Suburbs,Suburbs,Alabama,Election day exit poll,Before that,Earlier than that,Earlier than that,Earlier than that,Neither did,Only Sanders or Neither of them,Only Clinton or Neither of them,,Only Clinton or Both of them,Both of them,Only Sanders or Both of them,Version 1,0.233311355113983,
410537.0,18-29,18-29,18-24,18-44,18-49,18-29,18-24,Black 18-29,Black 18-29,Black 18-29,Bernie Sanders,,,Complete,Call 2,6.0,,Favors the wealthy,Somewhat worried,Worried,High school or less,No college degree,High school graduate or less,Non white no college degree,2.0,,,Only Sanders,Only Sanders or Neither of them,Only Sanders or Both of them,Less than 100k,"$30,000 or more",50k or more,50 to 100 thousand,"$50,000-$99,999","$50,000-$99,999","Over $50,000 and non white",,,,Economy/Jobs,Generally continue Barack Obama's policies,Have experience in politics,18-44,18-64,Democrat,Black Democrat,Black Democrat,Democrat,Non-White Democrats,Very liberal,Liberal,Liberal,75.0,,Cares about people like me,Black,Black,State questionnaire,Black,Non-white,,,,,South,,,,Bernie Sanders,Male,Black men,Suburbs,Suburbs,Alabama,Election day exit poll,In the last few days,Last few days,In the last month,This month,Neither did,Only Sanders or Neither of them,Only Clinton or Neither of them,,Only Clinton or Both of them,Both of them,Only Sanders or Both of them,Version 1,0.0966842919588089,No
416809.0,65+,60+,65 or over,45+,50+,60+,65+,Black 60+,Black 60+,Black 65+,Bernie Sanders,,,Complete,Call 3,6.0,,Favors the wealthy,Very worried,Worried,College graduate,College graduate,More than High school graduate,Non white college degree,3.0,,,Only Sanders,Only Sanders or Neither of them,Only Sanders or Both of them,Less than 100k,"$30,000 or more",Less than 50k,Less than 50 thousand,"Under $50,000","$30,000-$49,999","Under $50,000 and non white",,,,Income inequality,Generally continue Barack Obama's policies,Have experience in politics,45+,65+,Democrat,Black Democrat,Black Democrat,Democrat,Non-White Democrats,Conservative,Moderate or conservative,Conservative,31.0,,Has the right experience,Black,Black,State questionnaire,Black,Non-white,,,,,South,,,,Bernie Sanders,Male,Black men,Suburbs,Suburbs,Alabama,Election day exit poll,Before that,Earlier than that,Earlier than that,Earlier than that,Both did,Only Clinton or Both of them,Only Sanders or Both of them,,Only Clinton or Both of them,Both of them,Only Sanders or Both of them,Version 1,0.23090948164463,No
416296.0,45-65,60+,60-64,45+,50+,60+,50-64,Non-Black 60+,White 60+,White 45-64,Bernie Sanders,,,Complete,Call 3,6.0,,Favors the wealthy,Very worried,Worried,Some college/assoc. degree,No college degree,More than High school graduate,White no college degree,2.0,,,Only Sanders,Only Sanders or Neither of them,Only Sanders or Both of them,Less than 100k,"$30,000 or more",50k or more,50 to 100 thousand,"$50,000-$99,999","$50,000-$99,999","Over $50,000 and white",,,,Health care,Change to more liberal policies,Have experience in politics,45+,18-64,Republican,Non-black non-Democrat,All Republicans,Republican,White Republican,Moderate,Moderate or conservative,Moderate,74.0,,Honest and trustworthy,White,White,State questionnaire,White,White,,,,,South,,,,Bernie Sanders,Male,White men,Suburbs,Suburbs,Alabama,Election day exit poll,In the last month,Earlier than that,In the last month,Earlier than that,Only Clinton did,Only Clinton or Both of them,Only Clinton or Neither of them,,Only Sanders or Neither of them,Only Sanders,Only Sanders or Both of them,Version 1,1.19723665714264,No
417194.0,30-44,30-59,30-39,18-44,18-49,30-44,30-39,Non-Black 30-44,White 30-44,White 30-44,Bernie Sanders,,,Complete,Call 3,6.0,,Favors the wealthy,Not too worried,Not worried,Postgraduate study,College graduate,More than High school graduate,White college degree,3.0,,,Neither of them,Only Sanders or Neither of them,Only Clinton or Neither of them,100k or more,"$30,000 or more",50k or more,100 thousand or more,"$100,000-$199,999","$100,000-$199,999","Over $50,000 and white",,,,Health care,Generally continue Barack Obama's policies,Have experience in politics,18-44,18-64,Independent/Something else,Non-black non-Democrat,White Independent,Independent,White Independent,Somewhat liberal,Liberal,Liberal,26.0,,Cares about people like me,White,White,State questionnaire,White,White,,,,,South,,,,Bernie Sanders,Female,White women,"Cities 50,000-500,000","Cities over 50,000",Alabama,Election day exit poll,Before that,Earlier than that,Earlier than that,Earlier than that,Only Clinton did,Only Clinton or Both of them,Only Clinton or Neither of them,,Only Clinton or Both of them,Both of them,Only Sanders or Both of them,Version 1,1.08349275588989,No
402731.0,18-29,18-29,25-29,18-44,18-49,18-29,25-29,Black 18-29,Black 18-29,Black 18-29,Bernie Sanders,,,Complete,Call 1,5.0,,Favors the wealthy,Somewhat worried,Worried,College graduate,College graduate,More than High school graduate,Non white college degree,1.0,,,Only Sanders,Only Sanders or Neither of them,Only Sanders or Both of them,Less than 100k,"$30,000 or more",50k or more,50 to 100 thousand,"$50,000-$99,999","$50,000-$99,999","Over $50,000 and non white",,,,Income inequality,Generally continue Barack Obama's policies,Be from outside the political establishment,18-44,18-64,Democrat,Black Democrat,Black Democrat,Democrat,Non-White Democrats,Somewhat liberal,Liberal,Liberal,44.0,,Can win in November,Black,Black,State questionnaire,Black,Non-white,,,,,South,,,,Bernie Sanders,Male,Black men,"Cities 50,000-500,000","Cities over 50,000",Alabama,Election day exit poll,Before that,Earlier than that,Earlier than that,Earlier than that,Neither did,Only Sanders or Neither of them,Only Clinton or Neither of them,,Only Sanders or Neither of them,Only Sanders,Only Sanders or Both of them,Version 1,0.571341216564178,No
410433.0,18-29,18-29,25-29,18-44,18-49,18-29,25-29,Black 18-29,Black 18-29,Black 18-29,Bernie Sanders,,,Complete,Call 2,7.0,,Favors the wealthy,Very worried,Worried,Some college/assoc. degree,No college degree,More than High school graduate,Non white no college degree,3.0,,,Only Sanders,Only Sanders or Neither of them,Only Sanders or Both of them,Less than 100k,"$30,000 or more",Less than 50k,Less than 50 thousand,"Under $50,000","$30,000-$49,999","Under $50,000 and non white",,,,Economy/Jobs,Generally continue Barack Obama's policies,Have experience in politics,18-44,18-64,Democrat,Black Democrat,Black Democrat,Democrat,Non-White Democrats,Moderate,Moderate or conservative,Moderate,33.0,,Cares about people like me,Black,Black,State questionnaire,Black,Non-white,,,,,South,,,,Bernie Sanders,Female,Black women,"Cities 50,000-500,000","Cities over 50,000",Alabama,Election day exit poll,In the last month,Earlier than that,In the last month,Earlier than that,Neither did,Only Sanders or Neither of them,Only Clinton or Neither of them,,Only Clinton or Both of them,Both of them,Only Sanders or Both of them,Version 1,1.04111814498901,No
410431.0,45-65,30-59,50-59,45+,50+,45-59,50-64,Non-Black 45-59,White 45-59,White 45-64,Bernie Sanders,,,Complete,Call 2,6.0,,Favors the wealthy,Somewhat worried,Worried,Postgraduate study,College graduate,More than High school graduate,White college degree,3.0,,,Both of them,Only Clinton or Both of them,Only Sanders or Both of them,100k or more,"$30,000 or more",50k or more,100 thousand or more,"$200,000 or more","$200,000 or more","Over $50,000 and white",,,,Income inequality,Generally continue Barack Obama's policies,Have experience in politics,45+,18-64,Democrat,Non-black Democrat,White Democrat,Democrat,White Democrat,Very liberal,Liberal,Liberal,26.0,,Has the right experience,White,White,State questionnaire,White,White,,,,,South,,,,Bernie Sanders,Female,White women,"Cities 50,000-500,000","Cities over 50,000",Alabama,Election day exit poll,Just today,Last few days,In the last month,This month,Neither did,Only Sanders or Neither of them,Only Clinton or Neither of them,,Only Clinton or Both of them,Both of them,Only Sanders or Both of them,Version 1,1.08349275588989,No
402690.0,18-29,18-29,18-24,18-44,18-49,18-29,18-24,Black 18-29,Black 18-29,Black 18-29,Bernie Sanders,,,Complete,Call 1,2.0,,Is fair to most Americans,Very worried,Worried,Some college/assoc. degree,No college degree,More than High school graduate,Non white no college degree,3.0,,,Only Sanders,Only Sanders or Neither of them,Only Sanders or Both of them,Less than 100k,"$30,000 or more",Less than 50k,Less than 50 thousand,"Under $50,000","$30,000-$49,999","Under $50,000 and non white",,,,Economy/Jobs,Generally continue Barack Obama's policies,Be from outside the political establishment,18-44,18-64,Democrat,Black Democrat,Black Democrat,Democrat,Non-White Democrats,Somewhat liberal,Liberal,Liberal,67.0,,Has the right experience,Black,Black,State questionnaire,Black,Non-white,,,,,South,,,,Bernie Sanders,Female,Black women,"Cities 50,000-500,000","Cities over 50,000",Alabama,Election day exit poll,In the last month,Earlier than that,In the last month,Earlier than that,Neither did,Only Sanders or Neither of them,Only Clinton or Neither of them,,Only Sanders or Neither of them,Only Sanders,Only Sanders or Both of them,Version 1,0.48062202334404,No
402664.0,45-65,30-59,50-59,45+,50+,45-59,50-64,Black 45-59,Black 45-59,Black 45-64,Bernie Sanders,,,Complete,Call 1,5.0,,Favors the wealthy,Not too worried,Not worried,College graduate,College graduate,More than High school graduate,Non white college degree,1.0,,,Both of them,Only Clinton or Both of them,Only Sanders or Both of them,Less than 100k,"$30,000 or more",50k or more,50 to 100 thousand,"$50,000-$99,999","$50,000-$99,999","Over $50,000 and non white",,,,Income inequality,Generally continue Barack Obama's policies,Have experience in politics,45+,18-64,Independent/Something else,Black non-Democrat,Black Independent,Independent,All others,Moderate,Moderate or conservative,Moderate,44.0,,Honest and trustworthy,Black,Black,State questionnaire,Black,Non-white,,,,,South,,,,Bernie Sanders,Male,Black men,"Cities 50,000-500,000","Cities over 50,000",Alabama,Election day exit poll,Before that,Earlier than that,Earlier than that,Earlier than that,Neither did,Only Sanders or Neither of them,Only Clinton or Neither of them,,Only Clinton or Both of them,Both of them,Only Sanders or Both of them,Version 1,0.571341216564178,No
410373.0,18-29,18-29,18-24,18-44,18-49,18-29,18-24,Non-Black 18-29,White 18-29,White 18-29,Bernie Sanders,,,Complete,Call 2,6.0,,Favors the wealthy,Somewhat worried,Worried,Postgraduate study,College graduate,More than High school graduate,White college degree,3.0,,,Only Sanders,Only Sanders or Neither of them,Only Sanders or Both of them,100k or more,"$30,000 or more",50k or more,100 thousand or more,"$100,000-$199,999","$100,000-$199,999","Over $50,000 and white",,,,Income inequality,Generally continue Barack Obama's policies,Have experience in politics,18-44,18-64,Independent/Something else,Non-black non-Democrat,White Independent,Independent,White Independent,Somewhat liberal,Liberal,Liberal,26.0,,Has the right experience,White,White,State questionnaire,White,White,,,,,South,,,,Bernie Sanders,Male,White men,"Cities 50,000-500,000","Cities over 50,000",Alabama,Election day exit poll,In the last month,Earlier than that,In the last month,Earlier than that,Neither did,Only Sanders or Neither of them,Only Clinton or Neither of them,,Only Clinton or Both of them,Both of them,Only Sanders or Both of them,Version 1,1.28938949108124,No
402622.0,30-44,30-59,30-39,18-44,18-49,30-44,30-39,Non-Black 30-44,White 30-44,White 30-44,Bernie Sanders,,,Complete,Call 1,5.0,,Favors the wealthy,Very worried,Worried,College graduate,College graduate,More than High school graduate,White college degree,1.0,,,Both of them,Only Clinton or Both of them,Only Sanders or Both of them,Less than 100k,"$30,000 or more",50k or more,50 to 100 thousand,"$50,000-$99,999","$50,000-$99,999","Over $50,000 and white",,,,Income inequality,Change to more liberal policies,Have experience in politics,18-44,18-64,Democrat,Non-black Democrat,White Democrat,Democrat,White Democrat,Very liberal,Liberal,Liberal,49.0,,Can win in November,White,White,State questionnaire,White,White,,,,,South,,,,Bernie Sanders,Male,White men,"Cities 50,000-500,000","Cities over 50,000",Alabama,Election day exit poll,Just today,Last few days,In the last month,This month,Neither did,Only Sanders or Neither of them,Only Clinton or Neither of them,,Only Clinton or Both of them,Both of them,Only Sanders or Both of them,Version 1,0.87825620174408,No
417065.0,45-65,30-59,50-59,45+,50+,45-59,50-64,Black 45-59,Black 45-59,Black 45-64,Bernie Sanders,,,Complete,Call 3,1.0,,Is fair to most Americans,Not too worried,Not worried,Some college/assoc. degree,No college degree,More than High school graduate,Non white no college degree,4.0,,,Only Sanders,Only Sanders or Neither of them,Only Sanders or Both of them,Less than 100k,"$30,000 or more",50k or more,50 to 100 thousand,"$50,000-$99,999","$50,000-$99,999","Over $50,000 and non white",,,,Health care,Change to less liberal policies,Have experience in politics,45+,18-64,Republican,Black non-Democrat,All Republicans,Republican,All others,Conservative,Moderate or conservative,Conservative,59.0,,Cares about people like me,Black,Black,State questionnaire,Black,Non-white,,,,,South,,,,Bernie Sanders,Female,Black women,"Cities 50,000-500,000","Cities over 50,000",Alabama,Election day exit poll,Just today,Last few days,In the last month,This month,Neither did,Only Sanders or Neither of them,Only Clinton or Neither of them,,Only Clinton or Both of them,Both of them,Only Sanders or Both of them,Version 1,0.331317067146301,No
404474.0,45-65,30-59,45-49,45+,18-49,45-59,40-49,Black 45-59,Black 45-59,Black 45-64,Bernie Sanders,,,Not complete,Call 1,6.0,,Favors the wealthy,,,,,,,2.0,,,,,,,,,,,,,,,,,Generally continue Barack Obama's policies,Have experience in politics,45+,18-64,,,,,,,,,74.0,,,Black,Black,State questionnaire,Black,Non-white,,,,,South,,,,Bernie Sanders,Female,Black women,Suburbs,Suburbs,Alabama,Election day exit poll,Just today,Last few days,In the last month,This month,,,,,,,,Version 1,0.326717287302017,
410233.0,18-29,18-29,25-29,18-44,18-49,18-29,25-29,Non-Black 18-29,All others,All others,Bernie Sanders,,,Complete,Call 2,1.0,,Favors the wealthy,Somewhat worried,Worried,Some college/assoc. degree,No college degree,More than High school graduate,Non white no college degree,4.0,,,Both of them,Only Clinton or Both of them,Only Sanders or Both of them,Less than 100k,"Under $30,000",Less than 50k,Less than 50 thousand,"Under $50,000","Under $30,000","Under $50,000 and non white",,,,Income inequality,Change to more liberal policies,Have experience in politics,18-44,18-64,Independent/Something else,Non-black non-Democrat,All Other,Independent,All others,Somewhat liberal,Liberal,Liberal,59.0,,Cares about people like me,Other,Other,State questionnaire,Other,Non-white,,,,,South,,,,Bernie Sanders,Male,All other races,"Cities 50,000-500,000","Cities over 50,000",Alabama,Election day exit poll,Before that,Earlier than that,Earlier than that,Earlier than that,Neither did,Only Sanders or Neither of them,Only Clinton or Neither of them,,Only Clinton or Both of them,Both of them,Only Sanders or Both of them,Version 1,0.907978296279907,No
417375.0,18-29,18-29,25-29,18-44,18-49,18-29,25-29,Non-Black 18-29,White 18-29,White 18-29,Bernie Sanders,,,Complete,Call 3,6.0,,Favors the wealthy,Somewhat worried,Worried,College graduate,College graduate,More than High school graduate,White college degree,2.0,,,Only Sanders,Only Sanders or Neither of them,Only Sanders or Both of them,,,,,,,,,,,Economy/Jobs,Change to more liberal policies,Have experience in politics,18-44,18-64,Independent/Something else,Non-black non-Democrat,White Independent,Independent,White Independent,Moderate,Moderate or conservative,Moderate,75.0,,Honest and trustworthy,White,White,State questionnaire,White,White,,,,,South,,,,Bernie Sanders,Male,White men,Suburbs,Suburbs,Alabama,Election day exit poll,Before that,Earlier than that,Earlier than that,Earlier than that,Neither did,Only Sanders or Neither of them,Only Clinton or Neither of them,,Only Sanders or Neither of them,Only Sanders,Only Sanders or Both of them,Version 1,0.338623315095901,No
410178.0,45-65,30-59,50-59,45+,50+,45-59,50-64,Non-Black 45-59,White 45-59,White 45-64,Bernie Sanders,,,Complete,Call 2,2.0,,Is fair to most Americans,Somewhat worried,Worried,Postgraduate study,College graduate,More than High school graduate,White college degree,3.0,,,Both of them,Only Clinton or Both of them,Only Sanders or Both of them,Less than 100k,"$30,000 or more",50k or more,50 to 100 thousand,"$50,000-$99,999","$50,000-$99,999","Over $50,000 and white",,,,Terrorism,Generally continue Barack Obama's policies,Have experience in politics,45+,18-64,Independent/Something else,Non-black non-Democrat,White Independent,Independent,White Independent,Moderate,Moderate or conservative,Moderate,67.0,,Cares about people like me,White,White,State questionnaire,White,White,,,,,South,,,,Bernie Sanders,Male,White men,"Cities 50,000-500,000","Cities over 50,000",Alabama,Election day exit poll,Just today,Last few days,In the last month,This month,Neither did,Only Sanders or Neither of them,Only Clinton or Neither of them,,Only Clinton or Both of them,Both of them,Only Sanders or Both of them,Version 1,1.42577505111694,No
402444.0,45-65,30-59,50-59,45+,50+,45-59,50-64,Black 45-59,Black 45-59,Black 45-64,Bernie Sanders,,,Complete,Call 1,3.0,,Favors the wealthy,Not too worried,Not worried,High school or less,No college degree,High school graduate or less,Non white no college degree,2.0,,,Both of them,Only Clinton or Both of them,Only Sanders or Both of them,Less than 100k,"Under $30,000",Less than 50k,Less than 50 thousand,"Under $50,000","Under $30,000","Under $50,000 and non white",,,,Income inequality,Change to less liberal policies,Be from outside the political establishment,45+,18-64,Independent/Something else,Black non-Democrat,Black Independent,Independent,All others,Moderate,Moderate or conservative,Moderate,9.0,,Cares about people like me,Black,Black,State questionnaire,Black,Non-white,,,,,South,,,,Bernie Sanders,Male,Black men,"Cities 10,000-50,000",Small Cities/Rural,Alabama,Election day exit poll,Just today,Last few days,In the last month,This month,Both did,Only Clinton or Both of them,Only Sanders or Both of them,,Only Sanders or Neither of them,Only Sanders,Only Sanders or Both of them,Version 1,0.653250634670258,No
417354.0,30-44,30-59,30-39,18-44,18-49,30-44,30-39,Black 30-44,Black 30-44,Black 30-44,Bernie Sanders,,,Complete,Call 3,7.0,,Favors the wealthy,Somewhat worried,Worried,College graduate,College graduate,More than High school graduate,Non white college degree,3.0,,,Only Sanders,Only Sanders or Neither of them,Only Sanders or Both of them,100k or more,"$30,000 or more",50k or more,100 thousand or more,"$100,000-$199,999","$100,000-$199,999","Over $50,000 and non white",,,,Income inequality,Change to more liberal policies,Be from outside the political establishment,18-44,18-64,Independent/Something else,Black non-Democrat,Black Independent,Something else,All others,Somewhat liberal,Liberal,Liberal,33.0,,Cares about people like me,Black,Black,State questionnaire,Black,Non-white,,,,,South,,,,Bernie Sanders,Male,Black men,"Cities 50,000-500,000","Cities over 50,000",Alabama,Election day exit poll,Before that,Earlier than that,Earlier than that,Earlier than that,Both did,Only Clinton or Both of them,Only Sanders or Both of them,,Only Clinton or Both of them,Both of them,Only Sanders or Both of them,Version 1,1.04111814498901,No
410144.0,65+,60+,65 or over,45+,50+,60+,65+,Black 60+,Black 60+,Black 65+,Bernie Sanders,,,Complete,Call 2,7.0,,Favors the wealthy,Very worried,Worried,High school or less,No college degree,High school graduate or less,Non white no college degree,3.0,,,Only Clinton,Only Clinton or Both of them,Only Clinton or Neither of them,Less than 100k,"Under $30,000",Less than 50k,Less than 50 thousand,"Under $50,000","Under $30,000","Under $50,000 and non white",,,,Economy/Jobs,Generally continue Barack Obama's policies,Have experience in politics,45+,65+,Democrat,Black Democrat,Black Democrat,Democrat,Non-White Democrats,,,,33.0,,Honest and trustworthy,Black,Black,State questionnaire,Black,Non-white,,,,,South,,,,Hillary Clinton,Male,Black men,"Cities 50,000-500,000","Cities over 50,000",Alabama,Election day exit poll,Before that,Earlier than that,Earlier than that,Earlier than that,Omit,Omit,Omit,,Only Clinton or Both of them,Only Clinton,Only Clinton or Neither of them,Version 1,1.04111814498901,No
417331.0,45-65,60+,60-64,45+,50+,60+,50-64,Black 60+,Black 60+,Black 45-64,Bernie Sanders,,,Complete,Call 3,3.0,,Favors the wealthy,Somewhat worried,Worried,Some college/assoc. degree,No college degree,More than High school graduate,Non white no college degree,2.0,,,Only Sanders,Only Sanders or Neither of them,Only Sanders or Both of them,Less than 100k,"$30,000 or more",Less than 50k,Less than 50 thousand,"Under $50,000","$30,000-$49,999","Under $50,000 and non white",,,,Health care,Generally continue Barack Obama's policies,Have experience in politics,45+,18-64,Democrat,Black Democrat,Black Democrat,Democrat,Non-White Democrats,Somewhat liberal,Liberal,Liberal,9.0,,Cares about people like me,Black,Black,State questionnaire,Black,Non-white,,,,,South,,,,Bernie Sanders,Female,Black women,"Cities 10,000-50,000",Small Cities/Rural,Alabama,Election day exit poll,Before that,Earlier than that,Earlier than that,Earlier than that,Neither did,Only Sanders or Neither of them,Only Clinton or Neither of them,,Only Sanders or Neither of them,Only Sanders,Only Sanders or Both of them,Version 1,0.653250634670258,No
410738.0,18-29,18-29,18-24,18-44,18-49,18-29,18-24,Non-Black 18-29,White 18-29,White 18-29,Bernie Sanders,,,Complete,Call 2,1.0,,Favors the wealthy,Somewhat worried,Worried,College graduate,College graduate,More than High school graduate,White college degree,4.0,,,Only Sanders,Only Sanders or Neither of them,Only Sanders or Both of them,100k or more,"$30,000 or more",50k or more,100 thousand or more,"$100,000-$199,999","$100,000-$199,999","Over $50,000 and white",,,,Economy/Jobs,Change to more liberal policies,Be from outside the political establishment,18-44,18-64,Independent/Something else,Non-black non-Democrat,White Independent,Independent,White Independent,Somewhat liberal,Liberal,Liberal,60.0,,Cares about people like me,White,White,State questionnaire,White,White,,,,,South,,,,Bernie Sanders,Female,White women,Suburbs,Suburbs,Alabama,Election day exit poll,Before that,Earlier than that,Earlier than that,Earlier than that,Only Clinton did,Only Clinton or Both of them,Only Clinton or Neither of them,,Only Sanders or Neither of them,Only Sanders,Only Sanders or Both of them,Version 1,0.649362146854401,No
409980.0,45-65,30-59,45-49,45+,18-49,45-59,40-49,Non-Black 45-59,White 45-59,White 45-64,Bernie Sanders,,,Complete,Call 2,7.0,,Favors the wealthy,Very worried,Worried,High school or less,No college degree,High school graduate or less,White no college degree,3.0,,,Neither of them,Only Sanders or Neither of them,Only Clinton or Neither of them,Less than 100k,"Under $30,000",Less than 50k,Less than 50 thousand,"Under $50,000","Under $30,000","Under $50,000 and white",,,,Terrorism,Change to less liberal policies,Be from outside the political establishment,45+,18-64,Republican,Non-black non-Democrat,All Republicans,Republican,White Republican,Conservative,Moderate or conservative,Conservative,17.0,,Has the right experience,White,White,State questionnaire,White,White,,,,,South,,,,Omit,Male,White men,Rural,Small Cities/Rural,Alabama,Election day exit poll,Before that,Earlier than that,Earlier than that,Earlier than that,Both did,Only Clinton or Both of them,Only Sanders or Both of them,,Only Sanders or Neither of them,Neither of them,Only Clinton or Neither of them,Version 1,1.72133469581604,Yes
409942.0,45-65,30-59,50-59,45+,50+,45-59,50-64,Non-Black 45-59,All others,All others,Bernie Sanders,,,Complete,Call 2,5.0,,Favors the wealthy,Not too worried,Not worried,Postgraduate study,College graduate,More than High school graduate,Non white college degree,1.0,,,Only Sanders,Only Sanders or Neither of them,Only Sanders or Both of them,100k or more,"$30,000 or more",50k or more,100 thousand or more,"$100,000-$199,999","$100,000-$199,999","Over $50,000 and non white",,,,Income inequality,Omit,Be from outside the political establishment,45+,18-64,Independent/Something else,Non-black non-Democrat,All Other,Independent,All others,Moderate,Moderate or conservative,Moderate,44.0,,Has the right experience,Other,Other,State questionnaire,Other,Non-white,,,,,South,,,,Bernie Sanders,Male,All other races,"Cities 50,000-500,000","Cities over 50,000",Alabama,Election day exit poll,In the last month,Earlier than that,In the last month,Earlier than that,Neither did,Only Sanders or Neither of them,Only Clinton or Neither of them,,Only Sanders or Neither of them,Only Sanders,Only Sanders or Both of them,Version 1,1.82959699630737,No
404148.0,18-29,18-29,18-24,18-44,18-49,18-29,18-24,Non-Black 18-29,White 18-29,White 18-29,Bernie Sanders,,,Complete,Call 1,6.0,,Favors the wealthy,Somewhat worried,Worried,Some college/assoc. degree,No college degree,More than High school graduate,White no college degree,2.0,,,Only Sanders,Only Sanders or Neither of them,Only Sanders or Both of them,Less than 100k,"$30,000 or more",50k or more,50 to 100 thousand,"$50,000-$99,999","$50,000-$99,999","Over $50,000 and white",,,,Economy/Jobs,Change to more liberal policies,Have experience in politics,18-44,18-64,Independent/Something else,Non-black non-Democrat,White Independent,Independent,White Independent,Somewhat liberal,Liberal,Liberal,74.0,,Honest and trustworthy,White,White,State questionnaire,White,White,,,,,South,,,,Bernie Sanders,Female,White women,Suburbs,Suburbs,Alabama,Election day exit poll,Before that,Earlier than that,Earlier than that,Earlier than that,Only Clinton did,Only Clinton or Both of them,Only Clinton or Neither of them,,Only Sanders or Neither of them,Only Sanders,Only Sanders or Both of them,Version 1,1.14428186416626,No
409896.0,30-44,30-59,40-44,18-44,18-49,30-44,40-49,Non-Black 30-44,White 30-44,White 30-44,Bernie Sanders,,,Complete,Call 2,7.0,,Favors the wealthy,Very worried,Worried,Postgraduate study,College graduate,More than High school graduate,White college degree,3.0,,,Neither of them,Only Sanders or Neither of them,Only Clinton or Neither of them,100k or more,"$30,000 or more",50k or more,100 thousand or more,"$200,000 or more","$200,000 or more","Over $50,000 and white",,,,Income inequality,Change to more liberal policies,Have experience in politics,18-44,18-64,Democrat,Non-black Democrat,White Democrat,Democrat,White Democrat,Very liberal,Liberal,Liberal,34.0,,Honest and trustworthy,White,White,State questionnaire,White,White,,,,,South,,,,Hillary Clinton,Female,White women,"Cities 50,000-500,000","Cities over 50,000",Alabama,Election day exit poll,Just today,Last few days,In the last month,This month,Both did,Only Clinton or Both of them,Only Sanders or Both of them,,Only Clinton or Both of them,Both of them,Only Sanders or Both of them,Version 1,2.79375910758972,No
404041.0,18-29,18-29,25-29,18-44,18-49,18-29,25-29,Non-Black 18-29,White 18-29,White 18-29,Bernie Sanders,,,Complete,Call 1,6.0,,Favors the wealthy,Not too worried,Not worried,College graduate,College graduate,More than High school graduate,White college degree,2.0,,,Only Sanders,Only Sanders or Neither of them,Only Sanders or Both of them,Less than 100k,"$30,000 or more",50k or more,50 to 100 thousand,"$50,000-$99,999","$50,000-$99,999","Over $50,000 and white",,,,Health care,Generally continue Barack Obama's policies,Have experience in politics,18-44,18-64,Independent/Something else,Non-black non-Democrat,White Independent,Something else,White Independent,Moderate,Moderate or conservative,Moderate,74.0,,Cares about people like me,White,White,State questionnaire,White,White,,,,,South,,,,Bernie Sanders,Female,White women,Suburbs,Suburbs,Alabama,Election day exit poll,In the last few days,Last few days,In the last month,This month,Neither did,Only Sanders or Neither of them,Only Clinton or Neither of them,,Only Sanders or Neither of them,Only Sanders,Only Sanders or Both of them,Version 1,1.14428186416626,No
417557.0,18-29,18-29,25-29,18-44,18-49,18-29,25-29,Non-Black 18-29,White 18-29,White 18-29,Bernie Sanders,,,Complete,Call 3,1.0,,Favors the wealthy,Not too worried,Not worried,College graduate,College graduate,More than High school graduate,White college degree,4.0,,,Only Sanders,Only Sanders or Neither of them,Only Sanders or Both of them,Less than 100k,"$30,000 or more",50k or more,50 to 100 thousand,"$50,000-$99,999","$50,000-$99,999","Over $50,000 and white",,,,Economy/Jobs,Change to less liberal policies,Have experience in politics,18-44,18-64,Independent/Something else,Non-black non-Democrat,White Independent,Independent,White Independent,Somewhat liberal,Liberal,Liberal,1.0,,Honest and trustworthy,White,White,State questionnaire,White,White,,,,,South,,,,Bernie Sanders,Male,White men,Suburbs,Suburbs,Alabama,Election day exit poll,In the last month,Earlier than that,In the last month,Earlier than that,Only Clinton did,Only Clinton or Both of them,Only Clinton or Neither of them,,Only Sanders or Neither of them,Only Sanders,Only Sanders or Both of them,Version 1,0.59521359205246,No
409827.0,18-29,18-29,18-24,18-44,18-49,18-29,18-24,Non-Black 18-29,White 18-29,White 18-29,Bernie Sanders,,,Complete,Call 2,2.0,,Favors the wealthy,Not too worried,Not worried,Some college/assoc. degree,No college degree,More than High school graduate,White no college degree,3.0,,,Only Sanders,Only Sanders or Neither of them,Only Sanders or Both of them,Less than 100k,"$30,000 or more",Less than 50k,Less than 50 thousand,"Under $50,000","$30,000-$49,999","Under $50,000 and white",,,,Economy/Jobs,Change to more liberal policies,Be from outside the political establishment,18-44,18-64,Democrat,Non-black Democrat,White Democrat,Democrat,White Democrat,Very liberal,Liberal,Liberal,67.0,,Cares about people like me,White,White,State questionnaire,White,White,,,,,South,,,,Bernie Sanders,Female,White women,"Cities 50,000-500,000","Cities over 50,000",Alabama,Election day exit poll,Before that,Earlier than that,Earlier than that,Earlier than that,Neither did,Only Sanders or Neither of them,Only Clinton or Neither of them,,Only Sanders or Neither of them,Only Sanders,Only Sanders or Both of them,Version 1,1.39529645442963,Yes
404029.0,45-65,30-59,50-59,45+,50+,45-59,50-64,Non-Black 45-59,White 45-59,White 45-64,Bernie Sanders,,,Complete,Call 1,1.0,,Favors the wealthy,Not too worried,Not worried,Some college/assoc. degree,No college degree,More than High school graduate,White no college degree,4.0,,,Both of them,Only Clinton or Both of them,Only Sanders or Both of them,Less than 100k,"Under $30,000",Less than 50k,Less than 50 thousand,"Under $50,000","Under $30,000","Under $50,000 and white",,,,Health care,Change to more liberal policies,Have experience in politics,45+,18-64,Independent/Something else,Non-black non-Democrat,White Independent,Independent,White Independent,Somewhat liberal,Liberal,Liberal,1.0,,Cares about people like me,White,White,State questionnaire,White,White,,,,,South,,,,Bernie Sanders,Male,White men,Suburbs,Suburbs,Alabama,Election day exit poll,In the last month,Earlier than that,In the last month,Earlier than that,Neither did,Only Sanders or Neither of them,Only Clinton or Neither of them,,Only Sanders or Neither of them,Only Sanders,Only Sanders or Both of them,Version 1,0.551551461219788,Yes
404022.0,30-44,30-59,40-44,18-44,18-49,30-44,40-49,Non-Black 30-44,White 30-44,White 30-44,Bernie Sanders,,,Complete,Call 1,1.0,,Favors the wealthy,Somewhat worried,Worried,College graduate,College graduate,More than High school graduate,White college degree,4.0,,,Both of them,Only Clinton or Both of them,Only Sanders or Both of them,Less than 100k,"$30,000 or more",50k or more,50 to 100 thousand,"$50,000-$99,999","$50,000-$99,999","Over $50,000 and white",,,,Economy/Jobs,Generally continue Barack Obama's policies,Have experience in politics,18-44,18-64,Democrat,Non-black Democrat,White Democrat,Democrat,White Democrat,Very liberal,Liberal,Liberal,60.0,,Cares about people like me,White,White,State questionnaire,White,White,,,,,South,,,,Bernie Sanders,Male,White men,Suburbs,Suburbs,Alabama,Election day exit poll,Before that,Earlier than that,Earlier than that,Earlier than that,Neither did,Only Sanders or Neither of them,Only Clinton or Neither of them,,Only Clinton or Both of them,Both of them,Only Sanders or Both of them,Version 1,0.663546681404114,No
417536.0,18-29,18-29,18-24,18-44,18-49,18-29,18-24,Non-Black 18-29,White 18-29,White 18-29,Bernie Sanders,,,Complete,Call 3,6.0,,Favors the wealthy,Not too worried,Not worried,College graduate,College graduate,More than High school graduate,White college degree,2.0,,,Only Sanders,Only Sanders or Neither of them,Only Sanders or Both of them,Less than 100k,"$30,000 or more",50k or more,50 to 100 thousand,"$50,000-$99,999","$50,000-$99,999","Over $50,000 and white",,,,Income inequality,Generally continue Barack Obama's policies,Have experience in politics,18-44,18-64,Democrat,Non-black Democrat,White Democrat,Democrat,White Democrat,Somewhat liberal,Liberal,Liberal,75.0,,Cares about people like me,White,White,State questionnaire,White,White,,,,,South,,,,Hillary Clinton,Male,White men,Suburbs,Suburbs,Alabama,Election day exit poll,In the last few days,Last few days,In the last month,This month,Neither did,Only Sanders or Neither of them,Only Clinton or Neither of them,,Only Clinton or Both of them,Both of them,Only Sanders or Both of them,Version 1,0.338623315095901,No
417951.0,18-29,18-29,18-24,18-44,18-49,18-29,18-24,Non-Black 18-29,White 18-29,White 18-29,Bernie Sanders,,,Not complete,Call 3,1.0,,Favors the wealthy,,,,,,,4.0,,,,,,,,,,,,,,,,,Change to less liberal policies,Have experience in politics,18-44,18-64,,,,,,,,,60.0,,,White,White,State questionnaire,White,White,,,,,South,,,,Bernie Sanders,Female,White women,Suburbs,Suburbs,Alabama,Election day exit poll,Before that,Earlier than that,Earlier than that,Earlier than that,,,,,,,,Version 1,0.649362146854401,
409765.0,30-44,30-59,30-39,18-44,18-49,30-44,30-39,Black 30-44,Black 30-44,Black 30-44,Bernie Sanders,,,Complete,Call 2,5.0,,Is fair to most Americans,Very worried,Worried,Some college/assoc. degree,No college degree,More than High school graduate,Non white no college degree,1.0,,,Only Sanders,Only Sanders or Neither of them,Only Sanders or Both of them,Less than 100k,"Under $30,000",Less than 50k,Less than 50 thousand,"Under $50,000","Under $30,000","Under $50,000 and non white",,,,Economy/Jobs,Generally continue Barack Obama's policies,Have experience in politics,18-44,18-64,Independent/Something else,Black non-Democrat,Black Independent,Independent,All others,Moderate,Moderate or conservative,Moderate,44.0,,Cares about people like me,Black,Black,State questionnaire,Black,Non-white,,,,,South,,,,Bernie Sanders,Female,Black women,"Cities 50,000-500,000","Cities over 50,000",Alabama,Election day exit poll,Just today,Last few days,In the last month,This month,Neither did,Only Sanders or Neither of them,Only Clinton or Neither of them,,Only Clinton or Both of them,Both of them,Only Sanders or Both of them,Version 1,0.571341216564178,No
403945.0,18-29,18-29,18-24,18-44,18-49,18-29,18-24,Non-Black 18-29,White 18-29,White 18-29,Bernie Sanders,,,Complete,Call 1,1.0,,Favors the wealthy,Very worried,Worried,Some college/assoc. degree,No college degree,More than High school graduate,White no college degree,4.0,,,Only Sanders,Only Sanders or Neither of them,Only Sanders or Both of them,Less than 100k,"$30,000 or more",Less than 50k,Less than 50 thousand,"Under $50,000","$30,000-$49,999","Under $50,000 and white",,,,Income inequality,Generally continue Barack Obama's policies,Have experience in politics,18-44,18-64,Democrat,Non-black Democrat,White Democrat,Democrat,White Democrat,Very liberal,Liberal,Liberal,1.0,,Cares about people like me,White,White,State questionnaire,White,White,,,,,South,,,,Bernie Sanders,Female,White women,Suburbs,Suburbs,Alabama,Election day exit poll,Before that,Earlier than that,Earlier than that,Earlier than that,Only Clinton did,Only Clinton or Both of them,Only Clinton or Neither of them,,Only Sanders or Neither of them,Only Sanders,Only Sanders or Both of them,Version 1,0.539761066436768,Yes
409720.0,45-65,30-59,45-49,45+,18-49,45-59,40-49,Non-Black 45-59,Latino 45-59,Latino 45-64,Bernie Sanders,,,Complete,Call 2,7.0,,Favors the wealthy,Somewhat worried,Worried,College graduate,College graduate,More than High school graduate,Non white college degree,3.0,,,Both of them,Only Clinton or Both of them,Only Sanders or Both of them,Less than 100k,"$30,000 or more",Less than 50k,Less than 50 thousand,"Under $50,000","$30,000-$49,999","Under $50,000 and non white",,,,Health care,Generally continue Barack Obama's policies,Have experience in politics,45+,18-64,Independent/Something else,Non-black non-Democrat,Latino Independent,Independent,All others,Somewhat liberal,Liberal,Liberal,34.0,,Has the right experience,Other,Hispanic/Latino,State questionnaire,Hispanic/Latino,Non-white,,,,,South,,,,Bernie Sanders,Female,Latino women,"Cities 50,000-500,000","Cities over 50,000",Alabama,Election day exit poll,Before that,Earlier than that,Earlier than that,Earlier than that,Neither did,Only Sanders or Neither of them,Only Clinton or Neither of them,,Only Clinton or Both of them,Both of them,Only Sanders or Both of them,Version 1,2.79375910758972,No
403917.0,30-44,30-59,30-39,18-44,18-49,30-44,30-39,Non-Black 30-44,White 30-44,White 30-44,Bernie Sanders,,,Complete,Call 1,1.0,,Favors the wealthy,Very worried,Worried,Postgraduate study,College graduate,More than High school graduate,White college degree,4.0,,,Only Sanders,Only Sanders or Neither of them,Only Sanders or Both of them,Less than 100k,"$30,000 or more",50k or more,50 to 100 thousand,"$50,000-$99,999","$50,000-$99,999","Over $50,000 and white",,,,Economy/Jobs,Change to more liberal policies,Have experience in politics,18-44,18-64,Democrat,Non-black Democrat,White Democrat,Democrat,White Democrat,Very liberal,Liberal,Liberal,59.0,,Honest and trustworthy,White,White,State questionnaire,White,White,,,,,South,,,,Bernie Sanders,Male,White men,"Cities 50,000-500,000","Cities over 50,000",Alabama,Election day exit poll,Before that,Earlier than that,Earlier than that,Earlier than that,Both did,Only Clinton or Both of them,Only Sanders or Both of them,,Only Sanders or Neither of them,Only Sanders,Only Sanders or Both of them,Version 1,0.841373205184937,No
417433.0,45-65,60+,60-64,45+,50+,60+,50-64,Non-Black 60+,White 60+,White 45-64,Bernie Sanders,,,Complete,Call 3,1.0,,Favors the wealthy,Very worried,Worried,Some college/assoc. degree,No college degree,More than High school graduate,White no college degree,4.0,,,Both of them,Only Clinton or Both of them,Only Sanders or Both of them,Less than 100k,"$30,000 or more",Less than 50k,Less than 50 thousand,"Under $50,000","$30,000-$49,999","Under $50,000 and white",,,,Income inequality,Change to more liberal policies,Have experience in politics,45+,18-64,Democrat,Non-black Democrat,White Democrat,Democrat,White Democrat,Very liberal,Liberal,Liberal,58.0,,Cares about people like me,White,White,State questionnaire,White,White,,,,,South,,,,Hillary Clinton,Male,White men,"Cities 50,000-500,000","Cities over 50,000",Alabama,Election day exit poll,Before that,Earlier than that,Earlier than that,Earlier than that,Neither did,Only Sanders or Neither of them,Only Clinton or Neither of them,,Only Clinton or Both of them,Both of them,Only Sanders or Both of them,Version 1,0.789557874202728,Yes
409706.0,45-65,30-59,45-49,45+,18-49,45-59,40-49,Non-Black 45-59,White 45-59,White 45-64,Bernie Sanders,,,Complete,Call 2,3.0,,Favors the wealthy,Somewhat worried,Worried,Some college/assoc. degree,No college degree,More than High school graduate,White no college degree,2.0,,,Only Sanders,Only Sanders or Neither of them,Only Sanders or Both of them,Less than 100k,"$30,000 or more",50k or more,50 to 100 thousand,"$50,000-$99,999","$50,000-$99,999","Over $50,000 and white",,,,Income inequality,Change to more liberal policies,Be from outside the political establishment,45+,18-64,Democrat,Non-black Democrat,White Democrat,Democrat,White Democrat,Somewhat liberal,Liberal,Liberal,7.0,,Honest and trustworthy,White,White,State questionnaire,White,White,,,,,South,,,,Bernie Sanders,Male,White men,Suburbs,Suburbs,Alabama,Election day exit poll,Before that,Earlier than that,Earlier than that,Earlier than that,Only Clinton did,Only Clinton or Both of them,Only Clinton or Neither of them,,Only Clinton or Both of them,Both of them,Only Sanders or Both of them,Version 1,0.644117295742035,No
403912.0,30-44,30-59,40-44,18-44,18-49,30-44,40-49,Non-Black 30-44,White 30-44,White 30-44,Bernie Sanders,,,Complete,Call 1,1.0,,Favors the wealthy,Very worried,Worried,College graduate,College graduate,More than High school graduate,White college degree,4.0,,,Only Sanders,Only Sanders or Neither of them,Only Sanders or Both of them,100k or more,"$30,000 or more",50k or more,100 thousand or more,"$100,000-$199,999","$100,000-$199,999","Over $50,000 and white",,,,Omit,Change to more liberal policies,Have experience in politics,18-44,18-64,Independent/Something else,Non-black non-Democrat,White Independent,Independent,White Independent,Moderate,Moderate or conservative,Moderate,1.0,,Honest and trustworthy,White,White,State questionnaire,White,White,,,,,South,,,,Bernie Sanders,Female,White women,Suburbs,Suburbs,Alabama,Election day exit poll,Before that,Earlier than that,Earlier than that,Earlier than that,Only Clinton did,Only Clinton or Both of them,Only Clinton or Neither of them,,Only Sanders or Neither of them,Only Sanders,Only Sanders or Both of them,Version 1,0.500166654586792,No
403902.0,30-44,30-59,40-44,18-44,18-49,30-44,40-49,Black 30-44,Black 30-44,Black 30-44,Bernie Sanders,,,Complete,Call 1,7.0,,Omit,Very worried,Worried,Postgraduate study,College graduate,More than High school graduate,Non white college degree,3.0,,,Neither of them,Only Sanders or Neither of them,Only Clinton or Neither of them,Less than 100k,"Under $30,000",Less than 50k,Less than 50 thousand,"Under $50,000","Under $30,000","Under $50,000 and non white",,,,Economy/Jobs,Omit,Have experience in politics,18-44,18-64,Independent/Something else,Black non-Democrat,Black Independent,Independent,All others,Somewhat liberal,Liberal,Liberal,33.0,,Honest and trustworthy,Black,Black,State questionnaire,Black,Non-white,,,,,South,,,,Omit,Female,Black women,"Cities 50,000-500,000","Cities over 50,000",Alabama,Election day exit poll,Before that,Earlier than that,Earlier than that,Earlier than that,Omit,Omit,Omit,,Only Sanders or Neither of them,Neither of them,Only Clinton or Neither of them,Version 1,1.04111814498901,No
403890.0,45-65,30-59,50-59,45+,50+,45-59,50-64,Non-Black 45-59,White 45-59,White 45-64,Bernie Sanders,,,Complete,Call 1,6.0,,Favors the wealthy,Very worried,Worried,College graduate,College graduate,More than High school graduate,White college degree,2.0,,,Only Sanders,Only Sanders or Neither of them,Only Sanders or Both of them,Less than 100k,"$30,000 or more",Less than 50k,Less than 50 thousand,"Under $50,000","$30,000-$49,999","Under $50,000 and white",,,,Health care,Change to more liberal policies,Have experience in politics,45+,18-64,Independent/Something else,Non-black non-Democrat,White Independent,Independent,White Independent,Somewhat liberal,Liberal,Liberal,5.0,,Cares about people like me,White,White,State questionnaire,White,White,,,,,South,,,,Bernie Sanders,Male,White men,Suburbs,Suburbs,Alabama,Election day exit poll,Before that,Earlier than that,Earlier than that,Earlier than that,Neither did,Only Sanders or Neither of them,Only Clinton or Neither of them,,Only Clinton or Both of them,Both of them,Only Sanders or Both of them,Version 1,0.305055946111679,No
403883.0,45-65,60+,60-64,45+,50+,60+,50-64,Non-Black 60+,White 60+,White 45-64,Bernie Sanders,,,Complete,Call 1,1.0,,Favors the wealthy,Very worried,Worried,High school or less,No college degree,High school graduate or less,White no college degree,4.0,,,Neither of them,Only Sanders or Neither of them,Only Clinton or Neither of them,Less than 100k,"$30,000 or more",50k or more,50 to 100 thousand,"$50,000-$99,999","$50,000-$99,999","Over $50,000 and white",,,,Health care,Change to more liberal policies,Be from outside the political establishment,45+,18-64,Democrat,Non-black Democrat,White Democrat,Democrat,White Democrat,Moderate,Moderate or conservative,Moderate,1.0,,Honest and trustworthy,White,White,State questionnaire,White,White,,,,,South,,,,Hillary Clinton,Male,White men,Suburbs,Suburbs,Alabama,Election day exit poll,Just today,Last few days,In the last month,This month,Neither did,Only Sanders or Neither of them,Only Clinton or Neither of them,,Only Sanders or Neither of them,Neither of them,Only Clinton or Neither of them,Version 1,0.709053874015808,No
403861.0,65+,60+,65 or over,45+,50+,60+,65+,Non-Black 60+,White 60+,White 65+,Bernie Sanders,,,Complete,Call 1,1.0,,Favors the wealthy,Very worried,Worried,Some college/assoc. degree,No college degree,More than High school graduate,White no college degree,4.0,,,Neither of them,Only Sanders or Neither of them,Only Clinton or Neither of them,Less than 100k,"$30,000 or more",50k or more,50 to 100 thousand,"$50,000-$99,999","$50,000-$99,999","Over $50,000 and white",,,,Terrorism,Change to less liberal policies,Be from outside the political establishment,45+,65+,Republican,Non-black non-Democrat,All Republicans,Republican,White Republican,Moderate,Moderate or conservative,Moderate,60.0,,Can win in November,White,White,State questionnaire,White,White,,,,,South,,,,Bernie Sanders,Male,White men,Suburbs,Suburbs,Alabama,Election day exit poll,Just today,Last few days,In the last month,This month,Both did,Only Clinton or Both of them,Only Sanders or Both of them,,Only Sanders or Neither of them,Neither of them,Only Clinton or Neither of them,Version 1,0.853030681610107,No
409653.0,,,,,,,,,,,Bernie Sanders,,,Complete,Call 2,4.0,,Favors the wealthy,Somewhat worried,Worried,College graduate,College graduate,More than High school graduate,White college degree,1.0,,,Only Sanders,Only Sanders or Neither of them,Only Sanders or Both of them,,,,,,,,,,,Income inequality,Change to more liberal policies,Be from outside the political establishment,,,Democrat,Non-black Democrat,White Democrat,Democrat,White Democrat,Very liberal,Liberal,Liberal,16.0,,Cares about people like me,White,White,State questionnaire,White,White,,,,,South,,,,Bernie Sanders,Male,White men,Rural,Small Cities/Rural,Alabama,Election day exit poll,Before that,Earlier than that,Earlier than that,Earlier than that,Only Clinton did,Only Clinton or Both of them,Only Clinton or Neither of them,,Only Sanders or Neither of them,Only Sanders,Only Sanders or Both of them,Version 1,0.795372247695923,No
417352.0,30-44,30-59,30-39,18-44,18-49,30-44,30-39,Non-Black 30-44,White 30-44,White 30-44,Bernie Sanders,,,Complete,Call 3,6.0,,Favors the wealthy,Very worried,Worried,High school or less,No college degree,High school graduate or less,White no college degree,2.0,,,Both of them,Only Clinton or Both of them,Only Sanders or Both of them,Less than 100k,"$30,000 or more",Less than 50k,Less than 50 thousand,"Under $50,000","$30,000-$49,999","Under $50,000 and white",,,,Terrorism,Change to less liberal policies,Have experience in politics,18-44,18-64,Democrat,Non-black Democrat,White Democrat,Democrat,White Democrat,Somewhat liberal,Liberal,Liberal,5.0,,Honest and trustworthy,White,White,State questionnaire,White,White,,,,,South,,,,Hillary Clinton,Male,White men,Suburbs,Suburbs,Alabama,Election day exit poll,In the last few days,Last few days,In the last month,This month,Both did,Only Clinton or Both of them,Only Sanders or Both of them,,Only Clinton or Both of them,Both of them,Only Sanders or Both of them,Version 1,0.305055946111679,Yes
403828.0,65+,60+,65 or over,45+,50+,60+,65+,Non-Black 60+,White 60+,White 65+,Bernie Sanders,,,Complete,Call 1,1.0,,Favors the wealthy,Very worried,Worried,Some college/assoc. degree,No college degree,More than High school graduate,White no college degree,4.0,,,Only Sanders,Only Sanders or Neither of them,Only Sanders or Both of them,Less than 100k,"$30,000 or more",50k or more,50 to 100 thousand,"$50,000-$99,999","$50,000-$99,999","Over $50,000 and white",,,,Economy/Jobs,Change to more liberal policies,Be from outside the political establishment,45+,65+,Independent/Something else,Non-black non-Democrat,White Independent,Independent,White Independent,Very liberal,Liberal,Liberal,1.0,,Honest and trustworthy,White,White,State questionnaire,White,White,,,,,South,,,,Bernie Sanders,Male,White men,Suburbs,Suburbs,Alabama,Election day exit poll,Before that,Earlier than that,Earlier than that,Earlier than that,Only Clinton did,Only Clinton or Both of them,Only Clinton or Neither of them,,Only Clinton or Both of them,Both of them,Only Sanders or Both of them,Version 1,0.709053874015808,No
403819.0,45-65,30-59,50-59,45+,50+,45-59,50-64,Non-Black 45-59,White 45-59,White 45-64,Bernie Sanders,,,Complete,Call 1,4.0,,Is fair to most Americans,Very worried,Worried,College graduate,College graduate,More than High school graduate,White college degree,1.0,,,Neither of them,Only Sanders or Neither of them,Only Clinton or Neither of them,Less than 100k,"$30,000 or more",Less than 50k,Less than 50 thousand,"Under $50,000","$30,000-$49,999","Under $50,000 and white",,,,Health care,Change to less liberal policies,Be from outside the political establishment,45+,18-64,Republican,Non-black non-Democrat,All Republicans,Republican,White Republican,Conservative,Moderate or conservative,Conservative,19.0,,Honest and trustworthy,White,White,State questionnaire,White,White,,,,,South,,,,Bernie Sanders,Male,White men,Rural,Small Cities/Rural,Alabama,Election day exit poll,Before that,Earlier than that,Earlier than that,Earlier than that,Neither did,Only Sanders or Neither of them,Only Clinton or Neither of them,,Only Sanders or Neither of them,Neither of them,Only Clinton or Neither of them,Version 1,2.72696709632874,No
405747.0,65+,60+,65 or over,45+,50+,60+,65+,Non-Black 60+,White 60+,White 65+,Bernie Sanders,,,Complete,Call 1,4.0,,Favors the wealthy,Very worried,Worried,Postgraduate study,College graduate,More than High school graduate,White college degree,1.0,,,Both of them,Only Clinton or Both of them,Only Sanders or Both of them,100k or more,"$30,000 or more",50k or more,100 thousand or more,"$100,000-$199,999","$100,000-$199,999","Over $50,000 and white",,,,Economy/Jobs,Change to more liberal policies,Have experience in politics,45+,65+,Democrat,Non-black Democrat,White Democrat,Democrat,White Democrat,Very liberal,Liberal,Liberal,41.0,,Cares about people like me,White,White,State questionnaire,White,White,,,,,South,,,,Hillary Clinton,Female,White women,Suburbs,Suburbs,Alabama,Election day exit poll,Just today,Last few days,In the last month,This month,Neither did,Only Sanders or Neither of them,Only Clinton or Neither of them,,Only Clinton or Both of them,Both of them,Only Sanders or Both of them,Version 1,1.15691483020782,No
403787.0,30-44,30-59,40-44,18-44,18-49,30-44,40-49,Black 30-44,Black 30-44,Black 30-44,Bernie Sanders,,,Complete,Call 1,4.0,,Is fair to most Americans,Somewhat worried,Worried,High school or less,No college degree,High school graduate or less,Non white no college degree,1.0,,,Only Sanders,Only Sanders or Neither of them,Only Sanders or Both of them,Less than 100k,"$30,000 or more",50k or more,50 to 100 thousand,"$50,000-$99,999","$50,000-$99,999","Over $50,000 and non white",,,,Income inequality,Generally continue Barack Obama's policies,Have experience in politics,18-44,18-64,Independent/Something else,Black non-Democrat,Black Independent,Independent,All others,Moderate,Moderate or conservative,Moderate,19.0,,Has the right experience,Black,Black,State questionnaire,Black,Non-white,,,,,South,,,,Bernie Sanders,Male,Black men,Rural,Small Cities/Rural,Alabama,Election day exit poll,In the last few days,Last few days,In the last month,This month,Only Clinton did,Only Clinton or Both of them,Only Clinton or Neither of them,,Only Sanders or Neither of them,Only Sanders,Only Sanders or Both of them,Version 1,0.851569354534149,No
417296.0,30-44,30-59,30-39,18-44,18-49,30-44,30-39,Black 30-44,Black 30-44,Black 30-44,Bernie Sanders,,,Complete,Call 3,3.0,,Favors the wealthy,Very worried,Worried,College graduate,College graduate,More than High school graduate,Non white college degree,2.0,,,Only Sanders,Only Sanders or Neither of them,Only Sanders or Both of them,Less than 100k,"Under $30,000",Less than 50k,Less than 50 thousand,"Under $50,000","Under $30,000","Under $50,000 and non white",,,,Income inequality,Change to more liberal policies,Have experience in politics,18-44,18-64,Democrat,Black Democrat,Black Democrat,Democrat,Non-White Democrats,Very liberal,Liberal,Liberal,9.0,,Honest and trustworthy,Black,Black,State questionnaire,Black,Non-white,,,,,South,,,,Bernie Sanders,Female,Black women,"Cities 10,000-50,000",Small Cities/Rural,Alabama,Election day exit poll,In the last month,Earlier than that,In the last month,Earlier than that,Neither did,Only Sanders or Neither of them,Only Clinton or Neither of them,,Only Sanders or Neither of them,Only Sanders,Only Sanders or Both of them,Version 1,0.653250634670258,No
417240.0,18-29,18-29,18-24,18-44,18-49,18-29,18-24,Non-Black 18-29,White 18-29,White 18-29,Bernie Sanders,,,Complete,Call 3,3.0,,Favors the wealthy,Very worried,Worried,High school or less,No college degree,High school graduate or less,White no college degree,2.0,,,Only Sanders,Only Sanders or Neither of them,Only Sanders or Both of them,Less than 100k,"Under $30,000",Less than 50k,Less than 50 thousand,"Under $50,000","Under $30,000","Under $50,000 and white",,,,Health care,Omit,Have experience in politics,18-44,18-64,Independent/Something else,Non-black non-Democrat,White Independent,Independent,White Independent,,,,9.0,,Honest and trustworthy,White,White,State questionnaire,White,White,,,,,South,,,,Bernie Sanders,Female,White women,"Cities 10,000-50,000",Small Cities/Rural,Alabama,Election day exit poll,Before that,Earlier than that,Earlier than that,Earlier than that,Neither did,Only Sanders or Neither of them,Only Clinton or Neither of them,,Only Sanders or Neither of them,Only Sanders,Only Sanders or Both of them,Version 1,2.28791975975037,Yes
403687.0,30-44,30-59,30-39,18-44,18-49,30-44,30-39,Black 30-44,Black 30-44,Black 30-44,Bernie Sanders,,,Complete,Call 1,7.0,,Favors the wealthy,Somewhat worried,Worried,Some college/assoc. degree,No college degree,More than High school graduate,Non white no college degree,3.0,,,Both of them,Only Clinton or Both of them,Only Sanders or Both of them,Less than 100k,"Under $30,000",Less than 50k,Less than 50 thousand,"Under $50,000","Under $30,000","Under $50,000 and non white",,,,Income inequality,Generally continue Barack Obama's policies,Be from outside the political establishment,18-44,18-64,Democrat,Black Democrat,Black Democrat,Democrat,Non-White Democrats,Very liberal,Liberal,Liberal,17.0,,Cares about people like me,Black,Black,State questionnaire,Black,Non-white,,,,,South,,,,Bernie Sanders,Female,Black women,Rural,Small Cities/Rural,Alabama,Election day exit poll,In the last month,Earlier than that,In the last month,Earlier than that,Neither did,Only Sanders or Neither of them,Only Clinton or Neither of them,,Only Clinton or Both of them,Both of them,Only Sanders or Both of them,Version 1,0.580253779888153,No
403682.0,65+,60+,65 or over,45+,50+,60+,65+,Non-Black 60+,White 60+,White 65+,Bernie Sanders,,,Not complete,Call 1,7.0,,Favors the wealthy,,,,,,,3.0,,,,,,,,,,,,,,,,,Generally continue Barack Obama's policies,Omit,45+,65+,,,,,,,,,34.0,,,White,White,State questionnaire,White,White,,,,,South,,,,Bernie Sanders,Female,White women,"Cities 50,000-500,000","Cities over 50,000",Alabama,Election day exit poll,Before that,Earlier than that,Earlier than that,Earlier than that,,,,,,,,Version 1,3.48627543449402,
416844.0,45-65,30-59,50-59,45+,50+,45-59,50-64,Non-Black 45-59,White 45-59,White 45-64,Uncommitted,,,Complete,Call 3,6.0,,Is fair to most Americans,Very worried,Worried,High school or less,No college degree,High school graduate or less,White no college degree,3.0,,,Neither of them,Only Sanders or Neither of them,Only Clinton or Neither of them,Less than 100k,"$30,000 or more",Less than 50k,Less than 50 thousand,"Under $50,000","$30,000-$49,999","Under $50,000 and white",,,,Economy/Jobs,Change to more liberal policies,Be from outside the political establishment,45+,18-64,Democrat,Non-black Democrat,White Democrat,Democrat,White Democrat,Very liberal,Liberal,Liberal,26.0,,Cares about people like me,White,White,State questionnaire,White,White,,,,,South,,,,Bernie Sanders,Female,White women,"Cities 50,000-500,000","Cities over 50,000",Alabama,Election day exit poll,Sometime last week,Earlier than that,In the last month,This month,Both did,Only Clinton or Both of them,Only Sanders or Both of them,,Only Sanders or Neither of them,Only Sanders,Only Sanders or Both of them,Version 1,1.56392121315002,Yes
410903.0,45-65,30-59,50-59,45+,50+,45-59,50-64,Non-Black 45-59,White 45-59,White 45-64,Uncommitted,,,Complete,Call 2,1.0,,Omit,Not at all worried,Not worried,College graduate,College graduate,More than High school graduate,White college degree,4.0,,,Only Clinton,Only Clinton or Both of them,Only Clinton or Neither of them,100k or more,"$30,000 or more",50k or more,100 thousand or more,"$100,000-$199,999","$100,000-$199,999","Over $50,000 and white",,,,Income inequality,Generally continue Barack Obama's policies,Be from outside the political establishment,45+,18-64,Independent/Something else,Non-black non-Democrat,White Independent,Independent,White Independent,Very liberal,Liberal,Liberal,60.0,,Cares about people like me,White,White,State questionnaire,White,White,,,,,South,,,,Bernie Sanders,Male,White men,Suburbs,Suburbs,Alabama,Election day exit poll,In the last few days,Last few days,In the last month,This month,Only Clinton did,Only Clinton or Both of them,Only Clinton or Neither of them,,Only Clinton or Both of them,Only Clinton,Only Clinton or Neither of them,Version 1,0.876525402069092,No
410871.0,18-29,18-29,25-29,18-44,18-49,18-29,25-29,Black 18-29,Black 18-29,Black 18-29,Uncommitted,,,Complete,Call 2,6.0,,Favors the wealthy,Somewhat worried,Worried,Postgraduate study,College graduate,More than High school graduate,Non white college degree,2.0,,,Only Sanders,Only Sanders or Neither of them,Only Sanders or Both of them,Less than 100k,"$30,000 or more",Less than 50k,Less than 50 thousand,"Under $50,000","$30,000-$49,999","Under $50,000 and non white",,,,Health care,Change to more liberal policies,Have experience in politics,18-44,18-64,Democrat,Black Democrat,Black Democrat,Democrat,Non-White Democrats,Somewhat liberal,Liberal,Liberal,77.0,,Cares about people like me,Black,Black,State questionnaire,Black,Non-white,,,,,South,,,,Bernie Sanders,Male,Black men,"Cities 50,000-500,000","Cities over 50,000",Alabama,Election day exit poll,In the last few days,Last few days,In the last month,This month,Neither did,Only Sanders or Neither of them,Only Clinton or Neither of them,,Only Clinton or Both of them,Both of them,Only Sanders or Both of them,Version 1,0.824218571186066,No
402939.0,30-44,30-59,40-44,18-44,18-49,30-44,40-49,Black 30-44,Black 30-44,Black 30-44,Uncommitted,,,Complete,Call 1,5.0,,Favors the wealthy,Not too worried,Not worried,Postgraduate study,College graduate,More than High school graduate,Non white college degree,1.0,,,Only Sanders,Only Sanders or Neither of them,Only Sanders or Both of them,Less than 100k,"$30,000 or more",50k or more,50 to 100 thousand,"$50,000-$99,999","$50,000-$99,999","Over $50,000 and non white",,,,Omit,Change to more liberal policies,Have experience in politics,18-44,18-64,Democrat,Black Democrat,Black Democrat,Democrat,Non-White Democrats,Very liberal,Liberal,Liberal,46.0,,Can win in November,Black,Black,State questionnaire,Black,Non-white,,,,,South,,,,Bernie Sanders,Male,Black men,"Cities 50,000-500,000","Cities over 50,000",Alabama,Election day exit poll,Before that,Earlier than that,Earlier than that,Earlier than that,Only Sanders did,Only Sanders or Neither of them,Only Sanders or Both of them,,Only Sanders or Neither of them,Only Sanders,Only Sanders or Both of them,Version 1,1.70504868030548,No
417805.0,45-65,30-59,45-49,45+,18-49,45-59,40-49,Black 45-59,Black 45-59,Black 45-64,Uncommitted,,,Complete,Call 3,7.0,,Favors the wealthy,Very worried,Worried,Some college/assoc. degree,No college degree,More than High school graduate,Non white no college degree,3.0,,,Both of them,Only Clinton or Both of them,Only Sanders or Both of them,Less than 100k,"$30,000 or more",Less than 50k,Less than 50 thousand,"Under $50,000","$30,000-$49,999","Under $50,000 and non white",,,,Health care,Generally continue Barack Obama's policies,Omit,45+,18-64,Independent/Something else,Black non-Democrat,Black Independent,Independent,All others,,,,38.0,,Honest and trustworthy,Black,Black,State questionnaire,Black,Non-white,,,,,South,,,,Hillary Clinton,Male,Black men,"Cities 50,000-500,000","Cities over 50,000",Alabama,Election day exit poll,Before that,Earlier than that,Earlier than that,Earlier than that,Neither did,Only Sanders or Neither of them,Only Clinton or Neither of them,,Omit,Omit,Omit,Version 1,1.16458737850189,No
402919.0,45-65,60+,60-64,45+,50+,60+,50-64,Black 60+,Black 60+,Black 45-64,Uncommitted,,,Complete,Call 1,7.0,,Favors the wealthy,Somewhat worried,Worried,High school or less,No college degree,High school graduate or less,Non white no college degree,3.0,,,Only Clinton,Only Clinton or Both of them,Only Clinton or Neither of them,Less than 100k,"Under $30,000",Less than 50k,Less than 50 thousand,"Under $50,000","Under $30,000","Under $50,000 and non white",,,,Economy/Jobs,Generally continue Barack Obama's policies,Omit,45+,18-64,Democrat,Black Democrat,Black Democrat,Democrat,Non-White Democrats,Somewhat liberal,Liberal,Liberal,38.0,,Honest and trustworthy,Black,Black,State questionnaire,Black,Non-white,,,,,South,,,,Hillary Clinton,Female,Black women,"Cities 50,000-500,000","Cities over 50,000",Alabama,Election day exit poll,Before that,Earlier than that,Earlier than that,Earlier than that,Omit,Omit,Omit,,Only Clinton or Both of them,Only Clinton,Only Clinton or Neither of them,Version 1,1.39522123336792,No
412276.0,18-29,18-29,25-29,18-44,18-49,18-29,25-29,Black 18-29,Black 18-29,Black 18-29,Uncommitted,,,Complete,Call 2,7.0,,Favors the wealthy,Somewhat worried,Worried,High school or less,No college degree,High school graduate or less,Non white no college degree,3.0,,,Both of them,Only Clinton or Both of them,Only Sanders or Both of them,Less than 100k,"Under $30,000",Less than 50k,Less than 50 thousand,"Under $50,000","Under $30,000","Under $50,000 and non white",,,,Economy/Jobs,Change to more liberal policies,Have experience in politics,18-44,18-64,Independent/Something else,Black non-Democrat,Black Independent,Independent,All others,Very liberal,Liberal,Liberal,38.0,,Honest and trustworthy,Black,Black,State questionnaire,Black,Non-white,,,,,South,,,,Hillary Clinton,Female,Black women,"Cities 50,000-500,000","Cities over 50,000",Alabama,Election day exit poll,In the last month,Earlier than that,In the last month,Earlier than that,Neither did,Only Sanders or Neither of them,Only Clinton or Neither of them,,Only Clinton or Both of them,Both of them,Only Sanders or Both of them,Version 1,1.13969218730927,No
408370.0,45-65,30-59,45-49,45+,18-49,45-59,40-49,Non-Black 45-59,White 45-59,White 45-64,Uncommitted,,,Complete,Call 2,5.0,,Favors the wealthy,Somewhat worried,Worried,Postgraduate study,College graduate,More than High school graduate,White college degree,1.0,,,Both of them,Only Clinton or Both of them,Only Sanders or Both of them,Less than 100k,"$30,000 or more",Less than 50k,Less than 50 thousand,"Under $50,000","$30,000-$49,999","Under $50,000 and white",,,,Income inequality,Change to less liberal policies,Be from outside the political establishment,45+,18-64,Democrat,Non-black Democrat,White Democrat,Democrat,White Democrat,Moderate,Moderate or conservative,Moderate,23.0,,Cares about people like me,White,White,State questionnaire,White,White,,,,,South,,,,Omit,Female,White women,Rural,Small Cities/Rural,Alabama,Election day exit poll,Before that,Earlier than that,Earlier than that,Earlier than that,Only Sanders did,Only Sanders or Neither of them,Only Sanders or Both of them,,Only Clinton or Both of them,Both of them,Only Sanders or Both of them,Version 1,1.22751545906067,No
412206.0,65+,60+,65 or over,45+,50+,60+,65+,Non-Black 60+,All others,Latino 65+,Uncommitted,,,Complete,Call 2,1.0,,Is fair to most Americans,Somewhat worried,Worried,,,,,4.0,,,Omit,Omit,Omit,Less than 100k,"Under $30,000",Less than 50k,Less than 50 thousand,"Under $50,000","Under $30,000","Under $50,000 and non white",,,,Economy/Jobs,Change to less liberal policies,Have experience in politics,45+,65+,Democrat,Non-black Democrat,All Other,Democrat,Non-White Democrats,Conservative,Moderate or conservative,Conservative,62.0,,Omit,Other,American Indian,State questionnaire,Other,Non-white,,,,,South,,,,Bernie Sanders,Female,All other races,Suburbs,Suburbs,Alabama,Election day exit poll,Before that,Earlier than that,Earlier than that,Earlier than that,Omit,Omit,Omit,,Omit,Omit,Omit,Version 1,1.48847150802612,
410801.0,45-65,60+,60-64,45+,50+,60+,50-64,Black 60+,Black 60+,Black 45-64,Other,,,Not complete,Call 2,3.0,,Omit,,,,,,,2.0,,,,,,,,,,,,,,,,,Change to less liberal policies,Be from outside the political establishment,45+,18-64,,,,,,,,,82.0,,,Black,Black,State questionnaire,Black,Non-white,,,,,South,,,,Omit,Male,Black men,Rural,Small Cities/Rural,Alabama,Election day exit poll,Just today,Last few days,In the last month,This month,,,,,,,,Version 1,1.8462495803833,
409839.0,65+,60+,65 or over,45+,50+,60+,65+,Black 60+,Black 60+,Black 65+,Other,,,Complete,Call 2,7.0,,Favors the wealthy,Not too worried,Not worried,Some college/assoc. degree,No college degree,More than High school graduate,Non white no college degree,3.0,,,Both of them,Only Clinton or Both of them,Only Sanders or Both of them,Less than 100k,"$30,000 or more",50k or more,50 to 100 thousand,"$50,000-$99,999","$50,000-$99,999","Over $50,000 and non white",,,,Health care,Generally continue Barack Obama's policies,Have experience in politics,45+,65+,Democrat,Black Democrat,Black Democrat,Democrat,Non-White Democrats,Somewhat liberal,Liberal,Liberal,17.0,,Can win in November,Black,Black,State questionnaire,Black,Non-white,,,,,South,,,,Hillary Clinton,Male,Black men,Rural,Small Cities/Rural,Alabama,Election day exit poll,Just today,Last few days,In the last month,This month,Only Clinton did,Only Clinton or Both of them,Only Clinton or Neither of them,,Only Clinton or Both of them,Both of them,Only Sanders or Both of them,Version 1,0.898799419403076,No
409989.0,45-65,30-59,45-49,45+,18-49,45-59,40-49,,,,Other,,,Complete,Call 2,5.0,,Is fair to most Americans,Not too worried,Not worried,Some college/assoc. degree,No college degree,More than High school graduate,,1.0,,,Only Clinton,Only Clinton or Both of them,Only Clinton or Neither of them,Less than 100k,"$30,000 or more",Less than 50k,Less than 50 thousand,"Under $50,000","$30,000-$49,999",,,,,Income inequality,Change to less liberal policies,Have experience in politics,45+,18-64,Democrat,,,Democrat,,Conservative,Moderate or conservative,Conservative,44.0,,Has the right experience,,,State questionnaire,,,,,,,South,,,,Hillary Clinton,Female,,"Cities 50,000-500,000","Cities over 50,000",Alabama,Election day exit poll,Sometime last week,Earlier than that,In the last month,This month,Only Sanders did,Only Sanders or Neither of them,Only Sanders or Both of them,,Only Clinton or Both of them,Only Clinton,Only Clinton or Neither of them,Version 1,0.852878391742706,
410530.0,65+,60+,65 or over,45+,50+,60+,65+,Black 60+,Black 60+,Black 65+,Other,,,Complete,Call 2,1.0,,Is fair to most Americans,Very worried,Worried,Some college/assoc. degree,No college degree,More than High school graduate,Non white no college degree,4.0,,,Only Clinton,Only Clinton or Both of them,Only Clinton or Neither of them,Less than 100k,"$30,000 or more",50k or more,50 to 100 thousand,"$50,000-$99,999","$50,000-$99,999","Over $50,000 and non white",,,,Health care,Generally continue Barack Obama's policies,Have experience in politics,45+,65+,Democrat,Black Democrat,Black Democrat,Democrat,Non-White Democrats,Very liberal,Liberal,Liberal,57.0,,Can win in November,Black,Black,State questionnaire,Black,Non-white,,,,,South,,,,Hillary Clinton,Female,Black women,"Cities 50,000-500,000","Cities over 50,000",Alabama,Election day exit poll,In the last few days,Last few days,In the last month,This month,Only Clinton did,Only Clinton or Both of them,Only Clinton or Neither of them,,Only Clinton or Both of them,Only Clinton,Only Clinton or Neither of them,Version 1,0.598402619361877,No
402986.0,45-65,30-59,50-59,45+,50+,45-59,50-64,Black 45-59,Black 45-59,Black 45-64,Hillary Clinton,Once a week,Weekly,Complete,Call 1,5.0,About right,,,,Some college/assoc. degree,No college degree,More than High school graduate,Non white no college degree,1.0,Angry,"Dissatisfied, but not angry or Angry",,,,,,,,,,,Both of them,Only Clinton or Both of them,Only Sanders or Both of them,Health care,,,45+,18-64,Independent/Something else,Black non-Democrat,Black Independent,Independent,All others,Moderate,Moderate or conservative,Moderate,44.0,Yes,Cares about people like me,Black,Black,State questionnaire,Black,Non-white,Gotten worse,Only Clinton or Both of them,Both of them,Only Sanders or Both of them,South,About right,Satisifed,Satisifed,,Male,Black men,"Cities 50,000-500,000","Cities over 50,000",Alabama,Election day exit poll,,,,,,,,,,,,Version 2,0.56621778011322,No
404876.0,45-65,30-59,50-59,45+,50+,45-59,50-64,Black 45-59,Black 45-59,Black 45-64,Hillary Clinton,More than once a week,Weekly,Complete,Call 1,6.0,About right,,,,Some college/assoc. degree,No college degree,More than High school graduate,Non white no college degree,2.0,"Satisfied, but not enthusiastic","Enthusiastic or satisfied, but not enthusiastic",,,,100k or more,"$30,000 or more",50k or more,100 thousand or more,"$100,000-$199,999","$100,000-$199,999","Over $50,000 and non white",Only Clinton,Only Clinton or Both of them,Only Clinton or Neither of them,Economy/Jobs,,,45+,18-64,Democrat,Black Democrat,Black Democrat,Democrat,Non-White Democrats,Somewhat liberal,Liberal,Liberal,75.0,Yes,Has the right experience,Black,Black,State questionnaire,Black,Non-white,Stayed about the same,Only Clinton or Both of them,Only Clinton,Only Clinton or Neither of them,South,About right,Satisifed,Dissatisfied,,Male,Black men,Suburbs,Suburbs,Alabama,Election day exit poll,,,,,,,,,,,,Version 2,0.0958172753453255,No
402884.0,45-65,30-59,50-59,45+,50+,45-59,50-64,Black 45-59,Black 45-59,Black 45-64,Hillary Clinton,More than once a week,Weekly,Complete,Call 1,2.0,About right,,,,Some college/assoc. degree,No college degree,More than High school graduate,Non white no college degree,3.0,"Satisfied, but not enthusiastic","Enthusiastic or satisfied, but not enthusiastic",,,,Less than 100k,"$30,000 or more",Less than 50k,Less than 50 thousand,"Under $50,000","$30,000-$49,999","Under $50,000 and non white",Only Clinton,Only Clinton or Both of them,Only Clinton or Neither of them,Health care,,,45+,18-64,Democrat,Black Democrat,Black Democrat,Democrat,Non-White Democrats,Moderate,Moderate or conservative,Moderate,67.0,Yes,Has the right experience,Black,Black,State questionnaire,Black,Non-white,Gotten better,Only Clinton or Both of them,Only Clinton,Only Clinton or Neither of them,South,Not liberal enough,Satisifed,Dissatisfied,,Female,Black women,"Cities 50,000-500,000","Cities over 50,000",Alabama,Election day exit poll,,,,,,,,,,,,Version 2,0.908496558666229,No
410480.0,30-44,30-59,40-44,18-44,18-49,30-44,40-49,Non-Black 30-44,All others,Latino 65+,Hillary Clinton,A few times a month,Occasionally,Complete,Call 2,7.0,Too liberal,,,,High school or less,No college degree,High school graduate or less,Non white no college degree,3.0,"Satisfied, but not enthusiastic","Enthusiastic or satisfied, but not enthusiastic",,,,Less than 100k,"$30,000 or more",Less than 50k,Less than 50 thousand,"Under $50,000","$30,000-$49,999","Under $50,000 and non white",Only Clinton,Only Clinton or Both of them,Only Clinton or Neither of them,Terrorism,,,18-44,18-64,Democrat,Non-black Democrat,All Other,Democrat,Non-White Democrats,Somewhat liberal,Liberal,Liberal,17.0,Yes,Honest and trustworthy,Other,Other,State questionnaire,Other,Non-white,Gotten worse,Only Clinton or Both of them,Only Clinton,Only Clinton or Neither of them,South,Too liberal,Satisifed,Dissatisfied,,Male,All other races,Rural,Small Cities/Rural,Alabama,Election day exit poll,,,,,,,,,,,,Version 2,2.2056257724762,No
418330.0,45-65,30-59,50-59,45+,50+,45-59,50-64,Black 45-59,Black 45-59,Black 45-64,Hillary Clinton,Once a week,Weekly,Complete,Call 3,1.0,About right,,,,Some college/assoc. degree,No college degree,More than High school graduate,Non white no college degree,4.0,"Satisfied, but not enthusiastic","Enthusiastic or satisfied, but not enthusiastic",,,,Less than 100k,"$30,000 or more",Less than 50k,Less than 50 thousand,"Under $50,000","$30,000-$49,999","Under $50,000 and non white",Only Clinton,Only Clinton or Both of them,Only Clinton or Neither of them,Health care,,,45+,18-64,Democrat,Black Democrat,Black Democrat,Democrat,Non-White Democrats,Moderate,Moderate or conservative,Moderate,62.0,Yes,Has the right experience,Black,Black,State questionnaire,Black,Non-white,Gotten better,Only Clinton or Both of them,Only Clinton,Only Clinton or Neither of them,South,Not liberal enough,Satisifed,Dissatisfied,,Male,Black men,Suburbs,Suburbs,Alabama,Election day exit poll,,,,,,,,,,,,Version 2,0.420284748077393,No
412039.0,65+,60+,65 or over,45+,50+,60+,65+,Black 60+,Black 60+,Black 65+,Hillary Clinton,A few times a month,Occasionally,Complete,Call 2,1.0,About right,,,,High school or less,No college degree,High school graduate or less,Non white no college degree,4.0,"Satisfied, but not enthusiastic","Enthusiastic or satisfied, but not enthusiastic",,,,Less than 100k,"Under $30,000",Less than 50k,Less than 50 thousand,"Under $50,000","Under $30,000","Under $50,000 and non white",Only Clinton,Only Clinton or Both of them,Only Clinton or Neither of them,Health care,,,45+,65+,Democrat,Black Democrat,Black Democrat,Democrat,Non-White Democrats,Somewhat liberal,Liberal,Liberal,62.0,Yes,Honest and trustworthy,Black,Black,State questionnaire,Black,Non-white,Stayed about the same,Only Clinton or Both of them,Only Clinton,Only Clinton or Neither of them,South,About right,Satisifed,Satisifed,,Female,Black women,Suburbs,Suburbs,Alabama,Election day exit poll,,,,,,,,,,,,Version 2,0.502496182918549,No
403922.0,,,,,,,,,,,Hillary Clinton,More than once a week,Weekly,Complete,Call 1,4.0,About right,,,,Some college/assoc. degree,No college degree,More than High school graduate,White no college degree,1.0,Enthusiastic,"Enthusiastic or satisfied, but not enthusiastic",,,,Less than 100k,"$30,000 or more",50k or more,50 to 100 thousand,"$50,000-$99,999","$50,000-$99,999","Over $50,000 and white",Neither of them,Only Sanders or Neither of them,Only Clinton or Neither of them,Terrorism,,,,,Democrat,Non-black Democrat,White Democrat,Democrat,White Democrat,Moderate,Moderate or conservative,Moderate,19.0,Yes,Has the right experience,White,White,State questionnaire,White,White,Stayed about the same,Only Sanders or Neither of them,Neither of them,Only Clinton or Neither of them,South,Too liberal,Omit,Omit,,Female,White women,Rural,Small Cities/Rural,Alabama,Election day exit poll,,,,,,,,,,,,Version 2,3.13410067558289,No
403901.0,45-65,60+,60-64,45+,50+,60+,50-64,Black 60+,Black 60+,Black 45-64,Hillary Clinton,A few times a month,Occasionally,Complete,Call 1,6.0,About right,,,,College graduate,College graduate,More than High school graduate,Non white college degree,2.0,"Dissatisfied, but not angry","Dissatisfied, but not angry or Angry",,,,100k or more,"$30,000 or more",50k or more,100 thousand or more,"$100,000-$199,999","$100,000-$199,999","Over $50,000 and non white",Only Clinton,Only Clinton or Both of them,Only Clinton or Neither of them,Terrorism,,,45+,18-64,Democrat,Black Democrat,Black Democrat,Democrat,Non-White Democrats,Somewhat liberal,Liberal,Liberal,77.0,Yes,Has the right experience,Black,Black,State questionnaire,Black,Non-white,Gotten worse,Only Clinton or Both of them,Only Clinton,Only Clinton or Neither of them,South,Too liberal,Satisifed,Dissatisfied,,Male,Black men,"Cities 50,000-500,000","Cities over 50,000",Alabama,Election day exit poll,,,,,,,,,,,,Version 2,1.0324033498764,No
405122.0,18-29,18-29,18-24,18-44,18-49,18-29,18-24,Non-Black 18-29,White 18-29,White 18-29,Bernie Sanders,A few times a year,Occasionally,Complete,Call 1,6.0,Not liberal enough,,,,Some college/assoc. degree,No college degree,More than High school graduate,White no college degree,2.0,"Satisfied, but not enthusiastic","Enthusiastic or satisfied, but not enthusiastic",,,,Less than 100k,"$30,000 or more",50k or more,50 to 100 thousand,"$50,000-$99,999","$50,000-$99,999","Over $50,000 and white",Both of them,Only Clinton or Both of them,Only Sanders or Both of them,Income inequality,,,18-44,18-64,Democrat,Non-black Democrat,White Democrat,Democrat,White Democrat,Very liberal,Liberal,Liberal,75.0,No,Honest and trustworthy,White,White,State questionnaire,White,White,Gotten worse,Only Clinton or Both of them,Both of them,Only Sanders or Both of them,South,About right,Satisifed,Satisifed,,Female,White women,Suburbs,Suburbs,Alabama,Election day exit poll,,,,,,,,,,,,Version 2,0.337956935167313,No
403556.0,18-29,18-29,18-24,18-44,18-49,18-29,18-24,Black 18-29,Black 18-29,Black 18-29,Hillary Clinton,More than once a week,Weekly,Complete,Call 1,7.0,Not liberal enough,,,,High school or less,No college degree,High school graduate or less,Non white no college degree,3.0,"Satisfied, but not enthusiastic","Enthusiastic or satisfied, but not enthusiastic",,,,Less than 100k,"Under $30,000",Less than 50k,Less than 50 thousand,"Under $50,000","Under $30,000","Under $50,000 and non white",Only Clinton,Only Clinton or Both of them,Only Clinton or Neither of them,Health care,,,18-44,18-64,Democrat,Black Democrat,Black Democrat,Democrat,Non-White Democrats,Very liberal,Liberal,Liberal,33.0,Yes,Has the right experience,Black,Black,State questionnaire,Black,Non-white,Gotten better,Only Clinton or Both of them,Only Clinton,Only Clinton or Neither of them,South,Not liberal enough,Satisifed,Satisifed,,Female,Black women,"Cities 50,000-500,000","Cities over 50,000",Alabama,Election day exit poll,,,,,,,,Yes,,,,Version 2,2.16855096817017,No
403548.0,45-65,30-59,45-49,45+,18-49,45-59,40-49,Black 45-59,Black 45-59,Black 45-64,Hillary Clinton,A few times a month,Occasionally,Complete,Call 1,5.0,About right,,,,Postgraduate study,College graduate,More than High school graduate,Non white college degree,1.0,Enthusiastic,"Enthusiastic or satisfied, but not enthusiastic",,,,100k or more,"$30,000 or more",50k or more,100 thousand or more,"$100,000-$199,999","$100,000-$199,999","Over $50,000 and non white",Only Clinton,Only Clinton or Both of them,Only Clinton or Neither of them,Income inequality,,,45+,18-64,Democrat,Black Democrat,Black Democrat,Democrat,Non-White Democrats,Somewhat liberal,Liberal,Liberal,46.0,Yes,Cares about people like me,Black,Black,State questionnaire,Black,Non-white,Gotten worse,Only Clinton or Both of them,Only Clinton,Only Clinton or Neither of them,South,Too liberal,Satisifed,Dissatisfied,,Female,Black women,"Cities 50,000-500,000","Cities over 50,000",Alabama,Election day exit poll,,,,,,,,Yes,,,,Version 2,0.42243966460228,No
415082.0,30-44,30-59,30-39,18-44,18-49,30-44,30-39,Black 30-44,Black 30-44,Black 30-44,Hillary Clinton,A few times a year,Occasionally,Complete,Call 3,7.0,About right,,,,Postgraduate study,College graduate,More than High school graduate,Non white college degree,3.0,"Satisfied, but not enthusiastic","Enthusiastic or satisfied, but not enthusiastic",,,,100k or more,"$30,000 or more",50k or more,100 thousand or more,"$100,000-$199,999","$100,000-$199,999","Over $50,000 and non white",Only Clinton,Only Clinton or Both of them,Only Clinton or Neither of them,Economy/Jobs,,,18-44,18-64,Democrat,Black Democrat,Black Democrat,Democrat,Non-White Democrats,Moderate,Moderate or conservative,Moderate,34.0,Yes,Can win in November,Black,Black,State questionnaire,Black,Non-white,Stayed about the same,Only Clinton or Both of them,Both of them,Only Sanders or Both of them,South,Too liberal,Satisifed,Dissatisfied,,Male,Black men,"Cities 50,000-500,000","Cities over 50,000",Alabama,Election day exit poll,,,,,,,,Yes,,,,Version 2,1.98089754581451,No
405420.0,65+,60+,65 or over,45+,50+,60+,65+,Non-Black 60+,All others,All others,Hillary Clinton,Once a week,Weekly,Complete,Call 1,1.0,About right,,,,High school or less,No college degree,High school graduate or less,Non white no college degree,4.0,"Dissatisfied, but not angry","Dissatisfied, but not angry or Angry",,,,Less than 100k,"Under $30,000",Less than 50k,Less than 50 thousand,"Under $50,000","Under $30,000","Under $50,000 and non white",Only Clinton,Only Clinton or Both of them,Only Clinton or Neither of them,Income inequality,,,45+,65+,Democrat,Non-black Democrat,All Other,Democrat,Non-White Democrats,Moderate,Moderate or conservative,Moderate,62.0,Yes,Has the right experience,Other,Other,State questionnaire,Other,Non-white,Gotten worse,Only Clinton or Both of them,Only Clinton,Only Clinton or Neither of them,South,Too liberal,Satisifed,Omit,,Male,All other races,Suburbs,Suburbs,Alabama,Election day exit poll,,,,,,,,Yes,,,,Version 2,1.64758133888245,No
403450.0,30-44,30-59,30-39,18-44,18-49,30-44,30-39,Black 30-44,Black 30-44,Black 30-44,Hillary Clinton,More than once a week,Weekly,Complete,Call 1,1.0,About right,,,,College graduate,College graduate,More than High school graduate,Non white college degree,4.0,"Dissatisfied, but not angry","Dissatisfied, but not angry or Angry",,,,Less than 100k,"$30,000 or more",50k or more,50 to 100 thousand,"$50,000-$99,999","$50,000-$99,999","Over $50,000 and non white",Both of them,Only Clinton or Both of them,Only Sanders or Both of them,Terrorism,,,18-44,18-64,Democrat,Black Democrat,Black Democrat,Democrat,Non-White Democrats,Moderate,Moderate or conservative,Moderate,57.0,Yes,Has the right experience,Black,Black,State questionnaire,Black,Non-white,Gotten worse,Only Clinton or Both of them,Only Clinton,Only Clinton or Neither of them,South,Too liberal,Satisifed,Satisifed,,Female,Black women,"Cities 50,000-500,000","Cities over 50,000",Alabama,Election day exit poll,,,,,,,,Yes,,,,Version 2,0.593036472797394,No
416955.0,45-65,30-59,45-49,45+,18-49,45-59,40-49,Black 45-59,Black 45-59,Black 45-64,Hillary Clinton,More than once a week,Weekly,Complete,Call 3,1.0,About right,,,,College graduate,College graduate,More than High school graduate,Non white college degree,4.0,"Dissatisfied, but not angry","Dissatisfied, but not angry or Angry",,,,Less than 100k,"$30,000 or more",50k or more,50 to 100 thousand,"$50,000-$99,999","$50,000-$99,999","Over $50,000 and non white",Only Clinton,Only Clinton or Both of them,Only Clinton or Neither of them,Health care,,,45+,18-64,Democrat,Black Democrat,Black Democrat,Democrat,Non-White Democrats,Somewhat liberal,Liberal,Liberal,58.0,Yes,Has the right experience,Black,Black,State questionnaire,Black,Non-white,Gotten worse,Only Clinton or Both of them,Only Clinton,Only Clinton or Neither of them,South,Not liberal enough,Satisifed,Dissatisfied,,Female,Black women,"Cities 50,000-500,000","Cities over 50,000",Alabama,Election day exit poll,,,,,,,,Yes,,,,Version 2,0.239681139588356,No
416925.0,45-65,30-59,45-49,45+,18-49,45-59,40-49,Black 45-59,Black 45-59,Black 45-64,Hillary Clinton,A few times a month,Occasionally,Complete,Call 3,6.0,About right,,,,Some college/assoc. degree,No college degree,More than High school graduate,Non white no college degree,3.0,Omit,Omit,,,,Less than 100k,"$30,000 or more",50k or more,50 to 100 thousand,"$50,000-$99,999","$50,000-$99,999","Over $50,000 and non white",Both of them,Only Clinton or Both of them,Only Sanders or Both of them,Terrorism,,,45+,18-64,Democrat,Black Democrat,Black Democrat,Democrat,Non-White Democrats,Moderate,Moderate or conservative,Moderate,31.0,Yes,Honest and trustworthy,Black,Black,State questionnaire,Black,Non-white,Gotten worse,Only Clinton or Both of them,Both of them,Only Sanders or Both of them,South,Omit,Satisifed,Omit,,Female,Black women,Suburbs,Suburbs,Alabama,Election day exit poll,,,,,,,,Yes,,,,Version 2,0.43647700548172,No
403406.0,45-65,60+,60-64,45+,50+,60+,50-64,Black 60+,Black 60+,Black 45-64,Hillary Clinton,More than once a week,Weekly,Complete,Call 1,1.0,Too liberal,,,,Some college/assoc. degree,No college degree,More than High school graduate,Non white no college degree,4.0,"Satisfied, but not enthusiastic","Enthusiastic or satisfied, but not enthusiastic",,,,Less than 100k,"Under $30,000",Less than 50k,Less than 50 thousand,"Under $50,000","Under $30,000","Under $50,000 and non white",Only Clinton,Only Clinton or Both of them,Only Clinton or Neither of them,Economy/Jobs,,,45+,18-64,Democrat,Black Democrat,Black Democrat,Democrat,Non-White Democrats,Conservative,Moderate or conservative,Conservative,57.0,Yes,Cares about people like me,Black,Black,State questionnaire,Black,Non-white,Gotten worse,Only Clinton or Both of them,Only Clinton,Only Clinton or Neither of them,South,Not liberal enough,Satisifed,Dissatisfied,,Female,Black women,"Cities 50,000-500,000","Cities over 50,000",Alabama,Election day exit poll,,,,,,,,Yes,,,,Version 2,0.709039747714996,No
409819.0,65+,60+,65 or over,45+,50+,60+,65+,Black 60+,Black 60+,Black 65+,Hillary Clinton,More than once a week,Weekly,Complete,Call 2,1.0,Not liberal enough,,,,High school or less,No college degree,High school graduate or less,Non white no college degree,4.0,Enthusiastic,"Enthusiastic or satisfied, but not enthusiastic",,,,100k or more,"$30,000 or more",50k or more,100 thousand or more,"$100,000-$199,999","$100,000-$199,999","Over $50,000 and non white",Only Clinton,Only Clinton or Both of them,Only Clinton or Neither of them,Terrorism,,,45+,65+,Democrat,Black Democrat,Black Democrat,Democrat,Non-White Democrats,Very liberal,Liberal,Liberal,57.0,Yes,Cares about people like me,Black,Black,State questionnaire,Black,Non-white,Gotten worse,Only Clinton or Both of them,Both of them,Only Sanders or Both of them,South,Not liberal enough,Satisifed,Satisifed,,Female,Black women,"Cities 50,000-500,000","Cities over 50,000",Alabama,Election day exit poll,,,,,,,,Yes,,,,Version 2,0.709039747714996,No
411045.0,65+,60+,65 or over,45+,50+,60+,65+,Black 60+,Black 60+,Black 65+,Hillary Clinton,More than once a week,Weekly,Complete,Call 2,7.0,About right,,,,Postgraduate study,College graduate,More than High school graduate,Non white college degree,3.0,Enthusiastic,"Enthusiastic or satisfied, but not enthusiastic",,,,Less than 100k,"$30,000 or more",Less than 50k,Less than 50 thousand,"Under $50,000","$30,000-$49,999","Under $50,000 and non white",Only Clinton,Only Clinton or Both of them,Only Clinton or Neither of them,Economy/Jobs,,,45+,65+,Democrat,Black Democrat,Black Democrat,Democrat,Non-White Democrats,Conservative,Moderate or conservative,Conservative,17.0,Yes,Has the right experience,Black,Black,State questionnaire,Black,Non-white,Gotten better,Only Clinton or Both of them,Only Clinton,Only Clinton or Neither of them,South,Too liberal,Satisifed,Dissatisfied,,Male,Black men,Rural,Small Cities/Rural,Alabama,Election day exit poll,,,,,,,,Yes,,,,Version 2,1.6100879907608,No
405250.0,18-29,18-29,25-29,18-44,18-49,18-29,25-29,Black 18-29,Black 18-29,Black 18-29,Hillary Clinton,A few times a month,Occasionally,Complete,Call 1,1.0,About right,,,,College graduate,College graduate,More than High school graduate,Non white college degree,4.0,"Dissatisfied, but not angry","Dissatisfied, but not angry or Angry",,,,Less than 100k,"$30,000 or more",50k or more,50 to 100 thousand,"$50,000-$99,999","$50,000-$99,999","Over $50,000 and non white",Both of them,Only Clinton or Both of them,Only Sanders or Both of them,Economy/Jobs,,,18-44,18-64,Democrat,Black Democrat,Black Democrat,Democrat,Non-White Democrats,Moderate,Moderate or conservative,Moderate,62.0,Yes,Has the right experience,Black,Black,State questionnaire,Black,Non-white,Gotten worse,Only Sanders or Neither of them,Only Sanders,Only Sanders or Both of them,South,About right,Satisifed,Satisifed,,Male,Black men,Suburbs,Suburbs,Alabama,Election day exit poll,,,,,,,,Yes,,,,Version 2,0.420284748077393,No
416833.0,45-65,30-59,45-49,45+,18-49,45-59,40-49,Non-Black 45-59,White 45-59,White 45-64,Hillary Clinton,Once a week,Weekly,Complete,Call 3,4.0,About right,,,,High school or less,No college degree,High school graduate or less,White no college degree,1.0,"Satisfied, but not enthusiastic","Enthusiastic or satisfied, but not enthusiastic",,,,Less than 100k,"$30,000 or more",Less than 50k,Less than 50 thousand,"Under $50,000","$30,000-$49,999","Under $50,000 and white",Only Clinton,Only Clinton or Both of them,Only Clinton or Neither of them,Income inequality,,,45+,18-64,Independent/Something else,Non-black non-Democrat,White Independent,Independent,White Independent,Moderate,Moderate or conservative,Moderate,16.0,Yes,Has the right experience,White,White,State questionnaire,White,White,Stayed about the same,Only Clinton or Both of them,Only Clinton,Only Clinton or Neither of them,South,Too liberal,Satisifed,Dissatisfied,,Female,White women,Rural,Small Cities/Rural,Alabama,Election day exit poll,,,,,,,,Yes,,,,Version 2,0.908074796199799,Yes
416826.0,45-65,60+,60-64,45+,50+,60+,50-64,Black 60+,Black 60+,Black 45-64,Hillary Clinton,More than once a week,Weekly,Complete,Call 3,1.0,Too liberal,,,,Some college/assoc. degree,No college degree,More than High school graduate,Non white no college degree,4.0,Enthusiastic,"Enthusiastic or satisfied, but not enthusiastic",,,,Less than 100k,"$30,000 or more",50k or more,50 to 100 thousand,"$50,000-$99,999","$50,000-$99,999","Over $50,000 and non white",Only Clinton,Only Clinton or Both of them,Only Clinton or Neither of them,Income inequality,,,45+,18-64,Democrat,Black Democrat,Black Democrat,Democrat,Non-White Democrats,Very liberal,Liberal,Liberal,57.0,Yes,Has the right experience,Black,Black,State questionnaire,Black,Non-white,Gotten worse,Only Clinton or Both of them,Only Clinton,Only Clinton or Neither of them,South,Too liberal,Satisifed,Satisifed,,Female,Black women,"Cities 50,000-500,000","Cities over 50,000",Alabama,Election day exit poll,,,,,,,,Yes,,,,Version 2,0.709039747714996,No
416797.0,45-65,60+,60-64,45+,50+,60+,50-64,Black 60+,Black 60+,Black 45-64,Hillary Clinton,More than once a week,Weekly,Complete,Call 3,3.0,About right,,,,High school or less,No college degree,High school graduate or less,Non white no college degree,2.0,Enthusiastic,"Enthusiastic or satisfied, but not enthusiastic",,,,Less than 100k,"$30,000 or more",Less than 50k,Less than 50 thousand,"Under $50,000","$30,000-$49,999","Under $50,000 and non white",Only Clinton,Only Clinton or Both of them,Only Clinton or Neither of them,Income inequality,,,45+,18-64,,,,,,Very liberal,Liberal,Liberal,73.0,Yes,Has the right experience,Black,Black,State questionnaire,Black,Non-white,Stayed about the same,Only Clinton or Both of them,Only Clinton,Only Clinton or Neither of them,South,About right,Satisifed,Omit,,Male,Black men,Suburbs,Suburbs,Alabama,Election day exit poll,,,,,,,,Yes,,,,Version 2,0.724464178085327,No
403257.0,65+,60+,65 or over,45+,50+,60+,65+,Black 60+,Black 60+,Black 65+,Hillary Clinton,Once a week,Weekly,Complete,Call 1,1.0,About right,,,,Some college/assoc. degree,No college degree,More than High school graduate,Non white no college degree,4.0,"Satisfied, but not enthusiastic","Enthusiastic or satisfied, but not enthusiastic",,,,Less than 100k,"$30,000 or more",50k or more,50 to 100 thousand,"$50,000-$99,999","$50,000-$99,999","Over $50,000 and non white",Only Clinton,Only Clinton or Both of them,Only Clinton or Neither of them,Economy/Jobs,,,45+,65+,Democrat,Black Democrat,Black Democrat,Democrat,Non-White Democrats,Moderate,Moderate or conservative,Moderate,57.0,Yes,Honest and trustworthy,Black,Black,State questionnaire,Black,Non-white,Gotten worse,Only Clinton or Both of them,Both of them,Only Sanders or Both of them,South,About right,Satisifed,Satisifed,,Male,Black men,"Cities 50,000-500,000","Cities over 50,000",Alabama,Election day exit poll,,,,,,,,Yes,,,,Version 2,0.715484201908112,No
403245.0,45-65,30-59,45-49,45+,18-49,45-59,40-49,Black 45-59,Black 45-59,Black 45-64,Hillary Clinton,More than once a week,Weekly,Complete,Call 1,1.0,About right,,,,Postgraduate study,College graduate,More than High school graduate,Non white college degree,4.0,"Dissatisfied, but not angry","Dissatisfied, but not angry or Angry",,,,Less than 100k,"$30,000 or more",Less than 50k,Less than 50 thousand,"Under $50,000","$30,000-$49,999","Under $50,000 and non white",Only Clinton,Only Clinton or Both of them,Only Clinton or Neither of them,Terrorism,,,45+,18-64,Democrat,Black Democrat,Black Democrat,Democrat,Non-White Democrats,Moderate,Moderate or conservative,Moderate,58.0,Yes,Has the right experience,Black,Black,State questionnaire,Black,Non-white,Gotten worse,Only Clinton or Both of them,Only Clinton,Only Clinton or Neither of them,South,Not liberal enough,Satisifed,Dissatisfied,,Female,Black women,"Cities 50,000-500,000","Cities over 50,000",Alabama,Election day exit poll,,,,,,,,Yes,,,,Version 2,0.239681139588356,No
416711.0,30-44,30-59,40-44,18-44,18-49,30-44,40-49,Black 30-44,Black 30-44,Black 30-44,Hillary Clinton,More than once a week,Weekly,Complete,Call 3,1.0,Not liberal enough,,,,Some college/assoc. degree,No college degree,More than High school graduate,Non white no college degree,4.0,Enthusiastic,"Enthusiastic or satisfied, but not enthusiastic",,,,Less than 100k,"$30,000 or more",50k or more,50 to 100 thousand,"$50,000-$99,999","$50,000-$99,999","Over $50,000 and non white",Only Clinton,Only Clinton or Both of them,Only Clinton or Neither of them,Terrorism,,,18-44,18-64,Democrat,Black Democrat,Black Democrat,Democrat,Non-White Democrats,Very liberal,Liberal,Liberal,57.0,Yes,Has the right experience,Black,Black,State questionnaire,Black,Non-white,Gotten better,Only Clinton or Both of them,Only Clinton,Only Clinton or Neither of them,South,Too liberal,Satisifed,Satisifed,,Male,Black men,"Cities 50,000-500,000","Cities over 50,000",Alabama,Election day exit poll,,,,,,,,Yes,,,,Version 2,0.593036472797394,No
410828.0,45-65,60+,60-64,45+,50+,60+,50-64,Non-Black 60+,White 60+,White 45-64,Hillary Clinton,Never,Never,Complete,Call 2,6.0,About right,,,,Postgraduate study,College graduate,More than High school graduate,White college degree,2.0,"Dissatisfied, but not angry","Dissatisfied, but not angry or Angry",,,,100k or more,"$30,000 or more",50k or more,100 thousand or more,"$200,000 or more","$200,000 or more","Over $50,000 and white",Only Clinton,Only Clinton or Both of them,Only Clinton or Neither of them,Income inequality,,,45+,18-64,Democrat,Non-black Democrat,White Democrat,Democrat,White Democrat,Very liberal,Liberal,Liberal,77.0,Yes,Has the right experience,White,White,State questionnaire,White,White,Gotten worse,Only Clinton or Both of them,Only Clinton,Only Clinton or Neither of them,South,Too liberal,Satisifed,Dissatisfied,,Male,White men,"Cities 50,000-500,000","Cities over 50,000",Alabama,Election day exit poll,,,,,,,,Yes,,,,Version 2,3.25828981399536,No
405027.0,45-65,30-59,50-59,45+,50+,45-59,50-64,Non-Black 45-59,All others,All others,Hillary Clinton,Once a week,Weekly,Complete,Call 1,1.0,About right,,,,Some college/assoc. degree,No college degree,More than High school graduate,Non white no college degree,4.0,"Dissatisfied, but not angry","Dissatisfied, but not angry or Angry",,,,Less than 100k,"$30,000 or more",50k or more,50 to 100 thousand,"$50,000-$99,999","$50,000-$99,999","Over $50,000 and non white",Only Clinton,Only Clinton or Both of them,Only Clinton or Neither of them,Health care,,,45+,18-64,Democrat,Non-black Democrat,All Other,Democrat,Non-White Democrats,Very liberal,Liberal,Liberal,62.0,Yes,Cares about people like me,Other,American Indian,State questionnaire,Other,Non-white,Gotten worse,Only Clinton or Both of them,Only Clinton,Only Clinton or Neither of them,South,About right,Satisifed,Satisifed,,Female,All other races,Suburbs,Suburbs,Alabama,Election day exit poll,,,,,,,,Yes,,,,Version 2,1.57470750808716,No
404988.0,45-65,30-59,45-49,45+,18-49,45-59,40-49,Black 45-59,Black 45-59,Black 45-64,Hillary Clinton,Once a week,Weekly,Complete,Call 1,1.0,Not liberal enough,,,,College graduate,College graduate,More than High school graduate,Non white college degree,4.0,Enthusiastic,"Enthusiastic or satisfied, but not enthusiastic",,,,100k or more,"$30,000 or more",50k or more,100 thousand or more,"$100,000-$199,999","$100,000-$199,999","Over $50,000 and non white",Only Clinton,Only Clinton or Both of them,Only Clinton or Neither of them,Terrorism,,,45+,18-64,Democrat,Black Democrat,Black Democrat,Democrat,Non-White Democrats,Somewhat liberal,Liberal,Liberal,62.0,Yes,Honest and trustworthy,Black,Black,State questionnaire,Black,Non-white,Stayed about the same,Only Clinton or Both of them,Only Clinton,Only Clinton or Neither of them,South,Not liberal enough,Satisifed,Dissatisfied,,Male,Black men,Suburbs,Suburbs,Alabama,Election day exit poll,,,,,,,,Yes,,,,Version 2,0.420284748077393,No
403055.0,30-44,30-59,40-44,18-44,18-49,30-44,40-49,Black 30-44,Black 30-44,Black 30-44,Hillary Clinton,More than once a week,Weekly,Complete,Call 1,5.0,About right,,,,Some college/assoc. degree,No college degree,More than High school graduate,Non white no college degree,1.0,Enthusiastic,"Enthusiastic or satisfied, but not enthusiastic",,,,Less than 100k,"Under $30,000",Less than 50k,Less than 50 thousand,"Under $50,000","Under $30,000","Under $50,000 and non white",Only Clinton,Only Clinton or Both of them,Only Clinton or Neither of them,Economy/Jobs,,,18-44,18-64,Democrat,Black Democrat,Black Democrat,Democrat,Non-White Democrats,Moderate,Moderate or conservative,Moderate,44.0,Yes,Cares about people like me,Black,Black,State questionnaire,Black,Non-white,Gotten better,Only Clinton or Both of them,Both of them,Only Sanders or Both of them,South,About right,Satisifed,Satisifed,,Female,Black women,"Cities 50,000-500,000","Cities over 50,000",Alabama,Election day exit poll,,,,,,,,Yes,,,,Version 2,0.56621778011322,No
404959.0,30-44,30-59,40-44,18-44,18-49,30-44,40-49,Black 30-44,Black 30-44,Black 30-44,Hillary Clinton,A few times a month,Occasionally,Complete,Call 1,6.0,About right,,,,College graduate,College graduate,More than High school graduate,Non white college degree,3.0,"Dissatisfied, but not angry","Dissatisfied, but not angry or Angry",,,,100k or more,"$30,000 or more",50k or more,100 thousand or more,"$100,000-$199,999","$100,000-$199,999","Over $50,000 and non white",Only Clinton,Only Clinton or Both of them,Only Clinton or Neither of them,Omit,,,18-44,18-64,Democrat,Black Democrat,Black Democrat,Democrat,Non-White Democrats,Moderate,Moderate or conservative,Moderate,31.0,Yes,Honest and trustworthy,Black,Black,State questionnaire,Black,Non-white,Gotten worse,Only Clinton or Both of them,Only Clinton,Only Clinton or Neither of them,South,Omit,Satisifed,Satisifed,,Female,Black women,Suburbs,Suburbs,Alabama,Election day exit poll,,,,,,,,Yes,,,,Version 2,0.43647700548172,No
403019.0,45-65,30-59,45-49,45+,18-49,45-59,40-49,Black 45-59,Black 45-59,Black 45-64,Hillary Clinton,More than once a week,Weekly,Complete,Call 1,7.0,About right,,,,College graduate,College graduate,More than High school graduate,Non white college degree,3.0,Angry,"Dissatisfied, but not angry or Angry",,,,Less than 100k,"Under $30,000",Less than 50k,Less than 50 thousand,"Under $50,000","Under $30,000","Under $50,000 and non white",Only Clinton,Only Clinton or Both of them,Only Clinton or Neither of them,Economy/Jobs,,,45+,18-64,Democrat,Black Democrat,Black Democrat,Democrat,Non-White Democrats,Moderate,Moderate or conservative,Moderate,38.0,Yes,Has the right experience,Black,Black,State questionnaire,Black,Non-white,Gotten worse,Only Clinton or Both of them,Only Clinton,Only Clinton or Neither of them,South,About right,Satisifed,Dissatisfied,,Female,Black women,"Cities 50,000-500,000","Cities over 50,000",Alabama,Election day exit poll,,,,,,,,Yes,,,,Version 2,1.0669504404068,No
405754.0,45-65,60+,60-64,45+,50+,60+,50-64,Black 60+,Black 60+,Black 45-64,Hillary Clinton,More than once a week,Weekly,Complete,Call 1,1.0,About right,,,,Some college/assoc. degree,No college degree,More than High school graduate,Non white no college degree,4.0,"Satisfied, but not enthusiastic","Enthusiastic or satisfied, but not enthusiastic",,,,Less than 100k,"Under $30,000",Less than 50k,Less than 50 thousand,"Under $50,000","Under $30,000","Under $50,000 and non white",Only Clinton,Only Clinton or Both of them,Only Clinton or Neither of them,Health care,,,45+,18-64,Democrat,Black Democrat,Black Democrat,Democrat,Non-White Democrats,Moderate,Moderate or conservative,Moderate,62.0,Yes,Honest and trustworthy,Black,Black,State questionnaire,Black,Non-white,Gotten worse,Only Clinton or Both of them,Only Clinton,Only Clinton or Neither of them,South,About right,Satisifed,Satisifed,,Female,Black women,Suburbs,Suburbs,Alabama,Election day exit poll,,,,,,,,Yes,,,,Version 2,0.502496182918549,No
402992.0,65+,60+,65 or over,45+,50+,60+,65+,Black 60+,Black 60+,Black 65+,Hillary Clinton,More than once a week,Weekly,Complete,Call 1,1.0,About right,,,,College graduate,College graduate,More than High school graduate,Non white college degree,4.0,"Dissatisfied, but not angry","Dissatisfied, but not angry or Angry",,,,Less than 100k,"$30,000 or more",50k or more,50 to 100 thousand,"$50,000-$99,999","$50,000-$99,999","Over $50,000 and non white",Only Clinton,Only Clinton or Both of them,Only Clinton or Neither of them,Health care,,,45+,65+,Democrat,Black Democrat,Black Democrat,Democrat,Non-White Democrats,Very liberal,Liberal,Liberal,57.0,Yes,Has the right experience,Black,Black,State questionnaire,Black,Non-white,Stayed about the same,Only Clinton or Both of them,Only Clinton,Only Clinton or Neither of them,South,Too liberal,Satisifed,Satisifed,,Female,Black women,"Cities 50,000-500,000","Cities over 50,000",Alabama,Election day exit poll,,,,,,,,Yes,,,,Version 2,0.709039747714996,No
402857.0,45-65,30-59,50-59,45+,50+,45-59,50-64,Black 45-59,Black 45-59,Black 45-64,Hillary Clinton,Once a week,Weekly,Complete,Call 1,1.0,About right,,,,College graduate,College graduate,More than High school graduate,Non white college degree,4.0,"Satisfied, but not enthusiastic","Enthusiastic or satisfied, but not enthusiastic",,,,Less than 100k,"$30,000 or more",50k or more,50 to 100 thousand,"$50,000-$99,999","$50,000-$99,999","Over $50,000 and non white",Only Clinton,Only Clinton or Both of them,Only Clinton or Neither of them,Income inequality,,,45+,18-64,Democrat,Black Democrat,Black Democrat,Democrat,Non-White Democrats,Somewhat liberal,Liberal,Liberal,57.0,Yes,Honest and trustworthy,Black,Black,State questionnaire,Black,Non-white,Gotten worse,Only Clinton or Both of them,Only Clinton,Only Clinton or Neither of them,South,Not liberal enough,Satisifed,Satisifed,,Female,Black women,"Cities 50,000-500,000","Cities over 50,000",Alabama,Election day exit poll,,,,,,,,Yes,,,,Version 2,0.593036472797394,No
402787.0,45-65,30-59,45-49,45+,18-49,45-59,40-49,Black 45-59,Black 45-59,Black 45-64,Hillary Clinton,More than once a week,Weekly,Not complete,Call 1,5.0,,,,,,,,,1.0,,,,,,,,,,,,,Both of them,Only Clinton or Both of them,Only Sanders or Both of them,,,,45+,18-64,,,,,,,,,44.0,Yes,,Black,Black,State questionnaire,Black,Non-white,Stayed about the same,,,,South,,Satisifed,Omit,,Female,Black women,"Cities 50,000-500,000","Cities over 50,000",Alabama,Election day exit poll,,,,,,,,Yes,,,,Version 2,0.56621778011322,
416287.0,30-44,30-59,30-39,18-44,18-49,30-44,30-39,Black 30-44,Black 30-44,Black 30-44,Hillary Clinton,More than once a week,Weekly,Complete,Call 3,7.0,About right,,,,Some college/assoc. degree,No college degree,More than High school graduate,Non white no college degree,3.0,Enthusiastic,"Enthusiastic or satisfied, but not enthusiastic",,,,Less than 100k,"$30,000 or more",Less than 50k,Less than 50 thousand,"Under $50,000","$30,000-$49,999","Under $50,000 and non white",Only Clinton,Only Clinton or Both of them,Only Clinton or Neither of them,Health care,,,18-44,18-64,Democrat,Black Democrat,Black Democrat,Democrat,Non-White Democrats,Very liberal,Liberal,Liberal,17.0,Yes,Honest and trustworthy,Black,Black,State questionnaire,Black,Non-white,Gotten worse,Only Clinton or Both of them,Only Clinton,Only Clinton or Neither of them,South,About right,Satisifed,Dissatisfied,,Female,Black women,Rural,Small Cities/Rural,Alabama,Election day exit poll,,,,,,,,Yes,,,,Version 2,1.09682559967041,No
404699.0,45-65,30-59,50-59,45+,50+,45-59,50-64,Black 45-59,Black 45-59,Black 45-64,Hillary Clinton,A few times a month,Occasionally,Complete,Call 1,1.0,About right,,,,High school or less,No college degree,High school graduate or less,Non white no college degree,4.0,"Satisfied, but not enthusiastic","Enthusiastic or satisfied, but not enthusiastic",,,,Less than 100k,"Under $30,000",Less than 50k,Less than 50 thousand,"Under $50,000","Under $30,000","Under $50,000 and non white",Omit,Omit,Omit,Terrorism,,,45+,18-64,Democrat,Black Democrat,Black Democrat,Democrat,Non-White Democrats,Somewhat liberal,Liberal,Liberal,62.0,Yes,Cares about people like me,Black,Black,State questionnaire,Black,Non-white,Omit,Only Sanders or Neither of them,Neither of them,Only Clinton or Neither of them,South,About right,Omit,Omit,,Female,Black women,Suburbs,Suburbs,Alabama,Election day exit poll,,,,,,,,Yes,,,,Version 2,0.420284748077393,No
410354.0,65+,60+,65 or over,45+,50+,60+,65+,Black 60+,Black 60+,Black 65+,Hillary Clinton,More than once a week,Weekly,Complete,Call 2,1.0,About right,,,,Postgraduate study,College graduate,More than High school graduate,Non white college degree,4.0,"Dissatisfied, but not angry","Dissatisfied, but not angry or Angry",,,,Less than 100k,"$30,000 or more",Less than 50k,Less than 50 thousand,"Under $50,000","$30,000-$49,999","Under $50,000 and non white",Only Clinton,Only Clinton or Both of them,Only Clinton or Neither of them,Income inequality,,,45+,65+,Democrat,Black Democrat,Black Democrat,Democrat,Non-White Democrats,Conservative,Moderate or conservative,Conservative,57.0,Yes,Can win in November,Black,Black,State questionnaire,Black,Non-white,Gotten better,Only Clinton or Both of them,Only Clinton,Only Clinton or Neither of them,South,About right,Satisifed,Satisifed,,Female,Black women,"Cities 50,000-500,000","Cities over 50,000",Alabama,Election day exit poll,,,,,,,,Yes,,,,Version 2,0.709039747714996,No
416137.0,30-44,30-59,30-39,18-44,18-49,30-44,30-39,Black 30-44,Black 30-44,Black 30-44,Hillary Clinton,A few times a year,Occasionally,Complete,Call 3,2.0,About right,,,,College graduate,College graduate,More than High school graduate,Non white college degree,4.0,"Satisfied, but not enthusiastic","Enthusiastic or satisfied, but not enthusiastic",,,,Less than 100k,"$30,000 or more",50k or more,50 to 100 thousand,"$50,000-$99,999","$50,000-$99,999","Over $50,000 and non white",Only Clinton,Only Clinton or Both of them,Only Clinton or Neither of them,Economy/Jobs,,,18-44,18-64,Democrat,Black Democrat,Black Democrat,Democrat,Non-White Democrats,Somewhat liberal,Liberal,Liberal,13.0,Yes,Cares about people like me,Black,Black,State questionnaire,Black,Non-white,Stayed about the same,Only Clinton or Both of them,Only Clinton,Only Clinton or Neither of them,South,Not liberal enough,Satisifed,Dissatisfied,,Male,Black men,Rural,Small Cities/Rural,Alabama,Election day exit poll,,,,,,,,Yes,,,,Version 2,0.168635338544846,No
404542.0,45-65,30-59,50-59,45+,50+,45-59,50-64,Black 45-59,Black 45-59,Black 45-64,Hillary Clinton,Once a week,Weekly,Complete,Call 1,6.0,About right,,,,College graduate,College graduate,More than High school graduate,Non white college degree,2.0,Angry,"Dissatisfied, but not angry or Angry",,,,100k or more,"$30,000 or more",50k or more,100 thousand or more,"$100,000-$199,999","$100,000-$199,999","Over $50,000 and non white",Only Clinton,Only Clinton or Both of them,Only Clinton or Neither of them,Terrorism,,,45+,18-64,Democrat,Black Democrat,Black Democrat,Democrat,Non-White Democrats,Somewhat liberal,Liberal,Liberal,75.0,Yes,Can win in November,Black,Black,State questionnaire,Black,Non-white,Gotten worse,Only Clinton or Both of them,Both of them,Only Sanders or Both of them,South,About right,Satisifed,Satisifed,,Male,Black men,Suburbs,Suburbs,Alabama,Election day exit poll,,,,,,,,Yes,,,,Version 2,0.0958172753453255,No
416612.0,65+,60+,65 or over,45+,50+,60+,65+,Black 60+,Black 60+,Black 65+,Hillary Clinton,Once a week,Weekly,Complete,Call 3,1.0,About right,,,,High school or less,No college degree,High school graduate or less,Non white no college degree,4.0,Enthusiastic,"Enthusiastic or satisfied, but not enthusiastic",,,,Less than 100k,"$30,000 or more",Less than 50k,Less than 50 thousand,"Under $50,000","$30,000-$49,999","Under $50,000 and non white",Only Clinton,Only Clinton or Both of them,Only Clinton or Neither of them,Health care,,,45+,65+,Democrat,Black Democrat,Black Democrat,Democrat,Non-White Democrats,Very liberal,Liberal,Liberal,57.0,Yes,Has the right experience,Black,Black,State questionnaire,Black,Non-white,Stayed about the same,Only Clinton or Both of them,Only Clinton,Only Clinton or Neither of them,South,Too liberal,Satisifed,Dissatisfied,,Female,Black women,"Cities 50,000-500,000","Cities over 50,000",Alabama,Election day exit poll,,,,,,,,Yes,,,,Version 2,0.709039747714996,No
410312.0,65+,60+,65 or over,45+,50+,60+,65+,Black 60+,Black 60+,Black 65+,Hillary Clinton,More than once a week,Weekly,Complete,Call 2,1.0,About right,,,,Some college/assoc. degree,No college degree,More than High school graduate,Non white no college degree,4.0,"Satisfied, but not enthusiastic","Enthusiastic or satisfied, but not enthusiastic",,,,Less than 100k,"$30,000 or more",Less than 50k,Less than 50 thousand,"Under $50,000","$30,000-$49,999","Under $50,000 and non white",Only Clinton,Only Clinton or Both of them,Only Clinton or Neither of them,Terrorism,,,45+,65+,Democrat,Black Democrat,Black Democrat,Democrat,Non-White Democrats,Somewhat liberal,Liberal,Liberal,57.0,Yes,Has the right experience,Black,Black,State questionnaire,Black,Non-white,Gotten worse,Only Clinton or Both of them,Only Clinton,Only Clinton or Neither of them,South,Too liberal,Satisifed,Satisifed,,Female,Black women,"Cities 50,000-500,000","Cities over 50,000",Alabama,Election day exit poll,,,,,,,,Yes,,,,Version 2,0.709039747714996,No
417996.0,45-65,30-59,50-59,45+,50+,45-59,50-64,Black 45-59,Black 45-59,Black 45-64,Hillary Clinton,More than once a week,Weekly,Complete,Call 3,1.0,About right,,,,College graduate,College graduate,More than High school graduate,Non white college degree,4.0,"Dissatisfied, but not angry","Dissatisfied, but not angry or Angry",,,,Less than 100k,"$30,000 or more",50k or more,50 to 100 thousand,"$50,000-$99,999","$50,000-$99,999","Over $50,000 and non white",Only Clinton,Only Clinton or Both of them,Only Clinton or Neither of them,Economy/Jobs,,,45+,18-64,Democrat,Black Democrat,Black Democrat,Democrat,Non-White Democrats,Moderate,Moderate or conservative,Moderate,62.0,Yes,Cares about people like me,Black,Black,State questionnaire,Black,Non-white,Gotten worse,Only Clinton or Both of them,Only Clinton,Only Clinton or Neither of them,South,Not liberal enough,Satisifed,Dissatisfied,,Female,Black women,Suburbs,Suburbs,Alabama,Election day exit poll,,,,,,,,Yes,,,,Version 2,0.420284748077393,No
410221.0,45-65,30-59,45-49,45+,18-49,45-59,40-49,Black 45-59,Black 45-59,Black 45-64,Hillary Clinton,A few times a month,Occasionally,Complete,Call 2,7.0,Omit,,,,,,,,3.0,Omit,Omit,,,,,,,,,,,Only Clinton,Only Clinton or Both of them,Only Clinton or Neither of them,Economy/Jobs,,,45+,18-64,,,,,,,,,33.0,Yes,Honest and trustworthy,Black,Black,State questionnaire,Black,Non-white,Stayed about the same,Omit,Omit,Omit,South,Omit,Satisifed,Dissatisfied,,Female,Black women,"Cities 50,000-500,000","Cities over 50,000",Alabama,Election day exit poll,,,,,,,,Yes,,,,Version 2,1.96797525882721,
404415.0,45-65,30-59,50-59,45+,50+,45-59,50-64,Black 45-59,Black 45-59,Black 45-64,Hillary Clinton,A few times a year,Occasionally,Complete,Call 1,6.0,About right,,,,High school or less,No college degree,High school graduate or less,Non white no college degree,2.0,"Satisfied, but not enthusiastic","Enthusiastic or satisfied, but not enthusiastic",,,,100k or more,"$30,000 or more",50k or more,100 thousand or more,"$100,000-$199,999","$100,000-$199,999","Over $50,000 and non white",Only Clinton,Only Clinton or Both of them,Only Clinton or Neither of them,Income inequality,,,45+,18-64,Democrat,Black Democrat,Black Democrat,Democrat,Non-White Democrats,Very liberal,Liberal,Liberal,75.0,Yes,Has the right experience,Black,Black,State questionnaire,Black,Non-white,Gotten worse,Only Clinton or Both of them,Both of them,Only Sanders or Both of them,South,About right,Satisifed,Satisifed,,Male,Black men,Suburbs,Suburbs,Alabama,Election day exit poll,,,,,,,,Yes,,,,Version 2,0.0958172753453255,No
410175.0,30-44,30-59,40-44,18-44,18-49,30-44,40-49,Black 30-44,Black 30-44,Black 30-44,Hillary Clinton,Once a week,Weekly,Complete,Call 2,1.0,About right,,,,College graduate,College graduate,More than High school graduate,Non white college degree,4.0,"Satisfied, but not enthusiastic","Enthusiastic or satisfied, but not enthusiastic",,,,Less than 100k,"$30,000 or more",Less than 50k,Less than 50 thousand,"Under $50,000","$30,000-$49,999","Under $50,000 and non white",Both of them,Only Clinton or Both of them,Only Sanders or Both of them,Economy/Jobs,,,18-44,18-64,Democrat,Black Democrat,Black Democrat,Democrat,Non-White Democrats,Moderate,Moderate or conservative,Moderate,59.0,Yes,Cares about people like me,Black,Black,State questionnaire,Black,Non-white,Gotten worse,Only Clinton or Both of them,Both of them,Only Sanders or Both of them,South,Too liberal,Satisifed,Satisifed,,Male,Black men,"Cities 50,000-500,000","Cities over 50,000",Alabama,Election day exit poll,,,,,,,,Yes,,,,Version 2,0.328346014022827,No
410161.0,65+,60+,65 or over,45+,50+,60+,65+,Black 60+,Black 60+,Black 65+,Hillary Clinton,A few times a month,Occasionally,Complete,Call 2,1.0,About right,,,,Some college/assoc. degree,No college degree,More than High school graduate,Non white no college degree,4.0,"Satisfied, but not enthusiastic","Enthusiastic or satisfied, but not enthusiastic",,,,Less than 100k,"Under $30,000",Less than 50k,Less than 50 thousand,"Under $50,000","Under $30,000","Under $50,000 and non white",Only Clinton,Only Clinton or Both of them,Only Clinton or Neither of them,Health care,,,45+,65+,Democrat,Black Democrat,Black Democrat,Democrat,Non-White Democrats,Moderate,Moderate or conservative,Moderate,57.0,Yes,Has the right experience,Black,Black,State questionnaire,Black,Non-white,Stayed about the same,Only Clinton or Both of them,Both of them,Only Sanders or Both of them,South,Not liberal enough,Satisifed,Satisifed,,Male,Black men,"Cities 50,000-500,000","Cities over 50,000",Alabama,Election day exit poll,,,,,,,,Yes,,,,Version 2,0.715484201908112,No
410126.0,45-65,60+,60-64,45+,50+,60+,50-64,Black 60+,Black 60+,Black 45-64,Hillary Clinton,More than once a week,Weekly,Complete,Call 2,1.0,About right,,,,College graduate,College graduate,More than High school graduate,Non white college degree,4.0,"Dissatisfied, but not angry","Dissatisfied, but not angry or Angry",,,,Less than 100k,"$30,000 or more",50k or more,50 to 100 thousand,"$50,000-$99,999","$50,000-$99,999","Over $50,000 and non white",Both of them,Only Clinton or Both of them,Only Sanders or Both of them,Health care,,,45+,18-64,Independent/Something else,Black non-Democrat,Black Independent,Independent,All others,Moderate,Moderate or conservative,Moderate,57.0,Yes,Can win in November,Black,Black,State questionnaire,Black,Non-white,Gotten worse,Only Clinton or Both of them,Both of them,Only Sanders or Both of them,South,Too liberal,Satisifed,Satisifed,,Male,Black men,"Cities 50,000-500,000","Cities over 50,000",Alabama,Election day exit poll,,,,,,,,Yes,,,,Version 2,0.715484201908112,No
403236.0,18-29,18-29,18-24,18-44,18-49,18-29,18-24,Black 18-29,Black 18-29,Black 18-29,Hillary Clinton,Once a week,Weekly,Complete,Call 1,2.0,About right,,,,Some college/assoc. degree,No college degree,More than High school graduate,Non white no college degree,3.0,"Dissatisfied, but not angry","Dissatisfied, but not angry or Angry",,,,Less than 100k,"$30,000 or more",50k or more,50 to 100 thousand,"$50,000-$99,999","$50,000-$99,999","Over $50,000 and non white",Both of them,Only Clinton or Both of them,Only Sanders or Both of them,Economy/Jobs,,,18-44,18-64,Independent/Something else,Black non-Democrat,Black Independent,Something else,All others,Moderate,Moderate or conservative,Moderate,67.0,Yes,Honest and trustworthy,Black,Black,State questionnaire,Black,Non-white,Stayed about the same,Only Clinton or Both of them,Only Clinton,Only Clinton or Neither of them,South,Not liberal enough,Satisifed,Dissatisfied,,Female,Black women,"Cities 50,000-500,000","Cities over 50,000",Alabama,Election day exit poll,,,,,,,,Yes,,,,Version 2,1.00109028816223,No
410038.0,45-65,30-59,50-59,45+,50+,45-59,50-64,Black 45-59,Black 45-59,Black 45-64,Hillary Clinton,More than once a week,Weekly,Complete,Call 2,7.0,About right,,,,High school or less,No college degree,High school graduate or less,Non white no college degree,3.0,Enthusiastic,"Enthusiastic or satisfied, but not enthusiastic",,,,Less than 100k,"Under $30,000",Less than 50k,Less than 50 thousand,"Under $50,000","Under $30,000","Under $50,000 and non white",Only Clinton,Only Clinton or Both of them,Only Clinton or Neither of them,Health care,,,45+,18-64,Democrat,Black Democrat,Black Democrat,Democrat,Non-White Democrats,Somewhat liberal,Liberal,Liberal,17.0,Yes,Can win in November,Black,Black,State questionnaire,Black,Non-white,Gotten worse,Only Clinton or Both of them,Only Clinton,Only Clinton or Neither of them,South,Too liberal,Satisifed,Dissatisfied,,Female,Black women,Rural,Small Cities/Rural,Alabama,Election day exit poll,,,,,,,,Yes,,,,Version 2,1.09682559967041,No
410033.0,45-65,30-59,50-59,45+,50+,45-59,50-64,Black 45-59,Black 45-59,Black 45-64,Hillary Clinton,Once a week,Weekly,Complete,Call 2,5.0,About right,,,,High school or less,No college degree,High school graduate or less,Non white no college degree,1.0,"Satisfied, but not enthusiastic","Enthusiastic or satisfied, but not enthusiastic",,,,Less than 100k,"Under $30,000",Less than 50k,Less than 50 thousand,"Under $50,000","Under $30,000","Under $50,000 and non white",Only Clinton,Only Clinton or Both of them,Only Clinton or Neither of them,Terrorism,,,45+,18-64,Democrat,Black Democrat,Black Democrat,Democrat,Non-White Democrats,Very liberal,Liberal,Liberal,44.0,Yes,Cares about people like me,Black,Black,State questionnaire,Black,Non-white,Gotten worse,Only Clinton or Both of them,Only Clinton,Only Clinton or Neither of them,South,Not liberal enough,Satisifed,Dissatisfied,,Female,Black women,"Cities 50,000-500,000","Cities over 50,000",Alabama,Election day exit poll,,,,,,,,Yes,,,,Version 2,0.56621778011322,No
404190.0,65+,60+,65 or over,45+,50+,60+,65+,Black 60+,Black 60+,Black 65+,Hillary Clinton,More than once a week,Weekly,Complete,Call 1,1.0,About right,,,,Postgraduate study,College graduate,More than High school graduate,Non white college degree,4.0,"Dissatisfied, but not angry","Dissatisfied, but not angry or Angry",,,,Less than 100k,"$30,000 or more",50k or more,50 to 100 thousand,"$50,000-$99,999","$50,000-$99,999","Over $50,000 and non white",Only Clinton,Only Clinton or Both of them,Only Clinton or Neither of them,Economy/Jobs,,,45+,65+,Democrat,Black Democrat,Black Democrat,Democrat,Non-White Democrats,Somewhat liberal,Liberal,Liberal,60.0,Yes,Has the right experience,Black,Black,State questionnaire,Black,Non-white,Gotten worse,Only Clinton or Both of them,Only Clinton,Only Clinton or Neither of them,South,Too liberal,Satisifed,Satisifed,,Female,Black women,Suburbs,Suburbs,Alabama,Election day exit poll,,,,,,,,Yes,,,,Version 2,0.309601962566376,No
410654.0,45-65,30-59,50-59,45+,50+,45-59,50-64,Black 45-59,Black 45-59,Black 45-64,Hillary Clinton,More than once a week,Weekly,Complete,Call 2,7.0,About right,,,,Some college/assoc. degree,No college degree,More than High school graduate,Non white no college degree,3.0,"Satisfied, but not enthusiastic","Enthusiastic or satisfied, but not enthusiastic",,,,Less than 100k,"Under $30,000",Less than 50k,Less than 50 thousand,"Under $50,000","Under $30,000","Under $50,000 and non white",Only Clinton,Only Clinton or Both of them,Only Clinton or Neither of them,Income inequality,,,45+,18-64,Democrat,Black Democrat,Black Democrat,Democrat,Non-White Democrats,Very liberal,Liberal,Liberal,17.0,Yes,Has the right experience,Black,Black,State questionnaire,Black,Non-white,Gotten better,Only Clinton or Both of them,Only Clinton,Only Clinton or Neither of them,South,Not liberal enough,Satisifed,Dissatisfied,,Male,Black men,Rural,Small Cities/Rural,Alabama,Election day exit poll,,,,,,,,Yes,,,,Version 2,1.10679471492767,No
403147.0,30-44,30-59,40-44,18-44,18-49,30-44,40-49,Black 30-44,Black 30-44,Black 30-44,Hillary Clinton,More than once a week,Weekly,Complete,Call 1,5.0,About right,,,,College graduate,College graduate,More than High school graduate,Non white college degree,1.0,"Satisfied, but not enthusiastic","Enthusiastic or satisfied, but not enthusiastic",,,,Less than 100k,"$30,000 or more",50k or more,50 to 100 thousand,"$50,000-$99,999","$50,000-$99,999","Over $50,000 and non white",Omit,Omit,Omit,Health care,,,18-44,18-64,,,,,,Moderate,Moderate or conservative,Moderate,44.0,Yes,Cares about people like me,Black,Black,State questionnaire,Black,Non-white,Stayed about the same,Only Clinton or Both of them,Both of them,Only Sanders or Both of them,South,About right,Satisifed,Satisifed,,Female,Black women,"Cities 50,000-500,000","Cities over 50,000",Alabama,Election day exit poll,,,,,,,,Yes,,,,Version 2,0.56621778011322,No
404095.0,65+,60+,65 or over,45+,50+,60+,65+,,,,Hillary Clinton,Once a week,Weekly,Complete,Call 1,7.0,About right,,,,Some college/assoc. degree,No college degree,More than High school graduate,,3.0,Enthusiastic,"Enthusiastic or satisfied, but not enthusiastic",,,,Less than 100k,"$30,000 or more",Less than 50k,Less than 50 thousand,"Under $50,000","$30,000-$49,999",,Only Clinton,Only Clinton or Both of them,Only Clinton or Neither of them,Terrorism,,,45+,65+,Democrat,,,Democrat,,Very liberal,Liberal,Liberal,17.0,Yes,Has the right experience,,,State questionnaire,,,Stayed about the same,Only Clinton or Both of them,Both of them,Only Sanders or Both of them,South,About right,Satisifed,Omit,,,,Rural,Small Cities/Rural,Alabama,Election day exit poll,,,,,,,,Yes,,,,Version 2,2.06250834465027,
404037.0,45-65,30-59,45-49,45+,18-49,45-59,40-49,Black 45-59,Black 45-59,Black 45-64,Hillary Clinton,Once a week,Weekly,Complete,Call 1,6.0,About right,,,,Some college/assoc. degree,No college degree,More than High school graduate,Non white no college degree,2.0,"Dissatisfied, but not angry","Dissatisfied, but not angry or Angry",,,,Less than 100k,"$30,000 or more",50k or more,50 to 100 thousand,"$50,000-$99,999","$50,000-$99,999","Over $50,000 and non white",Only Clinton,Only Clinton or Both of them,Only Clinton or Neither of them,Income inequality,,,45+,18-64,Democrat,Black Democrat,Black Democrat,Democrat,Non-White Democrats,Moderate,Moderate or conservative,Moderate,77.0,Yes,Honest and trustworthy,Black,Black,State questionnaire,Black,Non-white,Gotten better,Only Clinton or Both of them,Only Clinton,Only Clinton or Neither of them,South,Too liberal,Satisifed,Dissatisfied,,Female,Black women,"Cities 50,000-500,000","Cities over 50,000",Alabama,Election day exit poll,,,,,,,,Yes,,,,Version 2,0.816827416419983,No
403973.0,45-65,30-59,50-59,45+,50+,45-59,50-64,Black 45-59,Black 45-59,Black 45-64,Hillary Clinton,Once a week,Weekly,Complete,Call 1,1.0,About right,,,,Postgraduate study,College graduate,More than High school graduate,Non white college degree,4.0,Omit,Omit,,,,Less than 100k,"$30,000 or more",50k or more,50 to 100 thousand,"$50,000-$99,999","$50,000-$99,999","Over $50,000 and non white",Both of them,Only Clinton or Both of them,Only Sanders or Both of them,Omit,,,45+,18-64,Democrat,Black Democrat,Black Democrat,Democrat,Non-White Democrats,Very liberal,Liberal,Liberal,59.0,Yes,Omit,Black,Black,State questionnaire,Black,Non-white,Gotten worse,Only Clinton or Both of them,Both of them,Only Sanders or Both of them,South,Omit,Satisifed,Dissatisfied,,Female,Black women,"Cities 50,000-500,000","Cities over 50,000",Alabama,Election day exit poll,,,,,,,,Yes,,,,Version 2,0.328346014022827,No
417385.0,45-65,30-59,50-59,45+,50+,45-59,50-64,Black 45-59,Black 45-59,Black 45-64,Hillary Clinton,More than once a week,Weekly,Complete,Call 3,1.0,About right,,,,Postgraduate study,College graduate,More than High school graduate,Non white college degree,4.0,"Dissatisfied, but not angry","Dissatisfied, but not angry or Angry",,,,Less than 100k,"Under $30,000",Less than 50k,Less than 50 thousand,"Under $50,000","Under $30,000","Under $50,000 and non white",Only Clinton,Only Clinton or Both of them,Only Clinton or Neither of them,Economy/Jobs,,,45+,18-64,Democrat,Black Democrat,Black Democrat,Democrat,Non-White Democrats,Moderate,Moderate or conservative,Moderate,58.0,Yes,Cares about people like me,Black,Black,State questionnaire,Black,Non-white,Gotten worse,Only Clinton or Both of them,Both of them,Only Sanders or Both of them,South,About right,Satisifed,Satisifed,,Female,Black women,"Cities 50,000-500,000","Cities over 50,000",Alabama,Election day exit poll,,,,,,,,Yes,,,,Version 2,0.239681139588356,No
411573.0,30-44,30-59,30-39,18-44,18-49,30-44,30-39,Non-Black 30-44,White 30-44,White 30-44,Hillary Clinton,Once a week,Weekly,Complete,Call 2,4.0,About right,,,,High school or less,No college degree,High school graduate or less,White no college degree,1.0,"Satisfied, but not enthusiastic","Enthusiastic or satisfied, but not enthusiastic",,,,Less than 100k,"Under $30,000",Less than 50k,Less than 50 thousand,"Under $50,000","Under $30,000","Under $50,000 and white",Only Clinton,Only Clinton or Both of them,Only Clinton or Neither of them,Terrorism,,,18-44,18-64,Democrat,Non-black Democrat,White Democrat,Democrat,White Democrat,Moderate,Moderate or conservative,Moderate,41.0,Yes,Honest and trustworthy,White,White,State questionnaire,White,White,Gotten better,Only Clinton or Both of them,Both of them,Only Sanders or Both of them,South,About right,Satisifed,Satisifed,,Female,White women,Suburbs,Suburbs,Alabama,Election day exit poll,,,,,,,,Yes,,,,Version 2,1.25059592723846,Yes
417817.0,45-65,30-59,50-59,45+,50+,45-59,50-64,Black 45-59,Black 45-59,Black 45-64,Hillary Clinton,More than once a week,Weekly,Complete,Call 3,1.0,Too liberal,,,,College graduate,College graduate,More than High school graduate,Non white college degree,4.0,"Satisfied, but not enthusiastic","Enthusiastic or satisfied, but not enthusiastic",,,,Less than 100k,"$30,000 or more",Less than 50k,Less than 50 thousand,"Under $50,000","$30,000-$49,999","Under $50,000 and non white",Only Clinton,Only Clinton or Both of them,Only Clinton or Neither of them,Health care,,,45+,18-64,Democrat,Black Democrat,Black Democrat,Democrat,Non-White Democrats,Very liberal,Liberal,Liberal,62.0,Yes,Honest and trustworthy,Black,Black,State questionnaire,Black,Non-white,Gotten worse,Only Clinton or Both of them,Only Clinton,Only Clinton or Neither of them,South,Not liberal enough,Satisifed,Satisifed,,Female,Black women,Suburbs,Suburbs,Alabama,Election day exit poll,,,,,,,,Yes,,,,Version 2,0.420284748077393,No
403802.0,65+,60+,65 or over,45+,50+,60+,65+,Black 60+,Black 60+,Black 65+,Hillary Clinton,More than once a week,Weekly,Complete,Call 1,3.0,About right,,,,High school or less,No college degree,High school graduate or less,Non white no college degree,2.0,Enthusiastic,"Enthusiastic or satisfied, but not enthusiastic",,,,Less than 100k,"$30,000 or more",Less than 50k,Less than 50 thousand,"Under $50,000","$30,000-$49,999","Under $50,000 and non white",Only Clinton,Only Clinton or Both of them,Only Clinton or Neither of them,Income inequality,,,45+,65+,Democrat,Black Democrat,Black Democrat,Democrat,Non-White Democrats,Very liberal,Liberal,Liberal,73.0,Yes,Has the right experience,Black,Black,State questionnaire,Black,Non-white,Stayed about the same,Only Clinton or Both of them,Only Clinton,Only Clinton or Neither of them,South,About right,Satisifed,Dissatisfied,,Male,Black men,Suburbs,Suburbs,Alabama,Election day exit poll,,,,,,,,Yes,,,,Version 2,0.724464178085327,No
411507.0,45-65,60+,60-64,45+,50+,60+,50-64,Non-Black 60+,White 60+,White 45-64,Hillary Clinton,A few times a month,Occasionally,Complete,Call 2,4.0,About right,,,,High school or less,No college degree,High school graduate or less,White no college degree,1.0,"Satisfied, but not enthusiastic","Enthusiastic or satisfied, but not enthusiastic",,,,Less than 100k,"$30,000 or more",Less than 50k,Less than 50 thousand,"Under $50,000","$30,000-$49,999","Under $50,000 and white",Only Clinton,Only Clinton or Both of them,Only Clinton or Neither of them,Health care,,,45+,18-64,Democrat,Non-black Democrat,White Democrat,Democrat,White Democrat,Moderate,Moderate or conservative,Moderate,41.0,Yes,Can win in November,White,White,State questionnaire,White,White,Stayed about the same,Only Clinton or Both of them,Only Clinton,Only Clinton or Neither of them,South,Too liberal,Satisifed,Satisifed,,Male,White men,Suburbs,Suburbs,Alabama,Election day exit poll,,,,,,,,Yes,,,,Version 2,1.30847060680389,Yes
409523.0,45-65,30-59,50-59,45+,50+,45-59,50-64,Black 45-59,Black 45-59,Black 45-64,Hillary Clinton,Once a week,Weekly,Complete,Call 2,2.0,About right,,,,Postgraduate study,College graduate,More than High school graduate,Non white college degree,3.0,"Satisfied, but not enthusiastic","Enthusiastic or satisfied, but not enthusiastic",,,,100k or more,"$30,000 or more",50k or more,100 thousand or more,"$100,000-$199,999","$100,000-$199,999","Over $50,000 and non white",Both of them,Only Clinton or Both of them,Only Sanders or Both of them,Economy/Jobs,,,45+,18-64,Democrat,Black Democrat,Black Democrat,Democrat,Non-White Democrats,Moderate,Moderate or conservative,Moderate,67.0,Yes,Can win in November,Black,Black,State questionnaire,Black,Non-white,Stayed about the same,Only Clinton or Both of them,Both of them,Only Sanders or Both of them,South,About right,Satisifed,Satisifed,,Female,Black women,"Cities 50,000-500,000","Cities over 50,000",Alabama,Election day exit poll,,,,,,,,Yes,,,,Version 2,0.908496558666229,No
403714.0,45-65,30-59,45-49,45+,18-49,45-59,40-49,Black 45-59,Black 45-59,Black 45-64,Hillary Clinton,More than once a week,Weekly,Complete,Call 1,5.0,Too liberal,,,,Postgraduate study,College graduate,More than High school graduate,Non white college degree,1.0,"Satisfied, but not enthusiastic","Enthusiastic or satisfied, but not enthusiastic",,,,100k or more,"$30,000 or more",50k or more,100 thousand or more,"$100,000-$199,999","$100,000-$199,999","Over $50,000 and non white",Only Clinton,Only Clinton or Both of them,Only Clinton or Neither of them,Economy/Jobs,,,45+,18-64,Independent/Something else,Black non-Democrat,Black Independent,Independent,All others,Conservative,Moderate or conservative,Conservative,46.0,No,Honest and trustworthy,Black,Black,State questionnaire,Black,Non-white,Gotten worse,Only Clinton or Both of them,Both of them,Only Sanders or Both of them,South,Too liberal,Satisifed,Satisifed,,Male,Black men,"Cities 50,000-500,000","Cities over 50,000",Alabama,Election day exit poll,,,,,,,,Yes,,,,Version 2,0.42243966460228,No
403672.0,45-65,60+,60-64,45+,50+,60+,50-64,Non-Black 60+,White 60+,White 45-64,Hillary Clinton,Never,Never,Complete,Call 1,4.0,About right,,,,Postgraduate study,College graduate,More than High school graduate,White college degree,1.0,"Dissatisfied, but not angry","Dissatisfied, but not angry or Angry",,,,100k or more,"$30,000 or more",50k or more,100 thousand or more,"$100,000-$199,999","$100,000-$199,999","Over $50,000 and white",Only Clinton,Only Clinton or Both of them,Only Clinton or Neither of them,Economy/Jobs,,,45+,18-64,Democrat,Non-black Democrat,White Democrat,Democrat,White Democrat,Somewhat liberal,Liberal,Liberal,19.0,Yes,Has the right experience,White,White,State questionnaire,White,White,Stayed about the same,Only Clinton or Both of them,Only Clinton,Only Clinton or Neither of them,South,Too liberal,Satisifed,Dissatisfied,,Female,White women,Rural,Small Cities/Rural,Alabama,Election day exit poll,,,,,,,,Yes,,,,Version 2,3.27913975715637,No
416695.0,45-65,30-59,45-49,45+,18-49,45-59,40-49,Black 45-59,Black 45-59,Black 45-64,Hillary Clinton,More than once a week,Weekly,Complete,Call 3,3.0,About right,,,,College graduate,College graduate,More than High school graduate,Non white college degree,2.0,"Dissatisfied, but not angry","Dissatisfied, but not angry or Angry",,,,Less than 100k,"$30,000 or more",50k or more,50 to 100 thousand,"$50,000-$99,999","$50,000-$99,999","Over $50,000 and non white",Only Clinton,Only Clinton or Both of them,Only Clinton or Neither of them,Economy/Jobs,,,45+,18-64,Democrat,Black Democrat,Black Democrat,Democrat,Non-White Democrats,Conservative,Moderate or conservative,Conservative,7.0,Yes,Cares about people like me,Black,Black,State questionnaire,Black,Non-white,Stayed about the same,Only Clinton or Both of them,Only Clinton,Only Clinton or Neither of them,South,Too liberal,Satisifed,Dissatisfied,,Male,Black men,Suburbs,Suburbs,Alabama,Election day exit poll,,,,,,,,Yes,,,,Version 2,0.182260245084763,No
403639.0,45-65,30-59,50-59,45+,50+,45-59,50-64,Black 45-59,Black 45-59,Black 45-64,Hillary Clinton,More than once a week,Weekly,Complete,Call 1,7.0,About right,,,,High school or less,No college degree,High school graduate or less,Non white no college degree,3.0,Angry,"Dissatisfied, but not angry or Angry",,,,Less than 100k,"Under $30,000",Less than 50k,Less than 50 thousand,"Under $50,000","Under $30,000","Under $50,000 and non white",Only Clinton,Only Clinton or Both of them,Only Clinton or Neither of them,Economy/Jobs,,,45+,18-64,Democrat,Black Democrat,Black Democrat,Democrat,Non-White Democrats,,,,38.0,Yes,Can win in November,Black,Black,State questionnaire,Black,Non-white,Gotten better,Only Clinton or Both of them,Only Clinton,Only Clinton or Neither of them,South,Not liberal enough,Satisifed,Dissatisfied,,Female,Black women,"Cities 50,000-500,000","Cities over 50,000",Alabama,Election day exit poll,,,,,,,,Yes,,,,Version 2,1.0669504404068,No
403636.0,65+,60+,65 or over,45+,50+,60+,65+,Black 60+,Black 60+,Black 65+,Hillary Clinton,Once a week,Weekly,Complete,Call 1,1.0,Too liberal,,,,College graduate,College graduate,More than High school graduate,Non white college degree,4.0,Enthusiastic,"Enthusiastic or satisfied, but not enthusiastic",,,,Less than 100k,"$30,000 or more",50k or more,50 to 100 thousand,"$50,000-$99,999","$50,000-$99,999","Over $50,000 and non white",Only Clinton,Only Clinton or Both of them,Only Clinton or Neither of them,Health care,,,45+,65+,Democrat,Black Democrat,Black Democrat,Democrat,Non-White Democrats,Very liberal,Liberal,Liberal,57.0,Yes,Can win in November,Black,Black,State questionnaire,Black,Non-white,Stayed about the same,Only Clinton or Both of them,Only Clinton,Only Clinton or Neither of them,South,Too liberal,Satisifed,Dissatisfied,,Male,Black men,"Cities 50,000-500,000","Cities over 50,000",Alabama,Election day exit poll,,,,,,,,Yes,,,,Version 2,0.715484201908112,No
417139.0,45-65,30-59,50-59,45+,50+,45-59,50-64,Black 45-59,Black 45-59,Black 45-64,Hillary Clinton,Once a week,Weekly,Complete,Call 3,5.0,About right,,,,College graduate,College graduate,More than High school graduate,Non white college degree,1.0,"Satisfied, but not enthusiastic","Enthusiastic or satisfied, but not enthusiastic",,,,100k or more,"$30,000 or more",50k or more,100 thousand or more,"$100,000-$199,999","$100,000-$199,999","Over $50,000 and non white",Only Clinton,Only Clinton or Both of them,Only Clinton or Neither of them,Economy/Jobs,,,45+,18-64,Democrat,Black Democrat,Black Democrat,Democrat,Non-White Democrats,Moderate,Moderate or conservative,Moderate,49.0,Yes,Has the right experience,Black,Black,State questionnaire,Black,Non-white,Gotten worse,Only Clinton or Both of them,Only Clinton,Only Clinton or Neither of them,South,Too liberal,Satisifed,Dissatisfied,,Female,Black women,"Cities 50,000-500,000","Cities over 50,000",Alabama,Election day exit poll,,,,,,,,Yes,,,,Version 2,0.271799892187119,No
416980.0,45-65,30-59,50-59,45+,50+,45-59,50-64,Non-Black 45-59,White 45-59,White 45-64,Bernie Sanders,More than once a week,Weekly,Complete,Call 3,5.0,About right,,,,Postgraduate study,College graduate,More than High school graduate,White college degree,1.0,"Dissatisfied, but not angry","Dissatisfied, but not angry or Angry",,,,,,,,,,,Both of them,Only Clinton or Both of them,Only Sanders or Both of them,Omit,,,45+,18-64,Democrat,Non-black Democrat,White Democrat,Democrat,White Democrat,Somewhat liberal,Liberal,Liberal,49.0,Yes,Cares about people like me,White,White,State questionnaire,White,White,Gotten worse,Only Clinton or Both of them,Both of them,Only Sanders or Both of them,South,About right,Satisifed,Satisifed,,Female,White women,"Cities 50,000-500,000","Cities over 50,000",Alabama,Election day exit poll,,,,,,,,Yes,,,,Version 2,0.890709757804871,No
416911.0,45-65,30-59,50-59,45+,50+,45-59,50-64,Non-Black 45-59,White 45-59,White 45-64,Bernie Sanders,Never,Never,Complete,Call 3,6.0,Not liberal enough,,,,College graduate,College graduate,More than High school graduate,White college degree,3.0,"Satisfied, but not enthusiastic","Enthusiastic or satisfied, but not enthusiastic",,,,Less than 100k,"$30,000 or more",50k or more,50 to 100 thousand,"$50,000-$99,999","$50,000-$99,999","Over $50,000 and white",Both of them,Only Clinton or Both of them,Only Sanders or Both of them,Economy/Jobs,,,45+,18-64,Democrat,Non-black Democrat,White Democrat,Democrat,White Democrat,Very liberal,Liberal,Liberal,26.0,Yes,Honest and trustworthy,White,White,State questionnaire,White,White,Gotten worse,Only Clinton or Both of them,Both of them,Only Sanders or Both of them,South,About right,Satisifed,Satisifed,,Female,White women,"Cities 50,000-500,000","Cities over 50,000",Alabama,Election day exit poll,,,,,,,,Yes,,,,Version 2,1.25509858131409,No
416897.0,18-29,18-29,25-29,18-44,18-49,18-29,25-29,Non-Black 18-29,White 18-29,White 18-29,Bernie Sanders,Never,Never,Complete,Call 3,4.0,Too liberal,,,,Some college/assoc. degree,No college degree,More than High school graduate,White no college degree,1.0,"Dissatisfied, but not angry","Dissatisfied, but not angry or Angry",,,,Less than 100k,"Under $30,000",Less than 50k,Less than 50 thousand,"Under $50,000","Under $30,000","Under $50,000 and white",Only Sanders,Only Sanders or Neither of them,Only Sanders or Both of them,Income inequality,,,18-44,18-64,Independent/Something else,Non-black non-Democrat,White Independent,Independent,White Independent,Somewhat liberal,Liberal,Liberal,16.0,No,Omit,White,White,State questionnaire,White,White,Stayed about the same,Only Sanders or Neither of them,Only Sanders,Only Sanders or Both of them,South,About right,Dissatisfied,Satisifed,,Female,White women,Rural,Small Cities/Rural,Alabama,Election day exit poll,,,,,,,,Yes,,,,Version 2,0.801315546035767,Yes
405076.0,65+,60+,65 or over,45+,50+,60+,65+,Non-Black 60+,White 60+,White 65+,Bernie Sanders,More than once a week,Weekly,Complete,Call 1,6.0,Too liberal,,,,High school or less,No college degree,High school graduate or less,White no college degree,3.0,"Satisfied, but not enthusiastic","Enthusiastic or satisfied, but not enthusiastic",,,,Less than 100k,"$30,000 or more",Less than 50k,Less than 50 thousand,"Under $50,000","$30,000-$49,999","Under $50,000 and white",Only Sanders,Only Sanders or Neither of them,Only Sanders or Both of them,Economy/Jobs,,,45+,65+,Democrat,Non-black Democrat,White Democrat,Democrat,White Democrat,Conservative,Moderate or conservative,Conservative,31.0,Yes,Honest and trustworthy,White,White,State questionnaire,White,White,Gotten worse,Only Sanders or Neither of them,Neither of them,Only Clinton or Neither of them,South,Not liberal enough,Dissatisfied,Satisifed,,Male,White men,Suburbs,Suburbs,Alabama,Election day exit poll,,,,,,,,Yes,,,,Version 2,0.773633062839508,Yes
403134.0,18-29,18-29,18-24,18-44,18-49,18-29,18-24,Non-Black 18-29,White 18-29,White 18-29,Bernie Sanders,Never,Never,Complete,Call 1,2.0,Not liberal enough,,,,High school or less,No college degree,High school graduate or less,White no college degree,3.0,Angry,"Dissatisfied, but not angry or Angry",,,,Less than 100k,"Under $30,000",Less than 50k,Less than 50 thousand,"Under $50,000","Under $30,000","Under $50,000 and white",Only Sanders,Only Sanders or Neither of them,Only Sanders or Both of them,Economy/Jobs,,,18-44,18-64,Independent/Something else,Non-black non-Democrat,White Independent,Independent,White Independent,Moderate,Moderate or conservative,Moderate,67.0,No,Honest and trustworthy,White,White,State questionnaire,White,White,Gotten worse,Only Sanders or Neither of them,Only Sanders,Only Sanders or Both of them,South,About right,Dissatisfied,Satisifed,,Male,White men,"Cities 50,000-500,000","Cities over 50,000",Alabama,Election day exit poll,,,,,,,,Yes,,,,Version 2,1.53904020786285,Yes
403098.0,65+,60+,65 or over,45+,50+,60+,65+,Black 60+,Black 60+,Black 65+,Bernie Sanders,A few times a year,Occasionally,Complete,Call 1,5.0,Not liberal enough,,,,College graduate,College graduate,More than High school graduate,Non white college degree,1.0,"Dissatisfied, but not angry","Dissatisfied, but not angry or Angry",,,,100k or more,"$30,000 or more",50k or more,100 thousand or more,"$200,000 or more","$200,000 or more","Over $50,000 and non white",Only Sanders,Only Sanders or Neither of them,Only Sanders or Both of them,Income inequality,,,45+,65+,Democrat,Black Democrat,Black Democrat,Democrat,Non-White Democrats,Moderate,Moderate or conservative,Moderate,46.0,Yes,Honest and trustworthy,Black,Black,State questionnaire,Black,Non-white,Gotten worse,Only Sanders or Neither of them,Only Sanders,Only Sanders or Both of them,South,About right,Dissatisfied,Satisifed,,Male,Black men,"Cities 50,000-500,000","Cities over 50,000",Alabama,Election day exit poll,,,,,,,,Yes,,,,Version 2,0.42243966460228,No
410372.0,30-44,30-59,40-44,18-44,18-49,30-44,40-49,Non-Black 30-44,White 30-44,White 30-44,Bernie Sanders,Once a week,Weekly,Complete,Call 2,1.0,Omit,,,,College graduate,College graduate,More than High school graduate,White college degree,4.0,"Dissatisfied, but not angry","Dissatisfied, but not angry or Angry",,,,Less than 100k,"$30,000 or more",50k or more,50 to 100 thousand,"$50,000-$99,999","$50,000-$99,999","Over $50,000 and white",Only Sanders,Only Sanders or Neither of them,Only Sanders or Both of them,Income inequality,,,18-44,18-64,Independent/Something else,Non-black non-Democrat,White Independent,Independent,White Independent,Somewhat liberal,Liberal,Liberal,59.0,Yes,Honest and trustworthy,White,White,State questionnaire,White,White,Stayed about the same,Only Sanders or Neither of them,Only Sanders,Only Sanders or Both of them,South,About right,Dissatisfied,Satisifed,,Male,White men,"Cities 50,000-500,000","Cities over 50,000",Alabama,Election day exit poll,,,,,,,,Yes,,,,Version 2,0.891864061355591,No
416872.0,30-44,30-59,40-44,18-44,18-49,30-44,40-49,Non-Black 30-44,White 30-44,White 30-44,Bernie Sanders,Once a week,Weekly,Complete,Call 3,3.0,Not liberal enough,,,,Postgraduate study,College graduate,More than High school graduate,White college degree,2.0,"Dissatisfied, but not angry","Dissatisfied, but not angry or Angry",,,,Less than 100k,"$30,000 or more",50k or more,50 to 100 thousand,"$50,000-$99,999","$50,000-$99,999","Over $50,000 and white",Both of them,Only Clinton or Both of them,Only Sanders or Both of them,Economy/Jobs,,,18-44,18-64,Democrat,Non-black Democrat,White Democrat,Democrat,White Democrat,Very liberal,Liberal,Liberal,7.0,No,Honest and trustworthy,White,White,State questionnaire,White,White,Stayed about the same,Only Clinton or Both of them,Both of them,Only Sanders or Both of them,South,About right,Satisifed,Satisifed,,Female,White women,Suburbs,Suburbs,Alabama,Election day exit poll,,,,,,,,Yes,,,,Version 2,0.642849743366241,No
409837.0,65+,60+,65 or over,45+,50+,60+,65+,Non-Black 60+,White 60+,White 65+,Bernie Sanders,A few times a year,Occasionally,Complete,Call 2,1.0,Not liberal enough,,,,College graduate,College graduate,More than High school graduate,White college degree,4.0,"Dissatisfied, but not angry","Dissatisfied, but not angry or Angry",,,,Less than 100k,"$30,000 or more",50k or more,50 to 100 thousand,"$50,000-$99,999","$50,000-$99,999","Over $50,000 and white",Both of them,Only Clinton or Both of them,Only Sanders or Both of them,Income inequality,,,45+,65+,Democrat,Non-black Democrat,White Democrat,Democrat,White Democrat,Very liberal,Liberal,Liberal,58.0,Yes,Honest and trustworthy,White,White,State questionnaire,White,White,Stayed about the same,Only Clinton or Both of them,Both of them,Only Sanders or Both of them,South,About right,Satisifed,Satisifed,,Male,White men,"Cities 50,000-500,000","Cities over 50,000",Alabama,Election day exit poll,,,,,,,,Yes,,,,Version 2,0.788004040718079,No
409678.0,30-44,30-59,30-39,18-44,18-49,30-44,30-39,Non-Black 30-44,White 30-44,White 30-44,Bernie Sanders,Once a week,Weekly,Complete,Call 2,4.0,Too liberal,,,,High school or less,No college degree,High school graduate or less,White no college degree,1.0,"Dissatisfied, but not angry","Dissatisfied, but not angry or Angry",,,,Less than 100k,"$30,000 or more",Less than 50k,Less than 50 thousand,"Under $50,000","$30,000-$49,999","Under $50,000 and white",Both of them,Only Clinton or Both of them,Only Sanders or Both of them,Economy/Jobs,,,18-44,18-64,Democrat,Non-black Democrat,White Democrat,Democrat,White Democrat,Moderate,Moderate or conservative,Moderate,16.0,Yes,Honest and trustworthy,White,White,State questionnaire,White,White,Stayed about the same,Only Sanders or Neither of them,Only Sanders,Only Sanders or Both of them,South,About right,Dissatisfied,Satisifed,,Female,White women,Rural,Small Cities/Rural,Alabama,Election day exit poll,,,,,,,,Yes,,,,Version 2,0.801315546035767,Yes
417399.0,18-29,18-29,25-29,18-44,18-49,18-29,25-29,Black 18-29,Black 18-29,Black 18-29,Bernie Sanders,A few times a month,Occasionally,Not complete,Call 3,7.0,,,,,,,,,3.0,,,,,,,,,,,,,Both of them,Only Clinton or Both of them,Only Sanders or Both of them,,,,18-44,18-64,,,,,,,,,33.0,Yes,,Black,Black,State questionnaire,Black,Non-white,Gotten worse,,,,South,,Satisifed,Satisifed,,Female,Black women,"Cities 50,000-500,000","Cities over 50,000",Alabama,Election day exit poll,,,,,,,,Yes,,,,Version 2,1.03178203105927,
410080.0,18-29,18-29,18-24,18-44,18-49,18-29,18-24,Non-Black 18-29,White 18-29,White 18-29,Uncommitted,Once a week,Weekly,Complete,Call 2,3.0,Too liberal,,,,,,,,2.0,"Satisfied, but not enthusiastic","Enthusiastic or satisfied, but not enthusiastic",,,,,,,,,,,Neither of them,Only Sanders or Neither of them,Only Clinton or Neither of them,Health care,,,18-44,18-64,Independent/Something else,Non-black non-Democrat,White Independent,Independent,White Independent,,,,73.0,No,Can win in November,White,White,State questionnaire,White,White,Gotten better,Only Sanders or Neither of them,Only Sanders,Only Sanders or Both of them,South,Too liberal,Satisifed,Satisifed,,Male,White men,Suburbs,Suburbs,Alabama,Election day exit poll,,,,,,,,Yes,,,,Version 2,1.75485169887543,
409967.0,18-29,18-29,25-29,18-44,18-49,18-29,25-29,Black 18-29,Black 18-29,Black 18-29,Uncommitted,Once a week,Weekly,Not complete,Call 2,2.0,,,,,,,,,3.0,,,,,,,,,,,,,Neither of them,Only Sanders or Neither of them,Only Clinton or Neither of them,,,,18-44,18-64,,,,,,,,,67.0,Yes,,Black,Black,State questionnaire,Black,Non-white,Gotten worse,,,,South,,Satisifed,Satisifed,,Female,Black women,"Cities 50,000-500,000","Cities over 50,000",Alabama,Election day exit poll,,,,,,,,Yes,,,,Version 2,1.46735525131226,
405090.0,45-65,30-59,50-59,45+,50+,45-59,50-64,Non-Black 45-59,White 45-59,White 45-64,Other,More than once a week,Weekly,Complete,Call 1,1.0,Omit,,,,,,,,4.0,Omit,Omit,,,,,,,,,,,Neither of them,Only Sanders or Neither of them,Only Clinton or Neither of them,Terrorism,,,45+,18-64,,,,,,,,,62.0,Yes,Omit,White,White,State questionnaire,White,White,Gotten worse,Omit,Omit,Omit,South,Omit,Dissatisfied,Dissatisfied,,Male,White men,Suburbs,Suburbs,Alabama,Election day exit poll,,,,,,,,Yes,,,,Version 2,0.420284748077393,
404565.0,45-65,30-59,45-49,45+,18-49,45-59,40-49,Non-Black 45-59,White 45-59,White 45-64,Other,More than once a week,Weekly,Complete,Call 1,1.0,Too liberal,,,,Postgraduate study,College graduate,More than High school graduate,White college degree,4.0,"Dissatisfied, but not angry","Dissatisfied, but not angry or Angry",,,,100k or more,"$30,000 or more",50k or more,100 thousand or more,"$100,000-$199,999","$100,000-$199,999","Over $50,000 and white",Neither of them,Only Sanders or Neither of them,Only Clinton or Neither of them,Terrorism,,,45+,18-64,Republican,Non-black non-Democrat,All Republicans,Republican,White Republican,Conservative,Moderate or conservative,Conservative,62.0,No,Honest and trustworthy,White,White,State questionnaire,White,White,Gotten worse,Only Sanders or Neither of them,Neither of them,Only Clinton or Neither of them,South,Too liberal,Dissatisfied,Dissatisfied,,Female,White women,Suburbs,Suburbs,Alabama,Election day exit poll,,,,,,,,Yes,,,,Version 2,0.420284748077393,No
417095.0,45-65,30-59,45-49,45+,18-49,45-59,40-49,Black 45-59,Black 45-59,Black 45-64,Hillary Clinton,Once a week,Weekly,Complete,Call 3,5.0,About right,,,,Some college/assoc. degree,No college degree,More than High school graduate,Non white no college degree,1.0,Angry,"Dissatisfied, but not angry or Angry",,,,Less than 100k,"$30,000 or more",Less than 50k,Less than 50 thousand,"Under $50,000","$30,000-$49,999","Under $50,000 and non white",Omit,Omit,Omit,Economy/Jobs,,,45+,18-64,Democrat,Black Democrat,Black Democrat,Democrat,Non-White Democrats,Conservative,Moderate or conservative,Conservative,44.0,Yes,Has the right experience,Black,Black,State questionnaire,Black,Non-white,Gotten worse,Omit,Omit,Omit,South,About right,Satisifed,Omit,,Female,Black women,"Cities 50,000-500,000","Cities over 50,000",Alabama,Election day exit poll,,,,,,,,No,,,,Version 2,0.56621778011322,No
403576.0,30-44,30-59,30-39,18-44,18-49,30-44,30-39,Black 30-44,Black 30-44,Black 30-44,Hillary Clinton,A few times a year,Occasionally,Complete,Call 1,7.0,About right,,,,Some college/assoc. degree,No college degree,More than High school graduate,Non white no college degree,3.0,"Dissatisfied, but not angry","Dissatisfied, but not angry or Angry",,,,Less than 100k,"Under $30,000",Less than 50k,Less than 50 thousand,"Under $50,000","Under $30,000","Under $50,000 and non white",Only Clinton,Only Clinton or Both of them,Only Clinton or Neither of them,Economy/Jobs,,,18-44,18-64,Democrat,Black Democrat,Black Democrat,Democrat,Non-White Democrats,Somewhat liberal,Liberal,Liberal,38.0,Yes,Has the right experience,Black,Black,State questionnaire,Black,Non-white,Gotten worse,Only Clinton or Both of them,Only Clinton,Only Clinton or Neither of them,South,Not liberal enough,Satisifed,Dissatisfied,,Female,Black women,"Cities 50,000-500,000","Cities over 50,000",Alabama,Election day exit poll,,,,,,,,No,,,,Version 2,1.0669504404068,No
405498.0,65+,60+,65 or over,45+,50+,60+,65+,Non-Black 60+,All others,All others,Hillary Clinton,More than once a week,Weekly,Complete,Call 1,1.0,About right,,,,Postgraduate study,College graduate,More than High school graduate,Non white college degree,4.0,"Dissatisfied, but not angry","Dissatisfied, but not angry or Angry",,,,Less than 100k,"Under $30,000",Less than 50k,Less than 50 thousand,"Under $50,000","Under $30,000","Under $50,000 and non white",Only Clinton,Only Clinton or Both of them,Only Clinton or Neither of them,Health care,,,45+,65+,Democrat,Non-black Democrat,All Other,Democrat,Non-White Democrats,Conservative,Moderate or conservative,Conservative,62.0,Yes,Has the right experience,Other,Other,State questionnaire,Other,Non-white,Stayed about the same,Only Clinton or Both of them,Only Clinton,Only Clinton or Neither of them,South,Not liberal enough,Satisifed,Dissatisfied,,Female,All other races,Suburbs,Suburbs,Alabama,Election day exit poll,,,,,,,,No,,,,Version 2,1.64758133888245,No
403562.0,30-44,30-59,40-44,18-44,18-49,30-44,40-49,Black 30-44,Black 30-44,Black 30-44,Hillary Clinton,A few times a year,Occasionally,Complete,Call 1,1.0,About right,,,,Some college/assoc. degree,No college degree,More than High school graduate,Non white no college degree,4.0,"Dissatisfied, but not angry","Dissatisfied, but not angry or Angry",,,,Less than 100k,"$30,000 or more",50k or more,50 to 100 thousand,"$50,000-$99,999","$50,000-$99,999","Over $50,000 and non white",Both of them,Only Clinton or Both of them,Only Sanders or Both of them,Economy/Jobs,,,18-44,18-64,Independent/Something else,Black non-Democrat,Black Independent,Independent,All others,Moderate,Moderate or conservative,Moderate,58.0,Yes,Can win in November,Black,Black,State questionnaire,Black,Non-white,Gotten worse,Only Clinton or Both of them,Only Clinton,Only Clinton or Neither of them,South,Not liberal enough,Satisifed,Satisifed,,Female,Black women,"Cities 50,000-500,000","Cities over 50,000",Alabama,Election day exit poll,,,,,,,,No,,,,Version 2,0.239681139588356,No
403546.0,65+,60+,65 or over,45+,50+,60+,65+,Non-Black 60+,White 60+,White 65+,Hillary Clinton,More than once a week,Weekly,Complete,Call 1,4.0,Too liberal,,,,High school or less,No college degree,High school graduate or less,White no college degree,1.0,"Dissatisfied, but not angry","Dissatisfied, but not angry or Angry",,,,Less than 100k,"Under $30,000",Less than 50k,Less than 50 thousand,"Under $50,000","Under $30,000","Under $50,000 and white",Only Clinton,Only Clinton or Both of them,Only Clinton or Neither of them,Omit,,,45+,65+,Democrat,Non-black Democrat,White Democrat,Democrat,White Democrat,Moderate,Moderate or conservative,Moderate,19.0,Yes,Has the right experience,White,White,State questionnaire,White,White,Gotten better,Only Clinton or Both of them,Only Clinton,Only Clinton or Neither of them,South,Omit,Satisifed,Omit,,Male,White men,Rural,Small Cities/Rural,Alabama,Election day exit poll,,,,,,,,No,,,,Version 2,3.27913975715637,Yes
403528.0,30-44,30-59,40-44,18-44,18-49,30-44,40-49,Black 30-44,Black 30-44,Black 30-44,Hillary Clinton,More than once a week,Weekly,Complete,Call 1,1.0,Omit,,,,High school or less,No college degree,High school graduate or less,Non white no college degree,4.0,"Dissatisfied, but not angry","Dissatisfied, but not angry or Angry",,,,Less than 100k,"Under $30,000",Less than 50k,Less than 50 thousand,"Under $50,000","Under $30,000","Under $50,000 and non white",Only Clinton,Only Clinton or Both of them,Only Clinton or Neither of them,Income inequality,,,18-44,18-64,Democrat,Black Democrat,Black Democrat,Democrat,Non-White Democrats,Very liberal,Liberal,Liberal,58.0,Yes,Cares about people like me,Black,Black,State questionnaire,Black,Non-white,Gotten better,Only Clinton or Both of them,Only Clinton,Only Clinton or Neither of them,South,Omit,Satisifed,Omit,,Female,Black women,"Cities 50,000-500,000","Cities over 50,000",Alabama,Election day exit poll,,,,,,,,No,,,,Version 2,0.239681139588356,No
403518.0,30-44,30-59,30-39,18-44,18-49,30-44,30-39,Black 30-44,Black 30-44,Black 30-44,Hillary Clinton,Once a week,Weekly,Complete,Call 1,7.0,About right,,,,Postgraduate study,College graduate,More than High school graduate,Non white college degree,3.0,"Dissatisfied, but not angry","Dissatisfied, but not angry or Angry",,,,Less than 100k,"$30,000 or more",50k or more,50 to 100 thousand,"$50,000-$99,999","$50,000-$99,999","Over $50,000 and non white",Neither of them,Only Sanders or Neither of them,Only Clinton or Neither of them,Health care,,,18-44,18-64,Democrat,Black Democrat,Black Democrat,Democrat,Non-White Democrats,Very liberal,Liberal,Liberal,33.0,Yes,Can win in November,Black,Black,State questionnaire,Black,Non-white,Gotten worse,Only Clinton or Both of them,Only Clinton,Only Clinton or Neither of them,South,Not liberal enough,Satisifed,Satisifed,,Female,Black women,"Cities 50,000-500,000","Cities over 50,000",Alabama,Election day exit poll,,,,,,,,No,,,,Version 2,1.96797525882721,No
403514.0,30-44,30-59,30-39,18-44,18-49,30-44,30-39,Black 30-44,Black 30-44,Black 30-44,Hillary Clinton,Once a week,Weekly,Complete,Call 1,7.0,About right,,,,Some college/assoc. degree,No college degree,More than High school graduate,Non white no college degree,3.0,"Dissatisfied, but not angry","Dissatisfied, but not angry or Angry",,,,Less than 100k,"Under $30,000",Less than 50k,Less than 50 thousand,"Under $50,000","Under $30,000","Under $50,000 and non white",Only Clinton,Only Clinton or Both of them,Only Clinton or Neither of them,Income inequality,,,18-44,18-64,Democrat,Black Democrat,Black Democrat,Democrat,Non-White Democrats,Conservative,Moderate or conservative,Conservative,17.0,Yes,Honest and trustworthy,Black,Black,State questionnaire,Black,Non-white,Gotten worse,Only Clinton or Both of them,Only Clinton,Only Clinton or Neither of them,South,Too liberal,Satisifed,Dissatisfied,,Female,Black women,Rural,Small Cities/Rural,Alabama,Election day exit poll,,,,,,,,No,,,,Version 2,1.09682559967041,No
410656.0,30-44,30-59,40-44,18-44,18-49,30-44,40-49,Black 30-44,Black 30-44,Black 30-44,Hillary Clinton,More than once a week,Weekly,Complete,Call 2,6.0,About right,,,,College graduate,College graduate,More than High school graduate,Non white college degree,2.0,"Dissatisfied, but not angry","Dissatisfied, but not angry or Angry",,,,100k or more,"$30,000 or more",50k or more,100 thousand or more,"$100,000-$199,999","$100,000-$199,999","Over $50,000 and non white",Only Clinton,Only Clinton or Both of them,Only Clinton or Neither of them,Economy/Jobs,,,18-44,18-64,Democrat,Black Democrat,Black Democrat,Democrat,Non-White Democrats,Moderate,Moderate or conservative,Moderate,75.0,Yes,Honest and trustworthy,Black,Black,State questionnaire,Black,Non-white,Gotten worse,Only Clinton or Both of them,Only Clinton,Only Clinton or Neither of them,South,Omit,Satisifed,Dissatisfied,,Female,Black women,Suburbs,Suburbs,Alabama,Election day exit poll,,,,,,,,No,,,,Version 2,0.0958172753453255,No
403508.0,45-65,60+,60-64,45+,50+,60+,50-64,Black 60+,Black 60+,Black 45-64,Hillary Clinton,More than once a week,Weekly,Complete,Call 1,5.0,Omit,,,,College graduate,College graduate,More than High school graduate,Non white college degree,1.0,Omit,Omit,,,,Less than 100k,"$30,000 or more",Less than 50k,Less than 50 thousand,"Under $50,000","$30,000-$49,999","Under $50,000 and non white",Only Clinton,Only Clinton or Both of them,Only Clinton or Neither of them,Health care,,,45+,18-64,Democrat,Black Democrat,Black Democrat,Democrat,Non-White Democrats,Moderate,Moderate or conservative,Moderate,46.0,No,Has the right experience,Black,Black,State questionnaire,Black,Non-white,Gotten worse,Omit,Omit,Omit,South,Omit,Satisifed,Dissatisfied,,Male,Black men,"Cities 50,000-500,000","Cities over 50,000",Alabama,Election day exit poll,,,,,,,,No,,,,Version 2,0.488401263952255,No
404351.0,45-65,30-59,45-49,45+,18-49,45-59,40-49,Black 45-59,Black 45-59,Black 45-64,Hillary Clinton,More than once a week,Weekly,Complete,Call 1,6.0,About right,,,,Postgraduate study,College graduate,More than High school graduate,Non white college degree,2.0,"Dissatisfied, but not angry","Dissatisfied, but not angry or Angry",,,,100k or more,"$30,000 or more",50k or more,100 thousand or more,"$100,000-$199,999","$100,000-$199,999","Over $50,000 and non white",Only Clinton,Only Clinton or Both of them,Only Clinton or Neither of them,Economy/Jobs,,,45+,18-64,Democrat,Black Democrat,Black Democrat,Democrat,Non-White Democrats,Moderate,Moderate or conservative,Moderate,75.0,Yes,Can win in November,Black,Black,State questionnaire,Black,Non-white,Stayed about the same,Only Clinton or Both of them,Only Clinton,Only Clinton or Neither of them,South,Too liberal,Satisifed,Dissatisfied,,Male,Black men,Suburbs,Suburbs,Alabama,Election day exit poll,,,,,,,,No,,,,Version 2,0.0958172753453255,No
403471.0,30-44,30-59,40-44,18-44,18-49,30-44,40-49,Black 30-44,Black 30-44,Black 30-44,Hillary Clinton,A few times a year,Occasionally,Complete,Call 1,7.0,About right,,,,Some college/assoc. degree,No college degree,More than High school graduate,Non white no college degree,3.0,"Dissatisfied, but not angry","Dissatisfied, but not angry or Angry",,,,Less than 100k,"$30,000 or more",50k or more,50 to 100 thousand,"$50,000-$99,999","$50,000-$99,999","Over $50,000 and non white",Only Clinton,Only Clinton or Both of them,Only Clinton or Neither of them,Economy/Jobs,,,18-44,18-64,Independent/Something else,Black non-Democrat,Black Independent,Independent,All others,Moderate,Moderate or conservative,Moderate,38.0,Yes,Cares about people like me,Black,Black,State questionnaire,Black,Non-white,Gotten worse,Only Sanders or Neither of them,Neither of them,Only Clinton or Neither of them,South,Too liberal,Satisifed,Satisifed,,Female,Black women,"Cities 50,000-500,000","Cities over 50,000",Alabama,Election day exit poll,,,,,,,,No,,,,Version 2,1.0669504404068,No
403453.0,30-44,30-59,40-44,18-44,18-49,30-44,40-49,Non-Black 30-44,White 30-44,White 30-44,Hillary Clinton,A few times a month,Occasionally,Complete,Call 1,1.0,About right,,,,Some college/assoc. degree,No college degree,More than High school graduate,White no college degree,4.0,"Dissatisfied, but not angry","Dissatisfied, but not angry or Angry",,,,Less than 100k,"$30,000 or more",50k or more,50 to 100 thousand,"$50,000-$99,999","$50,000-$99,999","Over $50,000 and white",Both of them,Only Clinton or Both of them,Only Sanders or Both of them,Health care,,,18-44,18-64,Democrat,Non-black Democrat,White Democrat,Democrat,White Democrat,Moderate,Moderate or conservative,Moderate,58.0,Yes,Can win in November,White,White,State questionnaire,White,White,Stayed about the same,Only Clinton or Both of them,Both of them,Only Sanders or Both of them,South,Not liberal enough,Satisifed,Satisifed,,Female,White women,"Cities 50,000-500,000","Cities over 50,000",Alabama,Election day exit poll,,,,,,,,No,,,,Version 2,0.898028552532196,No
411167.0,45-65,30-59,50-59,45+,50+,45-59,50-64,Non-Black 45-59,White 45-59,White 45-64,Hillary Clinton,A few times a year,Occasionally,Complete,Call 2,5.0,About right,,,,Postgraduate study,College graduate,More than High school graduate,White college degree,1.0,Angry,"Dissatisfied, but not angry or Angry",,,,100k or more,"$30,000 or more",50k or more,100 thousand or more,"$100,000-$199,999","$100,000-$199,999","Over $50,000 and white",Only Clinton,Only Clinton or Both of them,Only Clinton or Neither of them,Omit,,,45+,18-64,Independent/Something else,Non-black non-Democrat,White Independent,Independent,White Independent,Moderate,Moderate or conservative,Moderate,49.0,Yes,Has the right experience,White,White,State questionnaire,White,White,Gotten worse,Only Clinton or Both of them,Both of them,Only Sanders or Both of them,South,Too liberal,Satisifed,Dissatisfied,,Female,White women,"Cities 50,000-500,000","Cities over 50,000",Alabama,Election day exit poll,,,,,,,,No,,,,Version 2,1.00937902927399,No
403308.0,45-65,60+,60-64,45+,50+,60+,50-64,Black 60+,Black 60+,Black 45-64,Hillary Clinton,A few times a year,Occasionally,Complete,Call 1,2.0,About right,,,,Postgraduate study,College graduate,More than High school graduate,Non white college degree,3.0,"Dissatisfied, but not angry","Dissatisfied, but not angry or Angry",,,,Less than 100k,"Under $30,000",Less than 50k,Less than 50 thousand,"Under $50,000","Under $30,000","Under $50,000 and non white",Only Clinton,Only Clinton or Both of them,Only Clinton or Neither of them,Health care,,,45+,18-64,Democrat,Black Democrat,Black Democrat,Democrat,Non-White Democrats,Very liberal,Liberal,Liberal,69.0,Yes,Cares about people like me,Black,Black,State questionnaire,Black,Non-white,Gotten better,Only Clinton or Both of them,Only Clinton,Only Clinton or Neither of them,South,Too liberal,Satisifed,Dissatisfied,,Female,Black women,Suburbs,Suburbs,Alabama,Election day exit poll,,,,,,,,No,,,,Version 2,1.38805997371674,No
403423.0,30-44,30-59,30-39,18-44,18-49,30-44,30-39,Black 30-44,Black 30-44,Black 30-44,Hillary Clinton,Once a week,Weekly,Complete,Call 1,7.0,About right,,,,College graduate,College graduate,More than High school graduate,Non white college degree,3.0,Enthusiastic,"Enthusiastic or satisfied, but not enthusiastic",,,,Less than 100k,"Under $30,000",Less than 50k,Less than 50 thousand,"Under $50,000","Under $30,000","Under $50,000 and non white",Only Clinton,Only Clinton or Both of them,Only Clinton or Neither of them,Omit,,,18-44,18-64,Independent/Something else,Black non-Democrat,Black Independent,Independent,All others,Somewhat liberal,Liberal,Liberal,17.0,Yes,Omit,Black,Black,State questionnaire,Black,Non-white,Gotten worse,Only Clinton or Both of them,Only Clinton,Only Clinton or Neither of them,South,Not liberal enough,Satisifed,Dissatisfied,,Female,Black women,Rural,Small Cities/Rural,Alabama,Election day exit poll,,,,,,,,No,,,,Version 2,1.09682559967041,No
403420.0,45-65,30-59,50-59,45+,50+,45-59,50-64,Black 45-59,Black 45-59,Black 45-64,Hillary Clinton,A few times a year,Occasionally,Complete,Call 1,1.0,About right,,,,College graduate,College graduate,More than High school graduate,Non white college degree,4.0,"Satisfied, but not enthusiastic","Enthusiastic or satisfied, but not enthusiastic",,,,Less than 100k,"Under $30,000",Less than 50k,Less than 50 thousand,"Under $50,000","Under $30,000","Under $50,000 and non white",Only Sanders,Only Sanders or Neither of them,Only Sanders or Both of them,Income inequality,,,45+,18-64,Democrat,Black Democrat,Black Democrat,Democrat,Non-White Democrats,Moderate,Moderate or conservative,Moderate,58.0,Yes,Has the right experience,Black,Black,State questionnaire,Black,Non-white,Gotten worse,Only Clinton or Both of them,Both of them,Only Sanders or Both of them,South,About right,Satisifed,Satisifed,,Male,Black men,"Cities 50,000-500,000","Cities over 50,000",Alabama,Election day exit poll,,,,,,,,No,,,,Version 2,0.239681139588356,No
411138.0,18-29,18-29,25-29,18-44,18-49,18-29,25-29,Black 18-29,Black 18-29,Black 18-29,Hillary Clinton,A few times a month,Occasionally,Complete,Call 2,7.0,About right,,,,College graduate,College graduate,More than High school graduate,Non white college degree,3.0,Enthusiastic,"Enthusiastic or satisfied, but not enthusiastic",,,,Less than 100k,"Under $30,000",Less than 50k,Less than 50 thousand,"Under $50,000","Under $30,000","Under $50,000 and non white",Only Clinton,Only Clinton or Both of them,Only Clinton or Neither of them,Terrorism,,,18-44,18-64,Democrat,Black Democrat,Black Democrat,Democrat,Non-White Democrats,Conservative,Moderate or conservative,Conservative,17.0,Yes,Omit,Black,Black,State questionnaire,Black,Non-white,Gotten better,Only Clinton or Both of them,Only Clinton,Only Clinton or Neither of them,South,Not liberal enough,Satisifed,Dissatisfied,,Female,Black women,Rural,Small Cities/Rural,Alabama,Election day exit poll,,,,,,,,No,,,,Version 2,1.20861387252808,No
411123.0,45-65,30-59,45-49,45+,18-49,45-59,40-49,Non-Black 45-59,White 45-59,White 45-64,Hillary Clinton,A few times a year,Occasionally,Complete,Call 2,6.0,About right,,,,High school or less,No college degree,High school graduate or less,White no college degree,2.0,Enthusiastic,"Enthusiastic or satisfied, but not enthusiastic",,,,Less than 100k,"Under $30,000",Less than 50k,Less than 50 thousand,"Under $50,000","Under $30,000","Under $50,000 and white",Neither of them,Only Sanders or Neither of them,Only Clinton or Neither of them,Economy/Jobs,,,45+,18-64,Democrat,Non-black Democrat,White Democrat,Democrat,White Democrat,Very liberal,Liberal,Liberal,74.0,Yes,Can win in November,White,White,State questionnaire,White,White,Gotten better,Only Sanders or Neither of them,Only Sanders,Only Sanders or Both of them,South,Too liberal,Satisifed,Dissatisfied,,Female,White women,Suburbs,Suburbs,Alabama,Election day exit poll,,,,,,,,No,,,,Version 2,1.23444700241089,Yes
403387.0,30-44,30-59,40-44,18-44,18-49,30-44,40-49,Black 30-44,Black 30-44,Black 30-44,Hillary Clinton,Once a week,Weekly,Complete,Call 1,2.0,About right,,,,College graduate,College graduate,More than High school graduate,Non white college degree,3.0,Omit,Omit,,,,100k or more,"$30,000 or more",50k or more,100 thousand or more,"$100,000-$199,999","$100,000-$199,999","Over $50,000 and non white",Only Clinton,Only Clinton or Both of them,Only Clinton or Neither of them,Income inequality,,,18-44,18-64,Democrat,Black Democrat,Black Democrat,Democrat,Non-White Democrats,,,,69.0,Yes,Cares about people like me,Black,Black,State questionnaire,Black,Non-white,Gotten worse,Only Clinton or Both of them,Only Clinton,Only Clinton or Neither of them,South,Omit,Satisifed,Satisifed,,Female,Black women,Suburbs,Suburbs,Alabama,Election day exit poll,,,,,,,,No,,,,Version 2,0.954169809818268,No
416903.0,45-65,30-59,50-59,45+,50+,45-59,50-64,Non-Black 45-59,White 45-59,White 45-64,Hillary Clinton,More than once a week,Weekly,Not complete,Call 3,1.0,,,,,,,,,4.0,,,,,,,,,,,,,Only Clinton,Only Clinton or Both of them,Only Clinton or Neither of them,,,,45+,18-64,,,,,,,,,58.0,Yes,,White,White,State questionnaire,White,White,Omit,,,,South,,Satisifed,Dissatisfied,,Female,White women,"Cities 50,000-500,000","Cities over 50,000",Alabama,Election day exit poll,,,,,,,,No,,,,Version 2,0.898028552532196,
418831.0,65+,60+,65 or over,45+,50+,60+,65+,Black 60+,Black 60+,Black 65+,Hillary Clinton,More than once a week,Weekly,Complete,Call 3,3.0,About right,,,,College graduate,College graduate,More than High school graduate,Non white college degree,2.0,"Satisfied, but not enthusiastic","Enthusiastic or satisfied, but not enthusiastic",,,,Less than 100k,"$30,000 or more",Less than 50k,Less than 50 thousand,"Under $50,000","$30,000-$49,999","Under $50,000 and non white",Only Clinton,Only Clinton or Both of them,Only Clinton or Neither of them,Economy/Jobs,,,45+,65+,Democrat,Black Democrat,Black Democrat,Democrat,Non-White Democrats,Moderate,Moderate or conservative,Moderate,82.0,Yes,Has the right experience,Black,Black,State questionnaire,Black,Non-white,Gotten worse,Only Clinton or Both of them,Only Clinton,Only Clinton or Neither of them,South,Not liberal enough,Satisifed,Dissatisfied,,Male,Black men,Rural,Small Cities/Rural,Alabama,Election day exit poll,,,,,,,,No,,,,Version 2,2.31258368492126,No
414956.0,18-29,18-29,18-24,18-44,18-49,18-29,18-24,Black 18-29,Black 18-29,Black 18-29,Hillary Clinton,More than once a week,Weekly,Not complete,Call 3,7.0,,,,,,,,,3.0,,,,,,,,,,,,,Only Clinton,Only Clinton or Both of them,Only Clinton or Neither of them,,,,18-44,18-64,,,,,,,,,34.0,No,,Black,Black,State questionnaire,Black,Non-white,Gotten better,,,,South,,Satisifed,Satisifed,,Female,Black women,"Cities 50,000-500,000","Cities over 50,000",Alabama,Election day exit poll,,,,,,,,No,,,,Version 2,2.16312956809998,
418815.0,45-65,30-59,45-49,45+,18-49,45-59,40-49,Black 45-59,Black 45-59,Black 45-64,Hillary Clinton,A few times a year,Occasionally,Complete,Call 3,3.0,About right,,,,High school or less,No college degree,High school graduate or less,Non white no college degree,2.0,Enthusiastic,"Enthusiastic or satisfied, but not enthusiastic",,,,Less than 100k,"$30,000 or more",Less than 50k,Less than 50 thousand,"Under $50,000","$30,000-$49,999","Under $50,000 and non white",Both of them,Only Clinton or Both of them,Only Sanders or Both of them,Economy/Jobs,,,45+,18-64,Democrat,Black Democrat,Black Democrat,Democrat,Non-White Democrats,Somewhat liberal,Liberal,Liberal,82.0,Yes,Cares about people like me,Black,Black,State questionnaire,Black,Non-white,Gotten better,Only Clinton or Both of them,Both of them,Only Sanders or Both of them,South,About right,Satisifed,Satisifed,,Female,Black women,Rural,Small Cities/Rural,Alabama,Election day exit poll,,,,,,,,No,,,,Version 2,1.82969343662262,No
403365.0,65+,60+,65 or over,45+,50+,60+,65+,Black 60+,Black 60+,Black 65+,Hillary Clinton,Once a week,Weekly,Complete,Call 1,1.0,Too liberal,,,,High school or less,No college degree,High school graduate or less,Non white no college degree,4.0,"Satisfied, but not enthusiastic","Enthusiastic or satisfied, but not enthusiastic",,,,Less than 100k,"Under $30,000",Less than 50k,Less than 50 thousand,"Under $50,000","Under $30,000","Under $50,000 and non white",Only Clinton,Only Clinton or Both of them,Only Clinton or Neither of them,Health care,,,45+,65+,Democrat,Black Democrat,Black Democrat,Democrat,Non-White Democrats,Very liberal,Liberal,Liberal,58.0,Yes,Has the right experience,Black,Black,State questionnaire,Black,Non-white,Gotten better,Only Clinton or Both of them,Only Clinton,Only Clinton or Neither of them,South,About right,Satisifed,Dissatisfied,,Male,Black men,"Cities 50,000-500,000","Cities over 50,000",Alabama,Election day exit poll,,,,,,,,No,,,,Version 2,0.289169520139694,No
411082.0,30-44,30-59,40-44,18-44,18-49,30-44,40-49,Black 30-44,Black 30-44,Black 30-44,Hillary Clinton,More than once a week,Weekly,Complete,Call 2,6.0,About right,,,,High school or less,No college degree,High school graduate or less,Non white no college degree,2.0,"Dissatisfied, but not angry","Dissatisfied, but not angry or Angry",,,,Less than 100k,"$30,000 or more",Less than 50k,Less than 50 thousand,"Under $50,000","$30,000-$49,999","Under $50,000 and non white",Only Clinton,Only Clinton or Both of them,Only Clinton or Neither of them,Economy/Jobs,,,18-44,18-64,Democrat,Black Democrat,Black Democrat,Democrat,Non-White Democrats,Very liberal,Liberal,Liberal,74.0,Yes,Has the right experience,Black,Black,State questionnaire,Black,Non-white,Gotten better,Only Clinton or Both of them,Both of them,Only Sanders or Both of them,South,About right,Satisifed,Satisifed,,Female,Black women,Suburbs,Suburbs,Alabama,Election day exit poll,,,,,,,,No,,,,Version 2,0.323787450790405,No
411080.0,65+,60+,65 or over,45+,50+,60+,65+,Black 60+,Black 60+,Black 65+,Hillary Clinton,More than once a week,Weekly,Complete,Call 2,7.0,About right,,,,High school or less,No college degree,High school graduate or less,Non white no college degree,3.0,"Dissatisfied, but not angry","Dissatisfied, but not angry or Angry",,,,Less than 100k,"Under $30,000",Less than 50k,Less than 50 thousand,"Under $50,000","Under $30,000","Under $50,000 and non white",Only Clinton,Only Clinton or Both of them,Only Clinton or Neither of them,Health care,,,45+,65+,Democrat,Black Democrat,Black Democrat,Democrat,Non-White Democrats,Conservative,Moderate or conservative,Conservative,17.0,Yes,Has the right experience,Black,Black,State questionnaire,Black,Non-white,Stayed about the same,Only Clinton or Both of them,Only Clinton,Only Clinton or Neither of them,South,Too liberal,Satisifed,Dissatisfied,,Female,Black women,Rural,Small Cities/Rural,Alabama,Election day exit poll,,,,,,,,No,,,,Version 2,1.59558570384979,No
403354.0,30-44,30-59,40-44,18-44,18-49,30-44,40-49,Black 30-44,Black 30-44,Black 30-44,Hillary Clinton,Once a week,Weekly,Complete,Call 1,7.0,About right,,,,High school or less,No college degree,High school graduate or less,Non white no college degree,3.0,"Dissatisfied, but not angry","Dissatisfied, but not angry or Angry",,,,Less than 100k,"Under $30,000",Less than 50k,Less than 50 thousand,"Under $50,000","Under $30,000","Under $50,000 and non white",Both of them,Only Clinton or Both of them,Only Sanders or Both of them,Health care,,,18-44,18-64,Democrat,Black Democrat,Black Democrat,Democrat,Non-White Democrats,Conservative,Moderate or conservative,Conservative,17.0,Yes,Honest and trustworthy,Black,Black,State questionnaire,Black,Non-white,Stayed about the same,Only Clinton or Both of them,Only Clinton,Only Clinton or Neither of them,South,About right,Satisifed,Satisifed,,Female,Black women,Rural,Small Cities/Rural,Alabama,Election day exit poll,,,,,,,,No,,,,Version 2,1.09682559967041,No
416426.0,65+,60+,65 or over,45+,50+,60+,65+,Non-Black 60+,White 60+,White 65+,Hillary Clinton,A few times a month,Occasionally,Complete,Call 3,6.0,About right,,,,College graduate,College graduate,More than High school graduate,White college degree,2.0,"Dissatisfied, but not angry","Dissatisfied, but not angry or Angry",,,,Less than 100k,"$30,000 or more",Less than 50k,Less than 50 thousand,"Under $50,000","$30,000-$49,999","Under $50,000 and white",Only Clinton,Only Clinton or Both of them,Only Clinton or Neither of them,Economy/Jobs,,,45+,65+,Democrat,Non-black Democrat,White Democrat,Democrat,White Democrat,Moderate,Moderate or conservative,Moderate,74.0,Yes,Has the right experience,White,White,State questionnaire,White,White,Gotten worse,Only Clinton or Both of them,Both of them,Only Sanders or Both of them,South,Too liberal,Satisifed,Dissatisfied,,Female,White women,Suburbs,Suburbs,Alabama,Election day exit poll,,,,,,,,No,,,,Version 2,1.29157435894012,No
416860.0,45-65,60+,60-64,45+,50+,60+,50-64,Non-Black 60+,White 60+,White 45-64,Hillary Clinton,A few times a month,Occasionally,Complete,Call 3,4.0,Not liberal enough,,,,High school or less,No college degree,High school graduate or less,White no college degree,1.0,"Satisfied, but not enthusiastic","Enthusiastic or satisfied, but not enthusiastic",,,,Less than 100k,"$30,000 or more",50k or more,50 to 100 thousand,"$50,000-$99,999","$50,000-$99,999","Over $50,000 and white",Only Clinton,Only Clinton or Both of them,Only Clinton or Neither of them,Terrorism,,,45+,18-64,Democrat,Non-black Democrat,White Democrat,Democrat,White Democrat,Conservative,Moderate or conservative,Conservative,16.0,Yes,Has the right experience,White,White,State questionnaire,White,White,Stayed about the same,Only Clinton or Both of them,Only Clinton,Only Clinton or Neither of them,South,Too liberal,Satisifed,Dissatisfied,,Male,White men,Rural,Small Cities/Rural,Alabama,Election day exit poll,,,,,,,,No,,,,Version 2,0.950098395347595,No
403329.0,45-65,60+,60-64,45+,50+,60+,50-64,Black 60+,Black 60+,Black 45-64,Hillary Clinton,Once a week,Weekly,Complete,Call 1,2.0,Not liberal enough,,,,Some college/assoc. degree,No college degree,More than High school graduate,Non white no college degree,3.0,"Satisfied, but not enthusiastic","Enthusiastic or satisfied, but not enthusiastic",,,,Less than 100k,"$30,000 or more",Less than 50k,Less than 50 thousand,"Under $50,000","$30,000-$49,999","Under $50,000 and non white",Only Clinton,Only Clinton or Both of them,Only Clinton or Neither of them,Terrorism,,,45+,18-64,Democrat,Black Democrat,Black Democrat,Democrat,Non-White Democrats,Somewhat liberal,Liberal,Liberal,67.0,Yes,Honest and trustworthy,Black,Black,State questionnaire,Black,Non-white,Gotten worse,Only Clinton or Both of them,Both of them,Only Sanders or Both of them,South,About right,Satisifed,Dissatisfied,,Male,Black men,"Cities 50,000-500,000","Cities over 50,000",Alabama,Election day exit poll,,,,,,,,No,,,,Version 2,1.33362984657288,No
416832.0,30-44,30-59,30-39,18-44,18-49,30-44,30-39,Black 30-44,Black 30-44,Black 30-44,Hillary Clinton,A few times a month,Occasionally,Complete,Call 3,5.0,About right,,,,Postgraduate study,College graduate,More than High school graduate,Non white college degree,1.0,"Dissatisfied, but not angry","Dissatisfied, but not angry or Angry",,,,Less than 100k,"Under $30,000",Less than 50k,Less than 50 thousand,"Under $50,000","Under $30,000","Under $50,000 and non white",Only Clinton,Only Clinton or Both of them,Only Clinton or Neither of them,Health care,,,18-44,18-64,Democrat,Black Democrat,Black Democrat,Democrat,Non-White Democrats,Very liberal,Liberal,Liberal,44.0,Yes,Has the right experience,Black,Black,State questionnaire,Black,Non-white,Gotten worse,Only Clinton or Both of them,Only Clinton,Only Clinton or Neither of them,South,Not liberal enough,Satisifed,Satisifed,,Female,Black women,"Cities 50,000-500,000","Cities over 50,000",Alabama,Election day exit poll,,,,,,,,No,,,,Version 2,0.56621778011322,No
403313.0,30-44,30-59,30-39,18-44,18-49,30-44,30-39,Black 30-44,Black 30-44,Black 30-44,Hillary Clinton,Once a week,Weekly,Complete,Call 1,5.0,About right,,,,Postgraduate study,College graduate,More than High school graduate,Non white college degree,1.0,"Satisfied, but not enthusiastic","Enthusiastic or satisfied, but not enthusiastic",,,,100k or more,"$30,000 or more",50k or more,100 thousand or more,"$200,000 or more","$200,000 or more","Over $50,000 and non white",Only Clinton,Only Clinton or Both of them,Only Clinton or Neither of them,Terrorism,,,18-44,18-64,Democrat,Black Democrat,Black Democrat,Democrat,Non-White Democrats,Somewhat liberal,Liberal,Liberal,46.0,Yes,Cares about people like me,Black,Black,State questionnaire,Black,Non-white,Gotten worse,Only Sanders or Neither of them,Only Sanders,Only Sanders or Both of them,South,About right,Satisifed,Dissatisfied,,Female,Black women,"Cities 50,000-500,000","Cities over 50,000",Alabama,Election day exit poll,,,,,,,,No,,,,Version 2,0.42243966460228,No
403310.0,18-29,18-29,25-29,18-44,18-49,18-29,25-29,Non-Black 18-29,White 18-29,White 18-29,Hillary Clinton,Never,Never,Complete,Call 1,3.0,About right,,,,College graduate,College graduate,More than High school graduate,White college degree,2.0,"Dissatisfied, but not angry","Dissatisfied, but not angry or Angry",,,,Less than 100k,"Under $30,000",Less than 50k,Less than 50 thousand,"Under $50,000","Under $30,000","Under $50,000 and white",Both of them,Only Clinton or Both of them,Only Sanders or Both of them,Economy/Jobs,,,18-44,18-64,Democrat,Non-black Democrat,White Democrat,Democrat,White Democrat,Somewhat liberal,Liberal,Liberal,7.0,Yes,Has the right experience,White,White,State questionnaire,White,White,Stayed about the same,Only Clinton or Both of them,Both of them,Only Sanders or Both of them,South,About right,Satisifed,Satisifed,,Female,White women,Suburbs,Suburbs,Alabama,Election day exit poll,,,,,,,,No,,,,Version 2,0.694871366024017,No
411030.0,45-65,30-59,50-59,45+,50+,45-59,50-64,Non-Black 45-59,White 45-59,White 45-64,Hillary Clinton,More than once a week,Weekly,Complete,Call 2,5.0,About right,,,,College graduate,College graduate,More than High school graduate,White college degree,1.0,"Satisfied, but not enthusiastic","Enthusiastic or satisfied, but not enthusiastic",,,,100k or more,"$30,000 or more",50k or more,100 thousand or more,"$100,000-$199,999","$100,000-$199,999","Over $50,000 and white",Only Clinton,Only Clinton or Both of them,Only Clinton or Neither of them,Income inequality,,,45+,18-64,Republican,Non-black non-Democrat,All Republicans,Republican,White Republican,Somewhat liberal,Liberal,Liberal,49.0,Yes,Has the right experience,White,White,State questionnaire,White,White,Gotten worse,Only Clinton or Both of them,Only Clinton,Only Clinton or Neither of them,South,Too liberal,Satisifed,Dissatisfied,,Female,White women,"Cities 50,000-500,000","Cities over 50,000",Alabama,Election day exit poll,,,,,,,,No,,,,Version 2,1.00937902927399,No
402311.0,65+,60+,65 or over,45+,50+,60+,65+,Non-Black 60+,White 60+,White 65+,Hillary Clinton,More than once a week,Weekly,Complete,Call 1,3.0,About right,,,,High school or less,No college degree,High school graduate or less,White no college degree,2.0,"Dissatisfied, but not angry","Dissatisfied, but not angry or Angry",,,,Less than 100k,"Under $30,000",Less than 50k,Less than 50 thousand,"Under $50,000","Under $30,000","Under $50,000 and white",Only Clinton,Only Clinton or Both of them,Only Clinton or Neither of them,Health care,,,45+,65+,Democrat,Non-black Democrat,White Democrat,Democrat,White Democrat,Moderate,Moderate or conservative,Moderate,9.0,Yes,Has the right experience,White,White,State questionnaire,White,White,Gotten worse,Only Clinton or Both of them,Only Clinton,Only Clinton or Neither of them,South,Too liberal,Satisifed,Dissatisfied,,Female,White women,"Cities 10,000-50,000",Small Cities/Rural,Alabama,Election day exit poll,,,,,,,,No,,,,Version 2,2.58242177963257,Yes
403304.0,45-65,30-59,50-59,45+,50+,45-59,50-64,Non-Black 45-59,White 45-59,White 45-64,Hillary Clinton,A few times a year,Occasionally,Complete,Call 1,2.0,Not liberal enough,,,,College graduate,College graduate,More than High school graduate,White college degree,3.0,"Dissatisfied, but not angry","Dissatisfied, but not angry or Angry",,,,Less than 100k,"Under $30,000",Less than 50k,Less than 50 thousand,"Under $50,000","Under $30,000","Under $50,000 and white",Only Clinton,Only Clinton or Both of them,Only Clinton or Neither of them,Economy/Jobs,,,45+,18-64,Democrat,Non-black Democrat,White Democrat,Democrat,White Democrat,Somewhat liberal,Liberal,Liberal,67.0,Yes,Cares about people like me,White,White,State questionnaire,White,White,Gotten worse,Only Clinton or Both of them,Only Clinton,Only Clinton or Neither of them,South,Not liberal enough,Satisifed,Dissatisfied,,Male,White men,"Cities 50,000-500,000","Cities over 50,000",Alabama,Election day exit poll,,,,,,,,No,,,,Version 2,1.82691156864166,No
416814.0,30-44,30-59,40-44,18-44,18-49,30-44,40-49,Black 30-44,Black 30-44,Black 30-44,Hillary Clinton,A few times a year,Occasionally,Complete,Call 3,1.0,About right,,,,College graduate,College graduate,More than High school graduate,Non white college degree,4.0,"Satisfied, but not enthusiastic","Enthusiastic or satisfied, but not enthusiastic",,,,Less than 100k,"$30,000 or more",50k or more,50 to 100 thousand,"$50,000-$99,999","$50,000-$99,999","Over $50,000 and non white",Only Clinton,Only Clinton or Both of them,Only Clinton or Neither of them,Economy/Jobs,,,18-44,18-64,Democrat,Black Democrat,Black Democrat,Democrat,Non-White Democrats,Moderate,Moderate or conservative,Moderate,58.0,Yes,Honest and trustworthy,Black,Black,State questionnaire,Black,Non-white,Gotten worse,Only Clinton or Both of them,Only Clinton,Only Clinton or Neither of them,South,Not liberal enough,Satisifed,Dissatisfied,,Female,Black women,"Cities 50,000-500,000","Cities over 50,000",Alabama,Election day exit poll,,,,,,,,No,,,,Version 2,0.239681139588356,No
403294.0,30-44,30-59,40-44,18-44,18-49,30-44,40-49,Black 30-44,Black 30-44,Black 30-44,Hillary Clinton,More than once a week,Weekly,Complete,Call 1,1.0,About right,,,,College graduate,College graduate,More than High school graduate,Non white college degree,4.0,"Dissatisfied, but not angry","Dissatisfied, but not angry or Angry",,,,Less than 100k,"$30,000 or more",50k or more,50 to 100 thousand,"$50,000-$99,999","$50,000-$99,999","Over $50,000 and non white",Both of them,Only Clinton or Both of them,Only Sanders or Both of them,Economy/Jobs,,,18-44,18-64,Democrat,Black Democrat,Black Democrat,Democrat,Non-White Democrats,Moderate,Moderate or conservative,Moderate,57.0,Yes,Has the right experience,Black,Black,State questionnaire,Black,Non-white,Gotten worse,Only Clinton or Both of them,Both of them,Only Sanders or Both of them,South,About right,Satisifed,Satisifed,,Female,Black women,"Cities 50,000-500,000","Cities over 50,000",Alabama,Election day exit poll,,,,,,,,No,,,,Version 2,0.593036472797394,No
411017.0,45-65,30-59,50-59,45+,50+,45-59,50-64,Black 45-59,Black 45-59,Black 45-64,Hillary Clinton,Once a week,Weekly,Complete,Call 2,7.0,About right,,,,Some college/assoc. degree,No college degree,More than High school graduate,Non white no college degree,3.0,"Satisfied, but not enthusiastic","Enthusiastic or satisfied, but not enthusiastic",,,,Less than 100k,"Under $30,000",Less than 50k,Less than 50 thousand,"Under $50,000","Under $30,000","Under $50,000 and non white",Only Clinton,Only Clinton or Both of them,Only Clinton or Neither of them,Terrorism,,,45+,18-64,Democrat,Black Democrat,Black Democrat,Democrat,Non-White Democrats,Moderate,Moderate or conservative,Moderate,17.0,Yes,Cares about people like me,Black,Black,State questionnaire,Black,Non-white,Gotten better,Only Clinton or Both of them,Only Clinton,Only Clinton or Neither of them,South,Not liberal enough,Satisifed,Dissatisfied,,Female,Black women,Rural,Small Cities/Rural,Alabama,Election day exit poll,,,,,,,,No,,,,Version 2,1.09682559967041,No
403289.0,65+,60+,65 or over,45+,50+,60+,65+,Black 60+,Black 60+,Black 65+,Hillary Clinton,More than once a week,Weekly,Complete,Call 1,7.0,About right,,,,Some college/assoc. degree,No college degree,More than High school graduate,Non white no college degree,3.0,Enthusiastic,"Enthusiastic or satisfied, but not enthusiastic",,,,Less than 100k,"$30,000 or more",Less than 50k,Less than 50 thousand,"Under $50,000","$30,000-$49,999","Under $50,000 and non white",Only Clinton,Only Clinton or Both of them,Only Clinton or Neither of them,Health care,,,45+,65+,Republican,Black non-Democrat,All Republicans,Republican,All others,Conservative,Moderate or conservative,Conservative,17.0,Yes,Honest and trustworthy,Black,Black,State questionnaire,Black,Non-white,Gotten better,Only Clinton or Both of them,Only Clinton,Only Clinton or Neither of them,South,About right,Satisifed,Dissatisfied,,Female,Black women,Rural,Small Cities/Rural,Alabama,Election day exit poll,,,,,,,,No,,,,Version 2,1.59558570384979,No
411011.0,18-29,18-29,25-29,18-44,18-49,18-29,25-29,Black 18-29,Black 18-29,Black 18-29,Hillary Clinton,A few times a month,Occasionally,Complete,Call 2,3.0,Too liberal,,,,Some college/assoc. degree,No college degree,More than High school graduate,Non white no college degree,2.0,"Satisfied, but not enthusiastic","Enthusiastic or satisfied, but not enthusiastic",,,,Less than 100k,"$30,000 or more",Less than 50k,Less than 50 thousand,"Under $50,000","$30,000-$49,999","Under $50,000 and non white",Only Clinton,Only Clinton or Both of them,Only Clinton or Neither of them,Economy/Jobs,,,18-44,18-64,Democrat,Black Democrat,Black Democrat,Democrat,Non-White Democrats,Moderate,Moderate or conservative,Moderate,82.0,Yes,Has the right experience,Black,Black,State questionnaire,Black,Non-white,Gotten better,Only Clinton or Both of them,Only Clinton,Only Clinton or Neither of them,South,Not liberal enough,Satisifed,Dissatisfied,,Female,Black women,Rural,Small Cities/Rural,Alabama,Election day exit poll,,,,,,,,No,,,,Version 2,1.82969343662262,No
403283.0,65+,60+,65 or over,45+,50+,60+,65+,Non-Black 60+,White 60+,White 65+,Hillary Clinton,More than once a week,Weekly,Not complete,Call 1,3.0,,,,,,,,,2.0,,,,,,,,,,,,,Only Clinton,Only Clinton or Both of them,Only Clinton or Neither of them,,,,45+,65+,,,,,,,,,7.0,Yes,,White,White,State questionnaire,White,White,Gotten worse,,,,South,,Satisifed,Dissatisfied,,Female,White women,Suburbs,Suburbs,Alabama,Election day exit poll,,,,,,,,No,,,,Version 2,0.727028369903564,
416804.0,45-65,30-59,50-59,45+,50+,45-59,50-64,Black 45-59,Black 45-59,Black 45-64,Hillary Clinton,Once a week,Weekly,Complete,Call 3,1.0,About right,,,,College graduate,College graduate,More than High school graduate,Non white college degree,4.0,"Dissatisfied, but not angry","Dissatisfied, but not angry or Angry",,,,Less than 100k,"$30,000 or more",50k or more,50 to 100 thousand,"$50,000-$99,999","$50,000-$99,999","Over $50,000 and non white",Only Clinton,Only Clinton or Both of them,Only Clinton or Neither of them,Economy/Jobs,,,45+,18-64,Democrat,Black Democrat,Black Democrat,Democrat,Non-White Democrats,Moderate,Moderate or conservative,Moderate,57.0,Yes,Honest and trustworthy,Black,Black,State questionnaire,Black,Non-white,Gotten worse,Only Clinton or Both of them,Both of them,Only Sanders or Both of them,South,About right,Satisifed,Satisifed,,Male,Black men,"Cities 50,000-500,000","Cities over 50,000",Alabama,Election day exit poll,,,,,,,,No,,,,Version 2,0.593036472797394,No
416795.0,45-65,30-59,45-49,45+,18-49,45-59,40-49,Non-Black 45-59,All others,All others,Hillary Clinton,Once a week,Weekly,Complete,Call 3,6.0,About right,,,,College graduate,College graduate,More than High school graduate,Non white college degree,3.0,Enthusiastic,"Enthusiastic or satisfied, but not enthusiastic",,,,Less than 100k,"$30,000 or more",50k or more,50 to 100 thousand,"$50,000-$99,999","$50,000-$99,999","Over $50,000 and non white",Only Clinton,Only Clinton or Both of them,Only Clinton or Neither of them,Income inequality,,,45+,18-64,Democrat,Non-black Democrat,All Other,Democrat,Non-White Democrats,Moderate,Moderate or conservative,Moderate,26.0,Yes,Honest and trustworthy,Other,Asian,State questionnaire,Asian,Non-white,Stayed about the same,Only Clinton or Both of them,Only Clinton,Only Clinton or Neither of them,South,About right,Satisifed,Omit,,Male,All other races,"Cities 50,000-500,000","Cities over 50,000",Alabama,Election day exit poll,,,,,,,,No,,,,Version 2,1.53095996379852,No
416794.0,45-65,30-59,50-59,45+,50+,45-59,50-64,Black 45-59,Black 45-59,Black 45-64,Hillary Clinton,,,Complete,Call 3,5.0,About right,,,,College graduate,College graduate,More than High school graduate,Non white college degree,1.0,"Satisfied, but not enthusiastic","Enthusiastic or satisfied, but not enthusiastic",,,,Less than 100k,"$30,000 or more",Less than 50k,Less than 50 thousand,"Under $50,000","$30,000-$49,999","Under $50,000 and non white",Only Clinton,Only Clinton or Both of them,Only Clinton or Neither of them,Economy/Jobs,,,45+,18-64,Democrat,Black Democrat,Black Democrat,Democrat,Non-White Democrats,Moderate,Moderate or conservative,Moderate,44.0,Yes,Cares about people like me,Black,Black,State questionnaire,Black,Non-white,Stayed about the same,Only Clinton or Both of them,Only Clinton,Only Clinton or Neither of them,South,Too liberal,Satisifed,Dissatisfied,,Female,Black women,"Cities 50,000-500,000","Cities over 50,000",Alabama,Election day exit poll,,,,,,,,No,,,,Version 2,0.56621778011322,No
403276.0,30-44,30-59,30-39,18-44,18-49,30-44,30-39,Black 30-44,Black 30-44,Black 30-44,Hillary Clinton,More than once a week,Weekly,Complete,Call 1,2.0,About right,,,,College graduate,College graduate,More than High school graduate,Non white college degree,3.0,Enthusiastic,"Enthusiastic or satisfied, but not enthusiastic",,,,Less than 100k,"$30,000 or more",50k or more,50 to 100 thousand,"$50,000-$99,999","$50,000-$99,999","Over $50,000 and non white",Both of them,Only Clinton or Both of them,Only Sanders or Both of them,Economy/Jobs,,,18-44,18-64,Democrat,Black Democrat,Black Democrat,Democrat,Non-White Democrats,Moderate,Moderate or conservative,Moderate,67.0,Yes,Cares about people like me,Black,Black,State questionnaire,Black,Non-white,Stayed about the same,Only Clinton or Both of them,Both of them,Only Sanders or Both of them,South,About right,Satisifed,Satisifed,,Female,Black women,"Cities 50,000-500,000","Cities over 50,000",Alabama,Election day exit poll,,,,,,,,No,,,,Version 2,0.908496558666229,No
403275.0,65+,60+,65 or over,45+,50+,60+,65+,Black 60+,Black 60+,Black 65+,Hillary Clinton,More than once a week,Weekly,Complete,Call 1,5.0,About right,,,,College graduate,College graduate,More than High school graduate,Non white college degree,1.0,"Satisfied, but not enthusiastic","Enthusiastic or satisfied, but not enthusiastic",,,,Less than 100k,"$30,000 or more",50k or more,50 to 100 thousand,"$50,000-$99,999","$50,000-$99,999","Over $50,000 and non white",Only Clinton,Only Clinton or Both of them,Only Clinton or Neither of them,Economy/Jobs,,,45+,65+,Democrat,Black Democrat,Black Democrat,Democrat,Non-White Democrats,Moderate,Moderate or conservative,Moderate,46.0,Yes,Cares about people like me,Black,Black,State questionnaire,Black,Non-white,Gotten worse,Only Clinton or Both of them,Only Clinton,Only Clinton or Neither of them,South,About right,Satisifed,Dissatisfied,,Male,Black men,"Cities 50,000-500,000","Cities over 50,000",Alabama,Election day exit poll,,,,,,,,No,,,,Version 2,0.488401263952255,No
410982.0,30-44,30-59,30-39,18-44,18-49,30-44,30-39,Black 30-44,Black 30-44,Black 30-44,Hillary Clinton,A few times a year,Occasionally,Complete,Call 2,7.0,About right,,,,Some college/assoc. degree,No college degree,More than High school graduate,Non white no college degree,3.0,"Dissatisfied, but not angry","Dissatisfied, but not angry or Angry",,,,Less than 100k,"Under $30,000",Less than 50k,Less than 50 thousand,"Under $50,000","Under $30,000","Under $50,000 and non white",Only Clinton,Only Clinton or Both of them,Only Clinton or Neither of them,Economy/Jobs,,,18-44,18-64,Democrat,Black Democrat,Black Democrat,Democrat,Non-White Democrats,Moderate,Moderate or conservative,Moderate,17.0,Yes,Cares about people like me,Black,Black,State questionnaire,Black,Non-white,Stayed about the same,Only Clinton or Both of them,Only Clinton,Only Clinton or Neither of them,South,Too liberal,Satisifed,Satisifed,,Female,Black women,Rural,Small Cities/Rural,Alabama,Election day exit poll,,,,,,,,No,,,,Version 2,1.09682559967041,No
416765.0,30-44,30-59,30-39,18-44,18-49,30-44,30-39,Black 30-44,Black 30-44,Black 30-44,Hillary Clinton,More than once a week,Weekly,Complete,Call 3,1.0,About right,,,,College graduate,College graduate,More than High school graduate,Non white college degree,4.0,Enthusiastic,"Enthusiastic or satisfied, but not enthusiastic",,,,Less than 100k,"Under $30,000",Less than 50k,Less than 50 thousand,"Under $50,000","Under $30,000","Under $50,000 and non white",Only Clinton,Only Clinton or Both of them,Only Clinton or Neither of them,Economy/Jobs,,,18-44,18-64,Democrat,Black Democrat,Black Democrat,Democrat,Non-White Democrats,Very liberal,Liberal,Liberal,58.0,Yes,Honest and trustworthy,Black,Black,State questionnaire,Black,Non-white,Gotten better,Only Clinton or Both of them,Only Clinton,Only Clinton or Neither of them,South,Too liberal,Satisifed,Dissatisfied,,Female,Black women,"Cities 50,000-500,000","Cities over 50,000",Alabama,Election day exit poll,,,,,,,,No,,,,Version 2,0.239681139588356,No
416754.0,30-44,30-59,40-44,18-44,18-49,30-44,40-49,Black 30-44,Black 30-44,Black 30-44,Hillary Clinton,A few times a month,Occasionally,Complete,Call 3,2.0,About right,,,,High school or less,No college degree,High school graduate or less,Non white no college degree,3.0,"Satisfied, but not enthusiastic","Enthusiastic or satisfied, but not enthusiastic",,,,Less than 100k,"Under $30,000",Less than 50k,Less than 50 thousand,"Under $50,000","Under $30,000","Under $50,000 and non white",Only Clinton,Only Clinton or Both of them,Only Clinton or Neither of them,Health care,,,18-44,18-64,Democrat,Black Democrat,Black Democrat,Democrat,Non-White Democrats,Very liberal,Liberal,Liberal,69.0,Yes,Has the right experience,Black,Black,State questionnaire,Black,Non-white,Stayed about the same,Only Clinton or Both of them,Only Clinton,Only Clinton or Neither of them,South,About right,Satisifed,Dissatisfied,,Male,Black men,Suburbs,Suburbs,Alabama,Election day exit poll,,,,,,,,No,,,,Version 2,0.962842285633087,No
405167.0,30-44,30-59,40-44,18-44,18-49,30-44,40-49,Black 30-44,Black 30-44,Black 30-44,Hillary Clinton,More than once a week,Weekly,Complete,Call 1,6.0,About right,,,,Some college/assoc. degree,No college degree,More than High school graduate,Non white no college degree,2.0,"Dissatisfied, but not angry","Dissatisfied, but not angry or Angry",,,,100k or more,"$30,000 or more",50k or more,100 thousand or more,"$100,000-$199,999","$100,000-$199,999","Over $50,000 and non white",Both of them,Only Clinton or Both of them,Only Sanders or Both of them,Economy/Jobs,,,18-44,18-64,Democrat,Black Democrat,Black Democrat,Democrat,Non-White Democrats,Somewhat liberal,Liberal,Liberal,75.0,Yes,Has the right experience,Black,Black,State questionnaire,Black,Non-white,Gotten worse,Only Clinton or Both of them,Both of them,Only Sanders or Both of them,South,Too liberal,Satisifed,Satisifed,,Female,Black women,Suburbs,Suburbs,Alabama,Election day exit poll,,,,,,,,No,,,,Version 2,0.0958172753453255,No
410948.0,45-65,60+,60-64,45+,50+,60+,50-64,Black 60+,Black 60+,Black 45-64,Hillary Clinton,More than once a week,Weekly,Complete,Call 2,6.0,About right,,,,Postgraduate study,College graduate,More than High school graduate,Non white college degree,2.0,Enthusiastic,"Enthusiastic or satisfied, but not enthusiastic",,,,100k or more,"$30,000 or more",50k or more,100 thousand or more,"$100,000-$199,999","$100,000-$199,999","Over $50,000 and non white",Both of them,Only Clinton or Both of them,Only Sanders or Both of them,Economy/Jobs,,,45+,18-64,Democrat,Black Democrat,Black Democrat,Democrat,Non-White Democrats,Somewhat liberal,Liberal,Liberal,77.0,Yes,Has the right experience,Black,Black,State questionnaire,Black,Non-white,Gotten worse,Only Clinton or Both of them,Both of them,Only Sanders or Both of them,South,Too liberal,Satisifed,Satisifed,,Female,Black women,"Cities 50,000-500,000","Cities over 50,000",Alabama,Election day exit poll,,,,,,,,No,,,,Version 2,1.023104429245,No
404101.0,45-65,60+,60-64,45+,50+,60+,50-64,Black 60+,Black 60+,Black 45-64,Hillary Clinton,More than once a week,Weekly,Complete,Call 1,6.0,About right,,,,Some college/assoc. degree,No college degree,More than High school graduate,Non white no college degree,2.0,Enthusiastic,"Enthusiastic or satisfied, but not enthusiastic",,,,Less than 100k,"$30,000 or more",50k or more,50 to 100 thousand,"$50,000-$99,999","$50,000-$99,999","Over $50,000 and non white",Only Clinton,Only Clinton or Both of them,Only Clinton or Neither of them,Economy/Jobs,,,45+,18-64,Democrat,Black Democrat,Black Democrat,Democrat,Non-White Democrats,Moderate,Moderate or conservative,Moderate,77.0,Yes,Has the right experience,Black,Black,State questionnaire,Black,Non-white,Gotten better,Only Clinton or Both of them,Both of them,Only Sanders or Both of them,South,Too liberal,Satisifed,Satisifed,,Female,Black women,"Cities 50,000-500,000","Cities over 50,000",Alabama,Election day exit poll,,,,,,,,No,,,,Version 2,1.023104429245,No
418667.0,65+,60+,65 or over,45+,50+,60+,65+,Black 60+,Black 60+,Black 65+,Hillary Clinton,Once a week,Weekly,Complete,Call 3,3.0,About right,,,,High school or less,No college degree,High school graduate or less,Non white no college degree,2.0,"Satisfied, but not enthusiastic","Enthusiastic or satisfied, but not enthusiastic",,,,Less than 100k,"Under $30,000",Less than 50k,Less than 50 thousand,"Under $50,000","Under $30,000","Under $50,000 and non white",Only Clinton,Only Clinton or Both of them,Only Clinton or Neither of them,Health care,,,45+,65+,,,,,,Moderate,Moderate or conservative,Moderate,82.0,Yes,Cares about people like me,Black,Black,State questionnaire,Black,Non-white,Stayed about the same,Only Clinton or Both of them,Only Clinton,Only Clinton or Neither of them,South,Omit,Satisifed,Dissatisfied,,Female,Black women,Rural,Small Cities/Rural,Alabama,Election day exit poll,,,,,,,,No,,,,Version 2,2.2917537689209,No
416722.0,65+,60+,65 or over,45+,50+,60+,65+,Non-Black 60+,White 60+,White 65+,Hillary Clinton,Once a week,Weekly,Complete,Call 3,3.0,About right,,,,College graduate,College graduate,More than High school graduate,White college degree,2.0,"Dissatisfied, but not angry","Dissatisfied, but not angry or Angry",,,,100k or more,"$30,000 or more",50k or more,100 thousand or more,"$100,000-$199,999","$100,000-$199,999","Over $50,000 and white",Only Clinton,Only Clinton or Both of them,Only Clinton or Neither of them,Terrorism,,,45+,65+,Democrat,Non-black Democrat,White Democrat,Democrat,White Democrat,Moderate,Moderate or conservative,Moderate,7.0,Yes,Has the right experience,White,White,State questionnaire,White,White,Stayed about the same,Only Clinton or Both of them,Both of them,Only Sanders or Both of them,South,Too liberal,Satisifed,Dissatisfied,,Female,White women,Suburbs,Suburbs,Alabama,Election day exit poll,,,,,,,,No,,,,Version 2,0.727028369903564,No
403204.0,30-44,30-59,30-39,18-44,18-49,30-44,30-39,Black 30-44,Black 30-44,Black 30-44,Hillary Clinton,Once a week,Weekly,Complete,Call 1,2.0,About right,,,,Postgraduate study,College graduate,More than High school graduate,Non white college degree,3.0,"Dissatisfied, but not angry","Dissatisfied, but not angry or Angry",,,,Less than 100k,"$30,000 or more",50k or more,50 to 100 thousand,"$50,000-$99,999","$50,000-$99,999","Over $50,000 and non white",Only Clinton,Only Clinton or Both of them,Only Clinton or Neither of them,Income inequality,,,18-44,18-64,Democrat,Black Democrat,Black Democrat,Democrat,Non-White Democrats,Somewhat liberal,Liberal,Liberal,69.0,Yes,Has the right experience,Black,Black,State questionnaire,Black,Non-white,Gotten worse,Only Clinton or Both of them,Both of them,Only Sanders or Both of them,South,Too liberal,Satisifed,Dissatisfied,,Female,Black women,Suburbs,Suburbs,Alabama,Election day exit poll,,,,,,,,No,,,,Version 2,0.954169809818268,No
403202.0,45-65,30-59,50-59,45+,50+,45-59,50-64,Non-Black 45-59,White 45-59,White 45-64,Hillary Clinton,Never,Never,Complete,Call 1,3.0,About right,,,,Some college/assoc. degree,No college degree,More than High school graduate,White no college degree,2.0,"Dissatisfied, but not angry","Dissatisfied, but not angry or Angry",,,,Less than 100k,"$30,000 or more",50k or more,50 to 100 thousand,"$50,000-$99,999","$50,000-$99,999","Over $50,000 and white",Both of them,Only Clinton or Both of them,Only Sanders or Both of them,Terrorism,,,45+,18-64,Democrat,Non-black Democrat,White Democrat,Democrat,White Democrat,Moderate,Moderate or conservative,Moderate,7.0,Yes,Has the right experience,White,White,State questionnaire,White,White,Stayed about the same,Only Clinton or Both of them,Both of them,Only Sanders or Both of them,South,About right,Satisifed,Satisifed,,Female,White women,Suburbs,Suburbs,Alabama,Election day exit poll,,,,,,,,No,,,,Version 2,0.694871366024017,No
417189.0,45-65,30-59,45-49,45+,18-49,45-59,40-49,Non-Black 45-59,White 45-59,White 45-64,Hillary Clinton,Never,Never,Complete,Call 3,5.0,About right,,,,College graduate,College graduate,More than High school graduate,White college degree,1.0,"Dissatisfied, but not angry","Dissatisfied, but not angry or Angry",,,,100k or more,"$30,000 or more",50k or more,100 thousand or more,"$100,000-$199,999","$100,000-$199,999","Over $50,000 and white",Both of them,Only Clinton or Both of them,Only Sanders or Both of them,Omit,,,45+,18-64,Democrat,Non-black Democrat,White Democrat,Democrat,White Democrat,Very liberal,Liberal,Liberal,49.0,No,Has the right experience,White,White,State questionnaire,White,White,Gotten worse,Only Clinton or Both of them,Both of them,Only Sanders or Both of them,South,About right,Satisifed,Dissatisfied,,Female,White women,"Cities 50,000-500,000","Cities over 50,000",Alabama,Election day exit poll,,,,,,,,No,,,,Version 2,1.00937902927399,No
403199.0,65+,60+,65 or over,45+,50+,60+,65+,Non-Black 60+,All others,Latino 65+,Hillary Clinton,Never,Never,Complete,Call 1,5.0,About right,,,,Postgraduate study,College graduate,More than High school graduate,Non white college degree,1.0,"Dissatisfied, but not angry","Dissatisfied, but not angry or Angry",,,,Less than 100k,"$30,000 or more",Less than 50k,Less than 50 thousand,"Under $50,000","$30,000-$49,999","Under $50,000 and non white",Only Clinton,Only Clinton or Both of them,Only Clinton or Neither of them,Health care,,,45+,65+,Democrat,Non-black Democrat,All Other,Democrat,Non-White Democrats,Somewhat liberal,Liberal,Liberal,23.0,Yes,Has the right experience,Other,American Indian,State questionnaire,Other,Non-white,Stayed about the same,Only Clinton or Both of them,Both of them,Only Sanders or Both of them,South,About right,Satisifed,Dissatisfied,,Male,All other races,Rural,Small Cities/Rural,Alabama,Election day exit poll,,,,,,,,No,,,,Version 2,1.18169903755188,No
403195.0,30-44,30-59,40-44,18-44,18-49,30-44,40-49,Black 30-44,Black 30-44,Black 30-44,Hillary Clinton,Once a week,Weekly,Complete,Call 1,2.0,About right,,,,College graduate,College graduate,More than High school graduate,Non white college degree,3.0,"Dissatisfied, but not angry","Dissatisfied, but not angry or Angry",,,,Less than 100k,"$30,000 or more",Less than 50k,Less than 50 thousand,"Under $50,000","$30,000-$49,999","Under $50,000 and non white",Only Clinton,Only Clinton or Both of them,Only Clinton or Neither of them,Terrorism,,,18-44,18-64,Democrat,Black Democrat,Black Democrat,Democrat,Non-White Democrats,Somewhat liberal,Liberal,Liberal,67.0,Yes,Cares about people like me,Black,Black,State questionnaire,Black,Non-white,Gotten worse,Only Clinton or Both of them,Only Clinton,Only Clinton or Neither of them,South,Omit,Satisifed,Dissatisfied,,Female,Black women,"Cities 50,000-500,000","Cities over 50,000",Alabama,Election day exit poll,,,,,,,,No,,,,Version 2,0.908496558666229,No
403193.0,45-65,60+,60-64,45+,50+,60+,50-64,Black 60+,Black 60+,Black 45-64,Hillary Clinton,More than once a week,Weekly,Complete,Call 1,5.0,Not liberal enough,,,,College graduate,College graduate,More than High school graduate,Non white college degree,1.0,"Satisfied, but not enthusiastic","Enthusiastic or satisfied, but not enthusiastic",,,,100k or more,"$30,000 or more",50k or more,100 thousand or more,"$100,000-$199,999","$100,000-$199,999","Over $50,000 and non white",Both of them,Only Clinton or Both of them,Only Sanders or Both of them,Economy/Jobs,,,45+,18-64,Independent/Something else,Black non-Democrat,Black Independent,Independent,All others,Somewhat liberal,Liberal,Liberal,46.0,Yes,Has the right experience,Black,Black,State questionnaire,Black,Non-white,Stayed about the same,Only Clinton or Both of them,Only Clinton,Only Clinton or Neither of them,South,Not liberal enough,Satisifed,Omit,,Male,Black men,"Cities 50,000-500,000","Cities over 50,000",Alabama,Election day exit poll,,,,,,,,No,,,,Version 2,0.488401263952255,No
416703.0,18-29,18-29,25-29,18-44,18-49,18-29,25-29,Black 18-29,Black 18-29,Black 18-29,Hillary Clinton,Once a week,Weekly,Complete,Call 3,2.0,About right,,,,College graduate,College graduate,More than High school graduate,Non white college degree,3.0,"Satisfied, but not enthusiastic","Enthusiastic or satisfied, but not enthusiastic",,,,Less than 100k,"Under $30,000",Less than 50k,Less than 50 thousand,"Under $50,000","Under $30,000","Under $50,000 and non white",Both of them,Only Clinton or Both of them,Only Sanders or Both of them,Health care,,,18-44,18-64,Democrat,Black Democrat,Black Democrat,Democrat,Non-White Democrats,Somewhat liberal,Liberal,Liberal,69.0,Yes,Cares about people like me,Black,Black,State questionnaire,Black,Non-white,Gotten worse,Only Clinton or Both of them,Both of them,Only Sanders or Both of them,South,About right,Satisifed,Satisifed,,Female,Black women,Suburbs,Suburbs,Alabama,Election day exit poll,,,,,,,,No,,,,Version 2,1.05141866207123,No
416692.0,18-29,18-29,25-29,18-44,18-49,18-29,25-29,Black 18-29,Black 18-29,Black 18-29,Hillary Clinton,More than once a week,Weekly,Complete,Call 3,6.0,Too liberal,,,,High school or less,No college degree,High school graduate or less,Non white no college degree,3.0,"Satisfied, but not enthusiastic","Enthusiastic or satisfied, but not enthusiastic",,,,Less than 100k,"Under $30,000",Less than 50k,Less than 50 thousand,"Under $50,000","Under $30,000","Under $50,000 and non white",Only Clinton,Only Clinton or Both of them,Only Clinton or Neither of them,Income inequality,,,18-44,18-64,Democrat,Black Democrat,Black Democrat,Democrat,Non-White Democrats,Very liberal,Liberal,Liberal,26.0,Yes,Has the right experience,Black,Black,State questionnaire,Black,Non-white,Stayed about the same,Only Clinton or Both of them,Only Clinton,Only Clinton or Neither of them,South,Too liberal,Satisifed,Satisifed,,Female,Black women,"Cities 50,000-500,000","Cities over 50,000",Alabama,Election day exit poll,,,,,,,,No,,,,Version 2,0.838918089866638,No
403173.0,45-65,30-59,45-49,45+,18-49,45-59,40-49,Black 45-59,Black 45-59,Black 45-64,Hillary Clinton,More than once a week,Weekly,Complete,Call 1,3.0,About right,,,,Some college/assoc. degree,No college degree,More than High school graduate,Non white no college degree,2.0,"Satisfied, but not enthusiastic","Enthusiastic or satisfied, but not enthusiastic",,,,Less than 100k,"Under $30,000",Less than 50k,Less than 50 thousand,"Under $50,000","Under $30,000","Under $50,000 and non white",Only Clinton,Only Clinton or Both of them,Only Clinton or Neither of them,Terrorism,,,45+,18-64,Democrat,Black Democrat,Black Democrat,Democrat,Non-White Democrats,Somewhat liberal,Liberal,Liberal,7.0,No,Honest and trustworthy,Black,Black,State questionnaire,Black,Non-white,Stayed about the same,Only Clinton or Both of them,Only Clinton,Only Clinton or Neither of them,South,Not liberal enough,Satisifed,Dissatisfied,,Female,Black women,Suburbs,Suburbs,Alabama,Election day exit poll,,,,,,,,No,,,,Version 2,0.182260245084763,No
417599.0,30-44,30-59,30-39,18-44,18-49,30-44,30-39,Black 30-44,Black 30-44,Black 30-44,Hillary Clinton,A few times a month,Occasionally,Not complete,Call 3,1.0,,,,,,,,,4.0,,,,,,,,,,,,,Only Clinton,Only Clinton or Both of them,Only Clinton or Neither of them,,,,18-44,18-64,,,,,,,,,1.0,Yes,,Black,Black,State questionnaire,Black,Non-white,Stayed about the same,,,,South,,Satisifed,Dissatisfied,,Female,Black women,Suburbs,Suburbs,Alabama,Election day exit poll,,,,,,,,No,,,,Version 2,0.21524304151535,
403160.0,30-44,30-59,40-44,18-44,18-49,30-44,40-49,Black 30-44,Black 30-44,Black 30-44,Hillary Clinton,Never,Never,Complete,Call 1,2.0,About right,,,,Postgraduate study,College graduate,More than High school graduate,Non white college degree,3.0,"Dissatisfied, but not angry","Dissatisfied, but not angry or Angry",,,,Less than 100k,"$30,000 or more",50k or more,50 to 100 thousand,"$50,000-$99,999","$50,000-$99,999","Over $50,000 and non white",Both of them,Only Clinton or Both of them,Only Sanders or Both of them,Economy/Jobs,,,18-44,18-64,Democrat,Black Democrat,Black Democrat,Democrat,Non-White Democrats,Very liberal,Liberal,Liberal,67.0,Yes,Can win in November,Black,Black,State questionnaire,Black,Non-white,Stayed about the same,Only Clinton or Both of them,Both of them,Only Sanders or Both of them,South,About right,Satisifed,Satisifed,,Male,Black men,"Cities 50,000-500,000","Cities over 50,000",Alabama,Election day exit poll,,,,,,,,No,,,,Version 2,0.916753888130188,No
403154.0,30-44,30-59,30-39,18-44,18-49,30-44,30-39,Black 30-44,Black 30-44,Black 30-44,Hillary Clinton,Once a week,Weekly,Complete,Call 1,7.0,About right,,,,College graduate,College graduate,More than High school graduate,Non white college degree,3.0,Enthusiastic,"Enthusiastic or satisfied, but not enthusiastic",,,,Less than 100k,"$30,000 or more",Less than 50k,Less than 50 thousand,"Under $50,000","$30,000-$49,999","Under $50,000 and non white",Only Clinton,Only Clinton or Both of them,Only Clinton or Neither of them,Income inequality,,,18-44,18-64,Democrat,Black Democrat,Black Democrat,Democrat,Non-White Democrats,Moderate,Moderate or conservative,Moderate,38.0,Yes,Honest and trustworthy,Black,Black,State questionnaire,Black,Non-white,Gotten worse,Only Clinton or Both of them,Only Clinton,Only Clinton or Neither of them,South,Too liberal,Satisifed,Dissatisfied,,Female,Black women,"Cities 50,000-500,000","Cities over 50,000",Alabama,Election day exit poll,,,,,,,,No,,,,Version 2,1.0669504404068,No
409651.0,45-65,60+,60-64,45+,50+,60+,50-64,Black 60+,Black 60+,Black 45-64,Hillary Clinton,Once a week,Weekly,Not complete,Call 2,7.0,,,,,,,,,3.0,,,,,,,,,,,,,Only Clinton,Only Clinton or Both of them,Only Clinton or Neither of them,,,,45+,18-64,,,,,,,,,34.0,Yes,,Black,Black,State questionnaire,Black,Non-white,Stayed about the same,,,,South,,Satisifed,Dissatisfied,,Female,Black women,"Cities 50,000-500,000","Cities over 50,000",Alabama,Election day exit poll,,,,,,,,No,,,,Version 2,2.85571670532227,
403143.0,65+,60+,65 or over,45+,50+,60+,65+,Black 60+,Black 60+,Black 65+,Hillary Clinton,More than once a week,Weekly,Complete,Call 1,1.0,About right,,,,High school or less,No college degree,High school graduate or less,Non white no college degree,4.0,"Dissatisfied, but not angry","Dissatisfied, but not angry or Angry",,,,Less than 100k,"Under $30,000",Less than 50k,Less than 50 thousand,"Under $50,000","Under $30,000","Under $50,000 and non white",Only Clinton,Only Clinton or Both of them,Only Clinton or Neither of them,Income inequality,,,45+,65+,Democrat,Black Democrat,Black Democrat,Democrat,Non-White Democrats,Very liberal,Liberal,Liberal,57.0,Yes,Cares about people like me,Black,Black,State questionnaire,Black,Non-white,Stayed about the same,Only Clinton or Both of them,Only Clinton,Only Clinton or Neither of them,South,Not liberal enough,Satisifed,Dissatisfied,,Male,Black men,"Cities 50,000-500,000","Cities over 50,000",Alabama,Election day exit poll,,,,,,,,No,,,,Version 2,0.715484201908112,No
416659.0,30-44,30-59,40-44,18-44,18-49,30-44,40-49,Black 30-44,Black 30-44,Black 30-44,Hillary Clinton,A few times a month,Occasionally,Complete,Call 3,5.0,About right,,,,Some college/assoc. degree,No college degree,More than High school graduate,Non white no college degree,1.0,"Satisfied, but not enthusiastic","Enthusiastic or satisfied, but not enthusiastic",,,,Less than 100k,"Under $30,000",Less than 50k,Less than 50 thousand,"Under $50,000","Under $30,000","Under $50,000 and non white",Only Clinton,Only Clinton or Both of them,Only Clinton or Neither of them,Economy/Jobs,,,18-44,18-64,Democrat,Black Democrat,Black Democrat,Democrat,Non-White Democrats,Somewhat liberal,Liberal,Liberal,44.0,Yes,Cares about people like me,Black,Black,State questionnaire,Black,Non-white,Gotten better,Only Clinton or Both of them,Both of them,Only Sanders or Both of them,South,Not liberal enough,Satisifed,Satisifed,,Male,Black men,"Cities 50,000-500,000","Cities over 50,000",Alabama,Election day exit poll,,,,,,,,No,,,,Version 2,0.56621778011322,No
403140.0,30-44,30-59,30-39,18-44,18-49,30-44,30-39,Black 30-44,Black 30-44,Black 30-44,Hillary Clinton,Never,Never,Complete,Call 1,5.0,About right,,,,College graduate,College graduate,More than High school graduate,Non white college degree,1.0,Angry,"Dissatisfied, but not angry or Angry",,,,Less than 100k,"$30,000 or more",Less than 50k,Less than 50 thousand,"Under $50,000","$30,000-$49,999","Under $50,000 and non white",Neither of them,Only Sanders or Neither of them,Only Clinton or Neither of them,Omit,,,18-44,18-64,Democrat,Black Democrat,Black Democrat,Democrat,Non-White Democrats,Moderate,Moderate or conservative,Moderate,46.0,Yes,Has the right experience,Black,Black,State questionnaire,Black,Non-white,Gotten worse,Only Clinton or Both of them,Both of them,Only Sanders or Both of them,South,About right,Satisifed,Satisifed,,Male,Black men,"Cities 50,000-500,000","Cities over 50,000",Alabama,Election day exit poll,,,,,,,,No,,,,Version 2,0.42243966460228,No
409630.0,65+,60+,65 or over,45+,50+,60+,65+,Black 60+,Black 60+,Black 65+,Hillary Clinton,A few times a month,Occasionally,Not complete,Call 2,7.0,,,,,,,,,3.0,,,,,,,,,,,,,Only Clinton,Only Clinton or Both of them,Only Clinton or Neither of them,,,,45+,65+,,,,,,,,,34.0,Yes,,Black,Black,State questionnaire,Black,Non-white,Stayed about the same,,,,South,,Satisifed,Dissatisfied,,Male,Black men,"Cities 50,000-500,000","Cities over 50,000",Alabama,Election day exit poll,,,,,,,,No,,,,Version 2,2.88167238235474,
403125.0,65+,60+,65 or over,45+,50+,60+,65+,Black 60+,Black 60+,Black 65+,Hillary Clinton,A few times a year,Occasionally,Complete,Call 1,2.0,About right,,,,Some college/assoc. degree,No college degree,More than High school graduate,Non white no college degree,3.0,"Dissatisfied, but not angry","Dissatisfied, but not angry or Angry",,,,Less than 100k,"Under $30,000",Less than 50k,Less than 50 thousand,"Under $50,000","Under $30,000","Under $50,000 and non white",Only Clinton,Only Clinton or Both of them,Only Clinton or Neither of them,Economy/Jobs,,,45+,65+,Democrat,Black Democrat,Black Democrat,Democrat,Non-White Democrats,Conservative,Moderate or conservative,Conservative,69.0,Yes,Has the right experience,Black,Black,State questionnaire,Black,Non-white,Gotten worse,Only Clinton or Both of them,Only Clinton,Only Clinton or Neither of them,South,Omit,Satisifed,Dissatisfied,,Female,Black women,Suburbs,Suburbs,Alabama,Election day exit poll,,,,,,,,No,,,,Version 2,1.38805997371674,No
416630.0,45-65,60+,60-64,45+,50+,60+,50-64,Black 60+,Black 60+,Black 45-64,Hillary Clinton,Once a week,Weekly,Complete,Call 3,5.0,About right,,,,Postgraduate study,College graduate,More than High school graduate,Non white college degree,1.0,Enthusiastic,"Enthusiastic or satisfied, but not enthusiastic",,,,100k or more,"$30,000 or more",50k or more,100 thousand or more,"$100,000-$199,999","$100,000-$199,999","Over $50,000 and non white",Both of them,Only Clinton or Both of them,Only Sanders or Both of them,Economy/Jobs,,,45+,18-64,Independent/Something else,Black non-Democrat,Black Independent,Independent,All others,Moderate,Moderate or conservative,Moderate,44.0,Yes,Can win in November,Black,Black,State questionnaire,Black,Non-white,Gotten worse,Only Clinton or Both of them,Both of them,Only Sanders or Both of them,South,About right,Satisifed,Satisifed,,Male,Black men,"Cities 50,000-500,000","Cities over 50,000",Alabama,Election day exit poll,,,,,,,,No,,,,Version 2,0.654629468917847,No
403095.0,30-44,30-59,40-44,18-44,18-49,30-44,40-49,Black 30-44,Black 30-44,Black 30-44,Hillary Clinton,Once a week,Weekly,Complete,Call 1,2.0,About right,,,,Postgraduate study,College graduate,More than High school graduate,Non white college degree,3.0,Enthusiastic,"Enthusiastic or satisfied, but not enthusiastic",,,,Less than 100k,"$30,000 or more",Less than 50k,Less than 50 thousand,"Under $50,000","$30,000-$49,999","Under $50,000 and non white",Both of them,Only Clinton or Both of them,Only Sanders or Both of them,Income inequality,,,18-44,18-64,Democrat,Black Democrat,Black Democrat,Democrat,Non-White Democrats,Somewhat liberal,Liberal,Liberal,67.0,Yes,Can win in November,Black,Black,State questionnaire,Black,Non-white,Gotten worse,Only Clinton or Both of them,Both of them,Only Sanders or Both of them,South,About right,Satisifed,Satisifed,,Female,Black women,"Cities 50,000-500,000","Cities over 50,000",Alabama,Election day exit poll,,,,,,,,No,,,,Version 2,0.908496558666229,No
405014.0,45-65,30-59,50-59,45+,50+,45-59,50-64,Black 45-59,Black 45-59,Black 45-64,Hillary Clinton,A few times a year,Occasionally,Complete,Call 1,6.0,About right,,,,College graduate,College graduate,More than High school graduate,Non white college degree,2.0,"Satisfied, but not enthusiastic","Enthusiastic or satisfied, but not enthusiastic",,,,100k or more,"$30,000 or more",50k or more,100 thousand or more,"$100,000-$199,999","$100,000-$199,999","Over $50,000 and non white",Both of them,Only Clinton or Both of them,Only Sanders or Both of them,Income inequality,,,45+,18-64,Independent/Something else,Black non-Democrat,Black Independent,Independent,All others,Moderate,Moderate or conservative,Moderate,75.0,Yes,Has the right experience,Black,Black,State questionnaire,Black,Non-white,Gotten worse,Only Clinton or Both of them,Both of them,Only Sanders or Both of them,South,About right,Satisifed,Satisifed,,Male,Black men,Suburbs,Suburbs,Alabama,Election day exit poll,,,,,,,,No,,,,Version 2,0.0958172753453255,No
403061.0,45-65,30-59,50-59,45+,50+,45-59,50-64,,,,Hillary Clinton,Once a week,Weekly,Complete,Call 1,2.0,About right,,,,Some college/assoc. degree,No college degree,More than High school graduate,,3.0,"Dissatisfied, but not angry","Dissatisfied, but not angry or Angry",,,,Less than 100k,"$30,000 or more",Less than 50k,Less than 50 thousand,"Under $50,000","$30,000-$49,999",,Only Clinton,Only Clinton or Both of them,Only Clinton or Neither of them,Health care,,,45+,18-64,Democrat,,,Democrat,,Somewhat liberal,Liberal,Liberal,67.0,Yes,Has the right experience,,,State questionnaire,,,Stayed about the same,Only Clinton or Both of them,Only Clinton,Only Clinton or Neither of them,South,About right,Satisifed,Dissatisfied,,Male,,"Cities 50,000-500,000","Cities over 50,000",Alabama,Election day exit poll,,,,,,,,No,,,,Version 2,1.63280546665192,
410782.0,30-44,30-59,40-44,18-44,18-49,30-44,40-49,Black 30-44,Black 30-44,Black 30-44,Hillary Clinton,More than once a week,Weekly,Complete,Call 2,5.0,Too liberal,,,,College graduate,College graduate,More than High school graduate,Non white college degree,1.0,"Dissatisfied, but not angry","Dissatisfied, but not angry or Angry",,,,Less than 100k,"Under $30,000",Less than 50k,Less than 50 thousand,"Under $50,000","Under $30,000","Under $50,000 and non white",Only Sanders,Only Sanders or Neither of them,Only Sanders or Both of them,Economy/Jobs,,,18-44,18-64,Democrat,Black Democrat,Black Democrat,Democrat,Non-White Democrats,Moderate,Moderate or conservative,Moderate,44.0,Yes,Honest and trustworthy,Black,Black,State questionnaire,Black,Non-white,Gotten better,Only Clinton or Both of them,Both of them,Only Sanders or Both of them,South,About right,Satisifed,Satisifed,,Male,Black men,"Cities 50,000-500,000","Cities over 50,000",Alabama,Election day exit poll,,,,,,,,No,,,,Version 2,0.56621778011322,No
417047.0,30-44,30-59,40-44,18-44,18-49,30-44,40-49,Black 30-44,Black 30-44,Black 30-44,Hillary Clinton,More than once a week,Weekly,Complete,Call 3,3.0,About right,,,,Postgraduate study,College graduate,More than High school graduate,Non white college degree,2.0,"Satisfied, but not enthusiastic","Enthusiastic or satisfied, but not enthusiastic",,,,Less than 100k,"$30,000 or more",50k or more,50 to 100 thousand,"$50,000-$99,999","$50,000-$99,999","Over $50,000 and non white",Both of them,Only Clinton or Both of them,Only Sanders or Both of them,Omit,,,18-44,18-64,Democrat,Black Democrat,Black Democrat,Democrat,Non-White Democrats,Somewhat liberal,Liberal,Liberal,9.0,Yes,Cares about people like me,Black,Black,State questionnaire,Black,Non-white,Stayed about the same,Only Clinton or Both of them,Only Clinton,Only Clinton or Neither of them,South,About right,Satisifed,Satisifed,,Female,Black women,"Cities 10,000-50,000",Small Cities/Rural,Alabama,Election day exit poll,,,,,,,,No,,,,Version 2,0.647392630577087,No
403052.0,30-44,30-59,40-44,18-44,18-49,30-44,40-49,Black 30-44,Black 30-44,Black 30-44,Hillary Clinton,Once a week,Weekly,Complete,Call 1,1.0,About right,,,,High school or less,No college degree,High school graduate or less,Non white no college degree,4.0,Angry,"Dissatisfied, but not angry or Angry",,,,Less than 100k,"Under $30,000",Less than 50k,Less than 50 thousand,"Under $50,000","Under $30,000","Under $50,000 and non white",Only Clinton,Only Clinton or Both of them,Only Clinton or Neither of them,Income inequality,,,18-44,18-64,Democrat,Black Democrat,Black Democrat,Democrat,Non-White Democrats,Somewhat liberal,Liberal,Liberal,57.0,Yes,Has the right experience,Black,Black,State questionnaire,Black,Non-white,Stayed about the same,Only Clinton or Both of them,Only Clinton,Only Clinton or Neither of them,South,Not liberal enough,Satisifed,Dissatisfied,,Female,Black women,"Cities 50,000-500,000","Cities over 50,000",Alabama,Election day exit poll,,,,,,,,No,,,,Version 2,0.593036472797394,No
404972.0,45-65,30-59,50-59,45+,50+,45-59,50-64,Non-Black 45-59,White 45-59,White 45-64,Hillary Clinton,A few times a year,Occasionally,Complete,Call 1,6.0,About right,,,,College graduate,College graduate,More than High school graduate,White college degree,2.0,"Dissatisfied, but not angry","Dissatisfied, but not angry or Angry",,,,100k or more,"$30,000 or more",50k or more,100 thousand or more,"$200,000 or more","$200,000 or more","Over $50,000 and white",Only Clinton,Only Clinton or Both of them,Only Clinton or Neither of them,Income inequality,,,45+,18-64,Democrat,Non-black Democrat,White Democrat,Democrat,White Democrat,Somewhat liberal,Liberal,Liberal,75.0,No,Can win in November,White,White,State questionnaire,White,White,Gotten worse,Only Clinton or Both of them,Both of them,Only Sanders or Both of them,South,Too liberal,Satisifed,Satisifed,,Female,White women,Suburbs,Suburbs,Alabama,Election day exit poll,,,,,,,,No,,,,Version 2,0.365305542945862,No
403034.0,18-29,18-29,25-29,18-44,18-49,18-29,25-29,Black 18-29,Black 18-29,Black 18-29,Hillary Clinton,A few times a year,Occasionally,Complete,Call 1,7.0,About right,,,,College graduate,College graduate,More than High school graduate,Non white college degree,3.0,"Dissatisfied, but not angry","Dissatisfied, but not angry or Angry",,,,Less than 100k,"$30,000 or more",50k or more,50 to 100 thousand,"$50,000-$99,999","$50,000-$99,999","Over $50,000 and non white",Both of them,Only Clinton or Both of them,Only Sanders or Both of them,Economy/Jobs,,,18-44,18-64,Democrat,Black Democrat,Black Democrat,Democrat,Non-White Democrats,,,,17.0,Yes,Has the right experience,Black,Black,State questionnaire,Black,Non-white,Stayed about the same,Only Clinton or Both of them,Only Clinton,Only Clinton or Neither of them,South,Not liberal enough,Satisifed,Satisifed,,Male,Black men,Rural,Small Cities/Rural,Alabama,Election day exit poll,,,,,,,,No,,,,Version 2,1.21959900856018,No
416549.0,45-65,30-59,50-59,45+,50+,45-59,50-64,Black 45-59,Black 45-59,Black 45-64,Hillary Clinton,Once a week,Weekly,Complete,Call 3,1.0,About right,,,,Some college/assoc. degree,No college degree,More than High school graduate,Non white no college degree,4.0,"Satisfied, but not enthusiastic","Enthusiastic or satisfied, but not enthusiastic",,,,Less than 100k,"Under $30,000",Less than 50k,Less than 50 thousand,"Under $50,000","Under $30,000","Under $50,000 and non white",Only Clinton,Only Clinton or Both of them,Only Clinton or Neither of them,Health care,,,45+,18-64,Democrat,Black Democrat,Black Democrat,Democrat,Non-White Democrats,Moderate,Moderate or conservative,Moderate,57.0,No,Cares about people like me,Black,Black,State questionnaire,Black,Non-white,Gotten worse,Only Clinton or Both of them,Both of them,Only Sanders or Both of them,South,Too liberal,Satisifed,Satisifed,,Male,Black men,"Cities 50,000-500,000","Cities over 50,000",Alabama,Election day exit poll,,,,,,,,No,,,,Version 2,0.593036472797394,No
403029.0,65+,60+,65 or over,45+,50+,60+,65+,Non-Black 60+,White 60+,White 65+,Hillary Clinton,Never,Never,Complete,Call 1,5.0,About right,,,,Some college/assoc. degree,No college degree,More than High school graduate,White no college degree,1.0,"Dissatisfied, but not angry","Dissatisfied, but not angry or Angry",,,,Less than 100k,"Under $30,000",Less than 50k,Less than 50 thousand,"Under $50,000","Under $30,000","Under $50,000 and white",Only Clinton,Only Clinton or Both of them,Only Clinton or Neither of them,Income inequality,,,45+,65+,Democrat,Non-black Democrat,White Democrat,Democrat,White Democrat,Moderate,Moderate or conservative,Moderate,44.0,Yes,Has the right experience,White,White,State questionnaire,White,White,Stayed about the same,Only Clinton or Both of them,Only Clinton,Only Clinton or Neither of them,South,Not liberal enough,Satisifed,Dissatisfied,,Female,White women,"Cities 50,000-500,000","Cities over 50,000",Alabama,Election day exit poll,,,,,,,,No,,,,Version 2,2.20006489753723,Yes
404949.0,30-44,30-59,30-39,18-44,18-49,30-44,30-39,Black 30-44,Black 30-44,Black 30-44,Hillary Clinton,Once a week,Weekly,Complete,Call 1,1.0,About right,,,,High school or less,No college degree,High school graduate or less,Non white no college degree,4.0,Angry,"Dissatisfied, but not angry or Angry",,,,Less than 100k,"Under $30,000",Less than 50k,Less than 50 thousand,"Under $50,000","Under $30,000","Under $50,000 and non white",Only Clinton,Only Clinton or Both of them,Only Clinton or Neither of them,Health care,,,18-44,18-64,Democrat,Black Democrat,Black Democrat,Democrat,Non-White Democrats,Conservative,Moderate or conservative,Conservative,62.0,Yes,Cares about people like me,Black,Black,State questionnaire,Black,Non-white,Gotten worse,Only Clinton or Both of them,Only Clinton,Only Clinton or Neither of them,South,Omit,Satisifed,Dissatisfied,,Male,Black men,Suburbs,Suburbs,Alabama,Election day exit poll,,,,,,,,No,,,,Version 2,0.420284748077393,No
416533.0,30-44,30-59,30-39,18-44,18-49,30-44,30-39,Black 30-44,Black 30-44,Black 30-44,Hillary Clinton,A few times a year,Occasionally,Complete,Call 3,2.0,Omit,,,,Some college/assoc. degree,No college degree,More than High school graduate,Non white no college degree,3.0,"Dissatisfied, but not angry","Dissatisfied, but not angry or Angry",,,,Less than 100k,"Under $30,000",Less than 50k,Less than 50 thousand,"Under $50,000","Under $30,000","Under $50,000 and non white",Only Clinton,Only Clinton or Both of them,Only Clinton or Neither of them,Economy/Jobs,,,18-44,18-64,Democrat,Black Democrat,Black Democrat,Democrat,Non-White Democrats,,,,67.0,Yes,Has the right experience,Black,Black,State questionnaire,Black,Non-white,Gotten worse,Omit,Omit,Omit,South,Omit,Satisifed,Omit,,Female,Black women,"Cities 50,000-500,000","Cities over 50,000",Alabama,Election day exit poll,,,,,,,,No,,,,Version 2,0.908496558666229,No
403013.0,45-65,30-59,50-59,45+,50+,45-59,50-64,Non-Black 45-59,White 45-59,White 45-64,Hillary Clinton,A few times a month,Occasionally,Complete,Call 1,5.0,About right,,,,Postgraduate study,College graduate,More than High school graduate,White college degree,1.0,"Satisfied, but not enthusiastic","Enthusiastic or satisfied, but not enthusiastic",,,,Less than 100k,"$30,000 or more",Less than 50k,Less than 50 thousand,"Under $50,000","$30,000-$49,999","Under $50,000 and white",Both of them,Only Clinton or Both of them,Only Sanders or Both of them,Economy/Jobs,,,45+,18-64,Independent/Something else,Non-black non-Democrat,White Independent,Independent,White Independent,Moderate,Moderate or conservative,Moderate,49.0,Yes,Can win in November,White,White,State questionnaire,White,White,Gotten worse,Only Clinton or Both of them,Both of them,Only Sanders or Both of them,South,About right,Satisifed,Satisifed,,Female,White women,"Cities 50,000-500,000","Cities over 50,000",Alabama,Election day exit poll,,,,,,,,No,,,,Version 2,1.00937902927399,No
403005.0,45-65,30-59,45-49,45+,18-49,45-59,40-49,Non-Black 45-59,White 45-59,White 45-64,Hillary Clinton,Once a week,Weekly,Complete,Call 1,1.0,About right,,,,Postgraduate study,College graduate,More than High school graduate,White college degree,4.0,"Satisfied, but not enthusiastic","Enthusiastic or satisfied, but not enthusiastic",,,,Less than 100k,"$30,000 or more",50k or more,50 to 100 thousand,"$50,000-$99,999","$50,000-$99,999","Over $50,000 and white",Both of them,Only Clinton or Both of them,Only Sanders or Both of them,Economy/Jobs,,,45+,18-64,Democrat,Non-black Democrat,White Democrat,Democrat,White Democrat,Somewhat liberal,Liberal,Liberal,59.0,Yes,Can win in November,White,White,State questionnaire,White,White,Stayed about the same,Only Clinton or Both of them,Both of them,Only Sanders or Both of them,South,About right,Satisifed,Satisifed,,Male,White men,"Cities 50,000-500,000","Cities over 50,000",Alabama,Election day exit poll,,,,,,,,No,,,,Version 2,1.2302348613739,No
402998.0,45-65,30-59,45-49,45+,18-49,45-59,40-49,Black 45-59,Black 45-59,Black 45-64,Hillary Clinton,More than once a week,Weekly,Complete,Call 1,2.0,About right,,,,High school or less,No college degree,High school graduate or less,Non white no college degree,3.0,Enthusiastic,"Enthusiastic or satisfied, but not enthusiastic",,,,,,,,,,,Only Clinton,Only Clinton or Both of them,Only Clinton or Neither of them,Economy/Jobs,,,45+,18-64,Democrat,Black Democrat,Black Democrat,Democrat,Non-White Democrats,Very liberal,Liberal,Liberal,67.0,Yes,Has the right experience,Black,Black,State questionnaire,Black,Non-white,Stayed about the same,Only Clinton or Both of them,Only Clinton,Only Clinton or Neither of them,South,Too liberal,Satisifed,Dissatisfied,,Female,Black women,"Cities 50,000-500,000","Cities over 50,000",Alabama,Election day exit poll,,,,,,,,No,,,,Version 2,0.908496558666229,No
410715.0,30-44,30-59,40-44,18-44,18-49,30-44,40-49,Black 30-44,Black 30-44,Black 30-44,Hillary Clinton,Once a week,Weekly,Complete,Call 2,5.0,About right,,,,Some college/assoc. degree,No college degree,More than High school graduate,Non white no college degree,1.0,Enthusiastic,"Enthusiastic or satisfied, but not enthusiastic",,,,Less than 100k,"$30,000 or more",Less than 50k,Less than 50 thousand,"Under $50,000","$30,000-$49,999","Under $50,000 and non white",Both of them,Only Clinton or Both of them,Only Sanders or Both of them,Health care,,,18-44,18-64,Democrat,Black Democrat,Black Democrat,Democrat,Non-White Democrats,Somewhat liberal,Liberal,Liberal,44.0,Yes,Has the right experience,Black,Black,State questionnaire,Black,Non-white,Gotten worse,Only Clinton or Both of them,Both of them,Only Sanders or Both of them,South,About right,Satisifed,Satisifed,,Female,Black women,"Cities 50,000-500,000","Cities over 50,000",Alabama,Election day exit poll,,,,,,,,No,,,,Version 2,0.56621778011322,No
404908.0,45-65,30-59,45-49,45+,18-49,45-59,40-49,Black 45-59,Black 45-59,Black 45-64,Hillary Clinton,More than once a week,Weekly,Complete,Call 1,1.0,Not liberal enough,,,,Some college/assoc. degree,No college degree,More than High school graduate,Non white no college degree,4.0,"Dissatisfied, but not angry","Dissatisfied, but not angry or Angry",,,,Less than 100k,"$30,000 or more",50k or more,50 to 100 thousand,"$50,000-$99,999","$50,000-$99,999","Over $50,000 and non white",Only Clinton,Only Clinton or Both of them,Only Clinton or Neither of them,Income inequality,,,45+,18-64,Democrat,Black Democrat,Black Democrat,Democrat,Non-White Democrats,Very liberal,Liberal,Liberal,62.0,Yes,Honest and trustworthy,Black,Black,State questionnaire,Black,Non-white,Stayed about the same,Only Clinton or Both of them,Only Clinton,Only Clinton or Neither of them,South,Too liberal,Satisifed,Satisifed,,Male,Black men,Suburbs,Suburbs,Alabama,Election day exit poll,,,,,,,,No,,,,Version 2,0.420284748077393,No
402971.0,45-65,30-59,50-59,45+,50+,45-59,50-64,Black 45-59,Black 45-59,Black 45-64,Hillary Clinton,Once a week,Weekly,Complete,Call 1,7.0,About right,,,,College graduate,College graduate,More than High school graduate,Non white college degree,3.0,"Satisfied, but not enthusiastic","Enthusiastic or satisfied, but not enthusiastic",,,,Less than 100k,"$30,000 or more",50k or more,50 to 100 thousand,"$50,000-$99,999","$50,000-$99,999","Over $50,000 and non white",Only Clinton,Only Clinton or Both of them,Only Clinton or Neither of them,Health care,,,45+,18-64,Democrat,Black Democrat,Black Democrat,Democrat,Non-White Democrats,Moderate,Moderate or conservative,Moderate,38.0,Yes,Cares about people like me,Black,Black,State questionnaire,Black,Non-white,Stayed about the same,Only Clinton or Both of them,Only Clinton,Only Clinton or Neither of them,South,Too liberal,Satisifed,Satisifed,,Female,Black women,"Cities 50,000-500,000","Cities over 50,000",Alabama,Election day exit poll,,,,,,,,No,,,,Version 2,1.0669504404068,No
417841.0,30-44,30-59,30-39,18-44,18-49,30-44,30-39,Black 30-44,Black 30-44,Black 30-44,Hillary Clinton,More than once a week,Weekly,Complete,Call 3,7.0,Too liberal,,,,Some college/assoc. degree,No college degree,More than High school graduate,Non white no college degree,3.0,"Satisfied, but not enthusiastic","Enthusiastic or satisfied, but not enthusiastic",,,,Less than 100k,"$30,000 or more",Less than 50k,Less than 50 thousand,"Under $50,000","$30,000-$49,999","Under $50,000 and non white",Both of them,Only Clinton or Both of them,Only Sanders or Both of them,Terrorism,,,18-44,18-64,Independent/Something else,Black non-Democrat,Black Independent,Independent,All others,Moderate,Moderate or conservative,Moderate,38.0,Yes,Honest and trustworthy,Black,Black,State questionnaire,Black,Non-white,Gotten better,Only Clinton or Both of them,Both of them,Only Sanders or Both of them,South,Not liberal enough,Satisifed,Satisifed,,Female,Black women,"Cities 50,000-500,000","Cities over 50,000",Alabama,Election day exit poll,,,,,,,,No,,,,Version 2,1.0669504404068,No
402953.0,30-44,30-59,30-39,18-44,18-49,30-44,30-39,Black 30-44,Black 30-44,Black 30-44,Hillary Clinton,Once a week,Weekly,Complete,Call 1,7.0,About right,,,,Some college/assoc. degree,No college degree,More than High school graduate,Non white no college degree,3.0,"Satisfied, but not enthusiastic","Enthusiastic or satisfied, but not enthusiastic",,,,Less than 100k,"Under $30,000",Less than 50k,Less than 50 thousand,"Under $50,000","Under $30,000","Under $50,000 and non white",Both of them,Only Clinton or Both of them,Only Sanders or Both of them,Terrorism,,,18-44,18-64,Republican,Black non-Democrat,All Republicans,Republican,All others,Conservative,Moderate or conservative,Conservative,17.0,Yes,Has the right experience,Black,Black,State questionnaire,Black,Non-white,Stayed about the same,Only Clinton or Both of them,Both of them,Only Sanders or Both of them,South,About right,Satisifed,Satisifed,,Female,Black women,Rural,Small Cities/Rural,Alabama,Election day exit poll,,,,,,,,No,,,,Version 2,1.09682559967041,No
410674.0,45-65,60+,60-64,45+,50+,60+,50-64,Black 60+,Black 60+,Black 45-64,Hillary Clinton,Once a week,Weekly,Complete,Call 2,5.0,About right,,,,Postgraduate study,College graduate,More than High school graduate,Non white college degree,1.0,"Satisfied, but not enthusiastic","Enthusiastic or satisfied, but not enthusiastic",,,,100k or more,"$30,000 or more",50k or more,100 thousand or more,"$100,000-$199,999","$100,000-$199,999","Over $50,000 and non white",Only Clinton,Only Clinton or Both of them,Only Clinton or Neither of them,Economy/Jobs,,,45+,18-64,Democrat,Black Democrat,Black Democrat,Democrat,Non-White Democrats,Conservative,Moderate or conservative,Conservative,44.0,Yes,Has the right experience,Black,Black,State questionnaire,Black,Non-white,Gotten worse,Only Clinton or Both of them,Both of them,Only Sanders or Both of them,South,Too liberal,Satisifed,Dissatisfied,,Female,Black women,"Cities 50,000-500,000","Cities over 50,000",Alabama,Election day exit poll,,,,,,,,No,,,,Version 2,0.648733139038086,No
418388.0,30-44,30-59,40-44,18-44,18-49,30-44,40-49,Non-Black 30-44,All others,All others,Hillary Clinton,A few times a year,Occasionally,Complete,Call 3,1.0,About right,,,,Some college/assoc. degree,No college degree,More than High school graduate,Non white no college degree,4.0,"Satisfied, but not enthusiastic","Enthusiastic or satisfied, but not enthusiastic",,,,Less than 100k,"$30,000 or more",50k or more,50 to 100 thousand,"$50,000-$99,999","$50,000-$99,999","Over $50,000 and non white",Only Clinton,Only Clinton or Both of them,Only Clinton or Neither of them,Health care,,,18-44,18-64,Republican,Non-black non-Democrat,All Republicans,Republican,All others,Moderate,Moderate or conservative,Moderate,62.0,No,Has the right experience,Other,American Indian,State questionnaire,Other,Non-white,Stayed about the same,Only Clinton or Both of them,Only Clinton,Only Clinton or Neither of them,South,Too liberal,Satisifed,Dissatisfied,,Male,All other races,Suburbs,Suburbs,Alabama,Election day exit poll,,,,,,,,No,,,,Version 2,1.57470750808716,No
402936.0,30-44,30-59,30-39,18-44,18-49,30-44,30-39,Black 30-44,Black 30-44,Black 30-44,Hillary Clinton,More than once a week,Weekly,Complete,Call 1,2.0,About right,,,,Some college/assoc. degree,No college degree,More than High school graduate,Non white no college degree,3.0,"Satisfied, but not enthusiastic","Enthusiastic or satisfied, but not enthusiastic",,,,Less than 100k,"Under $30,000",Less than 50k,Less than 50 thousand,"Under $50,000","Under $30,000","Under $50,000 and non white",Omit,Omit,Omit,Economy/Jobs,,,18-44,18-64,Democrat,Black Democrat,Black Democrat,Democrat,Non-White Democrats,Very liberal,Liberal,Liberal,67.0,Yes,Cares about people like me,Black,Black,State questionnaire,Black,Non-white,Stayed about the same,Only Clinton or Both of them,Only Clinton,Only Clinton or Neither of them,South,Not liberal enough,Satisifed,Dissatisfied,,Female,Black women,"Cities 50,000-500,000","Cities over 50,000",Alabama,Election day exit poll,,,,,,,,No,,,,Version 2,0.908496558666229,No
404864.0,30-44,30-59,30-39,18-44,18-49,30-44,30-39,Black 30-44,Black 30-44,Black 30-44,Hillary Clinton,Once a week,Weekly,Complete,Call 1,1.0,About right,,,,College graduate,College graduate,More than High school graduate,Non white college degree,4.0,"Dissatisfied, but not angry","Dissatisfied, but not angry or Angry",,,,Less than 100k,"$30,000 or more",Less than 50k,Less than 50 thousand,"Under $50,000","$30,000-$49,999","Under $50,000 and non white",Both of them,Only Clinton or Both of them,Only Sanders or Both of them,Income inequality,,,18-44,18-64,Democrat,Black Democrat,Black Democrat,Democrat,Non-White Democrats,Moderate,Moderate or conservative,Moderate,62.0,Yes,Honest and trustworthy,Black,Black,State questionnaire,Black,Non-white,Stayed about the same,Only Clinton or Both of them,Both of them,Only Sanders or Both of them,South,About right,Satisifed,Satisifed,,Female,Black women,Suburbs,Suburbs,Alabama,Election day exit poll,,,,,,,,No,,,,Version 2,0.420284748077393,No
410637.0,45-65,30-59,50-59,45+,50+,45-59,50-64,Black 45-59,Black 45-59,Black 45-64,Hillary Clinton,Once a week,Weekly,Complete,Call 2,6.0,Not liberal enough,,,,High school or less,No college degree,High school graduate or less,Non white no college degree,3.0,Enthusiastic,"Enthusiastic or satisfied, but not enthusiastic",,,,,,,,,,,Only Clinton,Only Clinton or Both of them,Only Clinton or Neither of them,Health care,,,45+,18-64,Democrat,Black Democrat,Black Democrat,Democrat,Non-White Democrats,Moderate,Moderate or conservative,Moderate,31.0,Yes,Has the right experience,Black,Black,State questionnaire,Black,Non-white,Stayed about the same,Only Clinton or Both of them,Only Clinton,Only Clinton or Neither of them,South,About right,Satisifed,Dissatisfied,,Male,Black men,Suburbs,Suburbs,Alabama,Election day exit poll,,,,,,,,No,,,,Version 2,0.44044417142868,No
402906.0,30-44,30-59,40-44,18-44,18-49,30-44,40-49,Black 30-44,Black 30-44,Black 30-44,Hillary Clinton,Never,Never,Complete,Call 1,1.0,Not liberal enough,,,,Postgraduate study,College graduate,More than High school graduate,Non white college degree,4.0,"Satisfied, but not enthusiastic","Enthusiastic or satisfied, but not enthusiastic",,,,Less than 100k,"Under $30,000",Less than 50k,Less than 50 thousand,"Under $50,000","Under $30,000","Under $50,000 and non white",Both of them,Only Clinton or Both of them,Only Sanders or Both of them,Economy/Jobs,,,18-44,18-64,Democrat,Black Democrat,Black Democrat,Democrat,Non-White Democrats,Very liberal,Liberal,Liberal,57.0,Yes,Cares about people like me,Black,Black,State questionnaire,Black,Non-white,Stayed about the same,Only Clinton or Both of them,Both of them,Only Sanders or Both of them,South,About right,Dissatisfied,Satisifed,,Female,Black women,"Cities 50,000-500,000","Cities over 50,000",Alabama,Election day exit poll,,,,,,,,No,,,,Version 2,0.593036472797394,No
402904.0,45-65,60+,60-64,45+,50+,60+,50-64,Black 60+,Black 60+,Black 45-64,Hillary Clinton,More than once a week,Weekly,Complete,Call 1,5.0,About right,,,,Postgraduate study,College graduate,More than High school graduate,Non white college degree,1.0,Enthusiastic,"Enthusiastic or satisfied, but not enthusiastic",,,,100k or more,"$30,000 or more",50k or more,100 thousand or more,"$100,000-$199,999","$100,000-$199,999","Over $50,000 and non white",Only Clinton,Only Clinton or Both of them,Only Clinton or Neither of them,Health care,,,45+,18-64,Democrat,Black Democrat,Black Democrat,Democrat,Non-White Democrats,Somewhat liberal,Liberal,Liberal,44.0,Yes,Can win in November,Black,Black,State questionnaire,Black,Non-white,Gotten worse,Only Clinton or Both of them,Only Clinton,Only Clinton or Neither of them,South,Too liberal,Satisifed,Dissatisfied,,Female,Black women,"Cities 50,000-500,000","Cities over 50,000",Alabama,Election day exit poll,,,,,,,,No,,,,Version 2,0.648733139038086,No
404823.0,30-44,30-59,40-44,18-44,18-49,30-44,40-49,Black 30-44,Black 30-44,Black 30-44,Hillary Clinton,A few times a month,Occasionally,Complete,Call 1,1.0,About right,,,,Postgraduate study,College graduate,More than High school graduate,Non white college degree,4.0,"Dissatisfied, but not angry","Dissatisfied, but not angry or Angry",,,,Less than 100k,"$30,000 or more",50k or more,50 to 100 thousand,"$50,000-$99,999","$50,000-$99,999","Over $50,000 and non white",Only Clinton,Only Clinton or Both of them,Only Clinton or Neither of them,Economy/Jobs,,,18-44,18-64,Democrat,Black Democrat,Black Democrat,Democrat,Non-White Democrats,Moderate,Moderate or conservative,Moderate,62.0,Yes,Has the right experience,Black,Black,State questionnaire,Black,Non-white,Stayed about the same,Only Clinton or Both of them,Only Clinton,Only Clinton or Neither of them,South,About right,Satisifed,Satisifed,,Female,Black women,Suburbs,Suburbs,Alabama,Election day exit poll,,,,,,,,No,,,,Version 2,0.420284748077393,No
416397.0,45-65,30-59,50-59,45+,50+,45-59,50-64,Black 45-59,Black 45-59,Black 45-64,Hillary Clinton,Once a week,Weekly,Complete,Call 3,7.0,About right,,,,High school or less,No college degree,High school graduate or less,Non white no college degree,3.0,"Satisfied, but not enthusiastic","Enthusiastic or satisfied, but not enthusiastic",,,,Less than 100k,"Under $30,000",Less than 50k,Less than 50 thousand,"Under $50,000","Under $30,000","Under $50,000 and non white",Only Clinton,Only Clinton or Both of them,Only Clinton or Neither of them,Income inequality,,,45+,18-64,Democrat,Black Democrat,Black Democrat,Democrat,Non-White Democrats,Very liberal,Liberal,Liberal,17.0,Yes,Cares about people like me,Black,Black,State questionnaire,Black,Non-white,Stayed about the same,Only Clinton or Both of them,Only Clinton,Only Clinton or Neither of them,South,About right,Satisifed,Dissatisfied,,Female,Black women,Rural,Small Cities/Rural,Alabama,Election day exit poll,,,,,,,,No,,,,Version 2,1.09682559967041,No
402878.0,30-44,30-59,30-39,18-44,18-49,30-44,30-39,Black 30-44,Black 30-44,Black 30-44,Hillary Clinton,Once a week,Weekly,Complete,Call 1,5.0,About right,,,,College graduate,College graduate,More than High school graduate,Non white college degree,1.0,"Dissatisfied, but not angry","Dissatisfied, but not angry or Angry",,,,Less than 100k,"$30,000 or more",50k or more,50 to 100 thousand,"$50,000-$99,999","$50,000-$99,999","Over $50,000 and non white",Both of them,Only Clinton or Both of them,Only Sanders or Both of them,Economy/Jobs,,,18-44,18-64,Democrat,Black Democrat,Black Democrat,Democrat,Non-White Democrats,Moderate,Moderate or conservative,Moderate,44.0,Yes,Cares about people like me,Black,Black,State questionnaire,Black,Non-white,Gotten worse,Only Clinton or Both of them,Both of them,Only Sanders or Both of them,South,About right,Satisifed,Satisifed,,Female,Black women,"Cities 50,000-500,000","Cities over 50,000",Alabama,Election day exit poll,,,,,,,,No,,,,Version 2,0.56621778011322,No
416876.0,45-65,30-59,50-59,45+,50+,45-59,50-64,Black 45-59,Black 45-59,Black 45-64,Hillary Clinton,More than once a week,Weekly,Complete,Call 3,5.0,About right,,,,Postgraduate study,College graduate,More than High school graduate,Non white college degree,1.0,"Dissatisfied, but not angry","Dissatisfied, but not angry or Angry",,,,Less than 100k,"$30,000 or more",50k or more,50 to 100 thousand,"$50,000-$99,999","$50,000-$99,999","Over $50,000 and non white",Both of them,Only Clinton or Both of them,Only Sanders or Both of them,Economy/Jobs,,,45+,18-64,Democrat,Black Democrat,Black Democrat,Democrat,Non-White Democrats,Somewhat liberal,Liberal,Liberal,44.0,Yes,Cares about people like me,Black,Black,State questionnaire,Black,Non-white,Gotten worse,Only Clinton or Both of them,Both of them,Only Sanders or Both of them,South,Not liberal enough,Satisifed,Dissatisfied,,Female,Black women,"Cities 50,000-500,000","Cities over 50,000",Alabama,Election day exit poll,,,,,,,,No,,,,Version 2,0.56621778011322,No
402873.0,18-29,18-29,25-29,18-44,18-49,18-29,25-29,Black 18-29,Black 18-29,Black 18-29,Hillary Clinton,More than once a week,Weekly,Complete,Call 1,7.0,About right,,,,Some college/assoc. degree,No college degree,More than High school graduate,Non white no college degree,3.0,Angry,"Dissatisfied, but not angry or Angry",,,,Less than 100k,"Under $30,000",Less than 50k,Less than 50 thousand,"Under $50,000","Under $30,000","Under $50,000 and non white",Only Clinton,Only Clinton or Both of them,Only Clinton or Neither of them,Health care,,,18-44,18-64,Democrat,Black Democrat,Black Democrat,Democrat,Non-White Democrats,Very liberal,Liberal,Liberal,38.0,Yes,Cares about people like me,Black,Black,State questionnaire,Black,Non-white,Stayed about the same,Only Clinton or Both of them,Both of them,Only Sanders or Both of them,South,About right,Satisifed,Satisifed,,Female,Black women,"Cities 50,000-500,000","Cities over 50,000",Alabama,Election day exit poll,,,,,,,,No,,,,Version 2,1.17569375038147,No
416869.0,45-65,30-59,50-59,45+,50+,45-59,50-64,Black 45-59,Black 45-59,Black 45-64,Hillary Clinton,Once a week,Weekly,Complete,Call 3,6.0,About right,,,,High school or less,No college degree,High school graduate or less,Non white no college degree,3.0,"Satisfied, but not enthusiastic","Enthusiastic or satisfied, but not enthusiastic",,,,Less than 100k,"$30,000 or more",Less than 50k,Less than 50 thousand,"Under $50,000","$30,000-$49,999","Under $50,000 and non white",Only Clinton,Only Clinton or Both of them,Only Clinton or Neither of them,Health care,,,45+,18-64,Democrat,Black Democrat,Black Democrat,Democrat,Non-White Democrats,Very liberal,Liberal,Liberal,31.0,Yes,Can win in November,Black,Black,State questionnaire,Black,Non-white,Gotten worse,Only Clinton or Both of them,Only Clinton,Only Clinton or Neither of them,South,Too liberal,Satisifed,Dissatisfied,,Female,Black women,Suburbs,Suburbs,Alabama,Election day exit poll,,,,,,,,No,,,,Version 2,0.43647700548172,No
417750.0,18-29,18-29,18-24,18-44,18-49,18-29,18-24,Black 18-29,Black 18-29,Black 18-29,Hillary Clinton,Once a week,Weekly,Complete,Call 3,7.0,About right,,,,Some college/assoc. degree,No college degree,More than High school graduate,Non white no college degree,3.0,"Dissatisfied, but not angry","Dissatisfied, but not angry or Angry",,,,Less than 100k,"$30,000 or more",50k or more,50 to 100 thousand,"$50,000-$99,999","$50,000-$99,999","Over $50,000 and non white",Only Clinton,Only Clinton or Both of them,Only Clinton or Neither of them,Income inequality,,,18-44,18-64,Democrat,Black Democrat,Black Democrat,Democrat,Non-White Democrats,Moderate,Moderate or conservative,Moderate,33.0,No,Honest and trustworthy,Black,Black,State questionnaire,Black,Non-white,Stayed about the same,Only Clinton or Both of them,Only Clinton,Only Clinton or Neither of them,South,Not liberal enough,Satisifed,Satisifed,,Male,Black men,"Cities 50,000-500,000","Cities over 50,000",Alabama,Election day exit poll,,,,,,,,No,,,,Version 2,2.18826103210449,No
404774.0,45-65,30-59,50-59,45+,50+,45-59,50-64,Black 45-59,Black 45-59,Black 45-64,Hillary Clinton,A few times a month,Occasionally,Complete,Call 1,1.0,About right,,,,Some college/assoc. degree,No college degree,More than High school graduate,Non white no college degree,4.0,"Dissatisfied, but not angry","Dissatisfied, but not angry or Angry",,,,Less than 100k,"Under $30,000",Less than 50k,Less than 50 thousand,"Under $50,000","Under $30,000","Under $50,000 and non white",Only Clinton,Only Clinton or Both of them,Only Clinton or Neither of them,Health care,,,45+,18-64,Democrat,Black Democrat,Black Democrat,Democrat,Non-White Democrats,Conservative,Moderate or conservative,Conservative,62.0,Yes,Has the right experience,Black,Black,State questionnaire,Black,Non-white,Gotten better,Only Clinton or Both of them,Only Clinton,Only Clinton or Neither of them,South,Not liberal enough,Satisifed,Dissatisfied,,Female,Black women,Suburbs,Suburbs,Alabama,Election day exit poll,,,,,,,,No,,,,Version 2,0.420284748077393,No
410556.0,45-65,30-59,50-59,45+,50+,45-59,50-64,Non-Black 45-59,White 45-59,White 45-64,Hillary Clinton,Never,Never,Complete,Call 2,5.0,About right,,,,College graduate,College graduate,More than High school graduate,White college degree,1.0,"Dissatisfied, but not angry","Dissatisfied, but not angry or Angry",,,,Less than 100k,"$30,000 or more",50k or more,50 to 100 thousand,"$50,000-$99,999","$50,000-$99,999","Over $50,000 and white",Only Clinton,Only Clinton or Both of them,Only Clinton or Neither of them,Economy/Jobs,,,45+,18-64,Democrat,Non-black Democrat,White Democrat,Democrat,White Democrat,Somewhat liberal,Liberal,Liberal,44.0,Yes,Can win in November,White,White,State questionnaire,White,White,Stayed about the same,Only Clinton or Both of them,Both of them,Only Sanders or Both of them,South,Too liberal,Satisifed,Satisifed,,Male,White men,"Cities 50,000-500,000","Cities over 50,000",Alabama,Election day exit poll,,,,,,,,No,,,,Version 2,2.10275411605835,No
402824.0,45-65,60+,60-64,45+,50+,60+,50-64,Black 60+,Black 60+,Black 45-64,Hillary Clinton,Once a week,Weekly,Complete,Call 1,5.0,Not liberal enough,,,,High school or less,No college degree,High school graduate or less,Non white no college degree,1.0,"Dissatisfied, but not angry","Dissatisfied, but not angry or Angry",,,,Less than 100k,"$30,000 or more",50k or more,50 to 100 thousand,"$50,000-$99,999","$50,000-$99,999","Over $50,000 and non white",Only Clinton,Only Clinton or Both of them,Only Clinton or Neither of them,Income inequality,,,45+,18-64,Independent/Something else,Black non-Democrat,Black Independent,Independent,All others,Moderate,Moderate or conservative,Moderate,44.0,Yes,Honest and trustworthy,Black,Black,State questionnaire,Black,Non-white,Stayed about the same,Only Sanders or Neither of them,Only Sanders,Only Sanders or Both of them,South,Too liberal,Satisifed,Omit,,Male,Black men,"Cities 50,000-500,000","Cities over 50,000",Alabama,Election day exit poll,,,,,,,,No,,,,Version 2,0.654629468917847,No
410542.0,30-44,30-59,40-44,18-44,18-49,30-44,40-49,Black 30-44,Black 30-44,Black 30-44,Hillary Clinton,Once a week,Weekly,Complete,Call 2,6.0,About right,,,,Some college/assoc. degree,No college degree,More than High school graduate,Non white no college degree,3.0,"Dissatisfied, but not angry","Dissatisfied, but not angry or Angry",,,,Less than 100k,"Under $30,000",Less than 50k,Less than 50 thousand,"Under $50,000","Under $30,000","Under $50,000 and non white",Both of them,Only Clinton or Both of them,Only Sanders or Both of them,Health care,,,18-44,18-64,Democrat,Black Democrat,Black Democrat,Democrat,Non-White Democrats,Moderate,Moderate or conservative,Moderate,31.0,Yes,Can win in November,Black,Black,State questionnaire,Black,Non-white,Stayed about the same,Only Clinton or Both of them,Both of them,Only Sanders or Both of them,South,About right,Satisifed,Satisifed,,Female,Black women,Suburbs,Suburbs,Alabama,Election day exit poll,,,,,,,,No,,,,Version 2,0.43647700548172,No
416334.0,45-65,30-59,45-49,45+,18-49,45-59,40-49,Non-Black 45-59,White 45-59,White 45-64,Hillary Clinton,A few times a year,Occasionally,Complete,Call 3,6.0,About right,,,,College graduate,College graduate,More than High school graduate,White college degree,2.0,"Satisfied, but not enthusiastic","Enthusiastic or satisfied, but not enthusiastic",,,,100k or more,"$30,000 or more",50k or more,100 thousand or more,"$100,000-$199,999","$100,000-$199,999","Over $50,000 and white",Only Clinton,Only Clinton or Both of them,Only Clinton or Neither of them,Economy/Jobs,,,45+,18-64,Independent/Something else,Non-black non-Democrat,White Independent,Independent,White Independent,Moderate,Moderate or conservative,Moderate,74.0,Yes,Cares about people like me,White,White,State questionnaire,White,White,Gotten worse,Only Clinton or Both of them,Only Clinton,Only Clinton or Neither of them,South,Not liberal enough,Satisifed,Dissatisfied,,Male,White men,Suburbs,Suburbs,Alabama,Election day exit poll,,,,,,,,No,,,,Version 2,1.23444700241089,No
404747.0,18-29,18-29,25-29,18-44,18-49,18-29,25-29,Non-Black 18-29,White 18-29,White 18-29,Hillary Clinton,A few times a year,Occasionally,Complete,Call 1,6.0,About right,,,,College graduate,College graduate,More than High school graduate,White college degree,3.0,"Dissatisfied, but not angry","Dissatisfied, but not angry or Angry",,,,,,,,,,,Only Sanders,Only Sanders or Neither of them,Only Sanders or Both of them,Economy/Jobs,,,18-44,18-64,Democrat,Non-black Democrat,White Democrat,Democrat,White Democrat,Somewhat liberal,Liberal,Liberal,31.0,Yes,Can win in November,White,White,State questionnaire,White,White,Stayed about the same,Only Sanders or Neither of them,Only Sanders,Only Sanders or Both of them,South,Too liberal,Satisifed,Dissatisfied,,Male,White men,Suburbs,Suburbs,Alabama,Election day exit poll,,,,,,,,No,,,,Version 2,0.877719283103943,No
402811.0,30-44,30-59,40-44,18-44,18-49,30-44,40-49,Black 30-44,Black 30-44,Black 30-44,Hillary Clinton,A few times a month,Occasionally,Complete,Call 1,2.0,About right,,,,Some college/assoc. degree,No college degree,More than High school graduate,Non white no college degree,3.0,"Dissatisfied, but not angry","Dissatisfied, but not angry or Angry",,,,Less than 100k,"Under $30,000",Less than 50k,Less than 50 thousand,"Under $50,000","Under $30,000","Under $50,000 and non white",Only Clinton,Only Clinton or Both of them,Only Clinton or Neither of them,Income inequality,,,18-44,18-64,Democrat,Black Democrat,Black Democrat,Democrat,Non-White Democrats,Somewhat liberal,Liberal,Liberal,67.0,Yes,Has the right experience,Black,Black,State questionnaire,Black,Non-white,Gotten worse,Only Sanders or Neither of them,Neither of them,Only Clinton or Neither of them,South,About right,Satisifed,Dissatisfied,,Female,Black women,"Cities 50,000-500,000","Cities over 50,000",Alabama,Election day exit poll,,,,,,,,No,,,,Version 2,0.908496558666229,No
416320.0,30-44,30-59,30-39,18-44,18-49,30-44,30-39,Black 30-44,Black 30-44,Black 30-44,Hillary Clinton,Once a week,Weekly,Complete,Call 3,2.0,About right,,,,,,,,3.0,Omit,Omit,,,,Less than 100k,"Under $30,000",Less than 50k,Less than 50 thousand,"Under $50,000","Under $30,000","Under $50,000 and non white",Only Clinton,Only Clinton or Both of them,Only Clinton or Neither of them,Omit,,,18-44,18-64,Democrat,Black Democrat,Black Democrat,Democrat,Non-White Democrats,,,,67.0,Yes,Omit,Black,Black,State questionnaire,Black,Non-white,Gotten worse,Only Clinton or Both of them,Only Clinton,Only Clinton or Neither of them,South,Omit,Satisifed,Dissatisfied,,Female,Black women,"Cities 50,000-500,000","Cities over 50,000",Alabama,Election day exit poll,,,,,,,,No,,,,Version 2,0.908496558666229,
416313.0,30-44,30-59,30-39,18-44,18-49,30-44,30-39,Black 30-44,Black 30-44,Black 30-44,Hillary Clinton,A few times a month,Occasionally,Complete,Call 3,7.0,About right,,,,Some college/assoc. degree,No college degree,More than High school graduate,Non white no college degree,3.0,Angry,"Dissatisfied, but not angry or Angry",,,,Less than 100k,"$30,000 or more",Less than 50k,Less than 50 thousand,"Under $50,000","$30,000-$49,999","Under $50,000 and non white",Only Clinton,Only Clinton or Both of them,Only Clinton or Neither of them,Economy/Jobs,,,18-44,18-64,Democrat,Black Democrat,Black Democrat,Democrat,Non-White Democrats,Moderate,Moderate or conservative,Moderate,17.0,Yes,Can win in November,Black,Black,State questionnaire,Black,Non-white,Gotten worse,Only Clinton or Both of them,Only Clinton,Only Clinton or Neither of them,South,About right,Satisifed,Satisifed,,Female,Black women,Rural,Small Cities/Rural,Alabama,Election day exit poll,,,,,,,,No,,,,Version 2,1.09682559967041,No
418243.0,30-44,30-59,30-39,18-44,18-49,30-44,30-39,Black 30-44,Black 30-44,Black 30-44,Hillary Clinton,Once a week,Weekly,Complete,Call 3,1.0,About right,,,,Some college/assoc. degree,No college degree,More than High school graduate,Non white no college degree,4.0,"Dissatisfied, but not angry","Dissatisfied, but not angry or Angry",,,,Less than 100k,"Under $30,000",Less than 50k,Less than 50 thousand,"Under $50,000","Under $30,000","Under $50,000 and non white",Only Clinton,Only Clinton or Both of them,Only Clinton or Neither of them,Economy/Jobs,,,18-44,18-64,Democrat,Black Democrat,Black Democrat,Democrat,Non-White Democrats,Very liberal,Liberal,Liberal,62.0,Yes,Cares about people like me,Black,Black,State questionnaire,Black,Non-white,Stayed about the same,Only Clinton or Both of them,Only Clinton,Only Clinton or Neither of them,South,Not liberal enough,Satisifed,Dissatisfied,,Female,Black women,Suburbs,Suburbs,Alabama,Election day exit poll,,,,,,,,No,,,,Version 2,0.420284748077393,No
404707.0,45-65,30-59,45-49,45+,18-49,45-59,40-49,Black 45-59,Black 45-59,Black 45-64,Hillary Clinton,A few times a month,Occasionally,Complete,Call 1,6.0,About right,,,,College graduate,College graduate,More than High school graduate,Non white college degree,2.0,"Dissatisfied, but not angry","Dissatisfied, but not angry or Angry",,,,100k or more,"$30,000 or more",50k or more,100 thousand or more,"$100,000-$199,999","$100,000-$199,999","Over $50,000 and non white",Only Clinton,Only Clinton or Both of them,Only Clinton or Neither of them,Economy/Jobs,,,45+,18-64,Democrat,Black Democrat,Black Democrat,Democrat,Non-White Democrats,Moderate,Moderate or conservative,Moderate,75.0,Yes,Has the right experience,Black,Black,State questionnaire,Black,Non-white,Stayed about the same,Only Clinton or Both of them,Both of them,Only Sanders or Both of them,South,Too liberal,Satisifed,Dissatisfied,,Male,Black men,Suburbs,Suburbs,Alabama,Election day exit poll,,,,,,,,No,,,,Version 2,0.0958172753453255,No
404706.0,18-29,18-29,18-24,18-44,18-49,18-29,18-24,Black 18-29,Black 18-29,Black 18-29,Hillary Clinton,A few times a month,Occasionally,Complete,Call 1,7.0,Omit,,,,College graduate,College graduate,More than High school graduate,Non white college degree,3.0,"Satisfied, but not enthusiastic","Enthusiastic or satisfied, but not enthusiastic",,,,Less than 100k,"Under $30,000",Less than 50k,Less than 50 thousand,"Under $50,000","Under $30,000","Under $50,000 and non white",Only Clinton,Only Clinton or Both of them,Only Clinton or Neither of them,Health care,,,18-44,18-64,Democrat,Black Democrat,Black Democrat,Democrat,Non-White Democrats,Somewhat liberal,Liberal,Liberal,17.0,Yes,Has the right experience,Black,Black,State questionnaire,Black,Non-white,Stayed about the same,Omit,Omit,Omit,South,Omit,Satisifed,Satisifed,,Female,Black women,Rural,Small Cities/Rural,Alabama,Election day exit poll,,,,,,,,No,,,,Version 2,1.20861387252808,No
402774.0,45-65,30-59,50-59,45+,50+,45-59,50-64,Black 45-59,Black 45-59,Black 45-64,Hillary Clinton,More than once a week,Weekly,Complete,Call 1,2.0,About right,,,,Some college/assoc. degree,No college degree,More than High school graduate,Non white no college degree,3.0,"Dissatisfied, but not angry","Dissatisfied, but not angry or Angry",,,,100k or more,"$30,000 or more",50k or more,100 thousand or more,"$100,000-$199,999","$100,000-$199,999","Over $50,000 and non white",Both of them,Only Clinton or Both of them,Only Sanders or Both of them,Terrorism,,,45+,18-64,Democrat,Black Democrat,Black Democrat,Democrat,Non-White Democrats,Conservative,Moderate or conservative,Conservative,67.0,Yes,Has the right experience,Black,Black,State questionnaire,Black,Non-white,Gotten worse,Only Clinton or Both of them,Both of them,Only Sanders or Both of them,South,About right,Satisifed,Dissatisfied,,Female,Black women,"Cities 50,000-500,000","Cities over 50,000",Alabama,Election day exit poll,,,,,,,,No,,,,Version 2,0.908496558666229,No
410490.0,30-44,30-59,30-39,18-44,18-49,30-44,30-39,Non-Black 30-44,White 30-44,White 30-44,Hillary Clinton,Never,Never,Complete,Call 2,6.0,About right,,,,College graduate,College graduate,More than High school graduate,White college degree,3.0,"Satisfied, but not enthusiastic","Enthusiastic or satisfied, but not enthusiastic",,,,100k or more,"$30,000 or more",50k or more,100 thousand or more,"$100,000-$199,999","$100,000-$199,999","Over $50,000 and white",Both of them,Only Clinton or Both of them,Only Sanders or Both of them,Economy/Jobs,,,18-44,18-64,Democrat,Non-black Democrat,White Democrat,Democrat,White Democrat,Very liberal,Liberal,Liberal,26.0,Yes,Has the right experience,White,White,State questionnaire,White,White,Gotten better,Only Clinton or Both of them,Both of them,Only Sanders or Both of them,South,About right,Satisifed,Satisifed,,Male,White men,"Cities 50,000-500,000","Cities over 50,000",Alabama,Election day exit poll,,,,,,,,No,,,,Version 2,1.53095996379852,No
402764.0,45-65,30-59,45-49,45+,18-49,45-59,40-49,Black 45-59,Black 45-59,Black 45-64,Hillary Clinton,More than once a week,Weekly,Complete,Call 1,5.0,About right,,,,College graduate,College graduate,More than High school graduate,Non white college degree,1.0,"Dissatisfied, but not angry","Dissatisfied, but not angry or Angry",,,,Less than 100k,"Under $30,000",Less than 50k,Less than 50 thousand,"Under $50,000","Under $30,000","Under $50,000 and non white",Both of them,Only Clinton or Both of them,Only Sanders or Both of them,Economy/Jobs,,,45+,18-64,Democrat,Black Democrat,Black Democrat,Democrat,Non-White Democrats,Very liberal,Liberal,Liberal,44.0,Yes,Has the right experience,Black,Black,State questionnaire,Black,Non-white,Gotten worse,Only Clinton or Both of them,Both of them,Only Sanders or Both of them,South,About right,Satisifed,Satisifed,,Female,Black women,"Cities 50,000-500,000","Cities over 50,000",Alabama,Election day exit poll,,,,,,,,No,,,,Version 2,0.56621778011322,No
404692.0,18-29,18-29,25-29,18-44,18-49,18-29,25-29,Black 18-29,Black 18-29,Black 18-29,Hillary Clinton,A few times a month,Occasionally,Not complete,Call 1,6.0,,,,,,,,,3.0,,,,,,,,,,,,,Only Clinton,Only Clinton or Both of them,Only Clinton or Neither of them,,,,18-44,18-64,,,,,,,,,31.0,Yes,,Black,Black,State questionnaire,Black,Non-white,Gotten worse,,,,South,,Satisifed,Satisifed,,Male,Black men,Suburbs,Suburbs,Alabama,Election day exit poll,,,,,,,,No,,,,Version 2,0.485334128141403,
404650.0,65+,60+,65 or over,45+,50+,60+,65+,Black 60+,Black 60+,Black 65+,Hillary Clinton,Once a week,Weekly,Complete,Call 1,6.0,About right,,,,College graduate,College graduate,More than High school graduate,Non white college degree,3.0,"Satisfied, but not enthusiastic","Enthusiastic or satisfied, but not enthusiastic",,,,Less than 100k,"Under $30,000",Less than 50k,Less than 50 thousand,"Under $50,000","Under $30,000","Under $50,000 and non white",Only Clinton,Only Clinton or Both of them,Only Clinton or Neither of them,Health care,,,45+,65+,Democrat,Black Democrat,Black Democrat,Democrat,Non-White Democrats,Somewhat liberal,Liberal,Liberal,31.0,Yes,Cares about people like me,Black,Black,State questionnaire,Black,Non-white,Gotten worse,Only Clinton or Both of them,Only Clinton,Only Clinton or Neither of them,South,Not liberal enough,Satisifed,Dissatisfied,,Male,Black men,Suburbs,Suburbs,Alabama,Election day exit poll,,,,,,,,No,,,,Version 2,0.640727579593658,No
418164.0,65+,60+,65 or over,45+,50+,60+,65+,Black 60+,Black 60+,Black 65+,Hillary Clinton,Once a week,Weekly,Complete,Call 3,1.0,About right,,,,High school or less,No college degree,High school graduate or less,Non white no college degree,4.0,Enthusiastic,"Enthusiastic or satisfied, but not enthusiastic",,,,Less than 100k,"$30,000 or more",Less than 50k,Less than 50 thousand,"Under $50,000","$30,000-$49,999","Under $50,000 and non white",Only Clinton,Only Clinton or Both of them,Only Clinton or Neither of them,Economy/Jobs,,,45+,65+,Democrat,Black Democrat,Black Democrat,Democrat,Non-White Democrats,Somewhat liberal,Liberal,Liberal,62.0,Yes,Omit,Black,Black,State questionnaire,Black,Non-white,Stayed about the same,Only Clinton or Both of them,Only Clinton,Only Clinton or Neither of them,South,Not liberal enough,Omit,Omit,,Female,Black women,Suburbs,Suburbs,Alabama,Election day exit poll,,,,,,,,No,,,,Version 2,0.502496182918549,No
410439.0,30-44,30-59,40-44,18-44,18-49,30-44,40-49,Black 30-44,Black 30-44,Black 30-44,Hillary Clinton,More than once a week,Weekly,Complete,Call 2,7.0,About right,,,,High school or less,No college degree,High school graduate or less,Non white no college degree,3.0,"Satisfied, but not enthusiastic","Enthusiastic or satisfied, but not enthusiastic",,,,Less than 100k,"Under $30,000",Less than 50k,Less than 50 thousand,"Under $50,000","Under $30,000","Under $50,000 and non white",Only Clinton,Only Clinton or Both of them,Only Clinton or Neither of them,Income inequality,,,18-44,18-64,Democrat,Black Democrat,Black Democrat,Democrat,Non-White Democrats,Somewhat liberal,Liberal,Liberal,17.0,Yes,Honest and trustworthy,Black,Black,State questionnaire,Black,Non-white,Gotten better,Only Clinton or Both of them,Only Clinton,Only Clinton or Neither of them,South,Too liberal,Satisifed,Dissatisfied,,Male,Black men,Rural,Small Cities/Rural,Alabama,Election day exit poll,,,,,,,,No,,,,Version 2,1.10679471492767,No
402706.0,45-65,30-59,50-59,45+,50+,45-59,50-64,Non-Black 45-59,White 45-59,White 45-64,Hillary Clinton,A few times a year,Occasionally,Complete,Call 1,5.0,About right,,,,Postgraduate study,College graduate,More than High school graduate,White college degree,1.0,"Satisfied, but not enthusiastic","Enthusiastic or satisfied, but not enthusiastic",,,,100k or more,"$30,000 or more",50k or more,100 thousand or more,"$100,000-$199,999","$100,000-$199,999","Over $50,000 and white",Only Clinton,Only Clinton or Both of them,Only Clinton or Neither of them,Economy/Jobs,,,45+,18-64,Democrat,Non-black Democrat,White Democrat,Democrat,White Democrat,Somewhat liberal,Liberal,Liberal,49.0,Yes,Has the right experience,White,White,State questionnaire,White,White,Stayed about the same,Only Clinton or Both of them,Both of them,Only Sanders or Both of them,South,Too liberal,Satisifed,Satisifed,,Male,White men,"Cities 50,000-500,000","Cities over 50,000",Alabama,Election day exit poll,,,,,,,,No,,,,Version 2,1.00937902927399,No
416220.0,45-65,30-59,50-59,45+,50+,45-59,50-64,Black 45-59,Black 45-59,Black 45-64,Hillary Clinton,More than once a week,Weekly,Complete,Call 3,2.0,About right,,,,Some college/assoc. degree,No college degree,More than High school graduate,Non white no college degree,3.0,"Satisfied, but not enthusiastic","Enthusiastic or satisfied, but not enthusiastic",,,,Less than 100k,"Under $30,000",Less than 50k,Less than 50 thousand,"Under $50,000","Under $30,000","Under $50,000 and non white",Only Clinton,Only Clinton or Both of them,Only Clinton or Neither of them,Economy/Jobs,,,45+,18-64,Democrat,Black Democrat,Black Democrat,Democrat,Non-White Democrats,Moderate,Moderate or conservative,Moderate,67.0,Yes,Cares about people like me,Black,Black,State questionnaire,Black,Non-white,Stayed about the same,Only Clinton or Both of them,Only Clinton,Only Clinton or Neither of them,South,Omit,Satisifed,Dissatisfied,,Female,Black women,"Cities 50,000-500,000","Cities over 50,000",Alabama,Election day exit poll,,,,,,,,No,,,,Version 2,0.908496558666229,No
410422.0,30-44,30-59,30-39,18-44,18-49,30-44,30-39,Black 30-44,Black 30-44,Black 30-44,Hillary Clinton,More than once a week,Weekly,Complete,Call 2,1.0,About right,,,,Some college/assoc. degree,No college degree,More than High school graduate,Non white no college degree,4.0,Enthusiastic,"Enthusiastic or satisfied, but not enthusiastic",,,,Less than 100k,"Under $30,000",Less than 50k,Less than 50 thousand,"Under $50,000","Under $30,000","Under $50,000 and non white",Only Clinton,Only Clinton or Both of them,Only Clinton or Neither of them,Health care,,,18-44,18-64,Democrat,Black Democrat,Black Democrat,Democrat,Non-White Democrats,Somewhat liberal,Liberal,Liberal,57.0,No,Can win in November,Black,Black,State questionnaire,Black,Non-white,Gotten better,Only Clinton or Both of them,Only Clinton,Only Clinton or Neither of them,South,About right,Satisifed,Satisifed,,Female,Black women,"Cities 50,000-500,000","Cities over 50,000",Alabama,Election day exit poll,,,,,,,,No,,,,Version 2,0.593036472797394,No
418134.0,45-65,30-59,50-59,45+,50+,45-59,50-64,Black 45-59,Black 45-59,Black 45-64,Hillary Clinton,More than once a week,Weekly,Not complete,Call 3,1.0,,,,,,,,,4.0,,,,,,,,,,,,,Both of them,Only Clinton or Both of them,Only Sanders or Both of them,,,,45+,18-64,,,,,,,,,62.0,Yes,,Black,Black,State questionnaire,Black,Non-white,Gotten better,,,,South,,Satisifed,Dissatisfied,,Female,Black women,Suburbs,Suburbs,Alabama,Election day exit poll,,,,,,,,No,,,,Version 2,0.420284748077393,
404615.0,30-44,30-59,30-39,18-44,18-49,30-44,30-39,Black 30-44,Black 30-44,Black 30-44,Hillary Clinton,Once a week,Weekly,Complete,Call 1,7.0,About right,,,,Some college/assoc. degree,No college degree,More than High school graduate,Non white no college degree,3.0,"Satisfied, but not enthusiastic","Enthusiastic or satisfied, but not enthusiastic",,,,Less than 100k,"$30,000 or more",Less than 50k,Less than 50 thousand,"Under $50,000","$30,000-$49,999","Under $50,000 and non white",Only Clinton,Only Clinton or Both of them,Only Clinton or Neither of them,Health care,,,18-44,18-64,Democrat,Black Democrat,Black Democrat,Democrat,Non-White Democrats,Somewhat liberal,Liberal,Liberal,17.0,Yes,Has the right experience,Black,Black,State questionnaire,Black,Non-white,Gotten better,Only Clinton or Both of them,Only Clinton,Only Clinton or Neither of them,South,About right,Satisifed,Dissatisfied,,Female,Black women,Rural,Small Cities/Rural,Alabama,Election day exit poll,,,,,,,,No,,,,Version 2,1.09682559967041,No
410402.0,30-44,30-59,30-39,18-44,18-49,30-44,30-39,Black 30-44,Black 30-44,Black 30-44,Hillary Clinton,Once a week,Weekly,Complete,Call 2,7.0,About right,,,,College graduate,College graduate,More than High school graduate,Non white college degree,3.0,"Satisfied, but not enthusiastic","Enthusiastic or satisfied, but not enthusiastic",,,,Less than 100k,"$30,000 or more",Less than 50k,Less than 50 thousand,"Under $50,000","$30,000-$49,999","Under $50,000 and non white",Both of them,Only Clinton or Both of them,Only Sanders or Both of them,Omit,,,18-44,18-64,Democrat,Black Democrat,Black Democrat,Democrat,Non-White Democrats,Conservative,Moderate or conservative,Conservative,17.0,Yes,Has the right experience,Black,Black,State questionnaire,Black,Non-white,Gotten worse,Only Clinton or Both of them,Both of them,Only Sanders or Both of them,South,About right,Satisifed,Dissatisfied,,Female,Black women,Rural,Small Cities/Rural,Alabama,Election day exit poll,,,,,,,,No,,,,Version 2,1.09682559967041,No
416161.0,30-44,30-59,30-39,18-44,18-49,30-44,30-39,Black 30-44,Black 30-44,Black 30-44,Hillary Clinton,More than once a week,Weekly,Complete,Call 3,2.0,Too liberal,,,,High school or less,No college degree,High school graduate or less,Non white no college degree,3.0,"Satisfied, but not enthusiastic","Enthusiastic or satisfied, but not enthusiastic",,,,Less than 100k,"Under $30,000",Less than 50k,Less than 50 thousand,"Under $50,000","Under $30,000","Under $50,000 and non white",Only Clinton,Only Clinton or Both of them,Only Clinton or Neither of them,Economy/Jobs,,,18-44,18-64,Democrat,Black Democrat,Black Democrat,Democrat,Non-White Democrats,Very liberal,Liberal,Liberal,67.0,Yes,Honest and trustworthy,Black,Black,State questionnaire,Black,Non-white,Stayed about the same,Only Clinton or Both of them,Only Clinton,Only Clinton or Neither of them,South,Not liberal enough,Satisifed,Dissatisfied,,Female,Black women,"Cities 50,000-500,000","Cities over 50,000",Alabama,Election day exit poll,,,,,,,,No,,,,Version 2,0.908496558666229,No
416647.0,65+,60+,65 or over,45+,50+,60+,65+,Non-Black 60+,White 60+,White 65+,Hillary Clinton,A few times a year,Occasionally,Complete,Call 3,6.0,About right,,,,Postgraduate study,College graduate,More than High school graduate,White college degree,3.0,"Dissatisfied, but not angry","Dissatisfied, but not angry or Angry",,,,Less than 100k,"Under $30,000",Less than 50k,Less than 50 thousand,"Under $50,000","Under $30,000","Under $50,000 and white",Only Clinton,Only Clinton or Both of them,Only Clinton or Neither of them,Health care,,,45+,65+,Democrat,Non-black Democrat,White Democrat,Democrat,White Democrat,Very liberal,Liberal,Liberal,26.0,Yes,Can win in November,White,White,State questionnaire,White,White,Stayed about the same,Only Clinton or Both of them,Only Clinton,Only Clinton or Neither of them,South,Too liberal,Satisifed,Dissatisfied,,Female,White women,"Cities 50,000-500,000","Cities over 50,000",Alabama,Election day exit poll,,,,,,,,No,,,,Version 2,1.59660649299622,No
418065.0,30-44,30-59,30-39,18-44,18-49,30-44,30-39,Black 30-44,Black 30-44,Black 30-44,Hillary Clinton,A few times a month,Occasionally,Complete,Call 3,6.0,About right,,,,Some college/assoc. degree,No college degree,More than High school graduate,Non white no college degree,2.0,"Dissatisfied, but not angry","Dissatisfied, but not angry or Angry",,,,Less than 100k,"$30,000 or more",50k or more,50 to 100 thousand,"$50,000-$99,999","$50,000-$99,999","Over $50,000 and non white",Only Clinton,Only Clinton or Both of them,Only Clinton or Neither of them,Terrorism,,,18-44,18-64,Democrat,Black Democrat,Black Democrat,Democrat,Non-White Democrats,Moderate,Moderate or conservative,Moderate,75.0,Yes,Honest and trustworthy,Black,Black,State questionnaire,Black,Non-white,Gotten worse,Only Clinton or Both of them,Only Clinton,Only Clinton or Neither of them,South,Not liberal enough,Satisifed,Dissatisfied,,Female,Black women,Suburbs,Suburbs,Alabama,Election day exit poll,,,,,,,,No,,,,Version 2,0.0958172753453255,No
416129.0,45-65,30-59,50-59,45+,50+,45-59,50-64,Black 45-59,Black 45-59,Black 45-64,Hillary Clinton,Once a week,Weekly,Complete,Call 3,7.0,About right,,,,College graduate,College graduate,More than High school graduate,Non white college degree,3.0,"Dissatisfied, but not angry","Dissatisfied, but not angry or Angry",,,,Less than 100k,"Under $30,000",Less than 50k,Less than 50 thousand,"Under $50,000","Under $30,000","Under $50,000 and non white",Only Clinton,Only Clinton or Both of them,Only Clinton or Neither of them,Health care,,,45+,18-64,Democrat,Black Democrat,Black Democrat,Democrat,Non-White Democrats,Somewhat liberal,Liberal,Liberal,17.0,Yes,Cares about people like me,Black,Black,State questionnaire,Black,Non-white,Gotten worse,Only Clinton or Both of them,Only Clinton,Only Clinton or Neither of them,South,Not liberal enough,Satisifed,Dissatisfied,,Male,Black men,Rural,Small Cities/Rural,Alabama,Election day exit poll,,,,,,,,No,,,,Version 2,1.10679471492767,No
404541.0,45-65,30-59,45-49,45+,18-49,45-59,40-49,Non-Black 45-59,White 45-59,White 45-64,Hillary Clinton,A few times a year,Occasionally,Complete,Call 1,6.0,About right,,,,Some college/assoc. degree,No college degree,More than High school graduate,White no college degree,3.0,"Satisfied, but not enthusiastic","Enthusiastic or satisfied, but not enthusiastic",,,,Less than 100k,"Under $30,000",Less than 50k,Less than 50 thousand,"Under $50,000","Under $30,000","Under $50,000 and white",Only Clinton,Only Clinton or Both of them,Only Clinton or Neither of them,Terrorism,,,45+,18-64,Democrat,Non-black Democrat,White Democrat,Democrat,White Democrat,Somewhat liberal,Liberal,Liberal,31.0,Yes,Can win in November,White,White,State questionnaire,White,White,Gotten better,Only Clinton or Both of them,Only Clinton,Only Clinton or Neither of them,South,Not liberal enough,Satisifed,Dissatisfied,,Female,White women,Suburbs,Suburbs,Alabama,Election day exit poll,,,,,,,,No,,,,Version 2,0.877719283103943,Yes
404529.0,30-44,30-59,30-39,18-44,18-49,30-44,30-39,Black 30-44,Black 30-44,Black 30-44,Hillary Clinton,More than once a week,Weekly,Complete,Call 1,7.0,Too liberal,,,,Some college/assoc. degree,No college degree,More than High school graduate,Non white no college degree,3.0,Omit,Omit,,,,Less than 100k,"Under $30,000",Less than 50k,Less than 50 thousand,"Under $50,000","Under $30,000","Under $50,000 and non white",Both of them,Only Clinton or Both of them,Only Sanders or Both of them,Health care,,,18-44,18-64,Democrat,Black Democrat,Black Democrat,Democrat,Non-White Democrats,,,,17.0,Yes,Can win in November,Black,Black,State questionnaire,Black,Non-white,Gotten better,Only Clinton or Both of them,Only Clinton,Only Clinton or Neither of them,South,Too liberal,Satisifed,Dissatisfied,,Female,Black women,Rural,Small Cities/Rural,Alabama,Election day exit poll,,,,,,,,No,,,,Version 2,1.09682559967041,No
416587.0,65+,60+,65 or over,45+,50+,60+,65+,Black 60+,Black 60+,Black 65+,Hillary Clinton,Once a week,Weekly,Complete,Call 3,1.0,About right,,,,Postgraduate study,College graduate,More than High school graduate,Non white college degree,4.0,"Satisfied, but not enthusiastic","Enthusiastic or satisfied, but not enthusiastic",,,,100k or more,"$30,000 or more",50k or more,100 thousand or more,"$100,000-$199,999","$100,000-$199,999","Over $50,000 and non white",Only Sanders,Only Sanders or Neither of them,Only Sanders or Both of them,Economy/Jobs,,,45+,65+,Democrat,Black Democrat,Black Democrat,Democrat,Non-White Democrats,Somewhat liberal,Liberal,Liberal,57.0,Yes,Has the right experience,Black,Black,State questionnaire,Black,Non-white,Stayed about the same,Only Clinton or Both of them,Both of them,Only Sanders or Both of them,South,Not liberal enough,Satisifed,Satisifed,,Male,Black men,"Cities 50,000-500,000","Cities over 50,000",Alabama,Election day exit poll,,,,,,,,No,,,,Version 2,0.715484201908112,No
416569.0,45-65,30-59,50-59,45+,50+,45-59,50-64,Black 45-59,Black 45-59,Black 45-64,Hillary Clinton,Once a week,Weekly,Complete,Call 3,2.0,About right,,,,Some college/assoc. degree,No college degree,More than High school graduate,Non white no college degree,3.0,Angry,"Dissatisfied, but not angry or Angry",,,,Less than 100k,"Under $30,000",Less than 50k,Less than 50 thousand,"Under $50,000","Under $30,000","Under $50,000 and non white",Only Clinton,Only Clinton or Both of them,Only Clinton or Neither of them,Income inequality,,,45+,18-64,Democrat,Black Democrat,Black Democrat,Democrat,Non-White Democrats,Conservative,Moderate or conservative,Conservative,67.0,Yes,Has the right experience,Black,Black,State questionnaire,Black,Non-white,Gotten worse,Only Clinton or Both of them,Only Clinton,Only Clinton or Neither of them,South,About right,Satisifed,Omit,,Female,Black women,"Cities 50,000-500,000","Cities over 50,000",Alabama,Election day exit poll,,,,,,,,No,,,,Version 2,0.908496558666229,No
417026.0,30-44,30-59,40-44,18-44,18-49,30-44,40-49,Black 30-44,Black 30-44,Black 30-44,Hillary Clinton,A few times a month,Occasionally,Complete,Call 3,5.0,About right,,,,Postgraduate study,College graduate,More than High school graduate,Non white college degree,1.0,"Satisfied, but not enthusiastic","Enthusiastic or satisfied, but not enthusiastic",,,,100k or more,"$30,000 or more",50k or more,100 thousand or more,"$100,000-$199,999","$100,000-$199,999","Over $50,000 and non white",Both of them,Only Clinton or Both of them,Only Sanders or Both of them,Terrorism,,,18-44,18-64,Democrat,Black Democrat,Black Democrat,Democrat,Non-White Democrats,Moderate,Moderate or conservative,Moderate,44.0,Yes,Has the right experience,Black,Black,State questionnaire,Black,Non-white,Stayed about the same,Only Clinton or Both of them,Both of them,Only Sanders or Both of them,South,About right,Satisifed,Satisifed,,Female,Black women,"Cities 50,000-500,000","Cities over 50,000",Alabama,Election day exit poll,,,,,,,,No,,,,Version 2,0.56621778011322,No
417988.0,45-65,30-59,50-59,45+,50+,45-59,50-64,Black 45-59,Black 45-59,Black 45-64,Hillary Clinton,More than once a week,Weekly,Complete,Call 3,1.0,Not liberal enough,,,,Some college/assoc. degree,No college degree,More than High school graduate,Non white no college degree,4.0,"Satisfied, but not enthusiastic","Enthusiastic or satisfied, but not enthusiastic",,,,Less than 100k,"Under $30,000",Less than 50k,Less than 50 thousand,"Under $50,000","Under $30,000","Under $50,000 and non white",Only Clinton,Only Clinton or Both of them,Only Clinton or Neither of them,Economy/Jobs,,,45+,18-64,Democrat,Black Democrat,Black Democrat,Democrat,Non-White Democrats,Moderate,Moderate or conservative,Moderate,60.0,Yes,Has the right experience,Black,Black,State questionnaire,Black,Non-white,Stayed about the same,Only Clinton or Both of them,Only Clinton,Only Clinton or Neither of them,South,Not liberal enough,Satisifed,Dissatisfied,,Female,Black women,Suburbs,Suburbs,Alabama,Election day exit poll,,,,,,,,No,,,,Version 2,0.258949190378189,No
412193.0,18-29,18-29,25-29,18-44,18-49,18-29,25-29,Black 18-29,Black 18-29,Black 18-29,Hillary Clinton,Once a week,Weekly,Complete,Call 2,7.0,About right,,,,Some college/assoc. degree,No college degree,More than High school graduate,Non white no college degree,3.0,"Satisfied, but not enthusiastic","Enthusiastic or satisfied, but not enthusiastic",,,,Less than 100k,"Under $30,000",Less than 50k,Less than 50 thousand,"Under $50,000","Under $30,000","Under $50,000 and non white",Only Clinton,Only Clinton or Both of them,Only Clinton or Neither of them,Economy/Jobs,,,18-44,18-64,Independent/Something else,Black non-Democrat,Black Independent,Independent,All others,Moderate,Moderate or conservative,Moderate,38.0,Yes,Has the right experience,Black,Black,State questionnaire,Black,Non-white,Gotten worse,Only Clinton or Both of them,Only Clinton,Only Clinton or Neither of them,South,Not liberal enough,Satisifed,Dissatisfied,,Female,Black women,"Cities 50,000-500,000","Cities over 50,000",Alabama,Election day exit poll,,,,,,,,No,,,,Version 2,1.17569375038147,No
418415.0,65+,60+,65 or over,45+,50+,60+,65+,Black 60+,Black 60+,Black 65+,Hillary Clinton,Once a week,Weekly,Complete,Call 3,1.0,About right,,,,High school or less,No college degree,High school graduate or less,Non white no college degree,4.0,"Dissatisfied, but not angry","Dissatisfied, but not angry or Angry",,,,Less than 100k,"Under $30,000",Less than 50k,Less than 50 thousand,"Under $50,000","Under $30,000","Under $50,000 and non white",Only Clinton,Only Clinton or Both of them,Only Clinton or Neither of them,Terrorism,,,45+,65+,Democrat,Black Democrat,Black Democrat,Democrat,Non-White Democrats,Moderate,Moderate or conservative,Moderate,62.0,Yes,Has the right experience,Black,Black,State questionnaire,Black,Non-white,Gotten worse,Only Clinton or Both of them,Only Clinton,Only Clinton or Neither of them,South,Omit,Satisifed,Dissatisfied,,Male,Black men,Suburbs,Suburbs,Alabama,Election day exit poll,,,,,,,,No,,,,Version 2,0.507063388824463,No
412187.0,65+,60+,65 or over,45+,50+,60+,65+,Non-Black 60+,All others,Latino 65+,Hillary Clinton,More than once a week,Weekly,Complete,Call 2,1.0,About right,,,,High school or less,No college degree,High school graduate or less,Non white no college degree,4.0,Angry,"Dissatisfied, but not angry or Angry",,,,Less than 100k,"Under $30,000",Less than 50k,Less than 50 thousand,"Under $50,000","Under $30,000","Under $50,000 and non white",Only Clinton,Only Clinton or Both of them,Only Clinton or Neither of them,Terrorism,,,45+,65+,Democrat,Non-black Democrat,All Other,Democrat,Non-White Democrats,Conservative,Moderate or conservative,Conservative,62.0,Yes,Has the right experience,Other,American Indian,State questionnaire,Other,Non-white,Gotten worse,Only Clinton or Both of them,Only Clinton,Only Clinton or Neither of them,South,About right,Satisifed,Omit,,Female,All other races,Suburbs,Suburbs,Alabama,Election day exit poll,,,,,,,,No,,,,Version 2,1.64758133888245,No
410248.0,30-44,30-59,40-44,18-44,18-49,30-44,40-49,Black 30-44,Black 30-44,Black 30-44,Hillary Clinton,Once a week,Weekly,Complete,Call 2,5.0,About right,,,,High school or less,No college degree,High school graduate or less,Non white no college degree,1.0,"Satisfied, but not enthusiastic","Enthusiastic or satisfied, but not enthusiastic",,,,Less than 100k,"Under $30,000",Less than 50k,Less than 50 thousand,"Under $50,000","Under $30,000","Under $50,000 and non white",Only Clinton,Only Clinton or Both of them,Only Clinton or Neither of them,Health care,,,18-44,18-64,Republican,Black non-Democrat,All Republicans,Republican,All others,Somewhat liberal,Liberal,Liberal,44.0,Yes,Honest and trustworthy,Black,Black,State questionnaire,Black,Non-white,Omit,Only Clinton or Both of them,Only Clinton,Only Clinton or Neither of them,South,Not liberal enough,Dissatisfied,Dissatisfied,,Female,Black women,"Cities 50,000-500,000","Cities over 50,000",Alabama,Election day exit poll,,,,,,,,No,,,,Version 2,0.56621778011322,No
404437.0,65+,60+,65 or over,45+,50+,60+,65+,Black 60+,Black 60+,Black 65+,Hillary Clinton,Once a week,Weekly,Complete,Call 1,7.0,About right,,,,High school or less,No college degree,High school graduate or less,Non white no college degree,3.0,Enthusiastic,"Enthusiastic or satisfied, but not enthusiastic",,,,100k or more,"$30,000 or more",50k or more,100 thousand or more,"$200,000 or more","$200,000 or more","Over $50,000 and non white",Both of them,Only Clinton or Both of them,Only Sanders or Both of them,Terrorism,,,45+,65+,Democrat,Black Democrat,Black Democrat,Democrat,Non-White Democrats,Moderate,Moderate or conservative,Moderate,17.0,Yes,Honest and trustworthy,Black,Black,State questionnaire,Black,Non-white,Gotten worse,Only Clinton or Both of them,Only Clinton,Only Clinton or Neither of them,South,Not liberal enough,Satisifed,Dissatisfied,,Female,Black women,Rural,Small Cities/Rural,Alabama,Election day exit poll,,,,,,,,No,,,,Version 2,1.59558570384979,No
417938.0,45-65,30-59,45-49,45+,18-49,45-59,40-49,Black 45-59,Black 45-59,Black 45-64,Hillary Clinton,Once a week,Weekly,Complete,Call 3,1.0,About right,,,,Some college/assoc. degree,No college degree,More than High school graduate,Non white no college degree,4.0,"Satisfied, but not enthusiastic","Enthusiastic or satisfied, but not enthusiastic",,,,Less than 100k,"$30,000 or more",Less than 50k,Less than 50 thousand,"Under $50,000","$30,000-$49,999","Under $50,000 and non white",Both of them,Only Clinton or Both of them,Only Sanders or Both of them,Economy/Jobs,,,45+,18-64,Democrat,Black Democrat,Black Democrat,Democrat,Non-White Democrats,Moderate,Moderate or conservative,Moderate,62.0,Yes,Has the right experience,Black,Black,State questionnaire,Black,Non-white,Stayed about the same,Only Clinton or Both of them,Both of them,Only Sanders or Both of them,South,Not liberal enough,Satisifed,Satisifed,,Female,Black women,Suburbs,Suburbs,Alabama,Election day exit poll,,,,,,,,No,,,,Version 2,0.420284748077393,No
412141.0,30-44,30-59,30-39,18-44,18-49,30-44,30-39,Black 30-44,Black 30-44,Black 30-44,Hillary Clinton,A few times a year,Occasionally,Not complete,Call 2,7.0,,,,,,,,,3.0,,,,,,,,,,,,,Only Clinton,Only Clinton or Both of them,Only Clinton or Neither of them,,,,18-44,18-64,,,,,,,,,38.0,No,,Black,Black,State questionnaire,Black,Non-white,Gotten worse,,,,South,,Satisifed,Satisifed,,Female,Black women,"Cities 50,000-500,000","Cities over 50,000",Alabama,Election day exit poll,,,,,,,,No,,,,Version 2,1.0669504404068,
418769.0,18-29,18-29,18-24,18-44,18-49,18-29,18-24,Black 18-29,Black 18-29,Black 18-29,Hillary Clinton,Once a week,Weekly,Complete,Call 3,3.0,About right,,,,High school or less,No college degree,High school graduate or less,Non white no college degree,2.0,"Satisfied, but not enthusiastic","Enthusiastic or satisfied, but not enthusiastic",,,,Less than 100k,"Under $30,000",Less than 50k,Less than 50 thousand,"Under $50,000","Under $30,000","Under $50,000 and non white",Only Clinton,Only Clinton or Both of them,Only Clinton or Neither of them,Economy/Jobs,,,18-44,18-64,Democrat,Black Democrat,Black Democrat,Democrat,Non-White Democrats,Conservative,Moderate or conservative,Conservative,82.0,No,Has the right experience,Black,Black,State questionnaire,Black,Non-white,Gotten better,Only Clinton or Both of them,Only Clinton,Only Clinton or Neither of them,South,Too liberal,Satisifed,Dissatisfied,,Female,Black women,Rural,Small Cities/Rural,Alabama,Election day exit poll,,,,,,,,No,,,,Version 2,1.82969343662262,No
410197.0,45-65,60+,60-64,45+,50+,60+,50-64,Black 60+,Black 60+,Black 45-64,Hillary Clinton,More than once a week,Weekly,Complete,Call 2,1.0,About right,,,,Some college/assoc. degree,No college degree,More than High school graduate,Non white no college degree,4.0,"Dissatisfied, but not angry","Dissatisfied, but not angry or Angry",,,,Less than 100k,"Under $30,000",Less than 50k,Less than 50 thousand,"Under $50,000","Under $30,000","Under $50,000 and non white",Only Clinton,Only Clinton or Both of them,Only Clinton or Neither of them,Health care,,,45+,18-64,Democrat,Black Democrat,Black Democrat,Democrat,Non-White Democrats,Moderate,Moderate or conservative,Moderate,57.0,Yes,Has the right experience,Black,Black,State questionnaire,Black,Non-white,Stayed about the same,Only Clinton or Both of them,Only Clinton,Only Clinton or Neither of them,South,Too liberal,Satisifed,Dissatisfied,,Female,Black women,"Cities 50,000-500,000","Cities over 50,000",Alabama,Election day exit poll,,,,,,,,No,,,,Version 2,0.709039747714996,No
410176.0,45-65,60+,60-64,45+,50+,60+,50-64,Black 60+,Black 60+,Black 45-64,Hillary Clinton,A few times a month,Occasionally,Complete,Call 2,7.0,About right,,,,High school or less,No college degree,High school graduate or less,Non white no college degree,3.0,"Dissatisfied, but not angry","Dissatisfied, but not angry or Angry",,,,Less than 100k,"Under $30,000",Less than 50k,Less than 50 thousand,"Under $50,000","Under $30,000","Under $50,000 and non white",Only Clinton,Only Clinton or Both of them,Only Clinton or Neither of them,Omit,,,45+,18-64,Democrat,Black Democrat,Black Democrat,Democrat,Non-White Democrats,Moderate,Moderate or conservative,Moderate,17.0,Yes,Honest and trustworthy,Black,Black,State questionnaire,Black,Non-white,Gotten worse,Only Clinton or Both of them,Only Clinton,Only Clinton or Neither of them,South,Too liberal,Satisifed,Dissatisfied,,Female,Black women,Rural,Small Cities/Rural,Alabama,Election day exit poll,,,,,,,,No,,,,Version 2,1.59558570384979,No
404381.0,30-44,30-59,30-39,18-44,18-49,30-44,30-39,Non-Black 30-44,All others,Latino 65+,Hillary Clinton,More than once a week,Weekly,Complete,Call 1,1.0,About right,,,,High school or less,No college degree,High school graduate or less,Non white no college degree,4.0,Enthusiastic,"Enthusiastic or satisfied, but not enthusiastic",,,,Less than 100k,"Under $30,000",Less than 50k,Less than 50 thousand,"Under $50,000","Under $30,000","Under $50,000 and non white",Only Clinton,Only Clinton or Both of them,Only Clinton or Neither of them,Economy/Jobs,,,18-44,18-64,Democrat,Non-black Democrat,All Other,Democrat,Non-White Democrats,Moderate,Moderate or conservative,Moderate,1.0,Yes,Cares about people like me,Other,Other,State questionnaire,Other,Non-white,Gotten better,Only Clinton or Both of them,Only Clinton,Only Clinton or Neither of them,South,Not liberal enough,Satisifed,Dissatisfied,,Female,All other races,Suburbs,Suburbs,Alabama,Election day exit poll,,,,,,,,No,,,,Version 2,0.806464791297913,No
417894.0,45-65,30-59,50-59,45+,50+,45-59,50-64,Black 45-59,Black 45-59,Black 45-64,Hillary Clinton,More than once a week,Weekly,Complete,Call 3,1.0,About right,,,,College graduate,College graduate,More than High school graduate,Non white college degree,4.0,Enthusiastic,"Enthusiastic or satisfied, but not enthusiastic",,,,100k or more,"$30,000 or more",50k or more,100 thousand or more,"$100,000-$199,999","$100,000-$199,999","Over $50,000 and non white",Only Clinton,Only Clinton or Both of them,Only Clinton or Neither of them,Economy/Jobs,,,45+,18-64,Democrat,Black Democrat,Black Democrat,Democrat,Non-White Democrats,Moderate,Moderate or conservative,Moderate,60.0,Yes,Has the right experience,Black,Black,State questionnaire,Black,Non-white,Gotten worse,Only Clinton or Both of them,Only Clinton,Only Clinton or Neither of them,South,Too liberal,Satisifed,Dissatisfied,,Female,Black women,Suburbs,Suburbs,Alabama,Election day exit poll,,,,,,,,No,,,,Version 2,0.258949190378189,No
416453.0,18-29,18-29,18-24,18-44,18-49,18-29,18-24,Black 18-29,Black 18-29,Black 18-29,Hillary Clinton,Once a week,Weekly,Complete,Call 3,7.0,Too liberal,,,,Some college/assoc. degree,No college degree,More than High school graduate,Non white no college degree,3.0,"Satisfied, but not enthusiastic","Enthusiastic or satisfied, but not enthusiastic",,,,Less than 100k,"Under $30,000",Less than 50k,Less than 50 thousand,"Under $50,000","Under $30,000","Under $50,000 and non white",Only Clinton,Only Clinton or Both of them,Only Clinton or Neither of them,Health care,,,18-44,18-64,Democrat,Black Democrat,Black Democrat,Democrat,Non-White Democrats,Conservative,Moderate or conservative,Conservative,17.0,No,Has the right experience,Black,Black,State questionnaire,Black,Non-white,Gotten worse,Only Clinton or Both of them,Only Clinton,Only Clinton or Neither of them,South,Not liberal enough,Satisifed,Dissatisfied,,Female,Black women,Rural,Small Cities/Rural,Alabama,Election day exit poll,,,,,,,,No,,,,Version 2,1.20861387252808,No
404352.0,65+,60+,65 or over,45+,50+,60+,65+,Black 60+,Black 60+,Black 65+,Hillary Clinton,A few times a month,Occasionally,Complete,Call 1,7.0,About right,,,,High school or less,No college degree,High school graduate or less,Non white no college degree,3.0,"Dissatisfied, but not angry","Dissatisfied, but not angry or Angry",,,,Less than 100k,"$30,000 or more",Less than 50k,Less than 50 thousand,"Under $50,000","$30,000-$49,999","Under $50,000 and non white",Only Clinton,Only Clinton or Both of them,Only Clinton or Neither of them,Income inequality,,,45+,65+,Democrat,Black Democrat,Black Democrat,Democrat,Non-White Democrats,Conservative,Moderate or conservative,Conservative,17.0,Yes,Cares about people like me,Black,Black,State questionnaire,Black,Non-white,Stayed about the same,Only Clinton or Both of them,Both of them,Only Sanders or Both of them,South,Not liberal enough,Satisifed,Dissatisfied,,Male,Black men,Rural,Small Cities/Rural,Alabama,Election day exit poll,,,,,,,,No,,,,Version 2,1.6100879907608,No
412069.0,45-65,60+,60-64,45+,50+,60+,50-64,Black 60+,Black 60+,Black 45-64,Hillary Clinton,More than once a week,Weekly,Complete,Call 2,1.0,About right,,,,College graduate,College graduate,More than High school graduate,Non white college degree,4.0,"Dissatisfied, but not angry","Dissatisfied, but not angry or Angry",,,,Less than 100k,"$30,000 or more",Less than 50k,Less than 50 thousand,"Under $50,000","$30,000-$49,999","Under $50,000 and non white",Only Clinton,Only Clinton or Both of them,Only Clinton or Neither of them,Economy/Jobs,,,45+,18-64,Democrat,Black Democrat,Black Democrat,Democrat,Non-White Democrats,Moderate,Moderate or conservative,Moderate,62.0,Yes,Has the right experience,Black,Black,State questionnaire,Black,Non-white,Gotten worse,Only Clinton or Both of them,Only Clinton,Only Clinton or Neither of them,South,Not liberal enough,Satisifed,Omit,,Female,Black women,Suburbs,Suburbs,Alabama,Election day exit poll,,,,,,,,No,,,,Version 2,0.502496182918549,No
417860.0,45-65,60+,60-64,45+,50+,60+,50-64,Black 60+,Black 60+,Black 45-64,Hillary Clinton,A few times a month,Occasionally,Complete,Call 3,1.0,About right,,,,College graduate,College graduate,More than High school graduate,Non white college degree,4.0,"Satisfied, but not enthusiastic","Enthusiastic or satisfied, but not enthusiastic",,,,Less than 100k,"$30,000 or more",Less than 50k,Less than 50 thousand,"Under $50,000","$30,000-$49,999","Under $50,000 and non white",Only Clinton,Only Clinton or Both of them,Only Clinton or Neither of them,Economy/Jobs,,,45+,18-64,Democrat,Black Democrat,Black Democrat,Democrat,Non-White Democrats,Very liberal,Liberal,Liberal,60.0,Yes,Honest and trustworthy,Black,Black,State questionnaire,Black,Non-white,Gotten worse,Only Clinton or Both of them,Both of them,Only Sanders or Both of them,South,About right,Satisifed,Satisifed,,Male,Black men,Suburbs,Suburbs,Alabama,Election day exit poll,,,,,,,,No,,,,Version 2,0.312415957450867,No
402409.0,45-65,30-59,50-59,45+,50+,45-59,50-64,Black 45-59,Black 45-59,Black 45-64,Hillary Clinton,More than once a week,Weekly,Complete,Call 1,3.0,About right,,,,College graduate,College graduate,More than High school graduate,Non white college degree,2.0,"Dissatisfied, but not angry","Dissatisfied, but not angry or Angry",,,,Less than 100k,"$30,000 or more",50k or more,50 to 100 thousand,"$50,000-$99,999","$50,000-$99,999","Over $50,000 and non white",Only Clinton,Only Clinton or Both of them,Only Clinton or Neither of them,Income inequality,,,45+,18-64,Democrat,Black Democrat,Black Democrat,Democrat,Non-White Democrats,Moderate,Moderate or conservative,Moderate,9.0,Yes,Cares about people like me,Black,Black,State questionnaire,Black,Non-white,Gotten worse,Only Clinton or Both of them,Only Clinton,Only Clinton or Neither of them,South,About right,Satisifed,Dissatisfied,,Female,Black women,"Cities 10,000-50,000",Small Cities/Rural,Alabama,Election day exit poll,,,,,,,,No,,,,Version 2,0.647392630577087,No
410132.0,45-65,60+,60-64,45+,50+,60+,50-64,Black 60+,Black 60+,Black 45-64,Hillary Clinton,A few times a year,Occasionally,Complete,Call 2,2.0,About right,,,,Postgraduate study,College graduate,More than High school graduate,Non white college degree,3.0,Enthusiastic,"Enthusiastic or satisfied, but not enthusiastic",,,,100k or more,"$30,000 or more",50k or more,100 thousand or more,"$100,000-$199,999","$100,000-$199,999","Over $50,000 and non white",Both of them,Only Clinton or Both of them,Only Sanders or Both of them,Economy/Jobs,,,45+,18-64,Democrat,Black Democrat,Black Democrat,Democrat,Non-White Democrats,Very liberal,Liberal,Liberal,67.0,Yes,Has the right experience,Black,Black,State questionnaire,Black,Non-white,Gotten worse,Only Clinton or Both of them,Only Clinton,Only Clinton or Neither of them,South,About right,Satisifed,Satisifed,,Male,Black men,"Cities 50,000-500,000","Cities over 50,000",Alabama,Election day exit poll,,,,,,,,No,,,,Version 2,1.33362984657288,No
418291.0,18-29,18-29,18-24,18-44,18-49,18-29,18-24,Black 18-29,Black 18-29,Black 18-29,Hillary Clinton,A few times a month,Occasionally,Complete,Call 3,1.0,About right,,,,College graduate,College graduate,More than High school graduate,Non white college degree,4.0,"Dissatisfied, but not angry","Dissatisfied, but not angry or Angry",,,,Less than 100k,"Under $30,000",Less than 50k,Less than 50 thousand,"Under $50,000","Under $30,000","Under $50,000 and non white",Both of them,Only Clinton or Both of them,Only Sanders or Both of them,Economy/Jobs,,,18-44,18-64,Democrat,Black Democrat,Black Democrat,Democrat,Non-White Democrats,Moderate,Moderate or conservative,Moderate,62.0,Yes,Honest and trustworthy,Black,Black,State questionnaire,Black,Non-white,Gotten worse,Only Clinton or Both of them,Both of them,Only Sanders or Both of them,South,About right,Satisifed,Satisifed,,Female,Black women,Suburbs,Suburbs,Alabama,Election day exit poll,,,,,,,,No,,,,Version 2,0.420284748077393,No
417319.0,30-44,30-59,30-39,18-44,18-49,30-44,30-39,Non-Black 30-44,White 30-44,White 30-44,Hillary Clinton,A few times a month,Occasionally,Complete,Call 3,6.0,Not liberal enough,,,,High school or less,No college degree,High school graduate or less,White no college degree,2.0,"Dissatisfied, but not angry","Dissatisfied, but not angry or Angry",,,,Less than 100k,"$30,000 or more",Less than 50k,Less than 50 thousand,"Under $50,000","$30,000-$49,999","Under $50,000 and white",Neither of them,Only Sanders or Neither of them,Only Clinton or Neither of them,Economy/Jobs,,,18-44,18-64,Democrat,Non-black Democrat,White Democrat,Democrat,White Democrat,Somewhat liberal,Liberal,Liberal,5.0,Yes,Can win in November,White,White,State questionnaire,White,White,Stayed about the same,Only Clinton or Both of them,Both of them,Only Sanders or Both of them,South,Too liberal,Satisifed,Dissatisfied,,Male,White men,Suburbs,Suburbs,Alabama,Election day exit poll,,,,,,,,No,,,,Version 2,0.329093217849731,Yes
404320.0,45-65,30-59,50-59,45+,50+,45-59,50-64,Black 45-59,Black 45-59,Black 45-64,Hillary Clinton,More than once a week,Weekly,Complete,Call 1,6.0,About right,,,,Postgraduate study,College graduate,More than High school graduate,Non white college degree,2.0,"Dissatisfied, but not angry","Dissatisfied, but not angry or Angry",,,,Less than 100k,"$30,000 or more",50k or more,50 to 100 thousand,"$50,000-$99,999","$50,000-$99,999","Over $50,000 and non white",Only Clinton,Only Clinton or Both of them,Only Clinton or Neither of them,Income inequality,,,45+,18-64,Democrat,Black Democrat,Black Democrat,Democrat,Non-White Democrats,Very liberal,Liberal,Liberal,74.0,Yes,Has the right experience,Black,Black,State questionnaire,Black,Non-white,Gotten worse,Only Clinton or Both of them,Both of them,Only Sanders or Both of them,South,Not liberal enough,Satisifed,Satisifed,,Female,Black women,Suburbs,Suburbs,Alabama,Election day exit poll,,,,,,,,No,,,,Version 2,0.323787450790405,No
403293.0,30-44,30-59,30-39,18-44,18-49,30-44,30-39,Black 30-44,Black 30-44,Black 30-44,Hillary Clinton,A few times a year,Occasionally,Complete,Call 1,7.0,About right,,,,Some college/assoc. degree,No college degree,More than High school graduate,Non white no college degree,3.0,"Satisfied, but not enthusiastic","Enthusiastic or satisfied, but not enthusiastic",,,,Less than 100k,"Under $30,000",Less than 50k,Less than 50 thousand,"Under $50,000","Under $30,000","Under $50,000 and non white",Only Clinton,Only Clinton or Both of them,Only Clinton or Neither of them,Income inequality,,,18-44,18-64,Democrat,Black Democrat,Black Democrat,Democrat,Non-White Democrats,Conservative,Moderate or conservative,Conservative,38.0,Yes,Honest and trustworthy,Black,Black,State questionnaire,Black,Non-white,Stayed about the same,Only Clinton or Both of them,Only Clinton,Only Clinton or Neither of them,South,Not liberal enough,Satisifed,Dissatisfied,,Female,Black women,"Cities 50,000-500,000","Cities over 50,000",Alabama,Election day exit poll,,,,,,,,No,,,,Version 2,1.0669504404068,No
418266.0,18-29,18-29,25-29,18-44,18-49,18-29,25-29,Black 18-29,Black 18-29,Black 18-29,Hillary Clinton,A few times a month,Occasionally,Complete,Call 3,1.0,About right,,,,High school or less,No college degree,High school graduate or less,Non white no college degree,4.0,Angry,"Dissatisfied, but not angry or Angry",,,,Less than 100k,"$30,000 or more",Less than 50k,Less than 50 thousand,"Under $50,000","$30,000-$49,999","Under $50,000 and non white",Both of them,Only Clinton or Both of them,Only Sanders or Both of them,Economy/Jobs,,,18-44,18-64,Democrat,Black Democrat,Black Democrat,Democrat,Non-White Democrats,Moderate,Moderate or conservative,Moderate,62.0,Yes,Honest and trustworthy,Black,Black,State questionnaire,Black,Non-white,Gotten worse,Only Clinton or Both of them,Both of them,Only Sanders or Both of them,South,About right,Satisifed,Satisifed,,Male,Black men,Suburbs,Suburbs,Alabama,Election day exit poll,,,,,,,,No,,,,Version 2,0.420284748077393,No
410093.0,65+,60+,65 or over,45+,50+,60+,65+,Black 60+,Black 60+,Black 65+,Hillary Clinton,A few times a month,Occasionally,Complete,Call 2,2.0,About right,,,,College graduate,College graduate,More than High school graduate,Non white college degree,3.0,"Satisfied, but not enthusiastic","Enthusiastic or satisfied, but not enthusiastic",,,,Less than 100k,"$30,000 or more",50k or more,50 to 100 thousand,"$50,000-$99,999","$50,000-$99,999","Over $50,000 and non white",Only Clinton,Only Clinton or Both of them,Only Clinton or Neither of them,Health care,,,45+,65+,Democrat,Black Democrat,Black Democrat,Democrat,Non-White Democrats,Somewhat liberal,Liberal,Liberal,69.0,Yes,Can win in November,Black,Black,State questionnaire,Black,Non-white,Stayed about the same,Only Clinton or Both of them,Only Clinton,Only Clinton or Neither of them,South,Omit,Satisifed,Dissatisfied,,Male,Black men,Suburbs,Suburbs,Alabama,Election day exit poll,,,,,,,,No,,,,Version 2,1.40067613124847,No
402362.0,65+,60+,65 or over,45+,50+,60+,65+,Non-Black 60+,White 60+,White 65+,Hillary Clinton,More than once a week,Weekly,Complete,Call 1,3.0,About right,,,,College graduate,College graduate,More than High school graduate,White college degree,2.0,"Satisfied, but not enthusiastic","Enthusiastic or satisfied, but not enthusiastic",,,,Less than 100k,"$30,000 or more",Less than 50k,Less than 50 thousand,"Under $50,000","$30,000-$49,999","Under $50,000 and white",Only Clinton,Only Clinton or Both of them,Only Clinton or Neither of them,Economy/Jobs,,,45+,65+,Democrat,Non-black Democrat,White Democrat,Democrat,White Democrat,Moderate,Moderate or conservative,Moderate,9.0,Yes,Has the right experience,White,White,State questionnaire,White,White,Stayed about the same,Only Clinton or Both of them,Both of them,Only Sanders or Both of them,South,Too liberal,Satisifed,Dissatisfied,,Female,White women,"Cities 10,000-50,000",Small Cities/Rural,Alabama,Election day exit poll,,,,,,,,No,,,,Version 2,2.58242177963257,No
410076.0,65+,60+,65 or over,45+,50+,60+,65+,Black 60+,Black 60+,Black 65+,Hillary Clinton,More than once a week,Weekly,Complete,Call 2,2.0,About right,,,,Some college/assoc. degree,No college degree,More than High school graduate,Non white no college degree,3.0,"Satisfied, but not enthusiastic","Enthusiastic or satisfied, but not enthusiastic",,,,Less than 100k,"$30,000 or more",50k or more,50 to 100 thousand,"$50,000-$99,999","$50,000-$99,999","Over $50,000 and non white",Only Clinton,Only Clinton or Both of them,Only Clinton or Neither of them,Economy/Jobs,,,45+,65+,Democrat,Black Democrat,Black Democrat,Democrat,Non-White Democrats,Moderate,Moderate or conservative,Moderate,67.0,Yes,Has the right experience,Black,Black,State questionnaire,Black,Non-white,Gotten worse,Only Clinton or Both of them,Only Clinton,Only Clinton or Neither of them,South,About right,Satisifed,Dissatisfied,,Male,Black men,"Cities 50,000-500,000","Cities over 50,000",Alabama,Election day exit poll,,,,,,,,No,,,,Version 2,1.33362984657288,No
410074.0,45-65,60+,60-64,45+,50+,60+,50-64,Black 60+,Black 60+,Black 45-64,Hillary Clinton,More than once a week,Weekly,Complete,Call 2,5.0,About right,,,,Postgraduate study,College graduate,More than High school graduate,Non white college degree,1.0,"Satisfied, but not enthusiastic","Enthusiastic or satisfied, but not enthusiastic",,,,Less than 100k,"$30,000 or more",50k or more,50 to 100 thousand,"$50,000-$99,999","$50,000-$99,999","Over $50,000 and non white",Only Clinton,Only Clinton or Both of them,Only Clinton or Neither of them,Income inequality,,,45+,18-64,Democrat,Black Democrat,Black Democrat,Democrat,Non-White Democrats,Moderate,Moderate or conservative,Moderate,44.0,Yes,Has the right experience,Black,Black,State questionnaire,Black,Non-white,Stayed about the same,Only Clinton or Both of them,Only Clinton,Only Clinton or Neither of them,South,Omit,Satisifed,Dissatisfied,,Female,Black women,"Cities 50,000-500,000","Cities over 50,000",Alabama,Election day exit poll,,,,,,,,No,,,,Version 2,0.648733139038086,No
404261.0,45-65,60+,60-64,45+,50+,60+,50-64,Non-Black 60+,White 60+,White 45-64,Hillary Clinton,More than once a week,Weekly,Complete,Call 1,1.0,About right,,,,Postgraduate study,College graduate,More than High school graduate,White college degree,4.0,"Dissatisfied, but not angry","Dissatisfied, but not angry or Angry",,,,Less than 100k,"$30,000 or more",50k or more,50 to 100 thousand,"$50,000-$99,999","$50,000-$99,999","Over $50,000 and white",Only Clinton,Only Clinton or Both of them,Only Clinton or Neither of them,Economy/Jobs,,,45+,18-64,Democrat,Non-black Democrat,White Democrat,Democrat,White Democrat,Somewhat liberal,Liberal,Liberal,1.0,Yes,Has the right experience,White,White,State questionnaire,White,White,Stayed about the same,Only Clinton or Both of them,Only Clinton,Only Clinton or Neither of them,South,Too liberal,Satisifed,Dissatisfied,,Male,White men,Suburbs,Suburbs,Alabama,Election day exit poll,,,,,,,,No,,,,Version 2,0.843786120414734,No
416342.0,65+,60+,65 or over,45+,50+,60+,65+,Black 60+,Black 60+,Black 65+,Hillary Clinton,Once a week,Weekly,Complete,Call 3,7.0,About right,,,,Postgraduate study,College graduate,More than High school graduate,Non white college degree,3.0,"Satisfied, but not enthusiastic","Enthusiastic or satisfied, but not enthusiastic",,,,100k or more,"$30,000 or more",50k or more,100 thousand or more,"$100,000-$199,999","$100,000-$199,999","Over $50,000 and non white",Only Clinton,Only Clinton or Both of them,Only Clinton or Neither of them,Income inequality,,,45+,65+,Democrat,Black Democrat,Black Democrat,Democrat,Non-White Democrats,Very liberal,Liberal,Liberal,17.0,Yes,Has the right experience,Black,Black,State questionnaire,Black,Non-white,Stayed about the same,Only Clinton or Both of them,Only Clinton,Only Clinton or Neither of them,South,Not liberal enough,Satisifed,Dissatisfied,,Female,Black women,Rural,Small Cities/Rural,Alabama,Election day exit poll,,,,,,,,No,,,,Version 2,1.59558570384979,No
410721.0,45-65,30-59,50-59,45+,50+,45-59,50-64,Black 45-59,Black 45-59,Black 45-64,Hillary Clinton,More than once a week,Weekly,Complete,Call 2,1.0,About right,,,,College graduate,College graduate,More than High school graduate,Non white college degree,4.0,"Dissatisfied, but not angry","Dissatisfied, but not angry or Angry",,,,Less than 100k,"$30,000 or more",50k or more,50 to 100 thousand,"$50,000-$99,999","$50,000-$99,999","Over $50,000 and non white",Only Clinton,Only Clinton or Both of them,Only Clinton or Neither of them,Economy/Jobs,,,45+,18-64,Democrat,Black Democrat,Black Democrat,Democrat,Non-White Democrats,Moderate,Moderate or conservative,Moderate,57.0,Yes,Has the right experience,Black,Black,State questionnaire,Black,Non-white,Gotten worse,Only Clinton or Both of them,Only Clinton,Only Clinton or Neither of them,South,Not liberal enough,Satisifed,Dissatisfied,,Female,Black women,"Cities 50,000-500,000","Cities over 50,000",Alabama,Election day exit poll,,,,,,,,No,,,,Version 2,0.593036472797394,No
404250.0,45-65,30-59,50-59,45+,50+,45-59,50-64,Black 45-59,Black 45-59,Black 45-64,Hillary Clinton,Once a week,Weekly,Complete,Call 1,7.0,About right,,,,Some college/assoc. degree,No college degree,More than High school graduate,Non white no college degree,3.0,Enthusiastic,"Enthusiastic or satisfied, but not enthusiastic",,,,Less than 100k,"Under $30,000",Less than 50k,Less than 50 thousand,"Under $50,000","Under $30,000","Under $50,000 and non white",Both of them,Only Clinton or Both of them,Only Sanders or Both of them,Health care,,,45+,18-64,Democrat,Black Democrat,Black Democrat,Democrat,Non-White Democrats,Conservative,Moderate or conservative,Conservative,17.0,Yes,Has the right experience,Black,Black,State questionnaire,Black,Non-white,Gotten worse,Only Clinton or Both of them,Only Clinton,Only Clinton or Neither of them,South,About right,Satisifed,Satisifed,,Male,Black men,Rural,Small Cities/Rural,Alabama,Election day exit poll,,,,,,,,No,,,,Version 2,1.10679471492767,No
404244.0,65+,60+,65 or over,45+,50+,60+,65+,Black 60+,Black 60+,Black 65+,Hillary Clinton,More than once a week,Weekly,Complete,Call 1,1.0,About right,,,,Some college/assoc. degree,No college degree,More than High school graduate,Non white no college degree,4.0,"Dissatisfied, but not angry","Dissatisfied, but not angry or Angry",,,,Less than 100k,"$30,000 or more",50k or more,50 to 100 thousand,"$50,000-$99,999","$50,000-$99,999","Over $50,000 and non white",Both of them,Only Clinton or Both of them,Only Sanders or Both of them,Health care,,,45+,65+,Democrat,Black Democrat,Black Democrat,Democrat,Non-White Democrats,Moderate,Moderate or conservative,Moderate,60.0,Yes,Has the right experience,Black,Black,State questionnaire,Black,Non-white,Gotten worse,Only Clinton or Both of them,Only Clinton,Only Clinton or Neither of them,South,Too liberal,Satisifed,Satisifed,,Female,Black women,Suburbs,Suburbs,Alabama,Election day exit poll,,,,,,,,No,,,,Version 2,0.309601962566376,No
418614.0,45-65,30-59,50-59,45+,50+,45-59,50-64,Black 45-59,Black 45-59,Black 45-64,Hillary Clinton,More than once a week,Weekly,Complete,Call 3,3.0,About right,,,,Some college/assoc. degree,No college degree,More than High school graduate,Non white no college degree,2.0,"Satisfied, but not enthusiastic","Enthusiastic or satisfied, but not enthusiastic",,,,Less than 100k,"Under $30,000",Less than 50k,Less than 50 thousand,"Under $50,000","Under $30,000","Under $50,000 and non white",Neither of them,Only Sanders or Neither of them,Only Clinton or Neither of them,Economy/Jobs,,,45+,18-64,Democrat,Black Democrat,Black Democrat,Democrat,Non-White Democrats,Somewhat liberal,Liberal,Liberal,82.0,Yes,Honest and trustworthy,Black,Black,State questionnaire,Black,Non-white,Gotten worse,Only Clinton or Both of them,Only Clinton,Only Clinton or Neither of them,South,Not liberal enough,Satisifed,Dissatisfied,,Female,Black women,Rural,Small Cities/Rural,Alabama,Election day exit poll,,,,,,,,No,,,,Version 2,1.82969343662262,No
410029.0,45-65,30-59,50-59,45+,50+,45-59,50-64,Non-Black 45-59,White 45-59,White 45-64,Hillary Clinton,Never,Never,Complete,Call 2,1.0,About right,,,,Postgraduate study,College graduate,More than High school graduate,White college degree,4.0,"Dissatisfied, but not angry","Dissatisfied, but not angry or Angry",,,,Less than 100k,"Under $30,000",Less than 50k,Less than 50 thousand,"Under $50,000","Under $30,000","Under $50,000 and white",Both of them,Only Clinton or Both of them,Only Sanders or Both of them,Health care,,,45+,18-64,Independent/Something else,Non-black non-Democrat,White Independent,Independent,White Independent,Very liberal,Liberal,Liberal,58.0,Yes,Has the right experience,White,White,State questionnaire,White,White,Gotten worse,Only Clinton or Both of them,Both of them,Only Sanders or Both of them,South,About right,Satisifed,Satisifed,,Female,White women,"Cities 50,000-500,000","Cities over 50,000",Alabama,Election day exit poll,,,,,,,,No,,,,Version 2,0.898028552532196,No
410700.0,45-65,30-59,50-59,45+,50+,45-59,50-64,Black 45-59,Black 45-59,Black 45-64,Hillary Clinton,More than once a week,Weekly,Complete,Call 2,6.0,Omit,,,,Some college/assoc. degree,No college degree,More than High school graduate,Non white no college degree,3.0,"Dissatisfied, but not angry","Dissatisfied, but not angry or Angry",,,,Less than 100k,"$30,000 or more",50k or more,50 to 100 thousand,"$50,000-$99,999","$50,000-$99,999","Over $50,000 and non white",Only Clinton,Only Clinton or Both of them,Only Clinton or Neither of them,Omit,,,45+,18-64,Democrat,Black Democrat,Black Democrat,Democrat,Non-White Democrats,Moderate,Moderate or conservative,Moderate,31.0,Yes,Has the right experience,Black,Black,State questionnaire,Black,Non-white,Gotten worse,Only Clinton or Both of them,Both of them,Only Sanders or Both of them,South,Omit,Satisifed,Dissatisfied,,Female,Black women,Suburbs,Suburbs,Alabama,Election day exit poll,,,,,,,,No,,,,Version 2,0.43647700548172,No
416778.0,30-44,30-59,30-39,18-44,18-49,30-44,30-39,Black 30-44,Black 30-44,Black 30-44,Hillary Clinton,More than once a week,Weekly,Complete,Call 3,1.0,About right,,,,College graduate,College graduate,More than High school graduate,Non white college degree,4.0,"Dissatisfied, but not angry","Dissatisfied, but not angry or Angry",,,,Less than 100k,"Under $30,000",Less than 50k,Less than 50 thousand,"Under $50,000","Under $30,000","Under $50,000 and non white",Both of them,Only Clinton or Both of them,Only Sanders or Both of them,Health care,,,18-44,18-64,Democrat,Black Democrat,Black Democrat,Democrat,Non-White Democrats,Moderate,Moderate or conservative,Moderate,57.0,Yes,Has the right experience,Black,Black,State questionnaire,Black,Non-white,Gotten worse,Only Sanders or Neither of them,Neither of them,Only Clinton or Neither of them,South,About right,Satisifed,Satisifed,,Female,Black women,"Cities 50,000-500,000","Cities over 50,000",Alabama,Election day exit poll,,,,,,,,No,,,,Version 2,0.593036472797394,No
410008.0,30-44,30-59,30-39,18-44,18-49,30-44,30-39,Black 30-44,Black 30-44,Black 30-44,Hillary Clinton,Never,Never,Complete,Call 2,7.0,About right,,,,Some college/assoc. degree,No college degree,More than High school graduate,Non white no college degree,3.0,"Satisfied, but not enthusiastic","Enthusiastic or satisfied, but not enthusiastic",,,,Less than 100k,"Under $30,000",Less than 50k,Less than 50 thousand,"Under $50,000","Under $30,000","Under $50,000 and non white",Only Clinton,Only Clinton or Both of them,Only Clinton or Neither of them,Income inequality,,,18-44,18-64,Democrat,Black Democrat,Black Democrat,Democrat,Non-White Democrats,Very liberal,Liberal,Liberal,33.0,No,Has the right experience,Black,Black,State questionnaire,Black,Non-white,Gotten worse,Only Clinton or Both of them,Both of them,Only Sanders or Both of them,South,Too liberal,Satisifed,Dissatisfied,,Male,Black men,"Cities 50,000-500,000","Cities over 50,000",Alabama,Election day exit poll,,,,,,,,No,,,,Version 2,1.98586225509644,No
410006.0,45-65,60+,60-64,45+,50+,60+,50-64,Black 60+,Black 60+,Black 45-64,Hillary Clinton,Once a week,Weekly,Complete,Call 2,2.0,About right,,,,Postgraduate study,College graduate,More than High school graduate,Non white college degree,3.0,"Satisfied, but not enthusiastic","Enthusiastic or satisfied, but not enthusiastic",,,,Less than 100k,"$30,000 or more",50k or more,50 to 100 thousand,"$50,000-$99,999","$50,000-$99,999","Over $50,000 and non white",Only Clinton,Only Clinton or Both of them,Only Clinton or Neither of them,Economy/Jobs,,,45+,18-64,Democrat,Black Democrat,Black Democrat,Democrat,Non-White Democrats,Moderate,Moderate or conservative,Moderate,69.0,Yes,Cares about people like me,Black,Black,State questionnaire,Black,Non-white,Gotten worse,Only Clinton or Both of them,Only Clinton,Only Clinton or Neither of them,South,Too liberal,Satisifed,Dissatisfied,,Male,Black men,Suburbs,Suburbs,Alabama,Election day exit poll,,,,,,,,No,,,,Version 2,1.40067613124847,No
410005.0,65+,60+,65 or over,45+,50+,60+,65+,Non-Black 60+,White 60+,White 65+,Hillary Clinton,More than once a week,Weekly,Complete,Call 2,7.0,About right,,,,Postgraduate study,College graduate,More than High school graduate,White college degree,3.0,"Dissatisfied, but not angry","Dissatisfied, but not angry or Angry",,,,100k or more,"$30,000 or more",50k or more,100 thousand or more,"$100,000-$199,999","$100,000-$199,999","Over $50,000 and white",Only Clinton,Only Clinton or Both of them,Only Clinton or Neither of them,Income inequality,,,45+,65+,Democrat,Non-black Democrat,White Democrat,Democrat,White Democrat,Somewhat liberal,Liberal,Liberal,34.0,Yes,Can win in November,White,White,State questionnaire,White,White,Gotten better,Only Clinton or Both of them,Both of them,Only Sanders or Both of them,South,About right,Satisifed,Satisifed,,Male,White men,"Cities 50,000-500,000","Cities over 50,000",Alabama,Election day exit poll,,,,,,,,No,,,,Version 2,4.11681032180786,No
404176.0,65+,60+,65 or over,45+,50+,60+,65+,Black 60+,Black 60+,Black 65+,Hillary Clinton,More than once a week,Weekly,Complete,Call 1,1.0,About right,,,,High school or less,No college degree,High school graduate or less,Non white no college degree,4.0,"Satisfied, but not enthusiastic","Enthusiastic or satisfied, but not enthusiastic",,,,Less than 100k,"Under $30,000",Less than 50k,Less than 50 thousand,"Under $50,000","Under $30,000","Under $50,000 and non white",Only Clinton,Only Clinton or Both of them,Only Clinton or Neither of them,Income inequality,,,45+,65+,Democrat,Black Democrat,Black Democrat,Democrat,Non-White Democrats,Very liberal,Liberal,Liberal,1.0,Yes,Cares about people like me,Black,Black,State questionnaire,Black,Non-white,Gotten better,Only Clinton or Both of them,Only Clinton,Only Clinton or Neither of them,South,Not liberal enough,Satisifed,Dissatisfied,,Female,Black women,Suburbs,Suburbs,Alabama,Election day exit poll,,,,,,,,No,,,,Version 2,0.257346510887146,No
404171.0,65+,60+,65 or over,45+,50+,60+,65+,Non-Black 60+,White 60+,White 65+,Hillary Clinton,A few times a year,Occasionally,Complete,Call 1,6.0,About right,,,,Postgraduate study,College graduate,More than High school graduate,White college degree,2.0,"Dissatisfied, but not angry","Dissatisfied, but not angry or Angry",,,,100k or more,"$30,000 or more",50k or more,100 thousand or more,"$200,000 or more","$200,000 or more","Over $50,000 and white",Only Clinton,Only Clinton or Both of them,Only Clinton or Neither of them,Income inequality,,,45+,65+,Democrat,Non-black Democrat,White Democrat,Democrat,White Democrat,Somewhat liberal,Liberal,Liberal,77.0,Yes,Can win in November,White,White,State questionnaire,White,White,Stayed about the same,Only Clinton or Both of them,Both of them,Only Sanders or Both of them,South,Too liberal,Satisifed,Satisifed,,Male,White men,"Cities 50,000-500,000","Cities over 50,000",Alabama,Election day exit poll,,,,,,,,No,,,,Version 2,3.25828981399536,No
404168.0,30-44,30-59,40-44,18-44,18-49,30-44,40-49,Black 30-44,Black 30-44,Black 30-44,Hillary Clinton,More than once a week,Weekly,Complete,Call 1,7.0,About right,,,,Some college/assoc. degree,No college degree,More than High school graduate,Non white no college degree,3.0,Enthusiastic,"Enthusiastic or satisfied, but not enthusiastic",,,,Less than 100k,"Under $30,000",Less than 50k,Less than 50 thousand,"Under $50,000","Under $30,000","Under $50,000 and non white",Both of them,Only Clinton or Both of them,Only Sanders or Both of them,Health care,,,18-44,18-64,Democrat,Black Democrat,Black Democrat,Democrat,Non-White Democrats,Moderate,Moderate or conservative,Moderate,17.0,Yes,Cares about people like me,Black,Black,State questionnaire,Black,Non-white,Stayed about the same,Only Clinton or Both of them,Both of them,Only Sanders or Both of them,South,About right,Satisifed,Satisifed,,Female,Black women,Rural,Small Cities/Rural,Alabama,Election day exit poll,,,,,,,,No,,,,Version 2,1.09682559967041,No
411889.0,65+,60+,65 or over,45+,50+,60+,65+,Black 60+,Black 60+,Black 65+,Hillary Clinton,More than once a week,Weekly,Complete,Call 2,7.0,Not liberal enough,,,,Some college/assoc. degree,No college degree,More than High school graduate,Non white no college degree,3.0,"Satisfied, but not enthusiastic","Enthusiastic or satisfied, but not enthusiastic",,,,Less than 100k,"$30,000 or more",Less than 50k,Less than 50 thousand,"Under $50,000","$30,000-$49,999","Under $50,000 and non white",Only Clinton,Only Clinton or Both of them,Only Clinton or Neither of them,Income inequality,,,45+,65+,Independent/Something else,Black non-Democrat,Black Independent,Independent,All others,Somewhat liberal,Liberal,Liberal,38.0,Yes,Honest and trustworthy,Black,Black,State questionnaire,Black,Non-white,Stayed about the same,Only Clinton or Both of them,Both of them,Only Sanders or Both of them,South,Not liberal enough,Satisifed,Satisifed,,Female,Black women,"Cities 50,000-500,000","Cities over 50,000",Alabama,Election day exit poll,,,,,,,,No,,,,Version 2,1.55212533473969,No
409956.0,65+,60+,65 or over,45+,50+,60+,65+,Black 60+,Black 60+,Black 65+,Hillary Clinton,More than once a week,Weekly,Complete,Call 2,7.0,About right,,,,High school or less,No college degree,High school graduate or less,Non white no college degree,3.0,"Dissatisfied, but not angry","Dissatisfied, but not angry or Angry",,,,Less than 100k,"Under $30,000",Less than 50k,Less than 50 thousand,"Under $50,000","Under $30,000","Under $50,000 and non white",Only Clinton,Only Clinton or Both of them,Only Clinton or Neither of them,Omit,,,45+,65+,Democrat,Black Democrat,Black Democrat,Democrat,Non-White Democrats,Somewhat liberal,Liberal,Liberal,33.0,Yes,Has the right experience,Black,Black,State questionnaire,Black,Non-white,Stayed about the same,Only Clinton or Both of them,Only Clinton,Only Clinton or Neither of them,South,About right,Satisifed,Satisifed,,Female,Black women,"Cities 50,000-500,000","Cities over 50,000",Alabama,Election day exit poll,,,,,,,,No,,,,Version 2,2.86287379264832,No
409943.0,45-65,60+,60-64,45+,50+,60+,50-64,Black 60+,Black 60+,Black 45-64,Hillary Clinton,More than once a week,Weekly,Complete,Call 2,1.0,About right,,,,High school or less,No college degree,High school graduate or less,Non white no college degree,4.0,"Dissatisfied, but not angry","Dissatisfied, but not angry or Angry",,,,Less than 100k,"$30,000 or more",Less than 50k,Less than 50 thousand,"Under $50,000","$30,000-$49,999","Under $50,000 and non white",Only Clinton,Only Clinton or Both of them,Only Clinton or Neither of them,Terrorism,,,45+,18-64,Democrat,Black Democrat,Black Democrat,Democrat,Non-White Democrats,Moderate,Moderate or conservative,Moderate,57.0,Yes,Cares about people like me,Black,Black,State questionnaire,Black,Non-white,Gotten better,Only Sanders or Neither of them,Only Sanders,Only Sanders or Both of them,South,Too liberal,Satisifed,Dissatisfied,,Male,Black men,"Cities 50,000-500,000","Cities over 50,000",Alabama,Election day exit poll,,,,,,,,No,,,,Version 2,0.715484201908112,No
409939.0,45-65,30-59,50-59,45+,50+,45-59,50-64,Non-Black 45-59,White 45-59,White 45-64,Hillary Clinton,Never,Never,Complete,Call 2,7.0,About right,,,,Postgraduate study,College graduate,More than High school graduate,White college degree,3.0,"Dissatisfied, but not angry","Dissatisfied, but not angry or Angry",,,,100k or more,"$30,000 or more",50k or more,100 thousand or more,"$200,000 or more","$200,000 or more","Over $50,000 and white",Only Clinton,Only Clinton or Both of them,Only Clinton or Neither of them,Economy/Jobs,,,45+,18-64,Independent/Something else,Non-black non-Democrat,White Independent,Independent,White Independent,Somewhat liberal,Liberal,Liberal,34.0,Yes,Has the right experience,White,White,State questionnaire,White,White,Stayed about the same,Only Clinton or Both of them,Both of them,Only Sanders or Both of them,South,Too liberal,Satisifed,Dissatisfied,,Male,White men,"Cities 50,000-500,000","Cities over 50,000",Alabama,Election day exit poll,,,,,,,,No,,,,Version 2,3.94754242897034,No
404140.0,30-44,30-59,30-39,18-44,18-49,30-44,30-39,Non-Black 30-44,White 30-44,White 30-44,Hillary Clinton,Never,Never,Complete,Call 1,1.0,About right,,,,College graduate,College graduate,More than High school graduate,White college degree,4.0,"Dissatisfied, but not angry","Dissatisfied, but not angry or Angry",,,,Less than 100k,"$30,000 or more",50k or more,50 to 100 thousand,"$50,000-$99,999","$50,000-$99,999","Over $50,000 and white",Both of them,Only Clinton or Both of them,Only Sanders or Both of them,Economy/Jobs,,,18-44,18-64,Democrat,Non-black Democrat,White Democrat,Democrat,White Democrat,Somewhat liberal,Liberal,Liberal,59.0,Yes,Has the right experience,White,White,State questionnaire,White,White,Gotten better,Only Clinton or Both of them,Both of them,Only Sanders or Both of them,South,Too liberal,Satisifed,Satisifed,,Male,White men,"Cities 50,000-500,000","Cities over 50,000",Alabama,Election day exit poll,,,,,,,,No,,,,Version 2,1.2302348613739,No
404133.0,65+,60+,65 or over,45+,50+,60+,65+,Black 60+,Black 60+,Black 65+,Hillary Clinton,Once a week,Weekly,Complete,Call 1,1.0,About right,,,,College graduate,College graduate,More than High school graduate,Non white college degree,4.0,"Dissatisfied, but not angry","Dissatisfied, but not angry or Angry",,,,Less than 100k,"$30,000 or more",50k or more,50 to 100 thousand,"$50,000-$99,999","$50,000-$99,999","Over $50,000 and non white",Only Clinton,Only Clinton or Both of them,Only Clinton or Neither of them,Health care,,,45+,65+,Democrat,Black Democrat,Black Democrat,Democrat,Non-White Democrats,Moderate,Moderate or conservative,Moderate,1.0,No,Cares about people like me,Black,Black,State questionnaire,Black,Non-white,Gotten worse,Only Clinton or Both of them,Only Clinton,Only Clinton or Neither of them,South,Too liberal,Satisifed,Dissatisfied,,Female,Black women,Suburbs,Suburbs,Alabama,Election day exit poll,,,,,,,,No,,,,Version 2,0.257346510887146,No
417649.0,30-44,30-59,30-39,18-44,18-49,30-44,30-39,Black 30-44,Black 30-44,Black 30-44,Hillary Clinton,More than once a week,Weekly,Complete,Call 3,6.0,Too liberal,,,,College graduate,College graduate,More than High school graduate,Non white college degree,2.0,"Satisfied, but not enthusiastic","Enthusiastic or satisfied, but not enthusiastic",,,,100k or more,"$30,000 or more",50k or more,100 thousand or more,"$100,000-$199,999","$100,000-$199,999","Over $50,000 and non white",Only Clinton,Only Clinton or Both of them,Only Clinton or Neither of them,Economy/Jobs,,,18-44,18-64,Independent/Something else,Black non-Democrat,Black Independent,Independent,All others,Moderate,Moderate or conservative,Moderate,75.0,Yes,Cares about people like me,Black,Black,State questionnaire,Black,Non-white,Gotten worse,Only Sanders or Neither of them,Neither of them,Only Clinton or Neither of them,South,Too liberal,Satisifed,Satisifed,,Male,Black men,Suburbs,Suburbs,Alabama,Election day exit poll,,,,,,,,No,,,,Version 2,0.0958172753453255,No
404127.0,65+,60+,65 or over,45+,50+,60+,65+,Black 60+,Black 60+,Black 65+,Hillary Clinton,More than once a week,Weekly,Complete,Call 1,1.0,About right,,,,Some college/assoc. degree,No college degree,More than High school graduate,Non white no college degree,4.0,Omit,Omit,,,,Less than 100k,"Under $30,000",Less than 50k,Less than 50 thousand,"Under $50,000","Under $30,000","Under $50,000 and non white",Only Clinton,Only Clinton or Both of them,Only Clinton or Neither of them,Health care,,,45+,65+,Democrat,Black Democrat,Black Democrat,Democrat,Non-White Democrats,Very liberal,Liberal,Liberal,60.0,Yes,Cares about people like me,Black,Black,State questionnaire,Black,Non-white,Gotten better,Only Clinton or Both of them,Only Clinton,Only Clinton or Neither of them,South,Too liberal,Satisifed,Satisifed,,Female,Black women,Suburbs,Suburbs,Alabama,Election day exit poll,,,,,,,,No,,,,Version 2,0.309601962566376,No
416686.0,45-65,30-59,45-49,45+,18-49,45-59,40-49,Black 45-59,Black 45-59,Black 45-64,Hillary Clinton,A few times a month,Occasionally,Complete,Call 3,3.0,Not liberal enough,,,,College graduate,College graduate,More than High school graduate,Non white college degree,2.0,Angry,"Dissatisfied, but not angry or Angry",,,,100k or more,"$30,000 or more",50k or more,100 thousand or more,"$100,000-$199,999","$100,000-$199,999","Over $50,000 and non white",Only Clinton,Only Clinton or Both of them,Only Clinton or Neither of them,Terrorism,,,45+,18-64,Democrat,Black Democrat,Black Democrat,Democrat,Non-White Democrats,Moderate,Moderate or conservative,Moderate,73.0,Yes,Cares about people like me,Black,Black,State questionnaire,Black,Non-white,Gotten worse,Only Clinton or Both of them,Only Clinton,Only Clinton or Neither of them,South,Not liberal enough,Satisifed,Dissatisfied,,Male,Black men,Suburbs,Suburbs,Alabama,Election day exit poll,,,,,,,,No,,,,Version 2,0.573188960552216,No
409901.0,45-65,30-59,45-49,45+,18-49,45-59,40-49,Black 45-59,Black 45-59,Black 45-64,Hillary Clinton,More than once a week,Weekly,Complete,Call 2,1.0,About right,,,,Some college/assoc. degree,No college degree,More than High school graduate,Non white no college degree,4.0,"Satisfied, but not enthusiastic","Enthusiastic or satisfied, but not enthusiastic",,,,Less than 100k,"Under $30,000",Less than 50k,Less than 50 thousand,"Under $50,000","Under $30,000","Under $50,000 and non white",Only Clinton,Only Clinton or Both of them,Only Clinton or Neither of them,Terrorism,,,45+,18-64,Democrat,Black Democrat,Black Democrat,Democrat,Non-White Democrats,Very liberal,Liberal,Liberal,58.0,Yes,Has the right experience,Black,Black,State questionnaire,Black,Non-white,Gotten worse,Only Clinton or Both of them,Only Clinton,Only Clinton or Neither of them,South,Not liberal enough,Satisifed,Satisifed,,Female,Black women,"Cities 50,000-500,000","Cities over 50,000",Alabama,Election day exit poll,,,,,,,,No,,,,Version 2,0.239681139588356,No
409900.0,65+,60+,65 or over,45+,50+,60+,65+,Black 60+,Black 60+,Black 65+,Hillary Clinton,More than once a week,Weekly,Complete,Call 2,1.0,About right,,,,High school or less,No college degree,High school graduate or less,Non white no college degree,4.0,Enthusiastic,"Enthusiastic or satisfied, but not enthusiastic",,,,Less than 100k,"Under $30,000",Less than 50k,Less than 50 thousand,"Under $50,000","Under $30,000","Under $50,000 and non white",Only Clinton,Only Clinton or Both of them,Only Clinton or Neither of them,Income inequality,,,45+,65+,Democrat,Black Democrat,Black Democrat,Democrat,Non-White Democrats,Moderate,Moderate or conservative,Moderate,57.0,Yes,Honest and trustworthy,Black,Black,State questionnaire,Black,Non-white,Stayed about the same,Only Clinton or Both of them,Only Clinton,Only Clinton or Neither of them,South,About right,Satisifed,Satisifed,,Female,Black women,"Cities 50,000-500,000","Cities over 50,000",Alabama,Election day exit poll,,,,,,,,No,,,,Version 2,0.709039747714996,No
409889.0,45-65,30-59,50-59,45+,50+,45-59,50-64,Black 45-59,Black 45-59,Black 45-64,Hillary Clinton,More than once a week,Weekly,Complete,Call 2,7.0,About right,,,,Postgraduate study,College graduate,More than High school graduate,Non white college degree,3.0,"Satisfied, but not enthusiastic","Enthusiastic or satisfied, but not enthusiastic",,,,100k or more,"$30,000 or more",50k or more,100 thousand or more,"$100,000-$199,999","$100,000-$199,999","Over $50,000 and non white",Only Clinton,Only Clinton or Both of them,Only Clinton or Neither of them,Income inequality,,,45+,18-64,Democrat,Black Democrat,Black Democrat,Democrat,Non-White Democrats,Moderate,Moderate or conservative,Moderate,33.0,Yes,Cares about people like me,Black,Black,State questionnaire,Black,Non-white,Gotten worse,Only Clinton or Both of them,Only Clinton,Only Clinton or Neither of them,South,About right,Satisifed,Satisifed,,Male,Black men,"Cities 50,000-500,000","Cities over 50,000",Alabama,Election day exit poll,,,,,,,,No,,,,Version 2,1.98586225509644,No
417607.0,30-44,30-59,30-39,18-44,18-49,30-44,30-39,Black 30-44,Black 30-44,Black 30-44,Hillary Clinton,A few times a month,Occasionally,Not complete,Call 3,7.0,,,,,,,,,3.0,,,,,,,,,,,,,Only Clinton,Only Clinton or Both of them,Only Clinton or Neither of them,,,,18-44,18-64,,,,,,,,,33.0,No,,Black,Black,State questionnaire,Black,Non-white,Gotten worse,,,,South,,Satisifed,Dissatisfied,,Female,Black women,"Cities 50,000-500,000","Cities over 50,000",Alabama,Election day exit poll,,,,,,,,No,,,,Version 2,1.96797525882721,
410548.0,65+,60+,65 or over,45+,50+,60+,65+,Non-Black 60+,White 60+,White 65+,Hillary Clinton,Once a week,Weekly,Complete,Call 2,6.0,About right,,,,Postgraduate study,College graduate,More than High school graduate,White college degree,3.0,"Dissatisfied, but not angry","Dissatisfied, but not angry or Angry",,,,Less than 100k,"$30,000 or more",50k or more,50 to 100 thousand,"$50,000-$99,999","$50,000-$99,999","Over $50,000 and white",Both of them,Only Clinton or Both of them,Only Sanders or Both of them,Income inequality,,,45+,65+,Democrat,Non-black Democrat,White Democrat,Democrat,White Democrat,Somewhat liberal,Liberal,Liberal,26.0,Yes,Honest and trustworthy,White,White,State questionnaire,White,White,Stayed about the same,Only Clinton or Both of them,Only Clinton,Only Clinton or Neither of them,South,Not liberal enough,Satisifed,Dissatisfied,,Female,White women,"Cities 50,000-500,000","Cities over 50,000",Alabama,Election day exit poll,,,,,,,,No,,,,Version 2,1.59660649299622,No
404069.0,30-44,30-59,30-39,18-44,18-49,30-44,30-39,Black 30-44,Black 30-44,Black 30-44,Hillary Clinton,More than once a week,Weekly,Complete,Call 1,6.0,About right,,,,College graduate,College graduate,More than High school graduate,Non white college degree,2.0,Enthusiastic,"Enthusiastic or satisfied, but not enthusiastic",,,,Less than 100k,"$30,000 or more",50k or more,50 to 100 thousand,"$50,000-$99,999","$50,000-$99,999","Over $50,000 and non white",Both of them,Only Clinton or Both of them,Only Sanders or Both of them,Economy/Jobs,,,18-44,18-64,Democrat,Black Democrat,Black Democrat,Democrat,Non-White Democrats,Moderate,Moderate or conservative,Moderate,74.0,Yes,Has the right experience,Black,Black,State questionnaire,Black,Non-white,Gotten worse,Only Clinton or Both of them,Both of them,Only Sanders or Both of them,South,About right,Satisifed,Satisifed,,Female,Black women,Suburbs,Suburbs,Alabama,Election day exit poll,,,,,,,,No,,,,Version 2,0.323787450790405,No
410520.0,45-65,30-59,50-59,45+,50+,45-59,50-64,Black 45-59,Black 45-59,Black 45-64,Hillary Clinton,More than once a week,Weekly,Complete,Call 2,7.0,About right,,,,Some college/assoc. degree,No college degree,More than High school graduate,Non white no college degree,3.0,"Satisfied, but not enthusiastic","Enthusiastic or satisfied, but not enthusiastic",,,,Less than 100k,"Under $30,000",Less than 50k,Less than 50 thousand,"Under $50,000","Under $30,000","Under $50,000 and non white",Only Clinton,Only Clinton or Both of them,Only Clinton or Neither of them,Income inequality,,,45+,18-64,Democrat,Black Democrat,Black Democrat,Democrat,Non-White Democrats,,,,17.0,Yes,Cares about people like me,Black,Black,State questionnaire,Black,Non-white,Gotten worse,Only Clinton or Both of them,Only Clinton,Only Clinton or Neither of them,South,Too liberal,Satisifed,Dissatisfied,,Female,Black women,Rural,Small Cities/Rural,Alabama,Election day exit poll,,,,,,,,No,,,,Version 2,1.09682559967041,No
411755.0,30-44,30-59,30-39,18-44,18-49,30-44,30-39,Black 30-44,Black 30-44,Black 30-44,Hillary Clinton,Never,Never,Complete,Call 2,7.0,About right,,,,Some college/assoc. degree,No college degree,More than High school graduate,Non white no college degree,3.0,Angry,"Dissatisfied, but not angry or Angry",,,,Less than 100k,"$30,000 or more",Less than 50k,Less than 50 thousand,"Under $50,000","$30,000-$49,999","Under $50,000 and non white",Only Clinton,Only Clinton or Both of them,Only Clinton or Neither of them,Economy/Jobs,,,18-44,18-64,Democrat,Black Democrat,Black Democrat,Democrat,Non-White Democrats,Moderate,Moderate or conservative,Moderate,38.0,Yes,Cares about people like me,Black,Black,State questionnaire,Black,Non-white,Stayed about the same,Only Clinton or Both of them,Only Clinton,Only Clinton or Neither of them,South,Not liberal enough,Satisifed,Dissatisfied,,Female,Black women,"Cities 50,000-500,000","Cities over 50,000",Alabama,Election day exit poll,,,,,,,,No,,,,Version 2,1.0669504404068,No
409810.0,30-44,30-59,30-39,18-44,18-49,30-44,30-39,Non-Black 30-44,White 30-44,White 30-44,Hillary Clinton,A few times a year,Occasionally,Complete,Call 2,7.0,About right,,,,Postgraduate study,College graduate,More than High school graduate,White college degree,3.0,Omit,Omit,,,,100k or more,"$30,000 or more",50k or more,100 thousand or more,"$200,000 or more","$200,000 or more","Over $50,000 and white",Only Clinton,Only Clinton or Both of them,Only Clinton or Neither of them,Economy/Jobs,,,18-44,18-64,Democrat,Non-black Democrat,White Democrat,Democrat,White Democrat,Somewhat liberal,Liberal,Liberal,34.0,Yes,Has the right experience,White,White,State questionnaire,White,White,Gotten worse,Only Clinton or Both of them,Only Clinton,Only Clinton or Neither of them,South,Too liberal,Satisifed,Dissatisfied,,Female,White women,"Cities 50,000-500,000","Cities over 50,000",Alabama,Election day exit poll,,,,,,,,No,,,,Version 2,3.94754242897034,No
409795.0,45-65,30-59,50-59,45+,50+,45-59,50-64,Black 45-59,Black 45-59,Black 45-64,Hillary Clinton,More than once a week,Weekly,Complete,Call 2,3.0,About right,,,,College graduate,College graduate,More than High school graduate,Non white college degree,2.0,"Satisfied, but not enthusiastic","Enthusiastic or satisfied, but not enthusiastic",,,,100k or more,"$30,000 or more",50k or more,100 thousand or more,"$100,000-$199,999","$100,000-$199,999","Over $50,000 and non white",Only Clinton,Only Clinton or Both of them,Only Clinton or Neither of them,Economy/Jobs,,,45+,18-64,Independent/Something else,Black non-Democrat,Black Independent,Something else,All others,Moderate,Moderate or conservative,Moderate,7.0,No,Cares about people like me,Black,Black,State questionnaire,Black,Non-white,Gotten worse,Only Clinton or Both of them,Only Clinton,Only Clinton or Neither of them,South,Too liberal,Satisifed,Dissatisfied,,Female,Black women,Suburbs,Suburbs,Alabama,Election day exit poll,,,,,,,,No,,,,Version 2,0.182260245084763,No
409792.0,30-44,30-59,30-39,18-44,18-49,30-44,30-39,Black 30-44,Black 30-44,Black 30-44,Hillary Clinton,More than once a week,Weekly,Complete,Call 2,3.0,About right,,,,Some college/assoc. degree,No college degree,More than High school graduate,Non white no college degree,2.0,"Dissatisfied, but not angry","Dissatisfied, but not angry or Angry",,,,Less than 100k,"Under $30,000",Less than 50k,Less than 50 thousand,"Under $50,000","Under $30,000","Under $50,000 and non white",Only Clinton,Only Clinton or Both of them,Only Clinton or Neither of them,Health care,,,18-44,18-64,Democrat,Black Democrat,Black Democrat,Democrat,Non-White Democrats,Somewhat liberal,Liberal,Liberal,9.0,Yes,Cares about people like me,Black,Black,State questionnaire,Black,Non-white,Gotten worse,Only Clinton or Both of them,Only Clinton,Only Clinton or Neither of them,South,Not liberal enough,Satisifed,Satisifed,,Female,Black women,"Cities 10,000-50,000",Small Cities/Rural,Alabama,Election day exit poll,,,,,,,,No,,,,Version 2,0.647392630577087,No
409781.0,30-44,30-59,40-44,18-44,18-49,30-44,40-49,Black 30-44,Black 30-44,Black 30-44,Hillary Clinton,A few times a month,Occasionally,Complete,Call 2,3.0,About right,,,,College graduate,College graduate,More than High school graduate,Non white college degree,2.0,Enthusiastic,"Enthusiastic or satisfied, but not enthusiastic",,,,100k or more,"$30,000 or more",50k or more,100 thousand or more,"$100,000-$199,999","$100,000-$199,999","Over $50,000 and non white",Both of them,Only Clinton or Both of them,Only Sanders or Both of them,Economy/Jobs,,,18-44,18-64,Democrat,Black Democrat,Black Democrat,Democrat,Non-White Democrats,Somewhat liberal,Liberal,Liberal,73.0,Yes,Cares about people like me,Black,Black,State questionnaire,Black,Non-white,Gotten worse,Only Clinton or Both of them,Both of them,Only Sanders or Both of them,South,About right,Satisifed,Satisifed,,Female,Black women,Suburbs,Suburbs,Alabama,Election day exit poll,,,,,,,,No,,,,Version 2,0.573188960552216,No
409776.0,45-65,30-59,50-59,45+,50+,45-59,50-64,Black 45-59,Black 45-59,Black 45-64,Hillary Clinton,More than once a week,Weekly,Complete,Call 2,2.0,About right,,,,High school or less,No college degree,High school graduate or less,Non white no college degree,3.0,"Dissatisfied, but not angry","Dissatisfied, but not angry or Angry",,,,100k or more,"$30,000 or more",50k or more,100 thousand or more,"$100,000-$199,999","$100,000-$199,999","Over $50,000 and non white",Only Clinton,Only Clinton or Both of them,Only Clinton or Neither of them,Health care,,,45+,18-64,Democrat,Black Democrat,Black Democrat,Democrat,Non-White Democrats,Conservative,Moderate or conservative,Conservative,67.0,Yes,Honest and trustworthy,Black,Black,State questionnaire,Black,Non-white,Gotten better,Only Clinton or Both of them,Only Clinton,Only Clinton or Neither of them,South,About right,Satisifed,Dissatisfied,,Female,Black women,"Cities 50,000-500,000","Cities over 50,000",Alabama,Election day exit poll,,,,,,,,No,,,,Version 2,0.908496558666229,No
403977.0,30-44,30-59,30-39,18-44,18-49,30-44,30-39,Black 30-44,Black 30-44,Black 30-44,Hillary Clinton,A few times a year,Occasionally,Complete,Call 1,6.0,About right,,,,Postgraduate study,College graduate,More than High school graduate,Non white college degree,2.0,Enthusiastic,"Enthusiastic or satisfied, but not enthusiastic",,,,100k or more,"$30,000 or more",50k or more,100 thousand or more,"$100,000-$199,999","$100,000-$199,999","Over $50,000 and non white",Both of them,Only Clinton or Both of them,Only Sanders or Both of them,Health care,,,18-44,18-64,Democrat,Black Democrat,Black Democrat,Democrat,Non-White Democrats,Moderate,Moderate or conservative,Moderate,74.0,Yes,Has the right experience,Black,Black,State questionnaire,Black,Non-white,Gotten worse,Only Clinton or Both of them,Both of them,Only Sanders or Both of them,South,Not liberal enough,Satisifed,Satisifed,,Female,Black women,Suburbs,Suburbs,Alabama,Election day exit poll,,,,,,,,No,,,,Version 2,0.323787450790405,No
403976.0,30-44,30-59,30-39,18-44,18-49,30-44,30-39,Black 30-44,Black 30-44,Black 30-44,Hillary Clinton,A few times a year,Occasionally,Complete,Call 1,7.0,About right,,,,High school or less,No college degree,High school graduate or less,Non white no college degree,3.0,Angry,"Dissatisfied, but not angry or Angry",,,,Less than 100k,"Under $30,000",Less than 50k,Less than 50 thousand,"Under $50,000","Under $30,000","Under $50,000 and non white",Only Clinton,Only Clinton or Both of them,Only Clinton or Neither of them,Economy/Jobs,,,18-44,18-64,Democrat,Black Democrat,Black Democrat,Democrat,Non-White Democrats,Very liberal,Liberal,Liberal,38.0,Yes,Cares about people like me,Black,Black,State questionnaire,Black,Non-white,Stayed about the same,Only Clinton or Both of them,Only Clinton,Only Clinton or Neither of them,South,About right,Omit,Dissatisfied,,Male,Black men,"Cities 50,000-500,000","Cities over 50,000",Alabama,Election day exit poll,,,,,,,,No,,,,Version 2,1.07664787769318,No
403974.0,,,,,,,,,,,Hillary Clinton,Once a week,Weekly,Complete,Call 1,4.0,Not liberal enough,,,,High school or less,No college degree,High school graduate or less,White no college degree,1.0,"Dissatisfied, but not angry","Dissatisfied, but not angry or Angry",,,,Less than 100k,"Under $30,000",Less than 50k,Less than 50 thousand,"Under $50,000","Under $30,000","Under $50,000 and white",Only Sanders,Only Sanders or Neither of them,Only Sanders or Both of them,Economy/Jobs,,,,,Republican,Non-black non-Democrat,All Republicans,Republican,White Republican,Somewhat liberal,Liberal,Liberal,19.0,Yes,Honest and trustworthy,White,White,State questionnaire,White,White,Gotten better,Only Sanders or Neither of them,Neither of them,Only Clinton or Neither of them,South,Not liberal enough,Omit,Dissatisfied,,Male,White men,Rural,Small Cities/Rural,Alabama,Election day exit poll,,,,,,,,No,,,,Version 2,3.13410067558289,Yes
403967.0,30-44,30-59,40-44,18-44,18-49,30-44,40-49,Black 30-44,Black 30-44,Black 30-44,Hillary Clinton,A few times a month,Occasionally,Complete,Call 1,7.0,About right,,,,High school or less,No college degree,High school graduate or less,Non white no college degree,3.0,"Dissatisfied, but not angry","Dissatisfied, but not angry or Angry",,,,Less than 100k,"Under $30,000",Less than 50k,Less than 50 thousand,"Under $50,000","Under $30,000","Under $50,000 and non white",Only Clinton,Only Clinton or Both of them,Only Clinton or Neither of them,Income inequality,,,18-44,18-64,Democrat,Black Democrat,Black Democrat,Democrat,Non-White Democrats,Very liberal,Liberal,Liberal,17.0,Yes,Has the right experience,Black,Black,State questionnaire,Black,Non-white,Gotten worse,Only Clinton or Both of them,Only Clinton,Only Clinton or Neither of them,South,Not liberal enough,Satisifed,Dissatisfied,,Female,Black women,Rural,Small Cities/Rural,Alabama,Election day exit poll,,,,,,,,No,,,,Version 2,1.09682559967041,No
403962.0,65+,60+,65 or over,45+,50+,60+,65+,Non-Black 60+,White 60+,White 65+,Hillary Clinton,Once a week,Weekly,Complete,Call 1,6.0,About right,,,,Postgraduate study,College graduate,More than High school graduate,White college degree,2.0,"Satisfied, but not enthusiastic","Enthusiastic or satisfied, but not enthusiastic",,,,100k or more,"$30,000 or more",50k or more,100 thousand or more,"$100,000-$199,999","$100,000-$199,999","Over $50,000 and white",Only Clinton,Only Clinton or Both of them,Only Clinton or Neither of them,Health care,,,45+,65+,Democrat,Non-black Democrat,White Democrat,Democrat,White Democrat,Very liberal,Liberal,Liberal,77.0,Yes,Has the right experience,White,White,State questionnaire,White,White,Gotten worse,Only Clinton or Both of them,Both of them,Only Sanders or Both of them,South,Too liberal,Satisifed,Dissatisfied,,Female,White women,"Cities 50,000-500,000","Cities over 50,000",Alabama,Election day exit poll,,,,,,,,No,,,,Version 2,3.25828981399536,No
417471.0,65+,60+,65 or over,45+,50+,60+,65+,Black 60+,Black 60+,Black 65+,Hillary Clinton,More than once a week,Weekly,Complete,Call 3,1.0,About right,,,,Some college/assoc. degree,No college degree,More than High school graduate,Non white no college degree,4.0,"Satisfied, but not enthusiastic","Enthusiastic or satisfied, but not enthusiastic",,,,Less than 100k,"Under $30,000",Less than 50k,Less than 50 thousand,"Under $50,000","Under $30,000","Under $50,000 and non white",Only Clinton,Only Clinton or Both of them,Only Clinton or Neither of them,Economy/Jobs,,,45+,65+,Democrat,Black Democrat,Black Democrat,Democrat,Non-White Democrats,Moderate,Moderate or conservative,Moderate,1.0,Yes,Has the right experience,Black,Black,State questionnaire,Black,Non-white,Gotten better,Only Clinton or Both of them,Both of them,Only Sanders or Both of them,South,Too liberal,Satisifed,Satisifed,,Female,Black women,Suburbs,Suburbs,Alabama,Election day exit poll,,,,,,,,No,,,,Version 2,0.257346510887146,No
409731.0,45-65,60+,60-64,45+,50+,60+,50-64,Non-Black 60+,White 60+,White 45-64,Hillary Clinton,Never,Never,Complete,Call 2,3.0,About right,,,,High school or less,No college degree,High school graduate or less,White no college degree,2.0,"Satisfied, but not enthusiastic","Enthusiastic or satisfied, but not enthusiastic",,,,Less than 100k,"$30,000 or more",50k or more,50 to 100 thousand,"$50,000-$99,999","$50,000-$99,999","Over $50,000 and white",Only Clinton,Only Clinton or Both of them,Only Clinton or Neither of them,Income inequality,,,45+,18-64,Democrat,Non-black Democrat,White Democrat,Democrat,White Democrat,Very liberal,Liberal,Liberal,7.0,Yes,Has the right experience,White,White,State questionnaire,White,White,Stayed about the same,Only Clinton or Both of them,Both of them,Only Sanders or Both of them,South,About right,Satisifed,Satisifed,,Female,White women,Suburbs,Suburbs,Alabama,Election day exit poll,,,,,,,,No,,,,Version 2,0.727028369903564,No
404797.0,45-65,30-59,50-59,45+,50+,45-59,50-64,Black 45-59,Black 45-59,Black 45-64,Hillary Clinton,Once a week,Weekly,Complete,Call 1,6.0,About right,,,,College graduate,College graduate,More than High school graduate,Non white college degree,3.0,"Dissatisfied, but not angry","Dissatisfied, but not angry or Angry",,,,100k or more,"$30,000 or more",50k or more,100 thousand or more,"$100,000-$199,999","$100,000-$199,999","Over $50,000 and non white",Only Clinton,Only Clinton or Both of them,Only Clinton or Neither of them,Health care,,,45+,18-64,Democrat,Black Democrat,Black Democrat,Democrat,Non-White Democrats,Moderate,Moderate or conservative,Moderate,31.0,Yes,Honest and trustworthy,Black,Black,State questionnaire,Black,Non-white,Gotten worse,Only Clinton or Both of them,Only Clinton,Only Clinton or Neither of them,South,Not liberal enough,Satisifed,Dissatisfied,,Male,Black men,Suburbs,Suburbs,Alabama,Election day exit poll,,,,,,,,No,,,,Version 2,0.44044417142868,No
403923.0,45-65,60+,60-64,45+,50+,60+,50-64,Black 60+,Black 60+,Black 45-64,Hillary Clinton,More than once a week,Weekly,Complete,Call 1,7.0,About right,,,,High school or less,No college degree,High school graduate or less,Non white no college degree,3.0,Angry,"Dissatisfied, but not angry or Angry",,,,Less than 100k,"Under $30,000",Less than 50k,Less than 50 thousand,"Under $50,000","Under $30,000","Under $50,000 and non white",Both of them,Only Clinton or Both of them,Only Sanders or Both of them,Economy/Jobs,,,45+,18-64,Democrat,Black Democrat,Black Democrat,Democrat,Non-White Democrats,Conservative,Moderate or conservative,Conservative,38.0,Yes,Has the right experience,Black,Black,State questionnaire,Black,Non-white,Gotten worse,Only Clinton or Both of them,Only Clinton,Only Clinton or Neither of them,South,Not liberal enough,Satisifed,Dissatisfied,,Female,Black women,"Cities 50,000-500,000","Cities over 50,000",Alabama,Election day exit poll,,,,,,,,No,,,,Version 2,1.55212533473969,No
410392.0,45-65,30-59,45-49,45+,18-49,45-59,40-49,Black 45-59,Black 45-59,Black 45-64,Hillary Clinton,A few times a year,Occasionally,Complete,Call 2,5.0,About right,,,,College graduate,College graduate,More than High school graduate,Non white college degree,1.0,"Satisfied, but not enthusiastic","Enthusiastic or satisfied, but not enthusiastic",,,,Less than 100k,"Under $30,000",Less than 50k,Less than 50 thousand,"Under $50,000","Under $30,000","Under $50,000 and non white",Both of them,Only Clinton or Both of them,Only Sanders or Both of them,Economy/Jobs,,,45+,18-64,Democrat,Black Democrat,Black Democrat,Democrat,Non-White Democrats,Somewhat liberal,Liberal,Liberal,44.0,Yes,Has the right experience,Black,Black,State questionnaire,Black,Non-white,Gotten worse,Only Clinton or Both of them,Both of them,Only Sanders or Both of them,South,About right,Satisifed,Satisifed,,Female,Black women,"Cities 50,000-500,000","Cities over 50,000",Alabama,Election day exit poll,,,,,,,,No,,,,Version 2,0.56621778011322,No
410388.0,45-65,30-59,50-59,45+,50+,45-59,50-64,Black 45-59,Black 45-59,Black 45-64,Hillary Clinton,Once a week,Weekly,Complete,Call 2,1.0,About right,,,,College graduate,College graduate,More than High school graduate,Non white college degree,4.0,"Satisfied, but not enthusiastic","Enthusiastic or satisfied, but not enthusiastic",,,,Less than 100k,"Under $30,000",Less than 50k,Less than 50 thousand,"Under $50,000","Under $30,000","Under $50,000 and non white",Both of them,Only Clinton or Both of them,Only Sanders or Both of them,Economy/Jobs,,,45+,18-64,Independent/Something else,Black non-Democrat,Black Independent,Independent,All others,Moderate,Moderate or conservative,Moderate,1.0,Yes,Has the right experience,Black,Black,State questionnaire,Black,Non-white,Stayed about the same,Only Clinton or Both of them,Only Clinton,Only Clinton or Neither of them,South,Too liberal,Satisifed,Dissatisfied,,Male,Black men,Suburbs,Suburbs,Alabama,Election day exit poll,,,,,,,,No,,,,Version 2,0.21524304151535,No
409700.0,45-65,30-59,50-59,45+,50+,45-59,50-64,Black 45-59,Black 45-59,Black 45-64,Hillary Clinton,More than once a week,Weekly,Not complete,Call 2,2.0,,,,,,,,,3.0,,,,,,,,,,,,,Both of them,Only Clinton or Both of them,Only Sanders or Both of them,,,,45+,18-64,,,,,,,,,67.0,Yes,,Black,Black,State questionnaire,Black,Non-white,Omit,,,,South,,Satisifed,Dissatisfied,,Female,Black women,"Cities 50,000-500,000","Cities over 50,000",Alabama,Election day exit poll,,,,,,,,No,,,,Version 2,0.908496558666229,
403899.0,45-65,30-59,50-59,45+,50+,45-59,50-64,Black 45-59,Black 45-59,Black 45-64,Hillary Clinton,More than once a week,Weekly,Complete,Call 1,7.0,About right,,,,Postgraduate study,College graduate,More than High school graduate,Non white college degree,3.0,"Satisfied, but not enthusiastic","Enthusiastic or satisfied, but not enthusiastic",,,,Less than 100k,"$30,000 or more",50k or more,50 to 100 thousand,"$50,000-$99,999","$50,000-$99,999","Over $50,000 and non white",Only Clinton,Only Clinton or Both of them,Only Clinton or Neither of them,Omit,,,45+,18-64,Democrat,Black Democrat,Black Democrat,Democrat,Non-White Democrats,Moderate,Moderate or conservative,Moderate,17.0,Yes,Has the right experience,Black,Black,State questionnaire,Black,Non-white,Gotten worse,Only Clinton or Both of them,Both of them,Only Sanders or Both of them,South,About right,Satisifed,Satisifed,,Female,Black women,Rural,Small Cities/Rural,Alabama,Election day exit poll,,,,,,,,No,,,,Version 2,1.09682559967041,No
408484.0,30-44,30-59,40-44,18-44,18-49,30-44,40-49,Non-Black 30-44,White 30-44,White 30-44,Hillary Clinton,A few times a year,Occasionally,Complete,Call 2,5.0,Not liberal enough,,,,High school or less,No college degree,High school graduate or less,White no college degree,1.0,"Dissatisfied, but not angry","Dissatisfied, but not angry or Angry",,,,Less than 100k,"$30,000 or more",50k or more,50 to 100 thousand,"$50,000-$99,999","$50,000-$99,999","Over $50,000 and white",Both of them,Only Clinton or Both of them,Only Sanders or Both of them,Economy/Jobs,,,18-44,18-64,Democrat,Non-black Democrat,White Democrat,Democrat,White Democrat,Somewhat liberal,Liberal,Liberal,23.0,Yes,Has the right experience,White,White,State questionnaire,White,White,Gotten worse,Only Clinton or Both of them,Both of them,Only Sanders or Both of them,South,About right,Satisifed,Satisifed,,Male,White men,Rural,Small Cities/Rural,Alabama,Election day exit poll,,,,,,,,No,,,,Version 2,1.12943160533905,No
417394.0,30-44,30-59,30-39,18-44,18-49,30-44,30-39,Non-Black 30-44,White 30-44,White 30-44,Hillary Clinton,Once a week,Weekly,Complete,Call 3,6.0,About right,,,,Some college/assoc. degree,No college degree,More than High school graduate,White no college degree,2.0,Angry,"Dissatisfied, but not angry or Angry",,,,,,,,,,,Only Clinton,Only Clinton or Both of them,Only Clinton or Neither of them,Terrorism,,,18-44,18-64,Democrat,Non-black Democrat,White Democrat,Democrat,White Democrat,Somewhat liberal,Liberal,Liberal,5.0,Yes,Has the right experience,White,White,State questionnaire,White,White,Stayed about the same,Only Clinton or Both of them,Only Clinton,Only Clinton or Neither of them,South,Omit,Satisifed,Dissatisfied,,Female,White women,Suburbs,Suburbs,Alabama,Election day exit poll,,,,,,,,No,,,,Version 2,0.329093217849731,
403870.0,45-65,30-59,45-49,45+,18-49,45-59,40-49,Black 45-59,Black 45-59,Black 45-64,Hillary Clinton,Once a week,Weekly,Complete,Call 1,1.0,About right,,,,College graduate,College graduate,More than High school graduate,Non white college degree,4.0,"Satisfied, but not enthusiastic","Enthusiastic or satisfied, but not enthusiastic",,,,Less than 100k,"$30,000 or more",Less than 50k,Less than 50 thousand,"Under $50,000","$30,000-$49,999","Under $50,000 and non white",Both of them,Only Clinton or Both of them,Only Sanders or Both of them,Income inequality,,,45+,18-64,Democrat,Black Democrat,Black Democrat,Democrat,Non-White Democrats,Very liberal,Liberal,Liberal,59.0,Yes,Cares about people like me,Black,Black,State questionnaire,Black,Non-white,Gotten worse,Only Clinton or Both of them,Both of them,Only Sanders or Both of them,South,About right,Satisifed,Satisifed,,Female,Black women,"Cities 50,000-500,000","Cities over 50,000",Alabama,Election day exit poll,,,,,,,,No,,,,Version 2,0.328346014022827,No
403869.0,65+,60+,65 or over,45+,50+,60+,65+,Non-Black 60+,White 60+,White 65+,Hillary Clinton,A few times a year,Occasionally,Complete,Call 1,6.0,About right,,,,Some college/assoc. degree,No college degree,More than High school graduate,White no college degree,2.0,"Dissatisfied, but not angry","Dissatisfied, but not angry or Angry",,,,100k or more,"$30,000 or more",50k or more,100 thousand or more,"$200,000 or more","$200,000 or more","Over $50,000 and white",Both of them,Only Clinton or Both of them,Only Sanders or Both of them,Income inequality,,,45+,65+,Democrat,Non-black Democrat,White Democrat,Democrat,White Democrat,Somewhat liberal,Liberal,Liberal,77.0,Yes,Honest and trustworthy,White,White,State questionnaire,White,White,Gotten worse,Only Clinton or Both of them,Only Clinton,Only Clinton or Neither of them,South,Not liberal enough,Satisifed,Satisifed,,Female,White women,"Cities 50,000-500,000","Cities over 50,000",Alabama,Election day exit poll,,,,,,,,No,,,,Version 2,3.25828981399536,No
410346.0,65+,60+,65 or over,45+,50+,60+,65+,Non-Black 60+,White 60+,White 65+,Hillary Clinton,A few times a year,Occasionally,Complete,Call 2,5.0,About right,,,,Some college/assoc. degree,No college degree,More than High school graduate,White no college degree,1.0,Angry,"Dissatisfied, but not angry or Angry",,,,Less than 100k,"$30,000 or more",Less than 50k,Less than 50 thousand,"Under $50,000","$30,000-$49,999","Under $50,000 and white",Both of them,Only Clinton or Both of them,Only Sanders or Both of them,Health care,,,45+,65+,Democrat,Non-black Democrat,White Democrat,Democrat,White Democrat,Somewhat liberal,Liberal,Liberal,44.0,Yes,Has the right experience,White,White,State questionnaire,White,White,Stayed about the same,Only Clinton or Both of them,Both of them,Only Sanders or Both of them,South,About right,Satisifed,Satisifed,,Male,White men,"Cities 50,000-500,000","Cities over 50,000",Alabama,Election day exit poll,,,,,,,,No,,,,Version 2,2.20006489753723,Yes
403858.0,30-44,30-59,40-44,18-44,18-49,30-44,40-49,Non-Black 30-44,White 30-44,White 30-44,Hillary Clinton,Never,Never,Complete,Call 1,7.0,About right,,,,Postgraduate study,College graduate,More than High school graduate,White college degree,3.0,"Dissatisfied, but not angry","Dissatisfied, but not angry or Angry",,,,Less than 100k,"$30,000 or more",Less than 50k,Less than 50 thousand,"Under $50,000","$30,000-$49,999","Under $50,000 and white",Only Clinton,Only Clinton or Both of them,Only Clinton or Neither of them,Terrorism,,,18-44,18-64,Democrat,Non-black Democrat,White Democrat,Democrat,White Democrat,Very liberal,Liberal,Liberal,38.0,Yes,Has the right experience,White,White,State questionnaire,White,White,Stayed about the same,Only Clinton or Both of them,Only Clinton,Only Clinton or Neither of them,South,Omit,Satisifed,Dissatisfied,,Female,White women,"Cities 50,000-500,000","Cities over 50,000",Alabama,Election day exit poll,,,,,,,,No,,,,Version 2,2.14554929733276,No
410334.0,30-44,30-59,30-39,18-44,18-49,30-44,30-39,Black 30-44,Black 30-44,Black 30-44,Hillary Clinton,A few times a month,Occasionally,Complete,Call 2,1.0,About right,,,,Some college/assoc. degree,No college degree,More than High school graduate,Non white no college degree,4.0,"Dissatisfied, but not angry","Dissatisfied, but not angry or Angry",,,,Less than 100k,"Under $30,000",Less than 50k,Less than 50 thousand,"Under $50,000","Under $30,000","Under $50,000 and non white",Both of them,Only Clinton or Both of them,Only Sanders or Both of them,Economy/Jobs,,,18-44,18-64,Democrat,Black Democrat,Black Democrat,Democrat,Non-White Democrats,Moderate,Moderate or conservative,Moderate,1.0,Yes,Cares about people like me,Black,Black,State questionnaire,Black,Non-white,Stayed about the same,Only Clinton or Both of them,Only Clinton,Only Clinton or Neither of them,South,Too liberal,Satisifed,Dissatisfied,,Female,Black women,Suburbs,Suburbs,Alabama,Election day exit poll,,,,,,,,No,,,,Version 2,0.21524304151535,No
403848.0,30-44,30-59,30-39,18-44,18-49,30-44,30-39,Non-Black 30-44,White 30-44,White 30-44,Hillary Clinton,A few times a month,Occasionally,Complete,Call 1,7.0,About right,,,,Postgraduate study,College graduate,More than High school graduate,White college degree,3.0,"Dissatisfied, but not angry","Dissatisfied, but not angry or Angry",,,,Less than 100k,"$30,000 or more",50k or more,50 to 100 thousand,"$50,000-$99,999","$50,000-$99,999","Over $50,000 and white",Both of them,Only Clinton or Both of them,Only Sanders or Both of them,Income inequality,,,18-44,18-64,Democrat,Non-black Democrat,White Democrat,Democrat,White Democrat,Very liberal,Liberal,Liberal,33.0,No,Has the right experience,White,White,State questionnaire,White,White,Gotten worse,Only Clinton or Both of them,Both of them,Only Sanders or Both of them,South,About right,Satisifed,Satisifed,,Male,White men,"Cities 50,000-500,000","Cities over 50,000",Alabama,Election day exit poll,,,,,,,,No,,,,Version 2,3.95743608474731,No
403844.0,30-44,30-59,30-39,18-44,18-49,30-44,30-39,Black 30-44,Black 30-44,Black 30-44,Hillary Clinton,More than once a week,Weekly,Complete,Call 1,1.0,About right,,,,Some college/assoc. degree,No college degree,More than High school graduate,Non white no college degree,4.0,"Dissatisfied, but not angry","Dissatisfied, but not angry or Angry",,,,Less than 100k,"$30,000 or more",Less than 50k,Less than 50 thousand,"Under $50,000","$30,000-$49,999","Under $50,000 and non white",Only Clinton,Only Clinton or Both of them,Only Clinton or Neither of them,Income inequality,,,18-44,18-64,Democrat,Black Democrat,Black Democrat,Democrat,Non-White Democrats,Moderate,Moderate or conservative,Moderate,58.0,Yes,Has the right experience,Black,Black,State questionnaire,Black,Non-white,Gotten worse,Only Clinton or Both of them,Only Clinton,Only Clinton or Neither of them,South,Too liberal,Satisifed,Satisifed,,Female,Black women,"Cities 50,000-500,000","Cities over 50,000",Alabama,Election day exit poll,,,,,,,,No,,,,Version 2,0.239681139588356,No
417810.0,30-44,30-59,30-39,18-44,18-49,30-44,30-39,Black 30-44,Black 30-44,Black 30-44,Hillary Clinton,A few times a year,Occasionally,Complete,Call 3,6.0,About right,,,,Postgraduate study,College graduate,More than High school graduate,Non white college degree,2.0,"Satisfied, but not enthusiastic","Enthusiastic or satisfied, but not enthusiastic",,,,100k or more,"$30,000 or more",50k or more,100 thousand or more,"$200,000 or more","$200,000 or more","Over $50,000 and non white",Both of them,Only Clinton or Both of them,Only Sanders or Both of them,Economy/Jobs,,,18-44,18-64,Independent/Something else,Black non-Democrat,Black Independent,Something else,All others,Somewhat liberal,Liberal,Liberal,75.0,Yes,Can win in November,Black,Black,State questionnaire,Black,Non-white,Gotten worse,Only Clinton or Both of them,Both of them,Only Sanders or Both of them,South,About right,Satisifed,Satisifed,,Female,Black women,Suburbs,Suburbs,Alabama,Election day exit poll,,,,,,,,No,,,,Version 2,0.0958172753453255,No
403832.0,30-44,30-59,30-39,18-44,18-49,30-44,30-39,Black 30-44,Black 30-44,Black 30-44,Hillary Clinton,A few times a month,Occasionally,Complete,Call 1,6.0,About right,,,,Postgraduate study,College graduate,More than High school graduate,Non white college degree,2.0,Enthusiastic,"Enthusiastic or satisfied, but not enthusiastic",,,,100k or more,"$30,000 or more",50k or more,100 thousand or more,"$200,000 or more","$200,000 or more","Over $50,000 and non white",Both of them,Only Clinton or Both of them,Only Sanders or Both of them,Economy/Jobs,,,18-44,18-64,Democrat,Black Democrat,Black Democrat,Democrat,Non-White Democrats,Somewhat liberal,Liberal,Liberal,77.0,Yes,Cares about people like me,Black,Black,State questionnaire,Black,Non-white,Stayed about the same,Only Clinton or Both of them,Both of them,Only Sanders or Both of them,South,About right,Satisifed,Satisifed,,Female,Black women,"Cities 50,000-500,000","Cities over 50,000",Alabama,Election day exit poll,,,,,,,,No,,,,Version 2,0.816827416419983,No
403829.0,30-44,30-59,30-39,18-44,18-49,30-44,30-39,Non-Black 30-44,White 30-44,White 30-44,Hillary Clinton,Once a week,Weekly,Complete,Call 1,6.0,About right,,,,Some college/assoc. degree,No college degree,More than High school graduate,White no college degree,2.0,Angry,"Dissatisfied, but not angry or Angry",,,,Less than 100k,"Under $30,000",Less than 50k,Less than 50 thousand,"Under $50,000","Under $30,000","Under $50,000 and white",Neither of them,Only Sanders or Neither of them,Only Clinton or Neither of them,Terrorism,,,18-44,18-64,Independent/Something else,Non-black non-Democrat,White Independent,Something else,White Independent,Moderate,Moderate or conservative,Moderate,5.0,Yes,Cares about people like me,White,White,State questionnaire,White,White,Stayed about the same,Only Sanders or Neither of them,Neither of them,Only Clinton or Neither of them,South,Too liberal,Dissatisfied,Dissatisfied,,Female,White women,Suburbs,Suburbs,Alabama,Election day exit poll,,,,,,,,No,,,,Version 2,0.329093217849731,Yes
403820.0,45-65,30-59,50-59,45+,50+,45-59,50-64,Black 45-59,Black 45-59,Black 45-64,Hillary Clinton,More than once a week,Weekly,Complete,Call 1,7.0,About right,,,,High school or less,No college degree,High school graduate or less,Non white no college degree,3.0,"Dissatisfied, but not angry","Dissatisfied, but not angry or Angry",,,,Less than 100k,"Under $30,000",Less than 50k,Less than 50 thousand,"Under $50,000","Under $30,000","Under $50,000 and non white",Only Clinton,Only Clinton or Both of them,Only Clinton or Neither of them,Economy/Jobs,,,45+,18-64,Democrat,Black Democrat,Black Democrat,Democrat,Non-White Democrats,Moderate,Moderate or conservative,Moderate,17.0,Yes,Honest and trustworthy,Black,Black,State questionnaire,Black,Non-white,Stayed about the same,Only Clinton or Both of them,Only Clinton,Only Clinton or Neither of them,South,Omit,Satisifed,Dissatisfied,,Female,Black women,Rural,Small Cities/Rural,Alabama,Election day exit poll,,,,,,,,No,,,,Version 2,1.09682559967041,No
409607.0,65+,60+,65 or over,45+,50+,60+,65+,Black 60+,Black 60+,Black 65+,Hillary Clinton,Once a week,Weekly,Complete,Call 2,2.0,About right,,,,High school or less,No college degree,High school graduate or less,Non white no college degree,3.0,"Satisfied, but not enthusiastic","Enthusiastic or satisfied, but not enthusiastic",,,,Less than 100k,"Under $30,000",Less than 50k,Less than 50 thousand,"Under $50,000","Under $30,000","Under $50,000 and non white",Only Clinton,Only Clinton or Both of them,Only Clinton or Neither of them,Omit,,,45+,65+,Democrat,Black Democrat,Black Democrat,Democrat,Non-White Democrats,Conservative,Moderate or conservative,Conservative,67.0,Yes,Has the right experience,Black,Black,State questionnaire,Black,Non-white,Omit,Only Clinton or Both of them,Only Clinton,Only Clinton or Neither of them,South,About right,Satisifed,Satisifed,,Female,Black women,"Cities 50,000-500,000","Cities over 50,000",Alabama,Election day exit poll,,,,,,,,No,,,,Version 2,1.32161772251129,No
403800.0,45-65,30-59,50-59,45+,50+,45-59,50-64,Black 45-59,Black 45-59,Black 45-64,Hillary Clinton,More than once a week,Weekly,Complete,Call 1,7.0,About right,,,,Postgraduate study,College graduate,More than High school graduate,Non white college degree,3.0,"Dissatisfied, but not angry","Dissatisfied, but not angry or Angry",,,,100k or more,"$30,000 or more",50k or more,100 thousand or more,"$100,000-$199,999","$100,000-$199,999","Over $50,000 and non white",Both of them,Only Clinton or Both of them,Only Sanders or Both of them,Economy/Jobs,,,45+,18-64,Independent/Something else,Black non-Democrat,Black Independent,Independent,All others,Moderate,Moderate or conservative,Moderate,34.0,Yes,Has the right experience,Black,Black,State questionnaire,Black,Non-white,Gotten worse,Only Clinton or Both of them,Both of them,Only Sanders or Both of them,South,Too liberal,Satisifed,Satisifed,,Female,Black women,"Cities 50,000-500,000","Cities over 50,000",Alabama,Election day exit poll,,,,,,,,No,,,,Version 2,1.96305537223816,No
403791.0,45-65,30-59,45-49,45+,18-49,45-59,40-49,Non-Black 45-59,White 45-59,White 45-64,Hillary Clinton,More than once a week,Weekly,Complete,Call 1,5.0,About right,,,,High school or less,No college degree,High school graduate or less,White no college degree,1.0,"Dissatisfied, but not angry","Dissatisfied, but not angry or Angry",,,,Less than 100k,"$30,000 or more",Less than 50k,Less than 50 thousand,"Under $50,000","$30,000-$49,999","Under $50,000 and white",Only Clinton,Only Clinton or Both of them,Only Clinton or Neither of them,Economy/Jobs,,,45+,18-64,Independent/Something else,Non-black non-Democrat,White Independent,Independent,White Independent,Very liberal,Liberal,Liberal,46.0,Yes,Has the right experience,White,White,State questionnaire,White,White,Gotten worse,Only Clinton or Both of them,Both of them,Only Sanders or Both of them,South,Not liberal enough,Satisifed,Dissatisfied,,Female,White women,"Cities 50,000-500,000","Cities over 50,000",Alabama,Election day exit poll,,,,,,,,No,,,,Version 2,1.568807721138,Yes
403776.0,45-65,30-59,50-59,45+,50+,45-59,50-64,Non-Black 45-59,White 45-59,White 45-64,Hillary Clinton,Never,Never,Complete,Call 1,6.0,Not liberal enough,,,,Postgraduate study,College graduate,More than High school graduate,White college degree,2.0,Enthusiastic,"Enthusiastic or satisfied, but not enthusiastic",,,,100k or more,"$30,000 or more",50k or more,100 thousand or more,"$200,000 or more","$200,000 or more","Over $50,000 and white",Both of them,Only Clinton or Both of them,Only Sanders or Both of them,Income inequality,,,45+,18-64,Democrat,Non-black Democrat,White Democrat,Democrat,White Democrat,Very liberal,Liberal,Liberal,5.0,Yes,Can win in November,White,White,State questionnaire,White,White,Stayed about the same,Only Clinton or Both of them,Both of them,Only Sanders or Both of them,South,About right,Satisifed,Satisifed,,Male,White men,Suburbs,Suburbs,Alabama,Election day exit poll,,,,,,,,No,,,,Version 2,0.329093217849731,No
403755.0,65+,60+,65 or over,45+,50+,60+,65+,Black 60+,Black 60+,Black 65+,Hillary Clinton,Once a week,Weekly,Complete,Call 1,2.0,About right,,,,Some college/assoc. degree,No college degree,More than High school graduate,Non white no college degree,3.0,Enthusiastic,"Enthusiastic or satisfied, but not enthusiastic",,,,Less than 100k,"$30,000 or more",Less than 50k,Less than 50 thousand,"Under $50,000","$30,000-$49,999","Under $50,000 and non white",Only Clinton,Only Clinton or Both of them,Only Clinton or Neither of them,Income inequality,,,45+,65+,Democrat,Black Democrat,Black Democrat,Democrat,Non-White Democrats,Moderate,Moderate or conservative,Moderate,69.0,Yes,Cares about people like me,Black,Black,State questionnaire,Black,Non-white,Gotten worse,Only Clinton or Both of them,Only Clinton,Only Clinton or Neither of them,South,Not liberal enough,Satisifed,Dissatisfied,,Female,Black women,Suburbs,Suburbs,Alabama,Election day exit poll,,,,,,,,No,,,,Version 2,1.38805997371674,No
403735.0,45-65,30-59,50-59,45+,50+,45-59,50-64,Black 45-59,Black 45-59,Black 45-64,Hillary Clinton,Once a week,Weekly,Complete,Call 1,7.0,About right,,,,College graduate,College graduate,More than High school graduate,Non white college degree,3.0,"Satisfied, but not enthusiastic","Enthusiastic or satisfied, but not enthusiastic",,,,Less than 100k,"$30,000 or more",Less than 50k,Less than 50 thousand,"Under $50,000","$30,000-$49,999","Under $50,000 and non white",Only Clinton,Only Clinton or Both of them,Only Clinton or Neither of them,Terrorism,,,45+,18-64,Democrat,Black Democrat,Black Democrat,Democrat,Non-White Democrats,Moderate,Moderate or conservative,Moderate,34.0,Yes,Has the right experience,Black,Black,State questionnaire,Black,Non-white,Gotten better,Only Clinton or Both of them,Both of them,Only Sanders or Both of them,South,Too liberal,Satisifed,Dissatisfied,,Female,Black women,"Cities 50,000-500,000","Cities over 50,000",Alabama,Election day exit poll,,,,,,,,No,,,,Version 2,1.96305537223816,No
403731.0,45-65,30-59,45-49,45+,18-49,45-59,40-49,Black 45-59,Black 45-59,Black 45-64,Hillary Clinton,A few times a month,Occasionally,Complete,Call 1,3.0,Not liberal enough,,,,College graduate,College graduate,More than High school graduate,Non white college degree,2.0,Angry,"Dissatisfied, but not angry or Angry",,,,100k or more,"$30,000 or more",50k or more,100 thousand or more,"$100,000-$199,999","$100,000-$199,999","Over $50,000 and non white",Only Clinton,Only Clinton or Both of them,Only Clinton or Neither of them,Terrorism,,,45+,18-64,Democrat,Black Democrat,Black Democrat,Democrat,Non-White Democrats,Conservative,Moderate or conservative,Conservative,73.0,Yes,Cares about people like me,Black,Black,State questionnaire,Black,Non-white,Gotten worse,Only Clinton or Both of them,Only Clinton,Only Clinton or Neither of them,South,Not liberal enough,Satisifed,Dissatisfied,,Male,Black men,Suburbs,Suburbs,Alabama,Election day exit poll,,,,,,,,No,,,,Version 2,0.573188960552216,No
403716.0,45-65,30-59,50-59,45+,50+,45-59,50-64,Non-Black 45-59,White 45-59,White 45-64,Hillary Clinton,Never,Never,Complete,Call 1,4.0,Not liberal enough,,,,High school or less,No college degree,High school graduate or less,White no college degree,1.0,Angry,"Dissatisfied, but not angry or Angry",,,,Less than 100k,"$30,000 or more",50k or more,50 to 100 thousand,"$50,000-$99,999","$50,000-$99,999","Over $50,000 and white",Both of them,Only Clinton or Both of them,Only Sanders or Both of them,Economy/Jobs,,,45+,18-64,Independent/Something else,Non-black non-Democrat,White Independent,Something else,White Independent,Moderate,Moderate or conservative,Moderate,16.0,Yes,Has the right experience,White,White,State questionnaire,White,White,Stayed about the same,Only Clinton or Both of them,Both of them,Only Sanders or Both of them,South,Not liberal enough,Satisifed,Satisifed,,Male,White men,Rural,Small Cities/Rural,Alabama,Election day exit poll,,,,,,,,No,,,,Version 2,0.908074796199799,No
403708.0,45-65,30-59,50-59,45+,50+,45-59,50-64,Non-Black 45-59,White 45-59,White 45-64,Hillary Clinton,Once a week,Weekly,Complete,Call 1,4.0,About right,,,,Some college/assoc. degree,No college degree,More than High school graduate,White no college degree,1.0,Angry,"Dissatisfied, but not angry or Angry",,,,100k or more,"$30,000 or more",50k or more,100 thousand or more,"$100,000-$199,999","$100,000-$199,999","Over $50,000 and white",Only Clinton,Only Clinton or Both of them,Only Clinton or Neither of them,Economy/Jobs,,,45+,18-64,Independent/Something else,Non-black non-Democrat,White Independent,Independent,White Independent,Conservative,Moderate or conservative,Conservative,19.0,Yes,Has the right experience,White,White,State questionnaire,White,White,Stayed about the same,Only Clinton or Both of them,Only Clinton,Only Clinton or Neither of them,South,Too liberal,Satisifed,Satisifed,,Male,White men,Rural,Small Cities/Rural,Alabama,Election day exit poll,,,,,,,,No,,,,Version 2,3.13410067558289,No
418111.0,45-65,30-59,45-49,45+,18-49,45-59,40-49,Black 45-59,Black 45-59,Black 45-64,Hillary Clinton,Once a week,Weekly,Complete,Call 3,1.0,About right,,,,High school or less,No college degree,High school graduate or less,Non white no college degree,4.0,"Satisfied, but not enthusiastic","Enthusiastic or satisfied, but not enthusiastic",,,,100k or more,"$30,000 or more",50k or more,100 thousand or more,"$100,000-$199,999","$100,000-$199,999","Over $50,000 and non white",Only Clinton,Only Clinton or Both of them,Only Clinton or Neither of them,Terrorism,,,45+,18-64,Democrat,Black Democrat,Black Democrat,Democrat,Non-White Democrats,Moderate,Moderate or conservative,Moderate,62.0,Yes,Has the right experience,Black,Black,State questionnaire,Black,Non-white,Gotten worse,Only Clinton or Both of them,Only Clinton,Only Clinton or Neither of them,South,Not liberal enough,Satisifed,Satisifed,,Female,Black women,Suburbs,Suburbs,Alabama,Election day exit poll,,,,,,,,No,,,,Version 2,0.420284748077393,No
405635.0,65+,60+,65 or over,45+,50+,60+,65+,Non-Black 60+,White 60+,White 65+,Hillary Clinton,More than once a week,Weekly,Complete,Call 1,1.0,About right,,,,Some college/assoc. degree,No college degree,More than High school graduate,White no college degree,4.0,"Dissatisfied, but not angry","Dissatisfied, but not angry or Angry",,,,Less than 100k,"$30,000 or more",Less than 50k,Less than 50 thousand,"Under $50,000","$30,000-$49,999","Under $50,000 and white",Only Clinton,Only Clinton or Both of them,Only Clinton or Neither of them,Omit,,,45+,65+,Democrat,Non-black Democrat,White Democrat,Democrat,White Democrat,Moderate,Moderate or conservative,Moderate,62.0,Yes,Honest and trustworthy,White,White,State questionnaire,White,White,Omit,Only Clinton or Both of them,Both of them,Only Sanders or Both of them,South,Omit,Satisifed,Dissatisfied,,Male,White men,Suburbs,Suburbs,Alabama,Election day exit poll,,,,,,,,No,,,,Version 2,1.64758133888245,Yes
403701.0,45-65,30-59,50-59,45+,50+,45-59,50-64,Black 45-59,Black 45-59,Black 45-64,Hillary Clinton,More than once a week,Weekly,Complete,Call 1,1.0,About right,,,,College graduate,College graduate,More than High school graduate,Non white college degree,4.0,"Satisfied, but not enthusiastic","Enthusiastic or satisfied, but not enthusiastic",,,,Less than 100k,"$30,000 or more",50k or more,50 to 100 thousand,"$50,000-$99,999","$50,000-$99,999","Over $50,000 and non white",Only Clinton,Only Clinton or Both of them,Only Clinton or Neither of them,Economy/Jobs,,,45+,18-64,Democrat,Black Democrat,Black Democrat,Democrat,Non-White Democrats,Moderate,Moderate or conservative,Moderate,58.0,Yes,Cares about people like me,Black,Black,State questionnaire,Black,Non-white,Gotten worse,Only Clinton or Both of them,Only Clinton,Only Clinton or Neither of them,South,Too liberal,Satisifed,Dissatisfied,,Female,Black women,"Cities 50,000-500,000","Cities over 50,000",Alabama,Election day exit poll,,,,,,,,No,,,,Version 2,0.239681139588356,No
403693.0,45-65,30-59,45-49,45+,18-49,45-59,40-49,Black 45-59,Black 45-59,Black 45-64,Hillary Clinton,Once a week,Weekly,Complete,Call 1,7.0,About right,,,,Some college/assoc. degree,No college degree,More than High school graduate,Non white no college degree,3.0,Enthusiastic,"Enthusiastic or satisfied, but not enthusiastic",,,,100k or more,"$30,000 or more",50k or more,100 thousand or more,"$200,000 or more","$200,000 or more","Over $50,000 and non white",Only Clinton,Only Clinton or Both of them,Only Clinton or Neither of them,Income inequality,,,45+,18-64,Democrat,Black Democrat,Black Democrat,Democrat,Non-White Democrats,Very liberal,Liberal,Liberal,33.0,Yes,Has the right experience,Black,Black,State questionnaire,Black,Non-white,Gotten better,Only Clinton or Both of them,Only Clinton,Only Clinton or Neither of them,South,Not liberal enough,Satisifed,Dissatisfied,,Female,Black women,"Cities 50,000-500,000","Cities over 50,000",Alabama,Election day exit poll,,,,,,,,No,,,,Version 2,1.96797525882721,No
405611.0,45-65,60+,60-64,45+,50+,60+,50-64,Black 60+,Black 60+,Black 45-64,Hillary Clinton,More than once a week,Weekly,Complete,Call 1,1.0,About right,,,,Postgraduate study,College graduate,More than High school graduate,Non white college degree,4.0,Enthusiastic,"Enthusiastic or satisfied, but not enthusiastic",,,,Less than 100k,"$30,000 or more",50k or more,50 to 100 thousand,"$50,000-$99,999","$50,000-$99,999","Over $50,000 and non white",Only Clinton,Only Clinton or Both of them,Only Clinton or Neither of them,Economy/Jobs,,,45+,18-64,Democrat,Black Democrat,Black Democrat,Democrat,Non-White Democrats,Moderate,Moderate or conservative,Moderate,62.0,Yes,Has the right experience,Black,Black,State questionnaire,Black,Non-white,Gotten worse,Only Clinton or Both of them,Only Clinton,Only Clinton or Neither of them,South,Too liberal,Satisifed,Omit,,Male,Black men,Suburbs,Suburbs,Alabama,Election day exit poll,,,,,,,,No,,,,Version 2,0.507063388824463,No
403662.0,18-29,18-29,18-24,18-44,18-49,18-29,18-24,Black 18-29,Black 18-29,Black 18-29,Hillary Clinton,More than once a week,Weekly,Complete,Call 1,7.0,About right,,,,College graduate,College graduate,More than High school graduate,Non white college degree,3.0,Enthusiastic,"Enthusiastic or satisfied, but not enthusiastic",,,,Less than 100k,"$30,000 or more",Less than 50k,Less than 50 thousand,"Under $50,000","$30,000-$49,999","Under $50,000 and non white",Only Clinton,Only Clinton or Both of them,Only Clinton or Neither of them,Income inequality,,,18-44,18-64,Democrat,Black Democrat,Black Democrat,Democrat,Non-White Democrats,Very liberal,Liberal,Liberal,33.0,Yes,Honest and trustworthy,Black,Black,State questionnaire,Black,Non-white,Stayed about the same,Only Clinton or Both of them,Only Clinton,Only Clinton or Neither of them,South,About right,Satisifed,Satisifed,,Male,Black men,"Cities 50,000-500,000","Cities over 50,000",Alabama,Election day exit poll,,,,,,,,No,,,,Version 2,2.18826103210449,No
403660.0,45-65,60+,60-64,45+,50+,60+,50-64,Black 60+,Black 60+,Black 45-64,Hillary Clinton,More than once a week,Weekly,Not complete,Call 1,3.0,,,,,,,,,2.0,,,,,,,,,,,,,Omit,Omit,Omit,,,,45+,18-64,,,,,,,,,73.0,Yes,,Black,Black,State questionnaire,Black,Non-white,Gotten better,,,,South,,Satisifed,Dissatisfied,,Male,Black men,Suburbs,Suburbs,Alabama,Election day exit poll,,,,,,,,No,,,,Version 2,0.724464178085327,
409452.0,30-44,30-59,40-44,18-44,18-49,30-44,40-49,Black 30-44,Black 30-44,Black 30-44,Hillary Clinton,Once a week,Weekly,Complete,Call 2,2.0,About right,,,,High school or less,No college degree,High school graduate or less,Non white no college degree,3.0,Angry,"Dissatisfied, but not angry or Angry",,,,Less than 100k,"Under $30,000",Less than 50k,Less than 50 thousand,"Under $50,000","Under $30,000","Under $50,000 and non white",Only Clinton,Only Clinton or Both of them,Only Clinton or Neither of them,Omit,,,18-44,18-64,Democrat,Black Democrat,Black Democrat,Democrat,Non-White Democrats,Moderate,Moderate or conservative,Moderate,67.0,Yes,Has the right experience,Black,Black,State questionnaire,Black,Non-white,Omit,Only Clinton or Both of them,Only Clinton,Only Clinton or Neither of them,South,Omit,Satisifed,Satisifed,,Female,Black women,"Cities 50,000-500,000","Cities over 50,000",Alabama,Election day exit poll,,,,,,,,No,,,,Version 2,0.908496558666229,No
416696.0,30-44,30-59,30-39,18-44,18-49,30-44,30-39,Black 30-44,Black 30-44,Black 30-44,Hillary Clinton,A few times a month,Occasionally,Complete,Call 3,5.0,About right,,,,College graduate,College graduate,More than High school graduate,Non white college degree,1.0,"Dissatisfied, but not angry","Dissatisfied, but not angry or Angry",,,,Less than 100k,"$30,000 or more",Less than 50k,Less than 50 thousand,"Under $50,000","$30,000-$49,999","Under $50,000 and non white",Only Clinton,Only Clinton or Both of them,Only Clinton or Neither of them,Income inequality,,,18-44,18-64,Democrat,Black Democrat,Black Democrat,Democrat,Non-White Democrats,Moderate,Moderate or conservative,Moderate,44.0,Yes,Honest and trustworthy,Black,Black,State questionnaire,Black,Non-white,Stayed about the same,Only Clinton or Both of them,Only Clinton,Only Clinton or Neither of them,South,Not liberal enough,Satisifed,Dissatisfied,,Female,Black women,"Cities 50,000-500,000","Cities over 50,000",Alabama,Election day exit poll,,,,,,,,No,,,,Version 2,0.56621778011322,No
403635.0,45-65,30-59,50-59,45+,50+,45-59,50-64,Non-Black 45-59,White 45-59,White 45-64,Hillary Clinton,More than once a week,Weekly,Complete,Call 1,4.0,About right,,,,High school or less,No college degree,High school graduate or less,White no college degree,1.0,Enthusiastic,"Enthusiastic or satisfied, but not enthusiastic",,,,Less than 100k,"Under $30,000",Less than 50k,Less than 50 thousand,"Under $50,000","Under $30,000","Under $50,000 and white",Both of them,Only Clinton or Both of them,Only Sanders or Both of them,Income inequality,,,45+,18-64,Democrat,Non-black Democrat,White Democrat,Democrat,White Democrat,Somewhat liberal,Liberal,Liberal,19.0,Yes,Has the right experience,White,White,State questionnaire,White,White,Stayed about the same,Only Clinton or Both of them,Both of them,Only Sanders or Both of them,South,About right,Satisifed,Dissatisfied,,Male,White men,Rural,Small Cities/Rural,Alabama,Election day exit poll,,,,,,,,No,,,,Version 2,3.13410067558289,Yes
403633.0,18-29,18-29,25-29,18-44,18-49,18-29,25-29,Black 18-29,Black 18-29,Black 18-29,Hillary Clinton,More than once a week,Weekly,Complete,Call 1,1.0,About right,,,,Some college/assoc. degree,No college degree,More than High school graduate,Non white no college degree,4.0,"Satisfied, but not enthusiastic","Enthusiastic or satisfied, but not enthusiastic",,,,Less than 100k,"Under $30,000",Less than 50k,Less than 50 thousand,"Under $50,000","Under $30,000","Under $50,000 and non white",Only Clinton,Only Clinton or Both of them,Only Clinton or Neither of them,Income inequality,,,18-44,18-64,Democrat,Black Democrat,Black Democrat,Democrat,Non-White Democrats,Somewhat liberal,Liberal,Liberal,58.0,Yes,Has the right experience,Black,Black,State questionnaire,Black,Non-white,Gotten worse,Only Clinton or Both of them,Only Clinton,Only Clinton or Neither of them,South,About right,Satisifed,Satisifed,,Female,Black women,"Cities 50,000-500,000","Cities over 50,000",Alabama,Election day exit poll,,,,,,,,No,,,,Version 2,0.239681139588356,No
409405.0,45-65,30-59,50-59,45+,50+,45-59,50-64,Black 45-59,Black 45-59,Black 45-64,Hillary Clinton,More than once a week,Weekly,Complete,Call 2,2.0,About right,,,,College graduate,College graduate,More than High school graduate,Non white college degree,3.0,"Satisfied, but not enthusiastic","Enthusiastic or satisfied, but not enthusiastic",,,,Less than 100k,"$30,000 or more",50k or more,50 to 100 thousand,"$50,000-$99,999","$50,000-$99,999","Over $50,000 and non white",Only Clinton,Only Clinton or Both of them,Only Clinton or Neither of them,Health care,,,45+,18-64,Democrat,Black Democrat,Black Democrat,Democrat,Non-White Democrats,Moderate,Moderate or conservative,Moderate,67.0,Yes,Cares about people like me,Black,Black,State questionnaire,Black,Non-white,Stayed about the same,Only Clinton or Both of them,Both of them,Only Sanders or Both of them,South,Not liberal enough,Satisifed,Satisifed,,Female,Black women,"Cities 50,000-500,000","Cities over 50,000",Alabama,Election day exit poll,,,,,,,,No,,,,Version 2,0.908496558666229,No
418008.0,30-44,30-59,40-44,18-44,18-49,30-44,40-49,Black 30-44,Black 30-44,Black 30-44,Hillary Clinton,More than once a week,Weekly,Complete,Call 3,6.0,About right,,,,Some college/assoc. degree,No college degree,More than High school graduate,Non white no college degree,2.0,"Dissatisfied, but not angry","Dissatisfied, but not angry or Angry",,,,Less than 100k,"$30,000 or more",50k or more,50 to 100 thousand,"$50,000-$99,999","$50,000-$99,999","Over $50,000 and non white",Only Clinton,Only Clinton or Both of them,Only Clinton or Neither of them,Economy/Jobs,,,18-44,18-64,Democrat,Black Democrat,Black Democrat,Democrat,Non-White Democrats,Moderate,Moderate or conservative,Moderate,75.0,Yes,Has the right experience,Black,Black,State questionnaire,Black,Non-white,Gotten worse,Only Clinton or Both of them,Only Clinton,Only Clinton or Neither of them,South,Too liberal,Satisifed,Dissatisfied,,Female,Black women,Suburbs,Suburbs,Alabama,Election day exit poll,,,,,,,,No,,,,Version 2,0.0958172753453255,No
403595.0,65+,60+,65 or over,45+,50+,60+,65+,Black 60+,Black 60+,Black 65+,Hillary Clinton,More than once a week,Weekly,Complete,Call 1,1.0,Too liberal,,,,Some college/assoc. degree,No college degree,More than High school graduate,Non white no college degree,4.0,Enthusiastic,"Enthusiastic or satisfied, but not enthusiastic",,,,Less than 100k,"$30,000 or more",50k or more,50 to 100 thousand,"$50,000-$99,999","$50,000-$99,999","Over $50,000 and non white",Only Clinton,Only Clinton or Both of them,Only Clinton or Neither of them,Health care,,,45+,65+,Democrat,Black Democrat,Black Democrat,Democrat,Non-White Democrats,Very liberal,Liberal,Liberal,57.0,Yes,Can win in November,Black,Black,State questionnaire,Black,Non-white,Stayed about the same,Only Clinton or Both of them,Only Clinton,Only Clinton or Neither of them,South,Too liberal,Satisifed,Dissatisfied,,Male,Black men,"Cities 50,000-500,000","Cities over 50,000",Alabama,Election day exit poll,,,,,,,,No,,,,Version 2,0.715484201908112,No
417111.0,18-29,18-29,18-24,18-44,18-49,18-29,18-24,Non-Black 18-29,White 18-29,White 18-29,Hillary Clinton,A few times a month,Occasionally,Complete,Call 3,1.0,About right,,,,High school or less,No college degree,High school graduate or less,White no college degree,4.0,"Satisfied, but not enthusiastic","Enthusiastic or satisfied, but not enthusiastic",,,,Less than 100k,"Under $30,000",Less than 50k,Less than 50 thousand,"Under $50,000","Under $30,000","Under $50,000 and white",Only Clinton,Only Clinton or Both of them,Only Clinton or Neither of them,Income inequality,,,18-44,18-64,Democrat,Non-black Democrat,White Democrat,Democrat,White Democrat,Very liberal,Liberal,Liberal,59.0,No,Can win in November,White,White,State questionnaire,White,White,Gotten worse,Only Clinton or Both of them,Only Clinton,Only Clinton or Neither of them,South,Too liberal,Satisifed,Dissatisfied,,Female,White women,"Cities 50,000-500,000","Cities over 50,000",Alabama,Election day exit poll,,,,,,,,No,,,,Version 2,1.2302348613739,Yes
403591.0,30-44,30-59,40-44,18-44,18-49,30-44,40-49,Non-Black 30-44,White 30-44,White 30-44,Hillary Clinton,Once a week,Weekly,Complete,Call 1,4.0,About right,,,,Postgraduate study,College graduate,More than High school graduate,White college degree,1.0,"Satisfied, but not enthusiastic","Enthusiastic or satisfied, but not enthusiastic",,,,Less than 100k,"$30,000 or more",50k or more,50 to 100 thousand,"$50,000-$99,999","$50,000-$99,999","Over $50,000 and white",Only Clinton,Only Clinton or Both of them,Only Clinton or Neither of them,Terrorism,,,18-44,18-64,Independent/Something else,Non-black non-Democrat,White Independent,Independent,White Independent,Conservative,Moderate or conservative,Conservative,19.0,Yes,Honest and trustworthy,White,White,State questionnaire,White,White,Gotten worse,Only Clinton or Both of them,Both of them,Only Sanders or Both of them,South,About right,Satisifed,Satisifed,,Male,White men,Rural,Small Cities/Rural,Alabama,Election day exit poll,,,,,,,,No,,,,Version 2,3.13410067558289,No
403588.0,18-29,18-29,25-29,18-44,18-49,18-29,25-29,Black 18-29,Black 18-29,Black 18-29,Hillary Clinton,More than once a week,Weekly,Complete,Call 1,5.0,About right,,,,College graduate,College graduate,More than High school graduate,Non white college degree,1.0,"Satisfied, but not enthusiastic","Enthusiastic or satisfied, but not enthusiastic",,,,100k or more,"$30,000 or more",50k or more,100 thousand or more,"$100,000-$199,999","$100,000-$199,999","Over $50,000 and non white",Only Clinton,Only Clinton or Both of them,Only Clinton or Neither of them,Economy/Jobs,,,18-44,18-64,Democrat,Black Democrat,Black Democrat,Democrat,Non-White Democrats,Very liberal,Liberal,Liberal,46.0,Yes,Cares about people like me,Black,Black,State questionnaire,Black,Non-white,Gotten worse,Only Clinton or Both of them,Both of them,Only Sanders or Both of them,South,Not liberal enough,Satisifed,Dissatisfied,,Male,Black men,"Cities 50,000-500,000","Cities over 50,000",Alabama,Election day exit poll,,,,,,,,No,,,,Version 2,0.42243966460228,No
417101.0,65+,60+,65 or over,45+,50+,60+,65+,Black 60+,Black 60+,Black 65+,Hillary Clinton,Once a week,Weekly,Complete,Call 3,3.0,Omit,,,,High school or less,No college degree,High school graduate or less,Non white no college degree,2.0,Angry,"Dissatisfied, but not angry or Angry",,,,Less than 100k,"$30,000 or more",Less than 50k,Less than 50 thousand,"Under $50,000","$30,000-$49,999","Under $50,000 and non white",Neither of them,Only Sanders or Neither of them,Only Clinton or Neither of them,Terrorism,,,45+,65+,Independent/Something else,Black non-Democrat,Black Independent,Something else,All others,Conservative,Moderate or conservative,Conservative,9.0,Yes,Has the right experience,Black,Black,State questionnaire,Black,Non-white,Gotten worse,Only Sanders or Neither of them,Neither of them,Only Clinton or Neither of them,South,Omit,Satisifed,Omit,,Male,Black men,"Cities 10,000-50,000",Small Cities/Rural,Alabama,Election day exit poll,,,,,,,,No,,,,Version 2,0.818251609802246,No
417092.0,30-44,30-59,30-39,18-44,18-49,30-44,30-39,Non-Black 30-44,White 30-44,White 30-44,Bernie Sanders,Once a week,Weekly,Complete,Call 3,6.0,Not liberal enough,,,,Postgraduate study,College graduate,More than High school graduate,White college degree,3.0,Enthusiastic,"Enthusiastic or satisfied, but not enthusiastic",,,,100k or more,"$30,000 or more",50k or more,100 thousand or more,"$200,000 or more","$200,000 or more","Over $50,000 and white",Both of them,Only Clinton or Both of them,Only Sanders or Both of them,Health care,,,18-44,18-64,Independent/Something else,Non-black non-Democrat,White Independent,Independent,White Independent,Moderate,Moderate or conservative,Moderate,26.0,No,Cares about people like me,White,White,State questionnaire,White,White,Gotten worse,Only Clinton or Both of them,Both of them,Only Sanders or Both of them,South,About right,Satisifed,Satisifed,,Male,White men,"Cities 50,000-500,000","Cities over 50,000",Alabama,Election day exit poll,,,,,,,,No,,,,Version 2,1.26650619506836,No
417528.0,18-29,18-29,18-24,18-44,18-49,18-29,18-24,Black 18-29,Black 18-29,Black 18-29,Bernie Sanders,Once a week,Weekly,Complete,Call 3,7.0,About right,,,,College graduate,College graduate,More than High school graduate,Non white college degree,3.0,"Dissatisfied, but not angry","Dissatisfied, but not angry or Angry",,,,Less than 100k,"Under $30,000",Less than 50k,Less than 50 thousand,"Under $50,000","Under $30,000","Under $50,000 and non white",Only Sanders,Only Sanders or Neither of them,Only Sanders or Both of them,Economy/Jobs,,,18-44,18-64,Democrat,Black Democrat,Black Democrat,Democrat,Non-White Democrats,Moderate,Moderate or conservative,Moderate,33.0,Yes,Cares about people like me,Black,Black,State questionnaire,Black,Non-white,Stayed about the same,Only Sanders or Neither of them,Only Sanders,Only Sanders or Both of them,South,About right,Dissatisfied,Satisifed,,Female,Black women,"Cities 50,000-500,000","Cities over 50,000",Alabama,Election day exit poll,,,,,,,,No,,,,Version 2,1.03178203105927,No
417022.0,30-44,30-59,40-44,18-44,18-49,30-44,40-49,Non-Black 30-44,White 30-44,White 30-44,Bernie Sanders,A few times a year,Occasionally,Complete,Call 3,5.0,About right,,,,College graduate,College graduate,More than High school graduate,White college degree,1.0,Angry,"Dissatisfied, but not angry or Angry",,,,Less than 100k,"$30,000 or more",50k or more,50 to 100 thousand,"$50,000-$99,999","$50,000-$99,999","Over $50,000 and white",Both of them,Only Clinton or Both of them,Only Sanders or Both of them,Health care,,,18-44,18-64,Democrat,Non-black Democrat,White Democrat,Democrat,White Democrat,Somewhat liberal,Liberal,Liberal,49.0,Yes,Cares about people like me,White,White,State questionnaire,White,White,Gotten worse,Only Sanders or Neither of them,Only Sanders,Only Sanders or Both of them,South,About right,Satisifed,Satisifed,,Female,White women,"Cities 50,000-500,000","Cities over 50,000",Alabama,Election day exit poll,,,,,,,,No,,,,Version 2,0.890709757804871,No
411211.0,30-44,30-59,40-44,18-44,18-49,30-44,40-49,Non-Black 30-44,Latino 30-44,Latino 30-44,Bernie Sanders,More than once a week,Weekly,Complete,Call 2,5.0,Too liberal,,,,Postgraduate study,College graduate,More than High school graduate,Non white college degree,1.0,"Satisfied, but not enthusiastic","Enthusiastic or satisfied, but not enthusiastic",,,,Less than 100k,"$30,000 or more",Less than 50k,Less than 50 thousand,"Under $50,000","$30,000-$49,999","Under $50,000 and non white",Both of them,Only Clinton or Both of them,Only Sanders or Both of them,Economy/Jobs,,,18-44,18-64,Independent/Something else,Non-black non-Democrat,Latino Independent,Independent,All others,Moderate,Moderate or conservative,Moderate,49.0,Yes,Has the right experience,Other,Hispanic/Latino,State questionnaire,Hispanic/Latino,Non-white,Stayed about the same,Only Sanders or Neither of them,Only Sanders,Only Sanders or Both of them,South,About right,Dissatisfied,Satisifed,,Female,Latino women,"Cities 50,000-500,000","Cities over 50,000",Alabama,Election day exit poll,,,,,,,,No,,,,Version 2,0.890709757804871,No
405392.0,65+,60+,65 or over,45+,50+,60+,65+,Black 60+,Black 60+,Black 65+,Bernie Sanders,More than once a week,Weekly,Complete,Call 1,1.0,Omit,,,,Some college/assoc. degree,No college degree,More than High school graduate,Non white no college degree,4.0,"Satisfied, but not enthusiastic","Enthusiastic or satisfied, but not enthusiastic",,,,Less than 100k,"$30,000 or more",Less than 50k,Less than 50 thousand,"Under $50,000","$30,000-$49,999","Under $50,000 and non white",Only Sanders,Only Sanders or Neither of them,Only Sanders or Both of them,Economy/Jobs,,,45+,65+,Democrat,Black Democrat,Black Democrat,Democrat,Non-White Democrats,Somewhat liberal,Liberal,Liberal,62.0,Yes,Honest and trustworthy,Black,Black,State questionnaire,Black,Non-white,Gotten worse,Only Clinton or Both of them,Both of them,Only Sanders or Both of them,South,About right,Satisifed,Satisifed,,Male,Black men,Suburbs,Suburbs,Alabama,Election day exit poll,,,,,,,,No,,,,Version 2,0.420284748077393,No
416965.0,18-29,18-29,18-24,18-44,18-49,18-29,18-24,Non-Black 18-29,White 18-29,White 18-29,Bernie Sanders,A few times a month,Occasionally,Complete,Call 3,6.0,Not liberal enough,,,,High school or less,No college degree,High school graduate or less,White no college degree,3.0,"Dissatisfied, but not angry","Dissatisfied, but not angry or Angry",,,,Less than 100k,"$30,000 or more",Less than 50k,Less than 50 thousand,"Under $50,000","$30,000-$49,999","Under $50,000 and white",Only Sanders,Only Sanders or Neither of them,Only Sanders or Both of them,Income inequality,,,18-44,18-64,Democrat,Non-black Democrat,White Democrat,Democrat,White Democrat,Somewhat liberal,Liberal,Liberal,26.0,No,Cares about people like me,White,White,State questionnaire,White,White,Gotten worse,Only Sanders or Neither of them,Only Sanders,Only Sanders or Both of them,South,About right,Dissatisfied,Satisifed,,Male,White men,"Cities 50,000-500,000","Cities over 50,000",Alabama,Election day exit poll,,,,,,,,No,,,,Version 2,1.28972244262695,Yes
404300.0,18-29,18-29,25-29,18-44,18-49,18-29,25-29,Non-Black 18-29,White 18-29,White 18-29,Bernie Sanders,Never,Never,Complete,Call 1,1.0,Not liberal enough,,,,College graduate,College graduate,More than High school graduate,White college degree,4.0,"Satisfied, but not enthusiastic","Enthusiastic or satisfied, but not enthusiastic",,,,Less than 100k,"$30,000 or more",Less than 50k,Less than 50 thousand,"Under $50,000","$30,000-$49,999","Under $50,000 and white",Both of them,Only Clinton or Both of them,Only Sanders or Both of them,Income inequality,,,18-44,18-64,Democrat,Non-black Democrat,White Democrat,Democrat,White Democrat,Very liberal,Liberal,Liberal,1.0,Yes,Honest and trustworthy,White,White,State questionnaire,White,White,Stayed about the same,Only Sanders or Neither of them,Only Sanders,Only Sanders or Both of them,South,About right,Dissatisfied,Satisifed,,Male,White men,Suburbs,Suburbs,Alabama,Election day exit poll,,,,,,,,No,,,,Version 2,0.644237577915192,No
403415.0,18-29,18-29,18-24,18-44,18-49,18-29,18-24,Non-Black 18-29,White 18-29,White 18-29,Bernie Sanders,Never,Never,Complete,Call 1,7.0,Not liberal enough,,,,Some college/assoc. degree,No college degree,More than High school graduate,White no college degree,3.0,"Dissatisfied, but not angry","Dissatisfied, but not angry or Angry",,,,Less than 100k,"$30,000 or more",50k or more,50 to 100 thousand,"$50,000-$99,999","$50,000-$99,999","Over $50,000 and white",Both of them,Only Clinton or Both of them,Only Sanders or Both of them,Economy/Jobs,,,18-44,18-64,Independent/Something else,Non-black non-Democrat,White Independent,Something else,White Independent,Very liberal,Liberal,Liberal,38.0,No,Honest and trustworthy,White,White,State questionnaire,White,White,Gotten worse,Only Clinton or Both of them,Both of them,Only Sanders or Both of them,South,Not liberal enough,Dissatisfied,Satisifed,,Male,White men,"Cities 50,000-500,000","Cities over 50,000",Alabama,Election day exit poll,,,,,,,,No,,,,Version 2,1.80746924877167,No
416902.0,30-44,30-59,30-39,18-44,18-49,30-44,30-39,Non-Black 30-44,White 30-44,White 30-44,Bernie Sanders,Never,Never,Complete,Call 3,1.0,Not liberal enough,,,,Postgraduate study,College graduate,More than High school graduate,White college degree,4.0,"Dissatisfied, but not angry","Dissatisfied, but not angry or Angry",,,,100k or more,"$30,000 or more",50k or more,100 thousand or more,"$100,000-$199,999","$100,000-$199,999","Over $50,000 and white",Both of them,Only Clinton or Both of them,Only Sanders or Both of them,Health care,,,18-44,18-64,Democrat,Non-black Democrat,White Democrat,Democrat,White Democrat,Very liberal,Liberal,Liberal,59.0,Yes,Honest and trustworthy,White,White,State questionnaire,White,White,Gotten worse,Only Clinton or Both of them,Both of them,Only Sanders or Both of them,South,About right,Dissatisfied,Satisifed,,Female,White women,"Cities 50,000-500,000","Cities over 50,000",Alabama,Election day exit poll,,,,,,,,No,,,,Version 2,0.883830904960632,No
414930.0,45-65,30-59,50-59,45+,50+,45-59,50-64,Non-Black 45-59,White 45-59,White 45-64,Bernie Sanders,More than once a week,Weekly,Complete,Call 3,7.0,Not liberal enough,,,,College graduate,College graduate,More than High school graduate,White college degree,3.0,"Dissatisfied, but not angry","Dissatisfied, but not angry or Angry",,,,Less than 100k,"$30,000 or more",50k or more,50 to 100 thousand,"$50,000-$99,999","$50,000-$99,999","Over $50,000 and white",Only Sanders,Only Sanders or Neither of them,Only Sanders or Both of them,Terrorism,,,45+,18-64,Democrat,Non-black Democrat,White Democrat,Democrat,White Democrat,Moderate,Moderate or conservative,Moderate,34.0,Yes,Cares about people like me,White,White,State questionnaire,White,White,Gotten worse,Only Sanders or Neither of them,Only Sanders,Only Sanders or Both of them,South,About right,Dissatisfied,Satisifed,,Male,White men,"Cities 50,000-500,000","Cities over 50,000",Alabama,Election day exit poll,,,,,,,,No,,,,Version 2,3.26565480232239,No
403334.0,30-44,30-59,30-39,18-44,18-49,30-44,30-39,Non-Black 30-44,White 30-44,White 30-44,Bernie Sanders,Once a week,Weekly,Complete,Call 1,1.0,Not liberal enough,,,,College graduate,College graduate,More than High school graduate,White college degree,4.0,"Dissatisfied, but not angry","Dissatisfied, but not angry or Angry",,,,Less than 100k,"$30,000 or more",50k or more,50 to 100 thousand,"$50,000-$99,999","$50,000-$99,999","Over $50,000 and white",Only Sanders,Only Sanders or Neither of them,Only Sanders or Both of them,Health care,,,18-44,18-64,Independent/Something else,Non-black non-Democrat,White Independent,Something else,White Independent,Somewhat liberal,Liberal,Liberal,58.0,No,Cares about people like me,White,White,State questionnaire,White,White,Stayed about the same,Only Sanders or Neither of them,Only Sanders,Only Sanders or Both of them,South,About right,Dissatisfied,Satisifed,,Female,White women,"Cities 50,000-500,000","Cities over 50,000",Alabama,Election day exit poll,,,,,,,,No,,,,Version 2,0.645165741443634,No
404187.0,45-65,30-59,50-59,45+,50+,45-59,50-64,Non-Black 45-59,White 45-59,White 45-64,Bernie Sanders,A few times a month,Occasionally,Complete,Call 1,6.0,About right,,,,Postgraduate study,College graduate,More than High school graduate,White college degree,2.0,"Dissatisfied, but not angry","Dissatisfied, but not angry or Angry",,,,Less than 100k,"$30,000 or more",50k or more,50 to 100 thousand,"$50,000-$99,999","$50,000-$99,999","Over $50,000 and white",Both of them,Only Clinton or Both of them,Only Sanders or Both of them,Income inequality,,,45+,18-64,Independent/Something else,Non-black non-Democrat,White Independent,Independent,White Independent,Very liberal,Liberal,Liberal,75.0,Yes,Honest and trustworthy,White,White,State questionnaire,White,White,Gotten worse,Only Clinton or Both of them,Both of them,Only Sanders or Both of them,South,About right,Satisifed,Satisifed,,Female,White women,Suburbs,Suburbs,Alabama,Election day exit poll,,,,,,,,No,,,,Version 2,0.337956935167313,No
416818.0,45-65,30-59,50-59,45+,50+,45-59,50-64,Black 45-59,Black 45-59,Black 45-64,Bernie Sanders,A few times a month,Occasionally,Complete,Call 3,2.0,Omit,,,,Some college/assoc. degree,No college degree,More than High school graduate,Non white no college degree,3.0,"Satisfied, but not enthusiastic","Enthusiastic or satisfied, but not enthusiastic",,,,Less than 100k,"$30,000 or more",50k or more,50 to 100 thousand,"$50,000-$99,999","$50,000-$99,999","Over $50,000 and non white",Only Sanders,Only Sanders or Neither of them,Only Sanders or Both of them,Health care,,,45+,18-64,Democrat,Black Democrat,Black Democrat,Democrat,Non-White Democrats,Moderate,Moderate or conservative,Moderate,69.0,Yes,Honest and trustworthy,Black,Black,State questionnaire,Black,Non-white,Stayed about the same,Only Clinton or Both of them,Both of them,Only Sanders or Both of them,South,Omit,Satisifed,Satisifed,,Male,Black men,Suburbs,Suburbs,Alabama,Election day exit poll,,,,,,,,No,,,,Version 2,0.500257968902588,No
404096.0,18-29,18-29,18-24,18-44,18-49,18-29,18-24,Non-Black 18-29,White 18-29,White 18-29,Bernie Sanders,A few times a year,Occasionally,Complete,Call 1,6.0,About right,,,,High school or less,No college degree,High school graduate or less,White no college degree,2.0,Enthusiastic,"Enthusiastic or satisfied, but not enthusiastic",,,,Less than 100k,"$30,000 or more",50k or more,50 to 100 thousand,"$50,000-$99,999","$50,000-$99,999","Over $50,000 and white",Both of them,Only Clinton or Both of them,Only Sanders or Both of them,Health care,,,18-44,18-64,Democrat,Non-black Democrat,White Democrat,Democrat,White Democrat,Very liberal,Liberal,Liberal,74.0,No,Honest and trustworthy,White,White,State questionnaire,White,White,Stayed about the same,Only Clinton or Both of them,Both of them,Only Sanders or Both of them,South,About right,Satisifed,Satisifed,,Female,White women,Suburbs,Suburbs,Alabama,Election day exit poll,,,,,,,,No,,,,Version 2,1.14203000068665,No
417190.0,45-65,30-59,50-59,45+,50+,45-59,50-64,Non-Black 45-59,White 45-59,White 45-64,Bernie Sanders,,,Complete,Call 3,3.0,Too liberal,,,,Some college/assoc. degree,No college degree,More than High school graduate,White no college degree,2.0,Angry,"Dissatisfied, but not angry or Angry",,,,Less than 100k,"$30,000 or more",Less than 50k,Less than 50 thousand,"Under $50,000","$30,000-$49,999","Under $50,000 and white",Only Sanders,Only Sanders or Neither of them,Only Sanders or Both of them,Economy/Jobs,,,45+,18-64,Republican,Non-black non-Democrat,All Republicans,Republican,White Republican,Moderate,Moderate or conservative,Moderate,9.0,No,Cares about people like me,White,White,State questionnaire,White,White,Gotten worse,Only Sanders or Neither of them,Neither of them,Only Clinton or Neither of them,South,Too liberal,Dissatisfied,Satisifed,,Male,White men,"Cities 10,000-50,000",Small Cities/Rural,Alabama,Election day exit poll,,,,,,,,No,,,,Version 2,2.28341722488403,Yes
410911.0,65+,60+,65 or over,45+,50+,60+,65+,Non-Black 60+,White 60+,White 65+,Bernie Sanders,Once a week,Weekly,Complete,Call 2,5.0,About right,,,,Some college/assoc. degree,No college degree,More than High school graduate,White no college degree,1.0,"Dissatisfied, but not angry","Dissatisfied, but not angry or Angry",,,,Less than 100k,"$30,000 or more",50k or more,50 to 100 thousand,"$50,000-$99,999","$50,000-$99,999","Over $50,000 and white",Both of them,Only Clinton or Both of them,Only Sanders or Both of them,Income inequality,,,45+,65+,Democrat,Non-black Democrat,White Democrat,Democrat,White Democrat,Somewhat liberal,Liberal,Liberal,49.0,Yes,Has the right experience,White,White,State questionnaire,White,White,Gotten worse,Only Clinton or Both of them,Both of them,Only Sanders or Both of them,South,About right,Dissatisfied,Satisifed,,Female,White women,"Cities 50,000-500,000","Cities over 50,000",Alabama,Election day exit poll,,,,,,,,No,,,,Version 2,0.931929767131805,No
416687.0,18-29,18-29,25-29,18-44,18-49,18-29,25-29,Black 18-29,Black 18-29,Black 18-29,Bernie Sanders,Never,Never,Complete,Call 3,1.0,Not liberal enough,,,,Some college/assoc. degree,No college degree,More than High school graduate,Non white no college degree,4.0,"Dissatisfied, but not angry","Dissatisfied, but not angry or Angry",,,,Less than 100k,"Under $30,000",Less than 50k,Less than 50 thousand,"Under $50,000","Under $30,000","Under $50,000 and non white",Both of them,Only Clinton or Both of them,Only Sanders or Both of them,Income inequality,,,18-44,18-64,Independent/Something else,Black non-Democrat,Black Independent,Independent,All others,Moderate,Moderate or conservative,Moderate,57.0,No,Honest and trustworthy,Black,Black,State questionnaire,Black,Non-white,Gotten worse,Only Sanders or Neither of them,Only Sanders,Only Sanders or Both of them,South,About right,Dissatisfied,Satisifed,,Male,Black men,"Cities 50,000-500,000","Cities over 50,000",Alabama,Election day exit poll,,,,,,,,No,,,,Version 2,0.593036472797394,No
403166.0,18-29,18-29,18-24,18-44,18-49,18-29,18-24,Non-Black 18-29,White 18-29,White 18-29,Bernie Sanders,Never,Never,Complete,Call 1,5.0,Not liberal enough,,,,Some college/assoc. degree,No college degree,More than High school graduate,White no college degree,1.0,"Dissatisfied, but not angry","Dissatisfied, but not angry or Angry",,,,Less than 100k,"$30,000 or more",50k or more,50 to 100 thousand,"$50,000-$99,999","$50,000-$99,999","Over $50,000 and white",Both of them,Only Clinton or Both of them,Only Sanders or Both of them,Health care,,,18-44,18-64,Democrat,Non-black Democrat,White Democrat,Democrat,White Democrat,Somewhat liberal,Liberal,Liberal,23.0,Yes,Honest and trustworthy,White,White,State questionnaire,White,White,Stayed about the same,Only Sanders or Neither of them,Only Sanders,Only Sanders or Both of them,South,About right,Satisifed,Satisifed,,Male,White men,Rural,Small Cities/Rural,Alabama,Election day exit poll,,,,,,,,No,,,,Version 2,0.996648132801056,No
405061.0,30-44,30-59,30-39,18-44,18-49,30-44,30-39,,,,Bernie Sanders,A few times a year,Occasionally,Complete,Call 1,1.0,Not liberal enough,,,,Some college/assoc. degree,No college degree,More than High school graduate,,4.0,"Dissatisfied, but not angry","Dissatisfied, but not angry or Angry",,,,Less than 100k,"$30,000 or more",Less than 50k,Less than 50 thousand,"Under $50,000","$30,000-$49,999",,Only Sanders,Only Sanders or Neither of them,Only Sanders or Both of them,Income inequality,,,18-44,18-64,Democrat,,,Democrat,,Very liberal,Liberal,Liberal,62.0,Yes,Honest and trustworthy,,,State questionnaire,,,Gotten worse,Only Sanders or Neither of them,Only Sanders,Only Sanders or Both of them,South,About right,Dissatisfied,Satisifed,,Male,,Suburbs,Suburbs,Alabama,Election day exit poll,,,,,,,,No,,,,Version 2,0.465907901525497,
403124.0,18-29,18-29,25-29,18-44,18-49,18-29,25-29,Non-Black 18-29,White 18-29,White 18-29,Bernie Sanders,A few times a year,Occasionally,Complete,Call 1,1.0,Too liberal,,,,College graduate,College graduate,More than High school graduate,White college degree,4.0,"Dissatisfied, but not angry","Dissatisfied, but not angry or Angry",,,,Less than 100k,"$30,000 or more",Less than 50k,Less than 50 thousand,"Under $50,000","$30,000-$49,999","Under $50,000 and white",Only Sanders,Only Sanders or Neither of them,Only Sanders or Both of them,Economy/Jobs,,,18-44,18-64,Independent/Something else,Non-black non-Democrat,White Independent,Something else,White Independent,Somewhat liberal,Liberal,Liberal,59.0,Yes,Cares about people like me,White,White,State questionnaire,White,White,Gotten worse,Only Clinton or Both of them,Both of them,Only Sanders or Both of them,South,About right,Dissatisfied,Satisifed,,Male,White men,"Cities 50,000-500,000","Cities over 50,000",Alabama,Election day exit poll,,,,,,,,No,,,,Version 2,0.982762634754181,No
416622.0,30-44,30-59,30-39,18-44,18-49,30-44,30-39,Non-Black 30-44,White 30-44,White 30-44,Bernie Sanders,Never,Never,Complete,Call 3,5.0,About right,,,,College graduate,College graduate,More than High school graduate,White college degree,1.0,"Dissatisfied, but not angry","Dissatisfied, but not angry or Angry",,,,100k or more,"$30,000 or more",50k or more,100 thousand or more,"$100,000-$199,999","$100,000-$199,999","Over $50,000 and white",Neither of them,Only Sanders or Neither of them,Only Clinton or Neither of them,Economy/Jobs,,,18-44,18-64,Independent/Something else,Non-black non-Democrat,White Independent,Independent,White Independent,Somewhat liberal,Liberal,Liberal,46.0,Yes,Honest and trustworthy,White,White,State questionnaire,White,White,Stayed about the same,Only Sanders or Neither of them,Only Sanders,Only Sanders or Both of them,South,About right,Dissatisfied,Satisifed,,Male,White men,"Cities 50,000-500,000","Cities over 50,000",Alabama,Election day exit poll,,,,,,,,No,,,,Version 2,1.38436830043793,No
403054.0,30-44,30-59,30-39,18-44,18-49,30-44,30-39,Non-Black 30-44,White 30-44,White 30-44,Bernie Sanders,A few times a month,Occasionally,Complete,Call 1,3.0,Not liberal enough,,,,College graduate,College graduate,More than High school graduate,White college degree,2.0,"Dissatisfied, but not angry","Dissatisfied, but not angry or Angry",,,,Less than 100k,"$30,000 or more",50k or more,50 to 100 thousand,"$50,000-$99,999","$50,000-$99,999","Over $50,000 and white",Both of them,Only Clinton or Both of them,Only Sanders or Both of them,Health care,,,18-44,18-64,Democrat,Non-black Democrat,White Democrat,Democrat,White Democrat,Very liberal,Liberal,Liberal,7.0,Yes,Honest and trustworthy,White,White,State questionnaire,White,White,Gotten worse,Only Sanders or Neither of them,Only Sanders,Only Sanders or Both of them,South,About right,Satisifed,Satisifed,,Female,White women,Suburbs,Suburbs,Alabama,Election day exit poll,,,,,,,,No,,,,Version 2,0.642849743366241,No
416560.0,45-65,30-59,45-49,45+,18-49,45-59,40-49,Black 45-59,Black 45-59,Black 45-64,Bernie Sanders,A few times a year,Occasionally,Complete,Call 3,5.0,About right,,,,College graduate,College graduate,More than High school graduate,Non white college degree,1.0,Angry,"Dissatisfied, but not angry or Angry",,,,Less than 100k,"$30,000 or more",50k or more,50 to 100 thousand,"$50,000-$99,999","$50,000-$99,999","Over $50,000 and non white",Both of them,Only Clinton or Both of them,Only Sanders or Both of them,Income inequality,,,45+,18-64,Independent/Something else,Black non-Democrat,Black Independent,Independent,All others,Moderate,Moderate or conservative,Moderate,46.0,Yes,Honest and trustworthy,Black,Black,State questionnaire,Black,Non-white,Gotten worse,Only Clinton or Both of them,Both of them,Only Sanders or Both of them,South,About right,Satisifed,Satisifed,,Male,Black men,"Cities 50,000-500,000","Cities over 50,000",Alabama,Election day exit poll,,,,,,,,No,,,,Version 2,0.42243966460228,No
410724.0,18-29,18-29,18-24,18-44,18-49,18-29,18-24,Non-Black 18-29,White 18-29,White 18-29,Bernie Sanders,Never,Never,Complete,Call 2,6.0,Omit,,,,High school or less,No college degree,High school graduate or less,White no college degree,2.0,"Dissatisfied, but not angry","Dissatisfied, but not angry or Angry",,,,Less than 100k,"Under $30,000",Less than 50k,Less than 50 thousand,"Under $50,000","Under $30,000","Under $50,000 and white",Only Sanders,Only Sanders or Neither of them,Only Sanders or Both of them,Income inequality,,,18-44,18-64,Independent/Something else,Non-black non-Democrat,White Independent,Independent,White Independent,,,,75.0,No,Honest and trustworthy,White,White,State questionnaire,White,White,Omit,Only Clinton or Both of them,Both of them,Only Sanders or Both of them,South,About right,Dissatisfied,Satisifed,,Male,White men,Suburbs,Suburbs,Alabama,Election day exit poll,,,,,,,,No,,,,Version 2,0.337956935167313,Yes
402997.0,18-29,18-29,18-24,18-44,18-49,18-29,18-24,Non-Black 18-29,White 18-29,White 18-29,Bernie Sanders,Once a week,Weekly,Complete,Call 1,3.0,Too liberal,,,,Some college/assoc. degree,No college degree,More than High school graduate,White no college degree,2.0,"Dissatisfied, but not angry","Dissatisfied, but not angry or Angry",,,,Less than 100k,"$30,000 or more",Less than 50k,Less than 50 thousand,"Under $50,000","$30,000-$49,999","Under $50,000 and white",Only Sanders,Only Sanders or Neither of them,Only Sanders or Both of them,Economy/Jobs,,,18-44,18-64,Republican,Non-black non-Democrat,All Republicans,Republican,White Republican,Conservative,Moderate or conservative,Conservative,7.0,No,Cares about people like me,White,White,State questionnaire,White,White,Gotten worse,Only Sanders or Neither of them,Only Sanders,Only Sanders or Both of them,South,About right,Dissatisfied,Satisifed,,Female,White women,Suburbs,Suburbs,Alabama,Election day exit poll,,,,,,,,No,,,,Version 2,0.642849743366241,Yes
402980.0,65+,60+,65 or over,45+,50+,60+,65+,Black 60+,Black 60+,Black 65+,Bernie Sanders,More than once a week,Weekly,Complete,Call 1,5.0,About right,,,,Postgraduate study,College graduate,More than High school graduate,Non white college degree,1.0,"Dissatisfied, but not angry","Dissatisfied, but not angry or Angry",,,,Less than 100k,"$30,000 or more",50k or more,50 to 100 thousand,"$50,000-$99,999","$50,000-$99,999","Over $50,000 and non white",Neither of them,Only Sanders or Neither of them,Only Clinton or Neither of them,Income inequality,,,45+,65+,Independent/Something else,Black non-Democrat,Black Independent,Independent,All others,Moderate,Moderate or conservative,Moderate,46.0,Yes,Honest and trustworthy,Black,Black,State questionnaire,Black,Non-white,Gotten worse,Only Sanders or Neither of them,Only Sanders,Only Sanders or Both of them,South,About right,Satisifed,Satisifed,,Female,Black women,"Cities 50,000-500,000","Cities over 50,000",Alabama,Election day exit poll,,,,,,,,No,,,,Version 2,0.42243966460228,No
417403.0,30-44,30-59,30-39,18-44,18-49,30-44,30-39,Black 30-44,Black 30-44,Black 30-44,Bernie Sanders,Once a week,Weekly,Complete,Call 3,3.0,Not liberal enough,,,,Some college/assoc. degree,No college degree,More than High school graduate,Non white no college degree,2.0,"Dissatisfied, but not angry","Dissatisfied, but not angry or Angry",,,,Less than 100k,"$30,000 or more",50k or more,50 to 100 thousand,"$50,000-$99,999","$50,000-$99,999","Over $50,000 and non white",Only Sanders,Only Sanders or Neither of them,Only Sanders or Both of them,Economy/Jobs,,,18-44,18-64,Democrat,Black Democrat,Black Democrat,Democrat,Non-White Democrats,Somewhat liberal,Liberal,Liberal,9.0,Yes,Cares about people like me,Black,Black,State questionnaire,Black,Non-white,Stayed about the same,Only Clinton or Both of them,Both of them,Only Sanders or Both of them,South,About right,Omit,Satisifed,,Male,Black men,"Cities 10,000-50,000",Small Cities/Rural,Alabama,Election day exit poll,,,,,,,,No,,,,Version 2,0.647392630577087,No
417368.0,30-44,30-59,30-39,18-44,18-49,30-44,30-39,Black 30-44,Black 30-44,Black 30-44,Bernie Sanders,Once a week,Weekly,Complete,Call 3,3.0,About right,,,,College graduate,College graduate,More than High school graduate,Non white college degree,2.0,"Satisfied, but not enthusiastic","Enthusiastic or satisfied, but not enthusiastic",,,,Less than 100k,"$30,000 or more",50k or more,50 to 100 thousand,"$50,000-$99,999","$50,000-$99,999","Over $50,000 and non white",Only Sanders,Only Sanders or Neither of them,Only Sanders or Both of them,Economy/Jobs,,,18-44,18-64,Democrat,Black Democrat,Black Democrat,Democrat,Non-White Democrats,Somewhat liberal,Liberal,Liberal,9.0,Yes,Cares about people like me,Black,Black,State questionnaire,Black,Non-white,Gotten worse,Only Clinton or Both of them,Both of them,Only Sanders or Both of them,South,About right,Satisifed,Satisifed,,Female,Black women,"Cities 10,000-50,000",Small Cities/Rural,Alabama,Election day exit poll,,,,,,,,No,,,,Version 2,0.647392630577087,No
416901.0,30-44,30-59,30-39,18-44,18-49,30-44,30-39,Non-Black 30-44,White 30-44,White 30-44,Bernie Sanders,Never,Never,Complete,Call 3,3.0,Not liberal enough,,,,Some college/assoc. degree,No college degree,More than High school graduate,White no college degree,2.0,"Dissatisfied, but not angry","Dissatisfied, but not angry or Angry",,,,Less than 100k,"$30,000 or more",50k or more,50 to 100 thousand,"$50,000-$99,999","$50,000-$99,999","Over $50,000 and white",Both of them,Only Clinton or Both of them,Only Sanders or Both of them,Economy/Jobs,,,18-44,18-64,Independent/Something else,Non-black non-Democrat,White Independent,Independent,White Independent,Very liberal,Liberal,Liberal,7.0,Yes,Honest and trustworthy,White,White,State questionnaire,White,White,Stayed about the same,Only Sanders or Neither of them,Only Sanders,Only Sanders or Both of them,South,Not liberal enough,Satisifed,Satisifed,,Male,White men,Suburbs,Suburbs,Alabama,Election day exit poll,,,,,,,,No,,,,Version 2,0.642849743366241,No
410596.0,45-65,30-59,45-49,45+,18-49,45-59,40-49,Black 45-59,Black 45-59,Black 45-64,Bernie Sanders,A few times a month,Occasionally,Complete,Call 2,1.0,Not liberal enough,,,,Some college/assoc. degree,No college degree,More than High school graduate,Non white no college degree,4.0,"Satisfied, but not enthusiastic","Enthusiastic or satisfied, but not enthusiastic",,,,Less than 100k,"$30,000 or more",Less than 50k,Less than 50 thousand,"Under $50,000","$30,000-$49,999","Under $50,000 and non white",Only Sanders,Only Sanders or Neither of them,Only Sanders or Both of them,Terrorism,,,45+,18-64,Democrat,Black Democrat,Black Democrat,Democrat,Non-White Democrats,Somewhat liberal,Liberal,Liberal,57.0,Yes,Cares about people like me,Black,Black,State questionnaire,Black,Non-white,Gotten worse,Only Sanders or Neither of them,Only Sanders,Only Sanders or Both of them,South,About right,Satisifed,Satisifed,,Female,Black women,"Cities 50,000-500,000","Cities over 50,000",Alabama,Election day exit poll,,,,,,,,No,,,,Version 2,0.593036472797394,No
402866.0,45-65,30-59,50-59,45+,50+,45-59,50-64,Non-Black 45-59,White 45-59,White 45-64,Bernie Sanders,Never,Never,Complete,Call 1,5.0,Not liberal enough,,,,Postgraduate study,College graduate,More than High school graduate,White college degree,1.0,Angry,"Dissatisfied, but not angry or Angry",,,,100k or more,"$30,000 or more",50k or more,100 thousand or more,"$100,000-$199,999","$100,000-$199,999","Over $50,000 and white",Both of them,Only Clinton or Both of them,Only Sanders or Both of them,Income inequality,,,45+,18-64,Independent/Something else,Non-black non-Democrat,White Independent,Independent,White Independent,Moderate,Moderate or conservative,Moderate,46.0,Yes,Has the right experience,White,White,State questionnaire,White,White,Gotten better,Only Sanders or Neither of them,Only Sanders,Only Sanders or Both of them,South,Too liberal,Dissatisfied,Satisifed,,Female,White women,"Cities 50,000-500,000","Cities over 50,000",Alabama,Election day exit poll,,,,,,,,No,,,,Version 2,1.38436830043793,No
410583.0,30-44,30-59,30-39,18-44,18-49,30-44,30-39,Non-Black 30-44,White 30-44,White 30-44,Bernie Sanders,Never,Never,Complete,Call 2,6.0,About right,,,,College graduate,College graduate,More than High school graduate,White college degree,2.0,"Dissatisfied, but not angry","Dissatisfied, but not angry or Angry",,,,Less than 100k,"$30,000 or more",50k or more,50 to 100 thousand,"$50,000-$99,999","$50,000-$99,999","Over $50,000 and white",Only Sanders,Only Sanders or Neither of them,Only Sanders or Both of them,Health care,,,18-44,18-64,Independent/Something else,Non-black non-Democrat,White Independent,Independent,White Independent,Somewhat liberal,Liberal,Liberal,75.0,Yes,Honest and trustworthy,White,White,State questionnaire,White,White,Gotten worse,Only Clinton or Both of them,Both of them,Only Sanders or Both of them,South,About right,Dissatisfied,Satisifed,,Female,White women,Suburbs,Suburbs,Alabama,Election day exit poll,,,,,,,,No,,,,Version 2,0.337956935167313,No
416362.0,30-44,30-59,30-39,18-44,18-49,30-44,30-39,Black 30-44,Black 30-44,Black 30-44,Bernie Sanders,Once a week,Weekly,Complete,Call 3,2.0,Not liberal enough,,,,Some college/assoc. degree,No college degree,More than High school graduate,Non white no college degree,3.0,"Dissatisfied, but not angry","Dissatisfied, but not angry or Angry",,,,Less than 100k,"Under $30,000",Less than 50k,Less than 50 thousand,"Under $50,000","Under $30,000","Under $50,000 and non white",Only Sanders,Only Sanders or Neither of them,Only Sanders or Both of them,Economy/Jobs,,,18-44,18-64,Democrat,Black Democrat,Black Democrat,Democrat,Non-White Democrats,Conservative,Moderate or conservative,Conservative,67.0,Yes,Cares about people like me,Black,Black,State questionnaire,Black,Non-white,Gotten worse,Only Sanders or Neither of them,Only Sanders,Only Sanders or Both of them,South,About right,Dissatisfied,Satisifed,,Male,Black men,"Cities 50,000-500,000","Cities over 50,000",Alabama,Election day exit poll,,,,,,,,No,,,,Version 2,0.476312071084976,No
416277.0,30-44,30-59,30-39,18-44,18-49,30-44,30-39,Black 30-44,Black 30-44,Black 30-44,Bernie Sanders,Once a week,Weekly,Complete,Call 3,2.0,About right,,,,Postgraduate study,College graduate,More than High school graduate,Non white college degree,3.0,"Dissatisfied, but not angry","Dissatisfied, but not angry or Angry",,,,Less than 100k,"$30,000 or more",50k or more,50 to 100 thousand,"$50,000-$99,999","$50,000-$99,999","Over $50,000 and non white",Both of them,Only Clinton or Both of them,Only Sanders or Both of them,Income inequality,,,18-44,18-64,Democrat,Black Democrat,Black Democrat,Democrat,Non-White Democrats,Moderate,Moderate or conservative,Moderate,67.0,Yes,Cares about people like me,Black,Black,State questionnaire,Black,Non-white,Gotten worse,Only Clinton or Both of them,Both of them,Only Sanders or Both of them,South,About right,Satisifed,Satisifed,,Male,Black men,"Cities 50,000-500,000","Cities over 50,000",Alabama,Election day exit poll,,,,,,,,No,,,,Version 2,0.476312071084976,No
410428.0,45-65,60+,60-64,45+,50+,60+,50-64,Non-Black 60+,White 60+,White 45-64,Bernie Sanders,Never,Never,Complete,Call 2,1.0,Not liberal enough,,,,High school or less,No college degree,High school graduate or less,White no college degree,4.0,"Dissatisfied, but not angry","Dissatisfied, but not angry or Angry",,,,Less than 100k,"Under $30,000",Less than 50k,Less than 50 thousand,"Under $50,000","Under $30,000","Under $50,000 and white",Both of them,Only Clinton or Both of them,Only Sanders or Both of them,Terrorism,,,45+,18-64,Democrat,Non-black Democrat,White Democrat,Democrat,White Democrat,Moderate,Moderate or conservative,Moderate,1.0,Yes,Honest and trustworthy,White,White,State questionnaire,White,White,Stayed about the same,Only Sanders or Neither of them,Only Sanders,Only Sanders or Both of them,South,About right,Dissatisfied,Satisifed,,Female,White women,Suburbs,Suburbs,Alabama,Election day exit poll,,,,,,,,No,,,,Version 2,0.707658529281616,Yes
402699.0,30-44,30-59,30-39,18-44,18-49,30-44,30-39,Non-Black 30-44,White 30-44,White 30-44,Bernie Sanders,A few times a month,Occasionally,Complete,Call 1,5.0,Not liberal enough,,,,College graduate,College graduate,More than High school graduate,White college degree,1.0,Angry,"Dissatisfied, but not angry or Angry",,,,Less than 100k,"$30,000 or more",50k or more,50 to 100 thousand,"$50,000-$99,999","$50,000-$99,999","Over $50,000 and white",Both of them,Only Clinton or Both of them,Only Sanders or Both of them,Health care,,,18-44,18-64,Independent/Something else,Non-black non-Democrat,White Independent,Independent,White Independent,Somewhat liberal,Liberal,Liberal,44.0,Yes,Has the right experience,White,White,State questionnaire,White,White,Stayed about the same,Only Clinton or Both of them,Both of them,Only Sanders or Both of them,South,About right,Satisifed,Satisifed,,Male,White men,"Cities 50,000-500,000","Cities over 50,000",Alabama,Election day exit poll,,,,,,,,No,,,,Version 2,1.85554051399231,No
412317.0,30-44,30-59,30-39,18-44,18-49,30-44,30-39,Non-Black 30-44,White 30-44,White 30-44,Bernie Sanders,A few times a year,Occasionally,Complete,Call 2,7.0,About right,,,,Some college/assoc. degree,No college degree,More than High school graduate,White no college degree,3.0,Angry,"Dissatisfied, but not angry or Angry",,,,Less than 100k,"$30,000 or more",Less than 50k,Less than 50 thousand,"Under $50,000","$30,000-$49,999","Under $50,000 and white",Both of them,Only Clinton or Both of them,Only Sanders or Both of them,Income inequality,,,18-44,18-64,Independent/Something else,Non-black non-Democrat,White Independent,Independent,White Independent,Somewhat liberal,Liberal,Liberal,38.0,Yes,Honest and trustworthy,White,White,State questionnaire,White,White,Stayed about the same,Only Clinton or Both of them,Both of them,Only Sanders or Both of them,South,About right,Dissatisfied,Satisifed,,Female,White women,"Cities 50,000-500,000","Cities over 50,000",Alabama,Election day exit poll,,,,,,,,No,,,,Version 2,1.75894594192505,Yes
408429.0,45-65,30-59,50-59,45+,50+,45-59,50-64,Non-Black 45-59,White 45-59,White 45-64,Bernie Sanders,A few times a month,Occasionally,Complete,Call 2,5.0,About right,,,,Postgraduate study,College graduate,More than High school graduate,White college degree,1.0,"Dissatisfied, but not angry","Dissatisfied, but not angry or Angry",,,,Less than 100k,"$30,000 or more",Less than 50k,Less than 50 thousand,"Under $50,000","$30,000-$49,999","Under $50,000 and white",Only Sanders,Only Sanders or Neither of them,Only Sanders or Both of them,Health care,,,45+,18-64,Democrat,Non-black Democrat,White Democrat,Democrat,White Democrat,Moderate,Moderate or conservative,Moderate,23.0,No,Cares about people like me,White,White,State questionnaire,White,White,Gotten worse,Only Clinton or Both of them,Both of them,Only Sanders or Both of them,South,About right,Omit,Satisifed,,Female,White women,Rural,Small Cities/Rural,Alabama,Election day exit poll,,,,,,,,No,,,,Version 2,0.996648132801056,No
402631.0,30-44,30-59,30-39,18-44,18-49,30-44,30-39,Black 30-44,Black 30-44,Black 30-44,Bernie Sanders,A few times a year,Occasionally,Complete,Call 1,5.0,Omit,,,,College graduate,College graduate,More than High school graduate,Non white college degree,1.0,"Dissatisfied, but not angry","Dissatisfied, but not angry or Angry",,,,Less than 100k,"Under $30,000",Less than 50k,Less than 50 thousand,"Under $50,000","Under $30,000","Under $50,000 and non white",Only Sanders,Only Sanders or Neither of them,Only Sanders or Both of them,Economy/Jobs,,,18-44,18-64,Independent/Something else,Black non-Democrat,Black Independent,Independent,All others,Somewhat liberal,Liberal,Liberal,44.0,Yes,Has the right experience,Black,Black,State questionnaire,Black,Non-white,Gotten worse,Only Sanders or Neither of them,Only Sanders,Only Sanders or Both of them,South,About right,Dissatisfied,Satisifed,,Male,Black men,"Cities 50,000-500,000","Cities over 50,000",Alabama,Election day exit poll,,,,,,,,No,,,,Version 2,0.56621778011322,No
416144.0,18-29,18-29,18-24,18-44,18-49,18-29,18-24,Non-Black 18-29,White 18-29,White 18-29,Bernie Sanders,A few times a month,Occasionally,Complete,Call 3,4.0,Too liberal,,,,Some college/assoc. degree,No college degree,More than High school graduate,White no college degree,1.0,Angry,"Dissatisfied, but not angry or Angry",,,,Less than 100k,"Under $30,000",Less than 50k,Less than 50 thousand,"Under $50,000","Under $30,000","Under $50,000 and white",Only Sanders,Only Sanders or Neither of them,Only Sanders or Both of them,Economy/Jobs,,,18-44,18-64,Independent/Something else,Non-black non-Democrat,White Independent,Something else,White Independent,Conservative,Moderate or conservative,Conservative,41.0,No,Omit,White,White,State questionnaire,White,White,Gotten worse,Only Sanders or Neither of them,Only Sanders,Only Sanders or Both of them,South,About right,Dissatisfied,Satisifed,,Male,White men,Suburbs,Suburbs,Alabama,Election day exit poll,,,,,,,,No,,,,Version 2,1.10356760025024,Yes
417948.0,30-44,30-59,40-44,18-44,18-49,30-44,40-49,Non-Black 30-44,White 30-44,White 30-44,Bernie Sanders,Once a week,Weekly,Complete,Call 3,6.0,About right,,,,Postgraduate study,College graduate,More than High school graduate,White college degree,2.0,"Dissatisfied, but not angry","Dissatisfied, but not angry or Angry",,,,100k or more,"$30,000 or more",50k or more,100 thousand or more,"$100,000-$199,999","$100,000-$199,999","Over $50,000 and white",Both of them,Only Clinton or Both of them,Only Sanders or Both of them,Economy/Jobs,,,18-44,18-64,Democrat,Non-black Democrat,White Democrat,Democrat,White Democrat,Somewhat liberal,Liberal,Liberal,75.0,Yes,Honest and trustworthy,White,White,State questionnaire,White,White,Gotten worse,Only Sanders or Neither of them,Only Sanders,Only Sanders or Both of them,South,Too liberal,Satisifed,Satisifed,,Female,White women,Suburbs,Suburbs,Alabama,Election day exit poll,,,,,,,,No,,,,Version 2,0.337956935167313,No
417927.0,,,,,,,,,,,Bernie Sanders,Never,Never,Complete,Call 3,1.0,Not liberal enough,,,,Some college/assoc. degree,No college degree,More than High school graduate,White no college degree,4.0,Angry,"Dissatisfied, but not angry or Angry",,,,Less than 100k,"$30,000 or more",50k or more,50 to 100 thousand,"$50,000-$99,999","$50,000-$99,999","Over $50,000 and white",Only Sanders,Only Sanders or Neither of them,Only Sanders or Both of them,Income inequality,,,,,Democrat,Non-black Democrat,White Democrat,Democrat,White Democrat,Very liberal,Liberal,Liberal,60.0,Yes,Honest and trustworthy,White,White,State questionnaire,White,White,Gotten worse,Only Sanders or Neither of them,Only Sanders,Only Sanders or Both of them,South,About right,Dissatisfied,Satisifed,,Female,White women,Suburbs,Suburbs,Alabama,Election day exit poll,,,,,,,,No,,,,Version 2,0.713538825511932,No
404232.0,18-29,18-29,25-29,18-44,18-49,18-29,25-29,Non-Black 18-29,White 18-29,White 18-29,Bernie Sanders,Never,Never,Complete,Call 1,6.0,About right,,,,College graduate,College graduate,More than High school graduate,White college degree,2.0,"Dissatisfied, but not angry","Dissatisfied, but not angry or Angry",,,,Less than 100k,"$30,000 or more",Less than 50k,Less than 50 thousand,"Under $50,000","$30,000-$49,999","Under $50,000 and white",Only Sanders,Only Sanders or Neither of them,Only Sanders or Both of them,Income inequality,,,18-44,18-64,Democrat,Non-black Democrat,White Democrat,Democrat,White Democrat,Very liberal,Liberal,Liberal,74.0,Yes,Honest and trustworthy,White,White,State questionnaire,White,White,Stayed about the same,Only Clinton or Both of them,Both of them,Only Sanders or Both of them,South,About right,Satisifed,Satisifed,,Female,White women,Suburbs,Suburbs,Alabama,Election day exit poll,,,,,,,,No,,,,Version 2,1.14203000068665,No
415977.0,18-29,18-29,18-24,18-44,18-49,18-29,18-24,Non-Black 18-29,White 18-29,White 18-29,Bernie Sanders,Once a week,Weekly,Complete,Call 3,4.0,About right,,,,High school or less,No college degree,High school graduate or less,White no college degree,1.0,"Dissatisfied, but not angry","Dissatisfied, but not angry or Angry",,,,Less than 100k,"Under $30,000",Less than 50k,Less than 50 thousand,"Under $50,000","Under $30,000","Under $50,000 and white",Both of them,Only Clinton or Both of them,Only Sanders or Both of them,Economy/Jobs,,,18-44,18-64,Independent/Something else,Non-black non-Democrat,White Independent,Something else,White Independent,Moderate,Moderate or conservative,Moderate,41.0,No,Honest and trustworthy,White,White,State questionnaire,White,White,Stayed about the same,Only Clinton or Both of them,Only Clinton,Only Clinton or Neither of them,South,About right,Satisifed,Satisifed,,Female,White women,Suburbs,Suburbs,Alabama,Election day exit poll,,,,,,,,No,,,,Version 2,1.10356760025024,Yes
404353.0,30-44,30-59,40-44,18-44,18-49,30-44,40-49,Non-Black 30-44,White 30-44,White 30-44,Bernie Sanders,A few times a month,Occasionally,Complete,Call 1,6.0,Not liberal enough,,,,Some college/assoc. degree,No college degree,More than High school graduate,White no college degree,2.0,Angry,"Dissatisfied, but not angry or Angry",,,,Less than 100k,"$30,000 or more",50k or more,50 to 100 thousand,"$50,000-$99,999","$50,000-$99,999","Over $50,000 and white",Only Sanders,Only Sanders or Neither of them,Only Sanders or Both of them,Economy/Jobs,,,18-44,18-64,Independent/Something else,Non-black non-Democrat,White Independent,Something else,White Independent,Very liberal,Liberal,Liberal,74.0,Yes,Honest and trustworthy,White,White,State questionnaire,White,White,Gotten worse,Only Sanders or Neither of them,Only Sanders,Only Sanders or Both of them,South,About right,Dissatisfied,Satisifed,,Female,White women,Suburbs,Suburbs,Alabama,Election day exit poll,,,,,,,,No,,,,Version 2,1.14203000068665,No
404338.0,30-44,30-59,30-39,18-44,18-49,30-44,30-39,Non-Black 30-44,White 30-44,White 30-44,Bernie Sanders,Never,Never,Complete,Call 1,1.0,Not liberal enough,,,,College graduate,College graduate,More than High school graduate,White college degree,4.0,Angry,"Dissatisfied, but not angry or Angry",,,,100k or more,"$30,000 or more",50k or more,100 thousand or more,"$200,000 or more","$200,000 or more","Over $50,000 and white",Both of them,Only Clinton or Both of them,Only Sanders or Both of them,Income inequality,,,18-44,18-64,Democrat,Non-black Democrat,White Democrat,Democrat,White Democrat,Very liberal,Liberal,Liberal,1.0,Yes,Cares about people like me,White,White,State questionnaire,White,White,Gotten worse,Only Sanders or Neither of them,Only Sanders,Only Sanders or Both of them,South,About right,Dissatisfied,Satisifed,,Male,White men,Suburbs,Suburbs,Alabama,Election day exit poll,,,,,,,,No,,,,Version 2,0.584650099277496,No
403305.0,30-44,30-59,30-39,18-44,18-49,30-44,30-39,Non-Black 30-44,White 30-44,White 30-44,Bernie Sanders,A few times a year,Occasionally,Complete,Call 1,1.0,About right,,,,Postgraduate study,College graduate,More than High school graduate,White college degree,4.0,"Dissatisfied, but not angry","Dissatisfied, but not angry or Angry",,,,Less than 100k,"$30,000 or more",50k or more,50 to 100 thousand,"$50,000-$99,999","$50,000-$99,999","Over $50,000 and white",Both of them,Only Clinton or Both of them,Only Sanders or Both of them,Health care,,,18-44,18-64,Democrat,Non-black Democrat,White Democrat,Democrat,White Democrat,Somewhat liberal,Liberal,Liberal,58.0,Yes,Cares about people like me,White,White,State questionnaire,White,White,Gotten worse,Only Clinton or Both of them,Both of them,Only Sanders or Both of them,South,About right,Satisifed,Satisifed,,Male,White men,"Cities 50,000-500,000","Cities over 50,000",Alabama,Election day exit poll,,,,,,,,No,,,,Version 2,0.651029646396637,No
410117.0,30-44,30-59,30-39,18-44,18-49,30-44,30-39,Non-Black 30-44,White 30-44,White 30-44,Bernie Sanders,A few times a month,Occasionally,Complete,Call 2,1.0,About right,,,,Some college/assoc. degree,No college degree,More than High school graduate,White no college degree,4.0,"Dissatisfied, but not angry","Dissatisfied, but not angry or Angry",,,,Less than 100k,"$30,000 or more",Less than 50k,Less than 50 thousand,"Under $50,000","$30,000-$49,999","Under $50,000 and white",Both of them,Only Clinton or Both of them,Only Sanders or Both of them,Economy/Jobs,,,18-44,18-64,Democrat,Non-black Democrat,White Democrat,Democrat,White Democrat,Somewhat liberal,Liberal,Liberal,59.0,Yes,Omit,White,White,State questionnaire,White,White,Gotten worse,Only Clinton or Both of them,Both of them,Only Sanders or Both of them,South,About right,Satisifed,Satisifed,,Female,White women,"Cities 50,000-500,000","Cities over 50,000",Alabama,Election day exit poll,,,,,,,,No,,,,Version 2,0.883830904960632,Yes
417765.0,45-65,30-59,50-59,45+,50+,45-59,50-64,Black 45-59,Black 45-59,Black 45-64,Bernie Sanders,A few times a year,Occasionally,Complete,Call 3,7.0,Not liberal enough,,,,High school or less,No college degree,High school graduate or less,Non white no college degree,3.0,"Satisfied, but not enthusiastic","Enthusiastic or satisfied, but not enthusiastic",,,,Less than 100k,"Under $30,000",Less than 50k,Less than 50 thousand,"Under $50,000","Under $30,000","Under $50,000 and non white",Both of them,Only Clinton or Both of them,Only Sanders or Both of them,Terrorism,,,45+,18-64,Independent/Something else,Black non-Democrat,Black Independent,Independent,All others,Somewhat liberal,Liberal,Liberal,38.0,Yes,Honest and trustworthy,Black,Black,State questionnaire,Black,Non-white,Gotten worse,Only Clinton or Both of them,Both of them,Only Sanders or Both of them,South,Not liberal enough,Satisifed,Satisifed,,Male,Black men,"Cities 50,000-500,000","Cities over 50,000",Alabama,Election day exit poll,,,,,,,,No,,,,Version 2,0.55938720703125,No
404247.0,45-65,30-59,45-49,45+,18-49,45-59,40-49,Non-Black 45-59,White 45-59,White 45-64,Bernie Sanders,Once a week,Weekly,Complete,Call 1,6.0,Not liberal enough,,,,College graduate,College graduate,More than High school graduate,White college degree,2.0,"Dissatisfied, but not angry","Dissatisfied, but not angry or Angry",,,,100k or more,"$30,000 or more",50k or more,100 thousand or more,"$100,000-$199,999","$100,000-$199,999","Over $50,000 and white",Both of them,Only Clinton or Both of them,Only Sanders or Both of them,Economy/Jobs,,,45+,18-64,Independent/Something else,Non-black non-Democrat,White Independent,Independent,White Independent,Moderate,Moderate or conservative,Moderate,77.0,No,Honest and trustworthy,White,White,State questionnaire,White,White,Gotten worse,Only Clinton or Both of them,Both of them,Only Sanders or Both of them,South,About right,Dissatisfied,Dissatisfied,,Male,White men,"Cities 50,000-500,000","Cities over 50,000",Alabama,Election day exit poll,,,,,,,,No,,,,Version 2,2.88103032112122,No
410020.0,18-29,18-29,25-29,18-44,18-49,18-29,25-29,Black 18-29,Black 18-29,Black 18-29,Bernie Sanders,More than once a week,Weekly,Complete,Call 2,2.0,Too liberal,,,,Some college/assoc. degree,No college degree,More than High school graduate,Non white no college degree,3.0,"Dissatisfied, but not angry","Dissatisfied, but not angry or Angry",,,,Less than 100k,"Under $30,000",Less than 50k,Less than 50 thousand,"Under $50,000","Under $30,000","Under $50,000 and non white",Only Sanders,Only Sanders or Neither of them,Only Sanders or Both of them,Omit,,,18-44,18-64,Democrat,Black Democrat,Black Democrat,Democrat,Non-White Democrats,Somewhat liberal,Liberal,Liberal,67.0,No,Honest and trustworthy,Black,Black,State questionnaire,Black,Non-white,Gotten worse,Only Clinton or Both of them,Both of them,Only Sanders or Both of them,South,About right,Dissatisfied,Satisifed,,Female,Black women,"Cities 50,000-500,000","Cities over 50,000",Alabama,Election day exit poll,,,,,,,,No,,,,Version 2,0.476312071084976,No
404214.0,18-29,18-29,25-29,18-44,18-49,18-29,25-29,Black 18-29,Black 18-29,Black 18-29,Bernie Sanders,Once a week,Weekly,Complete,Call 1,1.0,About right,,,,College graduate,College graduate,More than High school graduate,Non white college degree,4.0,"Dissatisfied, but not angry","Dissatisfied, but not angry or Angry",,,,Less than 100k,"$30,000 or more",50k or more,50 to 100 thousand,"$50,000-$99,999","$50,000-$99,999","Over $50,000 and non white",Both of them,Only Clinton or Both of them,Only Sanders or Both of them,Economy/Jobs,,,18-44,18-64,Democrat,Black Democrat,Black Democrat,Democrat,Non-White Democrats,Very liberal,Liberal,Liberal,1.0,Yes,Cares about people like me,Black,Black,State questionnaire,Black,Non-white,Gotten worse,Only Clinton or Both of them,Both of them,Only Sanders or Both of them,South,About right,Satisifed,Satisifed,,Female,Black women,Suburbs,Suburbs,Alabama,Election day exit poll,,,,,,,,No,,,,Version 2,0.21524304151535,No
409937.0,30-44,30-59,40-44,18-44,18-49,30-44,40-49,Black 30-44,Black 30-44,Black 30-44,Bernie Sanders,More than once a week,Weekly,Complete,Call 2,7.0,Not liberal enough,,,,Postgraduate study,College graduate,More than High school graduate,Non white college degree,3.0,"Satisfied, but not enthusiastic","Enthusiastic or satisfied, but not enthusiastic",,,,Less than 100k,"$30,000 or more",Less than 50k,Less than 50 thousand,"Under $50,000","$30,000-$49,999","Under $50,000 and non white",Only Sanders,Only Sanders or Neither of them,Only Sanders or Both of them,Economy/Jobs,,,18-44,18-64,Democrat,Black Democrat,Black Democrat,Democrat,Non-White Democrats,Conservative,Moderate or conservative,Conservative,17.0,Yes,Honest and trustworthy,Black,Black,State questionnaire,Black,Non-white,Stayed about the same,Only Sanders or Neither of them,Only Sanders,Only Sanders or Both of them,South,About right,Dissatisfied,Satisifed,,Female,Black women,Rural,Small Cities/Rural,Alabama,Election day exit poll,,,,,,,,No,,,,Version 2,0.575050354003906,No
409897.0,30-44,30-59,40-44,18-44,18-49,30-44,40-49,Black 30-44,Black 30-44,Black 30-44,Bernie Sanders,A few times a year,Occasionally,Complete,Call 2,5.0,Not liberal enough,,,,College graduate,College graduate,More than High school graduate,Non white college degree,1.0,"Dissatisfied, but not angry","Dissatisfied, but not angry or Angry",,,,Less than 100k,"$30,000 or more",Less than 50k,Less than 50 thousand,"Under $50,000","$30,000-$49,999","Under $50,000 and non white",Omit,Omit,Omit,Income inequality,,,18-44,18-64,Democrat,Black Democrat,Black Democrat,Democrat,Non-White Democrats,Very liberal,Liberal,Liberal,44.0,Yes,Honest and trustworthy,Black,Black,State questionnaire,Black,Non-white,Gotten worse,Only Sanders or Neither of them,Only Sanders,Only Sanders or Both of them,South,About right,Dissatisfied,Satisifed,,Female,Black women,"Cities 50,000-500,000","Cities over 50,000",Alabama,Election day exit poll,,,,,,,,No,,,,Version 2,0.56621778011322,No
416650.0,65+,60+,65 or over,45+,50+,60+,65+,Non-Black 60+,White 60+,White 65+,Bernie Sanders,A few times a month,Occasionally,Complete,Call 3,5.0,About right,,,,College graduate,College graduate,More than High school graduate,White college degree,1.0,"Dissatisfied, but not angry","Dissatisfied, but not angry or Angry",,,,Less than 100k,"$30,000 or more",50k or more,50 to 100 thousand,"$50,000-$99,999","$50,000-$99,999","Over $50,000 and white",Both of them,Only Clinton or Both of them,Only Sanders or Both of them,Income inequality,,,45+,65+,Independent/Something else,Non-black non-Democrat,White Independent,Independent,White Independent,Moderate,Moderate or conservative,Moderate,46.0,Yes,Honest and trustworthy,White,White,State questionnaire,White,White,Gotten better,Only Clinton or Both of them,Both of them,Only Sanders or Both of them,South,About right,Satisifed,Satisifed,,Male,White men,"Cities 50,000-500,000","Cities over 50,000",Alabama,Election day exit poll,,,,,,,,No,,,,Version 2,1.44843363761902,No
404082.0,18-29,18-29,25-29,18-44,18-49,18-29,25-29,Non-Black 18-29,White 18-29,White 18-29,Bernie Sanders,A few times a month,Occasionally,Complete,Call 1,1.0,Omit,,,,Some college/assoc. degree,No college degree,More than High school graduate,White no college degree,4.0,"Satisfied, but not enthusiastic","Enthusiastic or satisfied, but not enthusiastic",,,,Less than 100k,"Under $30,000",Less than 50k,Less than 50 thousand,"Under $50,000","Under $30,000","Under $50,000 and white",Only Sanders,Only Sanders or Neither of them,Only Sanders or Both of them,Economy/Jobs,,,18-44,18-64,Independent/Something else,Non-black non-Democrat,White Independent,Something else,White Independent,Moderate,Moderate or conservative,Moderate,59.0,No,Cares about people like me,White,White,State questionnaire,White,White,Stayed about the same,Only Sanders or Neither of them,Only Sanders,Only Sanders or Both of them,South,About right,Dissatisfied,Satisifed,,Female,White women,"Cities 50,000-500,000","Cities over 50,000",Alabama,Election day exit poll,,,,,,,,No,,,,Version 2,0.973910748958588,Yes
404070.0,30-44,30-59,30-39,18-44,18-49,30-44,30-39,Non-Black 30-44,White 30-44,White 30-44,Bernie Sanders,Never,Never,Complete,Call 1,1.0,About right,,,,College graduate,College graduate,More than High school graduate,White college degree,4.0,"Satisfied, but not enthusiastic","Enthusiastic or satisfied, but not enthusiastic",,,,Less than 100k,"$30,000 or more",Less than 50k,Less than 50 thousand,"Under $50,000","$30,000-$49,999","Under $50,000 and white",Both of them,Only Clinton or Both of them,Only Sanders or Both of them,Terrorism,,,18-44,18-64,Democrat,Non-black Democrat,White Democrat,Democrat,White Democrat,Very liberal,Liberal,Liberal,60.0,Yes,Can win in November,White,White,State questionnaire,White,White,Gotten better,Only Clinton or Both of them,Both of them,Only Sanders or Both of them,South,About right,Satisifed,Satisifed,,Female,White women,Suburbs,Suburbs,Alabama,Election day exit poll,,,,,,,,No,,,,Version 2,0.69703084230423,No
409854.0,45-65,60+,60-64,45+,50+,60+,50-64,Black 60+,Black 60+,Black 45-64,Bernie Sanders,More than once a week,Weekly,Complete,Call 2,5.0,About right,,,,Some college/assoc. degree,No college degree,More than High school graduate,Non white no college degree,1.0,Enthusiastic,"Enthusiastic or satisfied, but not enthusiastic",,,,Less than 100k,"$30,000 or more",50k or more,50 to 100 thousand,"$50,000-$99,999","$50,000-$99,999","Over $50,000 and non white",Both of them,Only Clinton or Both of them,Only Sanders or Both of them,Health care,,,45+,18-64,Democrat,Black Democrat,Black Democrat,Democrat,Non-White Democrats,Conservative,Moderate or conservative,Conservative,44.0,Yes,Cares about people like me,Black,Black,State questionnaire,Black,Non-white,Gotten worse,Only Clinton or Both of them,Both of them,Only Sanders or Both of them,South,About right,Satisifed,Satisifed,,Female,Black women,"Cities 50,000-500,000","Cities over 50,000",Alabama,Election day exit poll,,,,,,,,No,,,,Version 2,0.56621778011322,No
409811.0,18-29,18-29,18-24,18-44,18-49,18-29,18-24,Black 18-29,Black 18-29,Black 18-29,Bernie Sanders,More than once a week,Weekly,Complete,Call 2,5.0,Too liberal,,,,College graduate,College graduate,More than High school graduate,Non white college degree,1.0,Angry,"Dissatisfied, but not angry or Angry",,,,Less than 100k,"Under $30,000",Less than 50k,Less than 50 thousand,"Under $50,000","Under $30,000","Under $50,000 and non white",Only Sanders,Only Sanders or Neither of them,Only Sanders or Both of them,Health care,,,18-44,18-64,Independent/Something else,Black non-Democrat,Black Independent,Independent,All others,Moderate,Moderate or conservative,Moderate,44.0,Yes,Honest and trustworthy,Black,Black,State questionnaire,Black,Non-white,Gotten worse,Only Sanders or Neither of them,Only Sanders,Only Sanders or Both of them,South,About right,Dissatisfied,Satisifed,,Male,Black men,"Cities 50,000-500,000","Cities over 50,000",Alabama,Election day exit poll,,,,,,,,No,,,,Version 2,0.56621778011322,No
404013.0,45-65,30-59,45-49,45+,18-49,45-59,40-49,Non-Black 45-59,White 45-59,White 45-64,Bernie Sanders,A few times a year,Occasionally,Complete,Call 1,6.0,Not liberal enough,,,,College graduate,College graduate,More than High school graduate,White college degree,2.0,Angry,"Dissatisfied, but not angry or Angry",,,,Less than 100k,"$30,000 or more",50k or more,50 to 100 thousand,"$50,000-$99,999","$50,000-$99,999","Over $50,000 and white",Only Sanders,Only Sanders or Neither of them,Only Sanders or Both of them,Terrorism,,,45+,18-64,Independent/Something else,Non-black non-Democrat,White Independent,Something else,White Independent,Moderate,Moderate or conservative,Moderate,74.0,No,Honest and trustworthy,White,White,State questionnaire,White,White,Gotten better,Only Clinton or Both of them,Both of them,Only Sanders or Both of them,South,About right,Dissatisfied,Satisifed,,Male,White men,Suburbs,Suburbs,Alabama,Election day exit poll,,,,,,,,No,,,,Version 2,1.14203000068665,No
412358.0,45-65,30-59,45-49,45+,18-49,45-59,40-49,Black 45-59,Black 45-59,Black 45-64,Bernie Sanders,Once a week,Weekly,Complete,Call 2,7.0,About right,,,,Some college/assoc. degree,No college degree,More than High school graduate,Non white no college degree,3.0,"Satisfied, but not enthusiastic","Enthusiastic or satisfied, but not enthusiastic",,,,Less than 100k,"$30,000 or more",Less than 50k,Less than 50 thousand,"Under $50,000","$30,000-$49,999","Under $50,000 and non white",Both of them,Only Clinton or Both of them,Only Sanders or Both of them,Income inequality,,,45+,18-64,Independent/Something else,Black non-Democrat,Black Independent,Independent,All others,Moderate,Moderate or conservative,Moderate,38.0,Yes,Honest and trustworthy,Black,Black,State questionnaire,Black,Non-white,Gotten worse,Only Clinton or Both of them,Both of them,Only Sanders or Both of them,South,Not liberal enough,Satisifed,Satisifed,,Male,Black men,"Cities 50,000-500,000","Cities over 50,000",Alabama,Election day exit poll,,,,,,,,No,,,,Version 2,0.55938720703125,No
417478.0,18-29,18-29,18-24,18-44,18-49,18-29,18-24,Black 18-29,Black 18-29,Black 18-29,Bernie Sanders,Once a week,Weekly,Complete,Call 3,1.0,Too liberal,,,,Some college/assoc. degree,No college degree,More than High school graduate,Non white no college degree,4.0,"Dissatisfied, but not angry","Dissatisfied, but not angry or Angry",,,,Less than 100k,"$30,000 or more",Less than 50k,Less than 50 thousand,"Under $50,000","$30,000-$49,999","Under $50,000 and non white",Only Sanders,Only Sanders or Neither of them,Only Sanders or Both of them,Income inequality,,,18-44,18-64,Democrat,Black Democrat,Black Democrat,Democrat,Non-White Democrats,Somewhat liberal,Liberal,Liberal,58.0,Yes,Honest and trustworthy,Black,Black,State questionnaire,Black,Non-white,Stayed about the same,Only Clinton or Both of them,Both of them,Only Sanders or Both of them,South,About right,Satisifed,Satisifed,,Male,Black men,"Cities 50,000-500,000","Cities over 50,000",Alabama,Election day exit poll,,,,,,,,No,,,,Version 2,0.239681139588356,No
409743.0,18-29,18-29,18-24,18-44,18-49,18-29,18-24,Non-Black 18-29,White 18-29,White 18-29,Bernie Sanders,Never,Never,Not complete,Call 2,7.0,,,,,,,,,3.0,,,,,,,,,,,,,Only Sanders,Only Sanders or Neither of them,Only Sanders or Both of them,,,,18-44,18-64,,,,,,,,,34.0,No,,White,White,State questionnaire,White,White,Stayed about the same,,,,South,,Dissatisfied,Satisifed,,Female,White women,"Cities 50,000-500,000","Cities over 50,000",Alabama,Election day exit poll,,,,,,,,No,,,,Version 2,3.32551741600037,
403948.0,30-44,30-59,40-44,18-44,18-49,30-44,40-49,Black 30-44,Black 30-44,Black 30-44,Bernie Sanders,Once a week,Weekly,Complete,Call 1,7.0,Not liberal enough,,,,College graduate,College graduate,More than High school graduate,Non white college degree,3.0,"Satisfied, but not enthusiastic","Enthusiastic or satisfied, but not enthusiastic",,,,Less than 100k,"$30,000 or more",Less than 50k,Less than 50 thousand,"Under $50,000","$30,000-$49,999","Under $50,000 and non white",Both of them,Only Clinton or Both of them,Only Sanders or Both of them,Economy/Jobs,,,18-44,18-64,Democrat,Black Democrat,Black Democrat,Democrat,Non-White Democrats,Somewhat liberal,Liberal,Liberal,33.0,Yes,Cares about people like me,Black,Black,State questionnaire,Black,Non-white,Gotten better,Only Sanders or Neither of them,Only Sanders,Only Sanders or Both of them,South,About right,Satisifed,Satisifed,,Female,Black women,"Cities 50,000-500,000","Cities over 50,000",Alabama,Election day exit poll,,,,,,,,No,,,,Version 2,1.03178203105927,No
417456.0,30-44,30-59,30-39,18-44,18-49,30-44,30-39,Non-Black 30-44,White 30-44,White 30-44,Bernie Sanders,A few times a year,Occasionally,Complete,Call 3,7.0,Not liberal enough,,,,Some college/assoc. degree,No college degree,More than High school graduate,White no college degree,3.0,"Satisfied, but not enthusiastic","Enthusiastic or satisfied, but not enthusiastic",,,,Less than 100k,"$30,000 or more",50k or more,50 to 100 thousand,"$50,000-$99,999","$50,000-$99,999","Over $50,000 and white",Only Sanders,Only Sanders or Neither of them,Only Sanders or Both of them,Health care,,,18-44,18-64,Independent/Something else,Non-black non-Democrat,White Independent,Independent,White Independent,Somewhat liberal,Liberal,Liberal,33.0,Yes,Honest and trustworthy,White,White,State questionnaire,White,White,Gotten worse,Only Sanders or Neither of them,Only Sanders,Only Sanders or Both of them,South,About right,Dissatisfied,Satisifed,,Female,White women,"Cities 50,000-500,000","Cities over 50,000",Alabama,Election day exit poll,,,,,,,,No,,,,Version 2,3.24435138702393,No
409681.0,65+,60+,65 or over,45+,50+,60+,65+,Non-Black 60+,White 60+,White 65+,Bernie Sanders,Never,Never,Complete,Call 2,7.0,Not liberal enough,,,,Postgraduate study,College graduate,More than High school graduate,White college degree,3.0,"Dissatisfied, but not angry","Dissatisfied, but not angry or Angry",,,,Less than 100k,"$30,000 or more",50k or more,50 to 100 thousand,"$50,000-$99,999","$50,000-$99,999","Over $50,000 and white",Only Sanders,Only Sanders or Neither of them,Only Sanders or Both of them,Income inequality,,,45+,65+,Democrat,Non-black Democrat,White Democrat,Democrat,White Democrat,Somewhat liberal,Liberal,Liberal,34.0,Yes,Honest and trustworthy,White,White,State questionnaire,White,White,Stayed about the same,Only Clinton or Both of them,Both of them,Only Sanders or Both of them,South,About right,Dissatisfied,Satisifed,,Male,White men,"Cities 50,000-500,000","Cities over 50,000",Alabama,Election day exit poll,,,,,,,,No,,,,Version 2,3.47941470146179,No
409674.0,18-29,18-29,18-24,18-44,18-49,18-29,18-24,Non-Black 18-29,White 18-29,White 18-29,Bernie Sanders,A few times a month,Occasionally,Complete,Call 2,3.0,Not liberal enough,,,,Some college/assoc. degree,No college degree,More than High school graduate,White no college degree,2.0,"Dissatisfied, but not angry","Dissatisfied, but not angry or Angry",,,,Less than 100k,"$30,000 or more",50k or more,50 to 100 thousand,"$50,000-$99,999","$50,000-$99,999","Over $50,000 and white",Only Sanders,Only Sanders or Neither of them,Only Sanders or Both of them,Economy/Jobs,,,18-44,18-64,Democrat,Non-black Democrat,White Democrat,Democrat,White Democrat,Somewhat liberal,Liberal,Liberal,7.0,Yes,Honest and trustworthy,White,White,State questionnaire,White,White,Gotten worse,Only Sanders or Neither of them,Only Sanders,Only Sanders or Both of them,South,About right,Dissatisfied,Satisifed,,Female,White women,Suburbs,Suburbs,Alabama,Election day exit poll,,,,,,,,No,,,,Version 2,0.642849743366241,No
403863.0,45-65,30-59,45-49,45+,18-49,45-59,40-49,Non-Black 45-59,White 45-59,White 45-64,Bernie Sanders,A few times a month,Occasionally,Complete,Call 1,6.0,Too liberal,,,,College graduate,College graduate,More than High school graduate,White college degree,2.0,"Dissatisfied, but not angry","Dissatisfied, but not angry or Angry",,,,Less than 100k,"$30,000 or more",Less than 50k,Less than 50 thousand,"Under $50,000","$30,000-$49,999","Under $50,000 and white",Only Sanders,Only Sanders or Neither of them,Only Sanders or Both of them,Terrorism,,,45+,18-64,Republican,Non-black non-Democrat,All Republicans,Republican,White Republican,Moderate,Moderate or conservative,Moderate,5.0,No,Cares about people like me,White,White,State questionnaire,White,White,Gotten worse,Only Sanders or Neither of them,Only Sanders,Only Sanders or Both of them,South,About right,Dissatisfied,Satisifed,,Female,White women,Suburbs,Suburbs,Alabama,Election day exit poll,,,,,,,,No,,,,Version 2,0.304455637931824,No
409643.0,18-29,18-29,18-24,18-44,18-49,18-29,18-24,Non-Black 18-29,White 18-29,White 18-29,Bernie Sanders,Never,Never,Complete,Call 2,3.0,Not liberal enough,,,,High school or less,No college degree,High school graduate or less,White no college degree,2.0,"Satisfied, but not enthusiastic","Enthusiastic or satisfied, but not enthusiastic",,,,Less than 100k,"Under $30,000",Less than 50k,Less than 50 thousand,"Under $50,000","Under $30,000","Under $50,000 and white",Only Sanders,Only Sanders or Neither of them,Only Sanders or Both of them,Economy/Jobs,,,18-44,18-64,Independent/Something else,Non-black non-Democrat,White Independent,Something else,White Independent,Moderate,Moderate or conservative,Moderate,7.0,No,Honest and trustworthy,White,White,State questionnaire,White,White,Stayed about the same,Only Sanders or Neither of them,Only Sanders,Only Sanders or Both of them,South,About right,Dissatisfied,Satisifed,,Female,White women,Suburbs,Suburbs,Alabama,Election day exit poll,,,,,,,,No,,,,Version 2,0.642849743366241,Yes
417155.0,65+,60+,65 or over,45+,50+,60+,65+,Non-Black 60+,White 60+,White 65+,Bernie Sanders,A few times a year,Occasionally,Complete,Call 3,1.0,About right,,,,Some college/assoc. degree,No college degree,More than High school graduate,White no college degree,4.0,Angry,"Dissatisfied, but not angry or Angry",,,,100k or more,"$30,000 or more",50k or more,100 thousand or more,"$100,000-$199,999","$100,000-$199,999","Over $50,000 and white",Both of them,Only Clinton or Both of them,Only Sanders or Both of them,Income inequality,,,45+,65+,Democrat,Non-black Democrat,White Democrat,Democrat,White Democrat,Very liberal,Liberal,Liberal,59.0,Yes,Cares about people like me,White,White,State questionnaire,White,White,Gotten worse,Only Clinton or Both of them,Both of them,Only Sanders or Both of them,South,About right,Satisifed,Satisifed,,Female,White women,"Cities 50,000-500,000","Cities over 50,000",Alabama,Election day exit poll,,,,,,,,No,,,,Version 2,1.07950913906097,No
410753.0,45-65,30-59,50-59,45+,50+,45-59,50-64,Black 45-59,Black 45-59,Black 45-64,Bernie Sanders,Once a week,Weekly,Complete,Call 2,6.0,About right,,,,Postgraduate study,College graduate,More than High school graduate,Non white college degree,2.0,"Dissatisfied, but not angry","Dissatisfied, but not angry or Angry",,,,Less than 100k,"$30,000 or more",Less than 50k,Less than 50 thousand,"Under $50,000","$30,000-$49,999","Under $50,000 and non white",Both of them,Only Clinton or Both of them,Only Sanders or Both of them,Economy/Jobs,,,45+,18-64,Democrat,Black Democrat,Black Democrat,Democrat,Non-White Democrats,Moderate,Moderate or conservative,Moderate,75.0,No,Honest and trustworthy,Black,Black,State questionnaire,Black,Non-white,Gotten worse,Only Sanders or Neither of them,Only Sanders,Only Sanders or Both of them,South,About right,Dissatisfied,Satisifed,,Male,Black men,Suburbs,Suburbs,Alabama,Election day exit poll,,,,,,,,No,,,,Version 2,0.0958172753453255,No
409597.0,18-29,18-29,25-29,18-44,18-49,18-29,25-29,Black 18-29,Black 18-29,Black 18-29,Bernie Sanders,More than once a week,Weekly,Complete,Call 2,2.0,About right,,,,High school or less,No college degree,High school graduate or less,Non white no college degree,4.0,"Satisfied, but not enthusiastic","Enthusiastic or satisfied, but not enthusiastic",,,,Less than 100k,"Under $30,000",Less than 50k,Less than 50 thousand,"Under $50,000","Under $30,000","Under $50,000 and non white",Both of them,Only Clinton or Both of them,Only Sanders or Both of them,Income inequality,,,18-44,18-64,Democrat,Black Democrat,Black Democrat,Democrat,Non-White Democrats,Moderate,Moderate or conservative,Moderate,13.0,No,Cares about people like me,Black,Black,State questionnaire,Black,Non-white,Gotten worse,Only Clinton or Both of them,Both of them,Only Sanders or Both of them,South,About right,Satisifed,Satisifed,,Male,Black men,Rural,Small Cities/Rural,Alabama,Election day exit poll,,,,,,,,No,,,,Version 2,0.168635338544846,No
405355.0,45-65,60+,60-64,45+,50+,60+,50-64,Black 60+,Black 60+,Black 45-64,Uncommitted,A few times a month,Occasionally,Complete,Call 1,1.0,Omit,,,,High school or less,No college degree,High school graduate or less,Non white no college degree,4.0,"Dissatisfied, but not angry","Dissatisfied, but not angry or Angry",,,,,,,,,,,Omit,Omit,Omit,Health care,,,45+,18-64,Democrat,Black Democrat,Black Democrat,Democrat,Non-White Democrats,Moderate,Moderate or conservative,Moderate,62.0,Omit,Omit,Black,Black,State questionnaire,Black,Non-white,Gotten worse,Omit,Omit,Omit,South,Omit,Omit,Omit,,Male,Black men,Suburbs,Suburbs,Alabama,Election day exit poll,,,,,,,,No,,,,Version 2,0.543904304504395,No
403091.0,18-29,18-29,25-29,18-44,18-49,18-29,25-29,Non-Black 18-29,White 18-29,White 18-29,Uncommitted,More than once a week,Weekly,Complete,Call 1,7.0,Not liberal enough,,,,Some college/assoc. degree,No college degree,More than High school graduate,White no college degree,3.0,"Dissatisfied, but not angry","Dissatisfied, but not angry or Angry",,,,Less than 100k,"Under $30,000",Less than 50k,Less than 50 thousand,"Under $50,000","Under $30,000","Under $50,000 and white",Neither of them,Only Sanders or Neither of them,Only Clinton or Neither of them,Omit,,,18-44,18-64,Democrat,Non-black Democrat,White Democrat,Democrat,White Democrat,Conservative,Moderate or conservative,Conservative,17.0,Yes,Honest and trustworthy,White,White,State questionnaire,White,White,Gotten worse,Only Sanders or Neither of them,Neither of them,Only Clinton or Neither of them,South,Not liberal enough,Dissatisfied,Dissatisfied,,Female,White women,Rural,Small Cities/Rural,Alabama,Election day exit poll,,,,,,,,No,,,,Version 2,2.24867844581604,Yes
402491.0,18-29,18-29,18-24,18-44,18-49,18-29,18-24,Non-Black 18-29,White 18-29,White 18-29,Uncommitted,A few times a month,Occasionally,Complete,Call 1,3.0,About right,,,,Some college/assoc. degree,No college degree,More than High school graduate,White no college degree,2.0,"Dissatisfied, but not angry","Dissatisfied, but not angry or Angry",,,,Less than 100k,"Under $30,000",Less than 50k,Less than 50 thousand,"Under $50,000","Under $30,000","Under $50,000 and white",Both of them,Only Clinton or Both of them,Only Sanders or Both of them,Economy/Jobs,,,18-44,18-64,Democrat,Non-black Democrat,White Democrat,Democrat,White Democrat,Very liberal,Liberal,Liberal,9.0,Yes,Has the right experience,White,White,State questionnaire,White,White,Stayed about the same,Only Clinton or Both of them,Both of them,Only Sanders or Both of them,South,Too liberal,Satisifed,Satisifed,,Male,White men,"Cities 10,000-50,000",Small Cities/Rural,Alabama,Election day exit poll,,,,,,,,No,,,,Version 2,1.98203063011169,Yes
412237.0,30-44,30-59,30-39,18-44,18-49,30-44,30-39,Black 30-44,Black 30-44,Black 30-44,Uncommitted,Once a week,Weekly,Complete,Call 2,7.0,Not liberal enough,,,,High school or less,No college degree,High school graduate or less,Non white no college degree,3.0,"Satisfied, but not enthusiastic","Enthusiastic or satisfied, but not enthusiastic",,,,Less than 100k,"$30,000 or more",Less than 50k,Less than 50 thousand,"Under $50,000","$30,000-$49,999","Under $50,000 and non white",Both of them,Only Clinton or Both of them,Only Sanders or Both of them,Terrorism,,,18-44,18-64,Independent/Something else,Black non-Democrat,Black Independent,Independent,All others,Moderate,Moderate or conservative,Moderate,38.0,Yes,Honest and trustworthy,Black,Black,State questionnaire,Black,Non-white,Gotten worse,Only Clinton or Both of them,Both of them,Only Sanders or Both of them,South,Not liberal enough,Satisifed,Satisifed,,Female,Black women,"Cities 50,000-500,000","Cities over 50,000",Alabama,Election day exit poll,,,,,,,,No,,,,Version 2,1.56389021873474,No
404116.0,30-44,30-59,30-39,18-44,18-49,30-44,30-39,Non-Black 30-44,White 30-44,White 30-44,Other,Once a week,Weekly,Complete,Call 1,6.0,Not liberal enough,,,,Postgraduate study,College graduate,More than High school graduate,White college degree,2.0,"Satisfied, but not enthusiastic","Enthusiastic or satisfied, but not enthusiastic",,,,Less than 100k,"$30,000 or more",50k or more,50 to 100 thousand,"$50,000-$99,999","$50,000-$99,999","Over $50,000 and white",Neither of them,Only Sanders or Neither of them,Only Clinton or Neither of them,Economy/Jobs,,,18-44,18-64,Independent/Something else,Non-black non-Democrat,White Independent,Independent,White Independent,Conservative,Moderate or conservative,Conservative,75.0,Yes,Honest and trustworthy,White,White,State questionnaire,White,White,Stayed about the same,Only Sanders or Neither of them,Neither of them,Only Clinton or Neither of them,South,About right,Dissatisfied,Dissatisfied,,Male,White men,Suburbs,Suburbs,Alabama,Election day exit poll,,,,,,,,No,,,,Version 2,0.0958172753453255,No
409894.0,65+,60+,65 or over,45+,50+,60+,65+,Black 60+,Black 60+,Black 65+,Other,Once a week,Weekly,Complete,Call 2,7.0,About right,,,,High school or less,No college degree,High school graduate or less,Non white no college degree,3.0,"Satisfied, but not enthusiastic","Enthusiastic or satisfied, but not enthusiastic",,,,Less than 100k,"Under $30,000",Less than 50k,Less than 50 thousand,"Under $50,000","Under $30,000","Under $50,000 and non white",Only Clinton,Only Clinton or Both of them,Only Clinton or Neither of them,Terrorism,,,45+,65+,Democrat,Black Democrat,Black Democrat,Democrat,Non-White Democrats,Moderate,Moderate or conservative,Moderate,17.0,Omit,Has the right experience,Black,Black,State questionnaire,Black,Non-white,Stayed about the same,Only Clinton or Both of them,Both of them,Only Sanders or Both of them,South,About right,Satisifed,Satisifed,,Female,Black women,Rural,Small Cities/Rural,Alabama,Election day exit poll,,,,,,,,No,,,,Version 2,1.4225754737854,No
