ID,WEIGHT,FLDPRS20,AGE,AGE3,AGE8,AGE45,AGE49,AGE60,AGE65,AGEBLACK,AGEBYRACE,AGEBYRACE08,BACKSIDE,BEATTRUMPMAR17,BIDENLIB,CALL,CDNUM,CUBAN,CUBANPR4,ECONCHANGE20,EDUC18,EDUCCOLL,EDUCHS,EDUCWHITE,EDUCWHITEBYSEX,FAVBIDEN2,FAVDEM20,FAVSANDERS,GEOCODE,GUNPOLICYDEM20,ISSDEM20B,LATINO,LGBT,MAJCRISISMAR17,MARRIED,OBAMAPLCY20,OVER45,OVER65,PARTY,PARTYBLACK,PARTYBYRACE,PARTYGENDER,PARTYID,PARTYWHITE,PHIL4,PHIL2D,PHIL3X,PRECINCT,PREVPRIDEM,PUERTORICAN,QLT20DEMPRIB,QRACE3,QRACEAI,QTYPE,RACE,RACE2B,RACEAI,REGION,REL5,RELIGN18,RELWHITE,SANDERSLIB,SEX,SEXBYRACE,SEXWED,SINGLEPAYER20,SIZEPLAC,SIZEPLC3,SOCSECDEM20,SPANISHQ,STANUM,SUBURBWHITE,TELEPOLL,TIMEJT20,TIMEPRIFEWDAYS,TIMEPRIMTH,TRUMPANG,UNFAIRBIDEN20,UNFAIRDEM20,UNFAIRSANDERS20,VERSION,VOTENOV20,WINORISS20
277277774.0,0.534692049026489,Bernie Sanders,45-65,60+,60-64,45+,50+,60+,50-64,Non-Black 60+,White 60+,White 45-64,Complete,,Not liberal enough,,18.0,No,No,,Bachelor's degree (BA or BS),College graduate,More than high school graduate,White college degree,White women college graduates,,,,2.0,Bernie Sanders,Climate change,No,,Bernie Sanders,No,,45+,18-64,Democrat,Non-black Democrat,White Democrat,Democratic women,Democrat,White Democrat,Very liberal,Liberal,Liberal,,Yes,No,Cares about people like me,White,White,State questionnaire,White,White,White,South,,,,About right,Female,White women,Non married women,,Suburbs,Suburbs,Bernie Sanders,English,Florida,White suburban women,Telephone survey,,,,,Omit,Omit,Omit,Version 1,,Can beat Donald Trump
277277775.0,0.259168654680252,Bernie Sanders,65+,60+,65 or over,45+,50+,60+,65+,Non-Black 60+,White 60+,White 65+,Complete,,About right,,23.0,No,No,,Bachelor's degree (BA or BS),College graduate,More than high school graduate,White college degree,White women college graduates,,,,5.0,Bernie Sanders,Health care,No,,Bernie Sanders,No,,45+,65+,Democrat,Non-black Democrat,White Democrat,Democratic women,Democrat,White Democrat,Moderate,Moderate or Conservative,Moderate,,Yes,No,Can bring needed change,White,White,State questionnaire,White,White,White,South,,,,About right,Female,White women,Non married women,,"Cities 50,000-500,000","Cities over 50,000",Joe Biden,English,Florida,Other,Telephone survey,,,,,No,Neither of them,No,Version 1,,Can beat Donald Trump
277277776.0,0.954627096652985,Joe Biden,65+,60+,65 or over,45+,50+,60+,65+,Black 60+,Black 60+,Black 65+,Complete,,About right,,18.0,No,No,,Bachelor's degree (BA or BS),College graduate,More than high school graduate,Non white college degree,Non-whites,,,,2.0,Joe Biden,Race relations,No,,Joe Biden,Yes,,45+,65+,Democrat,Black Democrat,Black Democrat,Democratic men,Democrat,Non-White Democrats,Somewhat liberal,Liberal,Liberal,,Yes,No,Cares about people like me,Black,Black,State questionnaire,Black,Non-white,Black,South,,,,Too liberal,Male,Black men,Married men,,Suburbs,Suburbs,Joe Biden,English,Florida,Other,Telephone survey,,,,,No,Only Sanders did,Yes,Version 1,,Can beat Donald Trump
277277777.0,0.524683237075806,Bernie Sanders,65+,60+,65 or over,45+,50+,60+,65+,Non-Black 60+,White 60+,White 65+,Complete,,Not liberal enough,,12.0,No,No,,"An advanced degree after a bachelor's degree (such as JD, MA, MBA, MD, PhD)",College graduate,More than high school graduate,White college degree,White women college graduates,,,,3.0,Bernie Sanders,Health care,No,,Bernie Sanders,No,,45+,65+,Democrat,Non-black Democrat,White Democrat,Democratic women,Democrat,White Democrat,Very liberal,Liberal,Liberal,,Yes,No,Cares about people like me,White,White,State questionnaire,White,White,White,South,,,,About right,Female,White women,Non married women,,Suburbs,Suburbs,Bernie Sanders,English,Florida,White suburban women,Telephone survey,,,,,No,Neither of them,No,Version 1,,Can beat Donald Trump
277277778.0,0.530499041080475,Joe Biden,65+,60+,65 or over,45+,50+,60+,65+,Non-Black 60+,White 60+,White 65+,Complete,,About right,,18.0,No,No,,Attended college but received no degree,No college degree,More than high school graduate,White no college degree,White women non college graduates,,,,2.0,Omit,Climate change,No,,Joe Biden,No,,45+,65+,Independent/Something else,Non-black non-Democrat,White Independent,Independent women,Something else,White Independent,Moderate,Moderate or Conservative,Moderate,,Yes,No,Can unite the country,White,White,State questionnaire,White,White,White,South,,,,Too liberal,Female,White women,Non married women,,Suburbs,Suburbs,Joe Biden,English,Florida,White suburban women,Telephone survey,,,,,Omit,Omit,Omit,Version 1,,Agrees with you on major issues
277277779.0,0.786636173725128,Joe Biden,30-44,30-59,40-44,18-44,18-49,30-44,40-49,Non-Black 30-44,White 30-44,White 30-44,Complete,,About right,,10.0,No,No,,Bachelor's degree (BA or BS),College graduate,More than high school graduate,White college degree,White women college graduates,,,,2.0,Joe Biden,Race relations,No,,Joe Biden,Yes,,18-44,18-64,Independent/Something else,Non-black non-Democrat,White Independent,Independent women,Independent,White Independent,Somewhat liberal,Liberal,Liberal,,No,No,Has the right temperament,White,White,State questionnaire,White,White,White,South,,,,Omit,Female,White women,Married women,,Suburbs,Suburbs,Joe Biden,English,Florida,White suburban women,Telephone survey,,,,,No,Neither of them,No,Version 1,,Can beat Donald Trump
277277780.0,0.946241557598114,Other,65+,60+,65 or over,45+,50+,60+,65+,Non-Black 60+,White 60+,White 65+,Complete,,Omit,,3.0,No,No,,"An advanced degree after a bachelor's degree (such as JD, MA, MBA, MD, PhD)",College graduate,More than high school graduate,White college degree,White women college graduates,,,,1.0,Omit,Income inequality,No,,Omit,No,,45+,65+,Independent/Something else,Non-black non-Democrat,White Independent,Independent women,Something else,White Independent,Moderate,Moderate or Conservative,Moderate,,Yes,No,Can unite the country,White,White,State questionnaire,White,White,White,South,,,,Too liberal,Female,White women,Non married women,,Suburbs,Suburbs,Omit,English,Florida,White suburban women,Telephone survey,,,,,No,Omit,Omit,Version 1,,Can beat Donald Trump
277277781.0,1.08825552463531,Other,65+,60+,65 or over,45+,50+,60+,65+,Non-Black 60+,White 60+,White 65+,Complete,,About right,,18.0,No,No,,Associate's degree (AA or AS),No college degree,More than high school graduate,White no college degree,White women non college graduates,,,,2.0,Joe Biden,Health care,No,,Joe Biden,Yes,,45+,65+,Democrat,Non-black Democrat,White Democrat,Democratic women,Democrat,White Democrat,Somewhat liberal,Liberal,Liberal,,Yes,No,Has the right temperament,White,White,State questionnaire,White,White,White,South,,,,About right,Female,White women,Married women,,Suburbs,Suburbs,Joe Biden,English,Florida,White suburban women,Telephone survey,,,,,No,Neither of them,No,Version 1,,Can beat Donald Trump
277277782.0,0.565626978874207,Joe Biden,65+,60+,65 or over,45+,50+,60+,65+,Non-Black 60+,White 60+,White 65+,Complete,,About right,,16.0,No,No,,Attended college but received no degree,No college degree,More than high school graduate,White no college degree,White women non college graduates,,,,4.0,Joe Biden,Health care,No,,Joe Biden,No,,45+,65+,Democrat,Non-black Democrat,White Democrat,Democratic women,Democrat,White Democrat,Moderate,Moderate or Conservative,Moderate,,Yes,No,Can unite the country,White,White,State questionnaire,White,White,White,South,,,,Too liberal,Female,White women,Non married women,,Suburbs,Suburbs,Joe Biden,English,Florida,White suburban women,Telephone survey,,,,,No,Only Sanders did,Yes,Version 1,,Can beat Donald Trump
277277783.0,0.747814178466797,Joe Biden,65+,60+,65 or over,45+,50+,60+,65+,Non-Black 60+,White 60+,White 65+,Complete,,About right,,3.0,No,No,,Associate's degree (AA or AS),No college degree,More than high school graduate,White no college degree,White women non college graduates,,,,1.0,Joe Biden,Climate change,No,,Joe Biden,Yes,,45+,65+,Democrat,Non-black Democrat,White Democrat,Democratic women,Democrat,White Democrat,Very liberal,Liberal,Liberal,,Yes,No,Can bring needed change,White,White,State questionnaire,White,White,White,South,,,,Too liberal,Female,White women,Married women,,Suburbs,Suburbs,Joe Biden,English,Florida,White suburban women,Telephone survey,,,,,No,Only Sanders did,Yes,Version 1,,Can beat Donald Trump
277277784.0,0.416486293077469,Joe Biden,65+,60+,65 or over,45+,50+,60+,65+,Non-Black 60+,White 60+,White 65+,Complete,,About right,,3.0,No,No,,"An advanced degree after a bachelor's degree (such as JD, MA, MBA, MD, PhD)",College graduate,More than high school graduate,White college degree,White women college graduates,,,,1.0,Joe Biden,Climate change,No,,Joe Biden,Yes,,45+,65+,Democrat,Non-black Democrat,White Democrat,Democratic women,Democrat,White Democrat,Somewhat liberal,Liberal,Liberal,,Yes,No,Has the right temperament,White,White,State questionnaire,White,White,White,South,,,,About right,Female,White women,Married women,,"Cities 50,000-500,000","Cities over 50,000",Joe Biden,English,Florida,Other,Telephone survey,,,,,No,Neither of them,No,Version 1,,Can beat Donald Trump
277277785.0,0.658420264720917,Tulsi Gabbard,45-65,60+,60-64,45+,50+,60+,50-64,Non-Black 60+,All others,All others,Complete,,Not liberal enough,,3.0,No,No,,"An advanced degree after a bachelor's degree (such as JD, MA, MBA, MD, PhD)",College graduate,More than high school graduate,Non white college degree,Non-whites,,,,1.0,Omit,Health care,No,,Omit,Yes,,45+,18-64,Independent/Something else,Non-black non-Democrat,All Other,Independent men,Something else,All others,Moderate,Moderate or Conservative,Moderate,,Yes,No,Cares about people like me,Other,American Indian,State questionnaire,Other,Non-white,American Indian,South,,,,Too liberal,Male,All other races,Married men,,Suburbs,Suburbs,Omit,English,Florida,Other,Telephone survey,,,,,Omit,Omit,Omit,Version 1,,Agrees with you on major issues
277277786.0,0.67690247297287,Bernie Sanders,30-44,30-59,40-44,18-44,18-49,30-44,40-49,Non-Black 30-44,White 30-44,White 30-44,Complete,,Not liberal enough,,3.0,No,No,,Bachelor's degree (BA or BS),College graduate,More than high school graduate,White college degree,White women college graduates,,,,1.0,Bernie Sanders,Health care,No,,Bernie Sanders,Yes,,18-44,18-64,Independent/Something else,Non-black non-Democrat,White Independent,Independent women,Independent,White Independent,Very liberal,Liberal,Liberal,,Yes,No,Can bring needed change,White,White,State questionnaire,White,White,White,South,,,,About right,Female,White women,Married women,,"Cities 50,000-500,000","Cities over 50,000",Bernie Sanders,English,Florida,Other,Telephone survey,,,,,Yes,Only Biden did,No,Version 1,,Can beat Donald Trump
277277787.0,0.416486293077469,Joe Biden,65+,60+,65 or over,45+,50+,60+,65+,Non-Black 60+,White 60+,White 65+,Complete,,About right,,3.0,No,No,,"An advanced degree after a bachelor's degree (such as JD, MA, MBA, MD, PhD)",College graduate,More than high school graduate,White college degree,White women college graduates,,,,1.0,Omit,Health care,No,,Joe Biden,Yes,,45+,65+,Democrat,Non-black Democrat,White Democrat,Democratic women,Democrat,White Democrat,Very liberal,Liberal,Liberal,,Yes,No,Can bring needed change,White,White,State questionnaire,White,White,White,South,,,,Omit,Female,White women,Married women,,"Cities 50,000-500,000","Cities over 50,000",Joe Biden,English,Florida,Other,Telephone survey,,,,,Omit,Omit,Omit,Version 1,,Can beat Donald Trump
277277788.0,0.457540452480316,Joe Biden,65+,60+,65 or over,45+,50+,60+,65+,Non-Black 60+,White 60+,White 65+,Complete,,About right,,16.0,No,No,,Bachelor's degree (BA or BS),College graduate,More than high school graduate,White college degree,White women college graduates,,,,4.0,Joe Biden,Health care,No,,Joe Biden,No,,45+,65+,Democrat,Non-black Democrat,White Democrat,Democratic women,Democrat,White Democrat,Moderate,Moderate or Conservative,Moderate,,Yes,No,Has the right temperament,White,White,State questionnaire,White,White,White,South,,,,Too liberal,Female,White women,Non married women,,Suburbs,Suburbs,Joe Biden,English,Florida,White suburban women,Telephone survey,,,,,No,Neither of them,No,Version 1,,Can beat Donald Trump
277277789.0,0.416486293077469,Joe Biden,65+,60+,65 or over,45+,50+,60+,65+,Non-Black 60+,White 60+,White 65+,Complete,,About right,,3.0,No,No,,"An advanced degree after a bachelor's degree (such as JD, MA, MBA, MD, PhD)",College graduate,More than high school graduate,White college degree,White women college graduates,,,,1.0,Bernie Sanders,Income inequality,No,,Joe Biden,No,,45+,65+,Democrat,Non-black Democrat,White Democrat,Democratic women,Democrat,White Democrat,Moderate,Moderate or Conservative,Moderate,,Yes,No,Can unite the country,White,White,State questionnaire,White,White,White,South,,,,Too liberal,Female,White women,Non married women,,Suburbs,Suburbs,Joe Biden,English,Florida,White suburban women,Telephone survey,,,,,No,Neither of them,No,Version 1,,Can beat Donald Trump
277277790.0,0.565626978874207,Joe Biden,65+,60+,65 or over,45+,50+,60+,65+,Non-Black 60+,White 60+,White 65+,Complete,,Too liberal,,16.0,No,No,,Associate's degree (AA or AS),No college degree,More than high school graduate,White no college degree,White women non college graduates,,,,4.0,Joe Biden,Omit,No,,Joe Biden,Yes,,45+,65+,Democrat,Non-black Democrat,White Democrat,Democratic women,Democrat,White Democrat,Conservative,Moderate or Conservative,Conservative,,Yes,No,Has the right temperament,White,White,State questionnaire,White,White,White,South,,,,Too liberal,Female,White women,Married women,,"Cities 50,000-500,000","Cities over 50,000",Joe Biden,English,Florida,Other,Telephone survey,,,,,Omit,Omit,Omit,Version 1,,Can beat Donald Trump
277277791.0,0.728946149349213,Joe Biden,30-44,30-59,30-39,18-44,18-49,30-44,30-39,Non-Black 30-44,White 30-44,White 30-44,Complete,,About right,,3.0,No,No,,"An advanced degree after a bachelor's degree (such as JD, MA, MBA, MD, PhD)",College graduate,More than high school graduate,White college degree,White women college graduates,,,,1.0,Joe Biden,Health care,No,,Joe Biden,Yes,,18-44,18-64,Democrat,Non-black Democrat,White Democrat,Democratic women,Democrat,White Democrat,Somewhat liberal,Liberal,Liberal,,Yes,No,Can unite the country,White,White,State questionnaire,White,White,White,South,,,,Too liberal,Female,White women,Married women,,"Cities 50,000-500,000","Cities over 50,000",Joe Biden,English,Florida,Other,Telephone survey,,,,,Omit,Omit,Omit,Version 1,,Can beat Donald Trump
277277792.0,1.1063677072525,Joe Biden,65+,60+,65 or over,45+,50+,60+,65+,Black 60+,Black 60+,Black 65+,Complete,,About right,,4.0,No,No,,Never attended college,No college degree,High school graduate or less,Non white no college degree,Non-whites,,,,1.0,Joe Biden,Income inequality,No,,Joe Biden,No,,45+,65+,Democrat,Black Democrat,Black Democrat,Democratic women,Democrat,Non-White Democrats,Moderate,Moderate or Conservative,Moderate,,Yes,No,Cares about people like me,Black,Black,State questionnaire,Black,Non-white,Black,South,,,,About right,Female,Black women,Non married women,,Suburbs,Suburbs,Bernie Sanders,English,Florida,Other,Telephone survey,,,,,No,Neither of them,No,Version 1,,Agrees with you on major issues
277277793.0,0.903643488883972,Joe Biden,45-65,60+,60-64,45+,50+,60+,50-64,Non-Black 60+,White 60+,White 45-64,Complete,,Too liberal,,3.0,No,No,,Associate's degree (AA or AS),No college degree,More than high school graduate,White no college degree,White men non college graduates,,,,1.0,Joe Biden,Income inequality,No,,Joe Biden,,,45+,18-64,Independent/Something else,Non-black non-Democrat,White Independent,Independent men,Something else,White Independent,Moderate,Moderate or Conservative,Moderate,,Yes,No,Cares about people like me,White,White,State questionnaire,White,White,White,South,,,,Too liberal,Male,White men,,,Rural,Small Cities/Rural,Omit,English,Florida,Other,Telephone survey,,,,,Omit,Omit,Omit,Version 1,,Agrees with you on major issues
277277794.0,1.8372106552124,Joe Biden,45-65,30-59,45-49,45+,18-49,45-59,40-49,Black 45-59,Black 45-59,Black 45-64,Complete,,About right,,14.0,No,No,,Attended college but received no degree,No college degree,More than high school graduate,Non white no college degree,Non-whites,,,,3.0,Joe Biden,Income inequality,No,,Joe Biden,No,,45+,18-64,Democrat,Black Democrat,Black Democrat,Democratic women,Democrat,Non-White Democrats,Moderate,Moderate or Conservative,Moderate,,Yes,No,Can bring needed change,Black,Black,State questionnaire,Black,Non-white,Black,South,,,,Too liberal,Female,Black women,Non married women,,"Cities 50,000-500,000","Cities over 50,000",Joe Biden,English,Florida,Other,Telephone survey,,,,,Yes,Both of them,Yes,Version 1,,Agrees with you on major issues
277277795.0,1.21102821826935,Other,65+,60+,65 or over,45+,50+,60+,65+,Non-Black 60+,White 60+,White 65+,Complete,,About right,,2.0,No,No,,Associate's degree (AA or AS),No college degree,More than high school graduate,White no college degree,White men non college graduates,,,,1.0,Joe Biden,Health care,No,,Omit,No,,45+,65+,Democrat,Non-black Democrat,White Democrat,Democratic men,Democrat,White Democrat,Moderate,Moderate or Conservative,Moderate,,Yes,No,Cares about people like me,White,White,State questionnaire,White,White,White,South,,,,About right,Male,White men,Non married men,,Suburbs,Suburbs,Omit,English,Florida,White suburban men,Telephone survey,,,,,No,Only Sanders did,Yes,Version 1,,Agrees with you on major issues
277277796.0,0.747814178466797,Joe Biden,65+,60+,65 or over,45+,50+,60+,65+,Non-Black 60+,White 60+,White 65+,Complete,,About right,,3.0,No,No,,Attended college but received no degree,No college degree,More than high school graduate,White no college degree,White women non college graduates,,,,1.0,Joe Biden,Health care,No,,Joe Biden,No,,45+,65+,Democrat,Non-black Democrat,White Democrat,Democratic women,Democrat,White Democrat,Moderate,Moderate or Conservative,Moderate,,Yes,No,Can unite the country,White,White,State questionnaire,White,White,White,South,,,,Omit,Female,White women,Non married women,,Rural,Small Cities/Rural,Joe Biden,English,Florida,Other,Telephone survey,,,,,Yes,Both of them,Yes,Version 1,,Can beat Donald Trump
277277797.0,0.530499041080475,Joe Biden,65+,60+,65 or over,45+,50+,60+,65+,Non-Black 60+,White 60+,White 65+,Complete,,About right,,8.0,No,No,,Attended college but received no degree,No college degree,More than high school graduate,White no college degree,White women non college graduates,,,,2.0,Omit,Climate change,No,,Joe Biden,No,,45+,65+,Democrat,Non-black Democrat,White Democrat,Democratic women,Democrat,White Democrat,Moderate,Moderate or Conservative,Moderate,,Yes,No,Cares about people like me,White,White,State questionnaire,White,White,White,South,,,,About right,Female,White women,Non married women,,Suburbs,Suburbs,Omit,English,Florida,White suburban women,Telephone survey,,,,,Omit,Omit,Omit,Version 1,,Can beat Donald Trump
277277798.0,0.549207210540771,Joe Biden,65+,60+,65 or over,45+,50+,60+,65+,Non-Black 60+,White 60+,White 65+,Complete,,About right,,8.0,No,No,,Associate's degree (AA or AS),No college degree,More than high school graduate,White no college degree,White men non college graduates,,,,2.0,Joe Biden,Income inequality,No,,Joe Biden,Yes,,45+,65+,Independent/Something else,Non-black non-Democrat,White Independent,Independent men,Something else,White Independent,Moderate,Moderate or Conservative,Moderate,,Yes,No,Has the right temperament,White,White,State questionnaire,White,White,White,South,,,,Too liberal,Male,White men,Married men,,Suburbs,Suburbs,Joe Biden,English,Florida,White suburban men,Telephone survey,,,,,No,Only Sanders did,Yes,Version 1,,Can beat Donald Trump
277277799.0,0.911343097686768,Other,65+,60+,65 or over,45+,50+,60+,65+,Non-Black 60+,White 60+,White 65+,Complete,,About right,,8.0,No,No,,Bachelor's degree (BA or BS),College graduate,More than high school graduate,White college degree,White men college graduates,,,,2.0,Joe Biden,Climate change,No,,Joe Biden,Yes,,45+,65+,Democrat,Non-black Democrat,White Democrat,Democratic men,Democrat,White Democrat,Somewhat liberal,Liberal,Liberal,,Yes,No,Omit,White,White,State questionnaire,White,White,White,South,,,,Too liberal,Male,White men,Married men,,Suburbs,Suburbs,Joe Biden,English,Florida,White suburban men,Telephone survey,,,,,No,Neither of them,No,Version 1,,Can beat Donald Trump
277277800.0,0.403656363487244,Bernie Sanders,65+,60+,65 or over,45+,50+,60+,65+,Non-Black 60+,White 60+,White 65+,Complete,,Omit,,7.0,,,,Attended college but received no degree,No college degree,More than high school graduate,White no college degree,White men non college graduates,,,,2.0,Omit,Omit,,,Omit,Yes,,45+,65+,Independent/Something else,Non-black non-Democrat,White Independent,Independent men,Something else,White Independent,Conservative,Moderate or Conservative,Conservative,,Yes,,Omit,White,White,State questionnaire,White,White,White,South,,,,Omit,Male,White men,Married men,,Suburbs,Suburbs,Omit,,Florida,White suburban men,Telephone survey,,,,,Omit,Omit,Omit,Version 1,,Omit
277277801.0,0.444258332252502,Joe Biden,65+,60+,65 or over,45+,50+,60+,65+,Non-Black 60+,White 60+,White 65+,Complete,,About right,,8.0,No,No,,Bachelor's degree (BA or BS),College graduate,More than high school graduate,White college degree,White men college graduates,,,,2.0,Joe Biden,Health care,No,,Joe Biden,No,,45+,65+,Democrat,Non-black Democrat,White Democrat,Democratic men,Democrat,White Democrat,Somewhat liberal,Liberal,Liberal,,Yes,No,Has the right temperament,White,White,State questionnaire,White,White,White,South,,,,Too liberal,Male,White men,Non married men,,Suburbs,Suburbs,Joe Biden,English,Florida,White suburban men,Telephone survey,,,,,No,Neither of them,No,Version 1,,Can beat Donald Trump
277277802.0,0.981792747974396,Other,65+,60+,65 or over,45+,50+,60+,65+,Non-Black 60+,White 60+,White 65+,Complete,,Too liberal,,22.0,No,No,,Never attended college,No college degree,High school graduate or less,White no college degree,White women non college graduates,,,,5.0,Joe Biden,Health care,No,,Bernie Sanders,No,,45+,65+,Democrat,Non-black Democrat,White Democrat,Democratic women,Democrat,White Democrat,Somewhat liberal,Liberal,Liberal,,Yes,No,Cares about people like me,White,White,State questionnaire,White,White,White,South,,,,Too liberal,Female,White women,Non married women,,"Cities 50,000-500,000","Cities over 50,000",Omit,English,Florida,Other,Telephone survey,,,,,Omit,Omit,No,Version 1,,Can beat Donald Trump
277277803.0,1.84288609027863,Other,30-44,30-59,30-39,18-44,18-49,30-44,30-39,,,,Complete,,About right,,20.0,No,No,,"An advanced degree after a bachelor's degree (such as JD, MA, MBA, MD, PhD)",College graduate,More than high school graduate,,,,,,5.0,Bernie Sanders,Income inequality,No,,Joe Biden,No,,18-44,18-64,Democrat,,,Democratic men,Democrat,,Very liberal,Liberal,Liberal,,Yes,No,Has the right temperament,,,State questionnaire,,,,South,,,,Too liberal,Male,,Non married men,,"Cities 50,000-500,000","Cities over 50,000",Bernie Sanders,English,Florida,Other,Telephone survey,,,,,No,Neither of them,No,Version 1,,Can beat Donald Trump
277277804.0,0.612561464309692,Joe Biden,45-65,30-59,50-59,45+,50+,45-59,50-64,Non-Black 45-59,White 45-59,White 45-64,Complete,,About right,,23.0,No,No,,Bachelor's degree (BA or BS),College graduate,More than high school graduate,White college degree,White women college graduates,,,,5.0,Joe Biden,Health care,No,,Joe Biden,No,,45+,18-64,Democrat,Non-black Democrat,White Democrat,Democratic women,Democrat,White Democrat,Somewhat liberal,Liberal,Liberal,,Yes,No,Omit,White,White,State questionnaire,White,White,White,South,,,,Too liberal,Female,White women,Non married women,,Suburbs,Suburbs,Bernie Sanders,English,Florida,White suburban women,Telephone survey,,,,,No,Neither of them,No,Version 1,,Can beat Donald Trump
277277805.0,0.70606529712677,Joe Biden,45-65,60+,60-64,45+,50+,60+,50-64,Non-Black 60+,White 60+,White 45-64,Complete,,About right,,4.0,No,No,,"An advanced degree after a bachelor's degree (such as JD, MA, MBA, MD, PhD)",College graduate,More than high school graduate,White college degree,White women college graduates,,,,1.0,Joe Biden,Health care,No,,Joe Biden,Yes,,45+,18-64,Democrat,Non-black Democrat,White Democrat,Democratic women,Democrat,White Democrat,Somewhat liberal,Liberal,Liberal,,Yes,No,Has the right temperament,White,White,State questionnaire,White,White,White,South,,,,Too liberal,Female,White women,Married women,,"Cities over 500,000","Cities over 50,000",Joe Biden,English,Florida,Other,Telephone survey,,,,,No,Neither of them,No,Version 1,,Can beat Donald Trump
277277806.0,0.389696449041367,Bernie Sanders,65+,60+,65 or over,45+,50+,60+,65+,Non-Black 60+,White 60+,White 65+,Complete,,Omit,,23.0,No,No,,Bachelor's degree (BA or BS),College graduate,More than high school graduate,White college degree,White men college graduates,,,,5.0,Joe Biden,Health care,No,,Bernie Sanders,No,,45+,65+,Independent/Something else,Non-black non-Democrat,White Independent,Independent men,Independent,White Independent,Moderate,Moderate or Conservative,Moderate,,Yes,No,Has the right temperament,White,White,State questionnaire,White,White,White,South,,,,Too liberal,Male,White men,Non married men,,Suburbs,Suburbs,Bernie Sanders,English,Florida,White suburban men,Telephone survey,,,,,No,Neither of them,No,Version 1,,Agrees with you on major issues
277277807.0,0.783974468708038,Joe Biden,45-65,60+,60-64,45+,50+,60+,50-64,Non-Black 60+,White 60+,White 45-64,Complete,,About right,,20.0,No,No,,Attended college but received no degree,No college degree,More than high school graduate,White no college degree,White men non college graduates,,,,5.0,Joe Biden,Income inequality,No,,Joe Biden,No,,45+,18-64,Democrat,Non-black Democrat,White Democrat,Democratic men,Democrat,White Democrat,Moderate,Moderate or Conservative,Moderate,,Yes,No,Cares about people like me,White,White,State questionnaire,White,White,White,South,,,,About right,Male,White men,Non married men,,"Cities 50,000-500,000","Cities over 50,000",Joe Biden,English,Florida,Other,Telephone survey,,,,,No,Neither of them,No,Version 1,,Can beat Donald Trump
277277808.0,0.446689903736115,Joe Biden,65+,60+,65 or over,45+,50+,60+,65+,Non-Black 60+,White 60+,White 65+,Complete,,About right,,22.0,No,No,,Attended college but received no degree,No college degree,More than high school graduate,White no college degree,White women non college graduates,,,,5.0,Omit,Omit,No,,Omit,Yes,,45+,65+,Democrat,Non-black Democrat,White Democrat,Democratic women,Democrat,White Democrat,Somewhat liberal,Liberal,Liberal,,Yes,No,Can bring needed change,White,White,State questionnaire,White,White,White,South,,,,About right,Female,White women,Married women,,"Cities 50,000-500,000","Cities over 50,000",Bernie Sanders,English,Florida,Other,Telephone survey,,,,,No,Neither of them,No,Version 1,,Can beat Donald Trump
277277809.0,0.695796847343445,Joe Biden,65+,60+,65 or over,45+,50+,60+,65+,,,,Complete,,About right,,23.0,No,No,,Bachelor's degree (BA or BS),College graduate,More than high school graduate,,,,,,5.0,Omit,Health care,No,,Joe Biden,Yes,,45+,65+,Independent/Something else,,,Independent men,Independent,,Somewhat liberal,Liberal,Liberal,,Yes,No,Can unite the country,,,State questionnaire,,,,South,,,,Too liberal,Male,,Married men,,"Cities 50,000-500,000","Cities over 50,000",Joe Biden,English,Florida,Other,Telephone survey,,,,,No,Only Sanders did,Yes,Version 1,,Agrees with you on major issues
277277810.0,1.73920452594757,Joe Biden,30-44,30-59,30-39,18-44,18-49,30-44,30-39,Black 30-44,Black 30-44,Black 30-44,Complete,,Not liberal enough,,24.0,No,No,,Associate's degree (AA or AS),No college degree,More than high school graduate,Non white no college degree,Non-whites,,,,5.0,Bernie Sanders,Health care,No,,Bernie Sanders,Yes,,18-44,18-64,Democrat,Black Democrat,Black Democrat,Democratic men,Democrat,Non-White Democrats,Moderate,Moderate or Conservative,Moderate,,Yes,No,Can unite the country,Black,Black,State questionnaire,Black,Non-white,Black,South,,,,About right,Male,Black men,Married men,,Suburbs,Suburbs,Bernie Sanders,English,Florida,Other,Telephone survey,,,,,Yes,Both of them,Yes,Version 1,,Agrees with you on major issues
277277811.0,1.39384663105011,Other,45-65,60+,60-64,45+,50+,60+,50-64,Non-Black 60+,White 60+,White 45-64,Complete,,About right,,21.0,No,No,,Bachelor's degree (BA or BS),College graduate,More than high school graduate,White college degree,White men college graduates,,,,5.0,Joe Biden,Climate change,No,,Joe Biden,Yes,,45+,18-64,Democrat,Non-black Democrat,White Democrat,Democratic men,Democrat,White Democrat,Conservative,Moderate or Conservative,Conservative,,Yes,No,Can unite the country,White,White,State questionnaire,White,White,White,South,,,,Not liberal enough,Male,White men,Married men,,Suburbs,Suburbs,Joe Biden,English,Florida,White suburban men,Telephone survey,,,,,No,Neither of them,No,Version 1,,Can beat Donald Trump
277277812.0,0.376421868801117,Bernie Sanders,65+,60+,65 or over,45+,50+,60+,65+,Non-Black 60+,White 60+,White 65+,Complete,,Not liberal enough,,22.0,No,No,,Bachelor's degree (BA or BS),College graduate,More than high school graduate,White college degree,White women college graduates,,,,5.0,Bernie Sanders,Health care,No,,Bernie Sanders,No,,45+,65+,Democrat,Non-black Democrat,White Democrat,Democratic women,Democrat,White Democrat,Somewhat liberal,Liberal,Liberal,,Yes,No,Cares about people like me,White,White,State questionnaire,White,White,White,South,,,,About right,Female,White women,Non married women,,"Cities 50,000-500,000","Cities over 50,000",Joe Biden,English,Florida,Other,Telephone survey,,,,,Omit,Omit,Omit,Version 1,,Can beat Donald Trump
277277813.0,0.889696896076202,Joe Biden,45-65,60+,60-64,45+,50+,60+,50-64,Non-Black 60+,White 60+,White 45-64,Complete,,Not liberal enough,,24.0,No,No,,"An advanced degree after a bachelor's degree (such as JD, MA, MBA, MD, PhD)",College graduate,More than high school graduate,White college degree,White women college graduates,,,,5.0,Omit,Omit,No,,Joe Biden,Yes,,45+,18-64,Democrat,Non-black Democrat,White Democrat,Democratic women,Democrat,White Democrat,Somewhat liberal,Liberal,Liberal,,Yes,No,Can unite the country,White,White,State questionnaire,White,White,White,South,,,,Too liberal,Female,White women,Married women,,Suburbs,Suburbs,Joe Biden,English,Florida,White suburban women,Telephone survey,,,,,No,Only Sanders did,Yes,Version 1,,Can beat Donald Trump
277277814.0,0.446689903736115,Joe Biden,65+,60+,65 or over,45+,50+,60+,65+,Non-Black 60+,White 60+,White 65+,Complete,,About right,,23.0,No,No,,Associate's degree (AA or AS),No college degree,More than high school graduate,White no college degree,White women non college graduates,,,,5.0,Joe Biden,Omit,No,,Joe Biden,Yes,,45+,65+,Independent/Something else,Non-black non-Democrat,White Independent,Independent women,Independent,White Independent,Moderate,Moderate or Conservative,Moderate,,Yes,No,Has the right temperament,White,White,State questionnaire,White,White,White,South,,,,Too liberal,Female,White women,Married women,,"Cities 50,000-500,000","Cities over 50,000",Joe Biden,English,Florida,Other,Telephone survey,,,,,Yes,Both of them,Yes,Version 1,,Can beat Donald Trump
277277815.0,0.361331224441528,Joe Biden,65+,60+,65 or over,45+,50+,60+,65+,Non-Black 60+,White 60+,White 65+,Complete,,About right,,23.0,No,No,,Bachelor's degree (BA or BS),College graduate,More than high school graduate,White college degree,White women college graduates,,,,5.0,Bernie Sanders,Health care,No,,Joe Biden,No,,45+,65+,Democrat,Non-black Democrat,White Democrat,Democratic women,Democrat,White Democrat,Somewhat liberal,Liberal,Liberal,,Yes,No,Cares about people like me,White,White,State questionnaire,White,White,White,South,,,,Too liberal,Female,White women,Non married women,,Suburbs,Suburbs,Joe Biden,English,Florida,White suburban women,Telephone survey,,,,,No,Neither of them,No,Version 1,,Can beat Donald Trump
277277816.0,0.648781597614288,Joe Biden,65+,60+,65 or over,45+,50+,60+,65+,Non-Black 60+,White 60+,White 65+,Complete,,About right,,22.0,No,No,,Associate's degree (AA or AS),No college degree,More than high school graduate,White no college degree,White women non college graduates,,,,5.0,Joe Biden,Climate change,No,,Joe Biden,Yes,,45+,65+,Democrat,Non-black Democrat,White Democrat,Democratic women,Democrat,White Democrat,Moderate,Moderate or Conservative,Moderate,,Yes,No,Can unite the country,White,White,State questionnaire,White,White,White,South,,,,Too liberal,Female,White women,Married women,,"Cities 50,000-500,000","Cities over 50,000",Joe Biden,English,Florida,Other,Telephone survey,,,,,No,Neither of them,No,Version 1,,Can beat Donald Trump
277277817.0,0.95985209941864,Joe Biden,65+,60+,65 or over,45+,50+,60+,65+,Black 60+,Black 60+,Black 65+,Complete,,About right,,22.0,No,No,,Never attended college,No college degree,High school graduate or less,Non white no college degree,Non-whites,,,,5.0,Joe Biden,Income inequality,No,,Joe Biden,No,,45+,65+,Democrat,Black Democrat,Black Democrat,Democratic women,Democrat,Non-White Democrats,Moderate,Moderate or Conservative,Moderate,,Yes,No,Can unite the country,Black,Black,State questionnaire,Black,Non-white,Black,South,,,,Too liberal,Female,Black women,Non married women,,Suburbs,Suburbs,Joe Biden,English,Florida,Other,Telephone survey,,,,,No,Neither of them,No,Version 1,,Can beat Donald Trump
277277818.0,0.95985209941864,Joe Biden,65+,60+,65 or over,45+,50+,60+,65+,Black 60+,Black 60+,Black 65+,Complete,,About right,,24.0,No,No,,Attended college but received no degree,No college degree,More than high school graduate,Non white no college degree,Non-whites,,,,5.0,Joe Biden,Health care,No,,Joe Biden,Yes,,45+,65+,Democrat,Black Democrat,Black Democrat,Democratic women,Democrat,Non-White Democrats,Moderate,Moderate or Conservative,Moderate,,Yes,No,Cares about people like me,Black,Black,State questionnaire,Black,Non-white,Black,South,,,,Omit,Female,Black women,Married women,,Suburbs,Suburbs,Joe Biden,English,Florida,Other,Telephone survey,,,,,No,Only Sanders did,Yes,Version 1,,Can beat Donald Trump
277277819.0,0.95985209941864,Joe Biden,65+,60+,65 or over,45+,50+,60+,65+,Black 60+,Black 60+,Black 65+,Complete,,About right,,20.0,No,No,,Never attended college,No college degree,High school graduate or less,Non white no college degree,Non-whites,,,,5.0,Omit,Omit,No,,Joe Biden,No,,45+,65+,Democrat,Black Democrat,Black Democrat,Democratic women,Democrat,Non-White Democrats,Moderate,Moderate or Conservative,Moderate,,Yes,No,Can bring needed change,Black,Black,State questionnaire,Black,Non-white,Black,South,,,,Omit,Female,Black women,Non married women,,"Cities 50,000-500,000","Cities over 50,000",Joe Biden,English,Florida,Other,Telephone survey,,,,,Yes,Only Biden did,No,Version 1,,Can beat Donald Trump
277277820.0,0.454860538244247,Bernie Sanders,45-65,30-59,50-59,45+,50+,45-59,50-64,Non-Black 45-59,White 45-59,White 45-64,Complete,,About right,,21.0,No,No,,Bachelor's degree (BA or BS),College graduate,More than high school graduate,White college degree,White men college graduates,,,,5.0,Joe Biden,Health care,No,,Bernie Sanders,Yes,,45+,18-64,Democrat,Non-black Democrat,White Democrat,Democratic men,Democrat,White Democrat,Very liberal,Liberal,Liberal,,Yes,No,Can bring needed change,White,White,State questionnaire,White,White,White,South,,,,About right,Male,White men,Married men,,Suburbs,Suburbs,Bernie Sanders,English,Florida,White suburban men,Telephone survey,,,,,No,Neither of them,No,Version 1,,Can beat Donald Trump
277277821.0,0.634163618087769,Joe Biden,45-65,60+,60-64,45+,50+,60+,50-64,Non-Black 60+,White 60+,White 45-64,Complete,,About right,,18.0,No,No,,"An advanced degree after a bachelor's degree (such as JD, MA, MBA, MD, PhD)",College graduate,More than high school graduate,White college degree,White men college graduates,,,,5.0,Joe Biden,Health care,No,,Joe Biden,Yes,,45+,18-64,Independent/Something else,Non-black non-Democrat,White Independent,Independent men,Independent,White Independent,Moderate,Moderate or Conservative,Moderate,,Yes,No,Can unite the country,White,White,State questionnaire,White,White,White,South,,,,Too liberal,Male,White men,Married men,,Suburbs,Suburbs,Joe Biden,English,Florida,White suburban men,Telephone survey,,,,,No,Neither of them,No,Version 1,,Can beat Donald Trump
277277822.0,1.5449914932251,Other,45-65,30-59,50-59,45+,50+,45-59,50-64,Non-Black 45-59,White 45-59,White 45-64,Complete,,About right,,7.0,No,No,,"An advanced degree after a bachelor's degree (such as JD, MA, MBA, MD, PhD)",College graduate,More than high school graduate,White college degree,White men college graduates,,,,2.0,Joe Biden,Health care,No,,Joe Biden,No,,45+,18-64,Democrat,Non-black Democrat,White Democrat,Democratic men,Democrat,White Democrat,Moderate,Moderate or Conservative,Moderate,,No,No,Can bring needed change,White,White,State questionnaire,White,White,White,South,,,,Not liberal enough,Male,White men,Non married men,,Suburbs,Suburbs,Bernie Sanders,English,Florida,White suburban men,Telephone survey,,,,,No,Neither of them,No,Version 1,,Can beat Donald Trump
277277823.0,0.921072244644165,Joe Biden,45-65,30-59,50-59,45+,50+,45-59,50-64,Non-Black 45-59,White 45-59,White 45-64,Complete,,About right,,22.0,No,No,,Bachelor's degree (BA or BS),College graduate,More than high school graduate,White college degree,White men college graduates,,,,5.0,Joe Biden,Health care,No,,Joe Biden,No,,45+,18-64,Democrat,Non-black Democrat,White Democrat,Democratic men,Democrat,White Democrat,Moderate,Moderate or Conservative,Moderate,,Yes,No,Can bring needed change,White,White,State questionnaire,White,White,White,South,,,,Too liberal,Male,White men,Non married men,,"Cities 50,000-500,000","Cities over 50,000",Joe Biden,English,Florida,Other,Telephone survey,,,,,No,Neither of them,No,Version 1,,Can beat Donald Trump
277277824.0,1.62722826004028,Joe Biden,45-65,30-59,50-59,45+,50+,45-59,50-64,Black 45-59,Black 45-59,Black 45-64,Complete,,About right,,20.0,No,No,,Attended college but received no degree,No college degree,More than high school graduate,Non white no college degree,Non-whites,,,,5.0,Joe Biden,Health care,No,,Joe Biden,No,,45+,18-64,Democrat,Black Democrat,Black Democrat,Democratic women,Democrat,Non-White Democrats,Moderate,Moderate or Conservative,Moderate,,Yes,No,Can unite the country,Black,Black,State questionnaire,Black,Non-white,Black,South,,,,Too liberal,Female,Black women,Non married women,,"Cities 50,000-500,000","Cities over 50,000",Bernie Sanders,English,Florida,Other,Telephone survey,,,,,No,Neither of them,No,Version 1,,Can beat Donald Trump
277277825.0,0.662362039089203,Joe Biden,45-65,30-59,45-49,45+,18-49,45-59,40-49,Non-Black 45-59,White 45-59,White 45-64,Complete,,About right,,22.0,No,No,,"An advanced degree after a bachelor's degree (such as JD, MA, MBA, MD, PhD)",College graduate,More than high school graduate,White college degree,White women college graduates,,,,5.0,Joe Biden,Race relations,No,,Joe Biden,No,,45+,18-64,Democrat,Non-black Democrat,White Democrat,Democratic women,Democrat,White Democrat,Moderate,Moderate or Conservative,Moderate,,Yes,No,Can unite the country,White,White,State questionnaire,White,White,White,South,,,,Too liberal,Female,White women,Non married women,,Suburbs,Suburbs,Bernie Sanders,English,Florida,White suburban women,Telephone survey,,,,,No,Neither of them,No,Version 1,,Can beat Donald Trump
277277826.0,0.660648763179779,Bernie Sanders,45-65,60+,60-64,45+,50+,60+,50-64,Non-Black 60+,White 60+,White 45-64,Complete,,About right,,23.0,No,No,,Bachelor's degree (BA or BS),College graduate,More than high school graduate,White college degree,White men college graduates,,,,5.0,Joe Biden,Income inequality,No,,Bernie Sanders,Yes,,45+,18-64,Democrat,Non-black Democrat,White Democrat,Democratic men,Democrat,White Democrat,Moderate,Moderate or Conservative,Moderate,,Yes,No,Can unite the country,White,White,State questionnaire,White,White,White,South,,,,Too liberal,Male,White men,Married men,,Suburbs,Suburbs,Joe Biden,English,Florida,White suburban men,Telephone survey,,,,,Omit,Only Sanders did,Yes,Version 1,,Can beat Donald Trump
277277827.0,0.524804890155792,Joe Biden,65+,60+,65 or over,45+,50+,60+,65+,Non-Black 60+,White 60+,White 65+,Complete,,About right,,22.0,No,No,,Bachelor's degree (BA or BS),College graduate,More than high school graduate,White college degree,White women college graduates,,,,5.0,Joe Biden,Health care,No,,Joe Biden,Yes,,45+,65+,Democrat,Non-black Democrat,White Democrat,Democratic women,Democrat,White Democrat,Moderate,Moderate or Conservative,Moderate,,Yes,No,Can unite the country,White,White,State questionnaire,White,White,White,South,,,,Omit,Female,White women,Married women,,Suburbs,Suburbs,Joe Biden,English,Florida,White suburban women,Telephone survey,,,,,No,Neither of them,No,Version 1,,Can beat Donald Trump
277277828.0,0.374073654413223,Joe Biden,65+,60+,65 or over,45+,50+,60+,65+,Non-Black 60+,All others,All others,Complete,,About right,,24.0,No,No,,Bachelor's degree (BA or BS),College graduate,More than high school graduate,Non white college degree,Non-whites,,,,5.0,Joe Biden,Health care,No,,Joe Biden,No,,45+,65+,Democrat,Non-black Democrat,All Other,Democratic men,Democrat,Non-White Democrats,Conservative,Moderate or Conservative,Conservative,,Yes,No,Can unite the country,Other,Asian,State questionnaire,Asian,Non-white,Asian,South,,,,Too liberal,Male,All other races,Non married men,,Suburbs,Suburbs,Joe Biden,English,Florida,Other,Telephone survey,,,,,No,Only Sanders did,Yes,Version 1,,Can beat Donald Trump
277277829.0,2.99511289596558,Other,45-65,30-59,50-59,45+,50+,45-59,50-64,Black 45-59,Black 45-59,Black 45-64,Complete,,About right,,21.0,No,No,,Bachelor's degree (BA or BS),College graduate,More than high school graduate,Non white college degree,Non-whites,,,,5.0,Bernie Sanders,Health care,No,,Joe Biden,Yes,,45+,18-64,Democrat,Black Democrat,Black Democrat,Democratic men,Democrat,Non-White Democrats,Somewhat liberal,Liberal,Liberal,,Yes,No,Can bring needed change,Black,Black,State questionnaire,Black,Non-white,Black,South,,,,Too liberal,Male,Black men,Married men,,Suburbs,Suburbs,Joe Biden,English,Florida,Other,Telephone survey,,,,,No,Neither of them,No,Version 1,,Can beat Donald Trump
277277830.0,0.580536365509033,Bernie Sanders,30-44,30-59,30-39,18-44,18-49,30-44,30-39,Non-Black 30-44,White 30-44,White 30-44,Complete,,Not liberal enough,,21.0,No,No,,Associate's degree (AA or AS),No college degree,More than high school graduate,White no college degree,White men non college graduates,,,,5.0,Bernie Sanders,Income inequality,No,,Bernie Sanders,No,,18-44,18-64,Democrat,Non-black Democrat,White Democrat,Democratic men,Democrat,White Democrat,Somewhat liberal,Liberal,Liberal,,Yes,No,Can unite the country,White,White,State questionnaire,White,White,White,South,,,,About right,Male,White men,Non married men,,Suburbs,Suburbs,Bernie Sanders,English,Florida,White suburban men,Telephone survey,,,,,No,Only Sanders did,Yes,Version 1,,Agrees with you on major issues
277277831.0,0.979610979557037,Other,65+,60+,65 or over,45+,50+,60+,65+,Non-Black 60+,White 60+,White 65+,Complete,,About right,,5.0,No,No,,"An advanced degree after a bachelor's degree (such as JD, MA, MBA, MD, PhD)",College graduate,More than high school graduate,White college degree,White men college graduates,,,,1.0,Joe Biden,Health care,No,,Joe Biden,No,,45+,65+,Independent/Something else,Non-black non-Democrat,White Independent,Independent men,Independent,White Independent,Moderate,Moderate or Conservative,Moderate,,Yes,No,Has the right temperament,White,White,State questionnaire,White,White,White,South,,,,Too liberal,Male,White men,Non married men,,"Cities 50,000-500,000","Cities over 50,000",Joe Biden,English,Florida,Other,Telephone survey,,,,,No,Neither of them,No,Version 1,,Agrees with you on major issues
277277832.0,1.74994218349457,Joe Biden,30-44,30-59,40-44,18-44,18-49,30-44,40-49,Black 30-44,Black 30-44,Black 30-44,Complete,,About right,,7.0,No,No,,Bachelor's degree (BA or BS),College graduate,More than high school graduate,Non white college degree,Non-whites,,,,2.0,Joe Biden,Omit,No,,Joe Biden,Yes,,18-44,18-64,Democrat,Black Democrat,Black Democrat,Democratic men,Democrat,Non-White Democrats,Moderate,Moderate or Conservative,Moderate,,Yes,No,Can bring needed change,Black,Black,State questionnaire,Black,Non-white,Black,South,,,,Too liberal,Male,Black men,Married men,,Suburbs,Suburbs,Joe Biden,English,Florida,Other,Telephone survey,,,,,No,Only Sanders did,Yes,Version 1,,Can beat Donald Trump
277277833.0,0.524804890155792,Joe Biden,65+,60+,65 or over,45+,50+,60+,65+,Non-Black 60+,White 60+,White 65+,Complete,,About right,,22.0,No,No,,"An advanced degree after a bachelor's degree (such as JD, MA, MBA, MD, PhD)",College graduate,More than high school graduate,White college degree,White women college graduates,,,,5.0,Joe Biden,Health care,No,,Joe Biden,Yes,,45+,65+,Democrat,Non-black Democrat,White Democrat,Democratic women,Democrat,White Democrat,Very liberal,Liberal,Liberal,,Yes,No,Can bring needed change,White,White,State questionnaire,White,White,White,South,,,,Too liberal,Female,White women,Married women,,"Cities 50,000-500,000","Cities over 50,000",Joe Biden,English,Florida,Other,Telephone survey,,,,,No,Only Sanders did,Yes,Version 1,,Can beat Donald Trump
277277834.0,0.462442517280579,Joe Biden,65+,60+,65 or over,45+,50+,60+,65+,Non-Black 60+,White 60+,White 65+,Complete,,About right,,20.0,No,No,,Associate's degree (AA or AS),No college degree,More than high school graduate,White no college degree,White men non college graduates,,,,5.0,Joe Biden,Climate change,No,,Joe Biden,Yes,,45+,65+,Independent/Something else,Non-black non-Democrat,White Independent,Independent men,Independent,White Independent,Moderate,Moderate or Conservative,Moderate,,Yes,No,Can unite the country,White,White,State questionnaire,White,White,White,South,,,,Too liberal,Male,White men,Married men,,"Cities 50,000-500,000","Cities over 50,000",Joe Biden,English,Florida,Other,Telephone survey,,,,,No,Omit,Omit,Version 1,,Can beat Donald Trump
277277835.0,0.565626978874207,Joe Biden,65+,60+,65 or over,45+,50+,60+,65+,Non-Black 60+,White 60+,White 65+,Complete,,About right,,16.0,No,No,,Attended college but received no degree,No college degree,More than high school graduate,White no college degree,White women non college graduates,,,,4.0,Joe Biden,Health care,No,,Joe Biden,No,,45+,65+,Democrat,Non-black Democrat,White Democrat,Democratic women,Democrat,White Democrat,Moderate,Moderate or Conservative,Moderate,,Yes,No,Can bring needed change,White,White,State questionnaire,White,White,White,South,,,,Too liberal,Female,White women,Non married women,,Suburbs,Suburbs,Joe Biden,English,Florida,White suburban women,Telephone survey,,,,,No,Only Sanders did,Yes,Version 1,,Can beat Donald Trump
277277836.0,0.921072244644165,Joe Biden,45-65,30-59,50-59,45+,50+,45-59,50-64,Non-Black 45-59,All others,All others,Complete,,About right,,20.0,No,No,,Bachelor's degree (BA or BS),College graduate,More than high school graduate,Non white college degree,Non-whites,,,,5.0,Joe Biden,Income inequality,No,,Joe Biden,Yes,,45+,18-64,Republican,Non-black non-Democrat,All Republicans,Republican men,Republican,All others,Conservative,Moderate or Conservative,Conservative,,Yes,No,Can unite the country,Other,Other,State questionnaire,Other,Non-white,Other,South,,,,Too liberal,Male,All other races,Married men,,"Cities 50,000-500,000","Cities over 50,000",Joe Biden,English,Florida,Other,Telephone survey,,,,,No,Only Sanders did,Yes,Version 1,,Can beat Donald Trump
277277837.0,0.715997934341431,Joe Biden,45-65,30-59,45-49,45+,18-49,45-59,40-49,Non-Black 45-59,White 45-59,White 45-64,Complete,,About right,,12.0,No,No,,Bachelor's degree (BA or BS),College graduate,More than high school graduate,White college degree,White men college graduates,,,,3.0,Joe Biden,Omit,No,,Joe Biden,Yes,,45+,18-64,Democrat,Non-black Democrat,White Democrat,Democratic men,Democrat,White Democrat,Somewhat liberal,Liberal,Liberal,,Yes,No,Can unite the country,White,White,State questionnaire,White,White,White,South,,,,Too liberal,Male,White men,Married men,,"Cities 50,000-500,000","Cities over 50,000",Joe Biden,English,Florida,Other,Telephone survey,,,,,No,Neither of them,No,Version 1,,Can beat Donald Trump
277277838.0,0.565626978874207,Joe Biden,65+,60+,65 or over,45+,50+,60+,65+,Non-Black 60+,White 60+,White 65+,Complete,,About right,,17.0,No,No,,Never attended college,No college degree,High school graduate or less,White no college degree,White women non college graduates,,,,4.0,Joe Biden,Health care,No,,Joe Biden,No,,45+,65+,Democrat,Non-black Democrat,White Democrat,Democratic women,Democrat,White Democrat,Moderate,Moderate or Conservative,Moderate,,Yes,No,Cares about people like me,White,White,State questionnaire,White,White,White,South,,,,Too liberal,Female,White women,Non married women,,"Cities 10,000-50,000",Small Cities/Rural,Joe Biden,English,Florida,Other,Telephone survey,,,,,No,Neither of them,No,Version 1,,Agrees with you on major issues
277277839.0,0.836809754371643,Bernie Sanders,30-44,30-59,40-44,18-44,18-49,30-44,40-49,Non-Black 30-44,White 30-44,White 30-44,Complete,,Not liberal enough,,5.0,No,No,,Attended college but received no degree,No college degree,More than high school graduate,White no college degree,White women non college graduates,,,,1.0,Bernie Sanders,Income inequality,No,,Bernie Sanders,Yes,,18-44,18-64,Democrat,Non-black Democrat,White Democrat,Democratic women,Democrat,White Democrat,Somewhat liberal,Liberal,Liberal,,Yes,No,Can bring needed change,White,White,State questionnaire,White,White,White,South,,,,About right,Female,White women,Married women,,"Cities over 500,000","Cities over 50,000",Bernie Sanders,English,Florida,Other,Telephone survey,,,,,Yes,Only Biden did,Omit,Version 1,,Can beat Donald Trump
277277840.0,0.372404307126999,Bernie Sanders,65+,60+,65 or over,45+,50+,60+,65+,Non-Black 60+,White 60+,White 65+,Complete,,Not liberal enough,,25.0,No,No,,Bachelor's degree (BA or BS),College graduate,More than high school graduate,White college degree,White men college graduates,,,,4.0,Bernie Sanders,Health care,No,,Bernie Sanders,Yes,,45+,65+,Independent/Something else,Non-black non-Democrat,White Independent,Independent men,Independent,White Independent,Very liberal,Liberal,Liberal,,Yes,No,Cares about people like me,White,White,State questionnaire,White,White,White,South,,,,About right,Male,White men,Married men,,"Cities 10,000-50,000",Small Cities/Rural,Bernie Sanders,English,Florida,Other,Telephone survey,,,,,Omit,Omit,No,Version 1,,Agrees with you on major issues
277277841.0,0.565626978874207,Joe Biden,65+,60+,65 or over,45+,50+,60+,65+,Non-Black 60+,White 60+,White 65+,Complete,,Not liberal enough,,19.0,No,No,,Never attended college,No college degree,High school graduate or less,White no college degree,White women non college graduates,,,,4.0,Joe Biden,Income inequality,No,,Joe Biden,No,,45+,65+,Independent/Something else,Non-black non-Democrat,White Independent,Independent women,Independent,White Independent,Moderate,Moderate or Conservative,Moderate,,Yes,No,Cares about people like me,White,White,State questionnaire,White,White,White,South,,,,Too liberal,Female,White women,Non married women,,"Cities 10,000-50,000",Small Cities/Rural,Joe Biden,English,Florida,Other,Telephone survey,,,,,No,Neither of them,No,Version 1,,Agrees with you on major issues
277277842.0,0.821528255939484,Joe Biden,65+,60+,65 or over,45+,50+,60+,65+,Non-Black 60+,White 60+,White 65+,Complete,,About right,,19.0,No,No,,Never attended college,No college degree,High school graduate or less,White no college degree,White women non college graduates,,,,4.0,Joe Biden,Omit,No,,Joe Biden,Yes,,45+,65+,Democrat,Non-black Democrat,White Democrat,Democratic women,Democrat,White Democrat,Somewhat liberal,Liberal,Liberal,,Yes,No,Omit,White,White,State questionnaire,White,White,White,South,,,,Too liberal,Female,White women,Married women,,"Cities 10,000-50,000",Small Cities/Rural,Joe Biden,English,Florida,Other,Telephone survey,,,,,No,Neither of them,No,Version 1,,Can beat Donald Trump
277277843.0,0.646295130252838,Bernie Sanders,30-44,30-59,30-39,18-44,18-49,30-44,30-39,Non-Black 30-44,White 30-44,White 30-44,Complete,,Not liberal enough,,3.0,No,No,,Bachelor's degree (BA or BS),College graduate,More than high school graduate,White college degree,White women college graduates,,,,1.0,Bernie Sanders,Health care,No,,Bernie Sanders,Yes,,18-44,18-64,Democrat,Non-black Democrat,White Democrat,Democratic women,Democrat,White Democrat,Somewhat liberal,Liberal,Liberal,,Yes,No,Can bring needed change,White,White,State questionnaire,White,White,White,South,,,,Too liberal,Female,White women,Married women,,"Cities 50,000-500,000","Cities over 50,000",Bernie Sanders,English,Florida,Other,Telephone survey,,,,,No,Neither of them,No,Version 1,,Can beat Donald Trump
277277844.0,1.59699440002441,Bernie Sanders,30-44,30-59,30-39,18-44,18-49,30-44,30-39,Non-Black 30-44,Latino 30-44,Latino 30-44,Complete,,Not liberal enough,,19.0,No,"Yes, other Hispanic",,Bachelor's degree (BA or BS),College graduate,More than high school graduate,Non white college degree,Non-whites,,,,4.0,Bernie Sanders,Health care,Yes,,Bernie Sanders,Yes,,18-44,18-64,Independent/Something else,Non-black non-Democrat,Latino Independent,Independent women,Independent,All others,Very liberal,Liberal,Liberal,,Yes,No,Cares about people like me,Other,Hispanic/Latino,State questionnaire,Hispanic/Latino,Non-white,Hispanic/Latino,South,,,,About right,Female,Latino women,Married women,,"Cities 10,000-50,000",Small Cities/Rural,Bernie Sanders,English,Florida,Other,Telephone survey,,,,,Yes,Only Biden did,No,Version 1,,Agrees with you on major issues
277277845.0,0.609827816486359,Bernie Sanders,45-65,60+,60-64,45+,50+,60+,50-64,Non-Black 60+,White 60+,White 45-64,Complete,,Not liberal enough,,19.0,No,No,,"An advanced degree after a bachelor's degree (such as JD, MA, MBA, MD, PhD)",College graduate,More than high school graduate,White college degree,White women college graduates,,,,4.0,Joe Biden,Climate change,No,,Omit,Yes,,45+,18-64,Democrat,Non-black Democrat,White Democrat,Democratic women,Democrat,White Democrat,Somewhat liberal,Liberal,Liberal,,Yes,No,Can bring needed change,White,White,State questionnaire,White,White,White,South,,,,Too liberal,Female,White women,Married women,,Suburbs,Suburbs,Bernie Sanders,English,Florida,White suburban women,Telephone survey,,,,,No,Neither of them,No,Version 1,,Omit
277277846.0,0.838724732398987,Joe Biden,30-44,30-59,40-44,18-44,18-49,30-44,40-49,Non-Black 30-44,White 30-44,White 30-44,Complete,,About right,,25.0,No,No,,"An advanced degree after a bachelor's degree (such as JD, MA, MBA, MD, PhD)",College graduate,More than high school graduate,White college degree,White women college graduates,,,,4.0,Joe Biden,Omit,No,,Joe Biden,Yes,,18-44,18-64,Democrat,Non-black Democrat,White Democrat,Democratic women,Democrat,White Democrat,Somewhat liberal,Liberal,Liberal,,Yes,No,Has the right temperament,White,White,State questionnaire,White,White,White,South,,,,About right,Female,White women,Married women,,"Cities 10,000-50,000",Small Cities/Rural,Joe Biden,English,Florida,Other,Telephone survey,,,,,No,Neither of them,No,Version 1,,Can beat Donald Trump
277277847.0,2.69298839569092,Joe Biden,45-65,30-59,50-59,45+,50+,45-59,50-64,Non-Black 45-59,Latino 45-59,Latino 45-64,Complete,,About right,,5.0,No,"Yes, Puerto Rican",,Bachelor's degree (BA or BS),College graduate,More than high school graduate,Non white college degree,Non-whites,,,,1.0,Joe Biden,Health care,Yes,,Joe Biden,Yes,,45+,18-64,Independent/Something else,Non-black non-Democrat,Latino Independent,Independent men,Independent,All others,Moderate,Moderate or Conservative,Moderate,,Yes,Yes,Cares about people like me,Other,White,State questionnaire,Hispanic/Latino,Non-white,Hispanic/Latino,South,,,,About right,Male,Latino men,Married men,,"Cities over 500,000","Cities over 50,000",Joe Biden,English,Florida,Other,Telephone survey,,,,,No,Only Sanders did,Yes,Version 1,,Can beat Donald Trump
277277848.0,1.60691118240356,Joe Biden,65+,60+,65 or over,45+,50+,60+,65+,Black 60+,Black 60+,Black 65+,Complete,,About right,,5.0,No,No,,Attended college but received no degree,No college degree,More than high school graduate,Non white no college degree,Non-whites,,,,1.0,Joe Biden,Health care,No,,Joe Biden,No,,45+,65+,Democrat,Black Democrat,Black Democrat,Democratic women,Democrat,Non-White Democrats,Very liberal,Liberal,Liberal,,Yes,No,Can bring needed change,Black,Black,State questionnaire,Black,Non-white,Black,South,,,,Not liberal enough,Female,Black women,Non married women,,"Cities over 500,000","Cities over 50,000",Joe Biden,English,Florida,Other,Telephone survey,,,,,No,Only Sanders did,Yes,Version 1,,Can beat Donald Trump
277277849.0,0.872861802577972,Joe Biden,45-65,30-59,50-59,45+,50+,45-59,50-64,Non-Black 45-59,White 45-59,White 45-64,Complete,,About right,,5.0,No,No,,Associate's degree (AA or AS),No college degree,More than high school graduate,White no college degree,White women non college graduates,,,,1.0,Bernie Sanders,Health care,No,,Joe Biden,Yes,,45+,18-64,Democrat,Non-black Democrat,White Democrat,Democratic women,Democrat,White Democrat,Moderate,Moderate or Conservative,Moderate,,Yes,No,Can bring needed change,White,White,State questionnaire,White,White,White,South,,,,Too liberal,Female,White women,Married women,,"Cities over 500,000","Cities over 50,000",Joe Biden,English,Florida,Other,Telephone survey,,,,,No,Neither of them,No,Version 1,,Can beat Donald Trump
277277850.0,0.416486293077469,Joe Biden,65+,60+,65 or over,45+,50+,60+,65+,Non-Black 60+,White 60+,White 65+,Complete,,About right,,4.0,No,No,,Bachelor's degree (BA or BS),College graduate,More than high school graduate,White college degree,White women college graduates,,,,1.0,Joe Biden,Climate change,No,,Joe Biden,No,,45+,65+,Democrat,Non-black Democrat,White Democrat,Democratic women,Democrat,White Democrat,Moderate,Moderate or Conservative,Moderate,,Yes,No,Can bring needed change,White,White,State questionnaire,White,White,White,South,,,,Too liberal,Female,White women,Non married women,,"Cities over 500,000","Cities over 50,000",Joe Biden,English,Florida,Other,Telephone survey,,,,,No,Neither of them,No,Version 1,,Can beat Donald Trump
277277851.0,0.63960874080658,Joe Biden,45-65,30-59,50-59,45+,50+,45-59,50-64,Non-Black 45-59,White 45-59,White 45-64,Complete,,About right,,13.0,No,No,,Bachelor's degree (BA or BS),College graduate,More than high school graduate,White college degree,White women college graduates,,,,3.0,Joe Biden,Health care,No,,Joe Biden,No,,45+,18-64,Independent/Something else,Non-black non-Democrat,White Independent,Independent women,Independent,White Independent,Moderate,Moderate or Conservative,Moderate,,Yes,No,Cares about people like me,White,White,State questionnaire,White,White,White,South,,,,Too liberal,Female,White women,Non married women,,"Cities 50,000-500,000","Cities over 50,000",Bernie Sanders,English,Florida,Other,Telephone survey,,,,,No,Neither of them,No,Version 1,,Agrees with you on major issues
277277852.0,1.1063677072525,Joe Biden,65+,60+,65 or over,45+,50+,60+,65+,Black 60+,Black 60+,Black 65+,Complete,,About right,,5.0,No,No,,Associate's degree (AA or AS),No college degree,More than high school graduate,Non white no college degree,Non-whites,,,,1.0,Joe Biden,Income inequality,No,,Joe Biden,No,,45+,65+,Democrat,Black Democrat,Black Democrat,Democratic women,Democrat,Non-White Democrats,Moderate,Moderate or Conservative,Moderate,,Yes,No,Can unite the country,Black,Black,State questionnaire,Black,Non-white,Black,South,,,,Too liberal,Female,Black women,Non married women,,"Cities over 500,000","Cities over 50,000",Joe Biden,English,Florida,Other,Telephone survey,,,,,No,Only Sanders did,Yes,Version 1,,Can beat Donald Trump
277277853.0,1.1063677072525,Joe Biden,65+,60+,65 or over,45+,50+,60+,65+,Black 60+,Black 60+,Black 65+,Complete,,About right,,5.0,No,No,,Attended college but received no degree,No college degree,More than high school graduate,Non white no college degree,Non-whites,,,,1.0,Joe Biden,Health care,No,,Joe Biden,No,,45+,65+,Independent/Something else,Black non-Democrat,Black Independent,Independent women,Something else,All others,Conservative,Moderate or Conservative,Conservative,,Yes,No,Has the right temperament,Black,Black,State questionnaire,Black,Non-white,Black,South,,,,Too liberal,Female,Black women,Non married women,,"Cities over 500,000","Cities over 50,000",Joe Biden,English,Florida,Other,Telephone survey,,,,,No,Neither of them,No,Version 1,,Can beat Donald Trump
277277854.0,0.894950211048126,Joe Biden,65+,60+,65 or over,45+,50+,60+,65+,Black 60+,Black 60+,Black 65+,Complete,,About right,,4.0,No,No,,"An advanced degree after a bachelor's degree (such as JD, MA, MBA, MD, PhD)",College graduate,More than high school graduate,Non white college degree,Non-whites,,,,1.0,Joe Biden,Health care,No,,Joe Biden,Yes,,45+,65+,Democrat,Black Democrat,Black Democrat,Democratic women,Democrat,Non-White Democrats,Moderate,Moderate or Conservative,Moderate,,Yes,No,Cares about people like me,Black,Black,State questionnaire,Black,Non-white,Black,South,,,,About right,Female,Black women,Married women,,"Cities over 500,000","Cities over 50,000",Joe Biden,English,Florida,Other,Telephone survey,,,,,No,Only Sanders did,Yes,Version 1,,Agrees with you on major issues
277277855.0,1.09369921684265,Joe Biden,65+,60+,65 or over,45+,50+,60+,65+,Non-Black 60+,Latino 60+,Latino 65+,Complete,,About right,,5.0,No,"Yes, other Hispanic",,"An advanced degree after a bachelor's degree (such as JD, MA, MBA, MD, PhD)",College graduate,More than high school graduate,Non white college degree,Non-whites,,,,1.0,Joe Biden,Climate change,Yes,,Joe Biden,No,,45+,65+,Democrat,Non-black Democrat,Latino Democrat,Democratic men,Democrat,Non-White Democrats,Somewhat liberal,Liberal,Liberal,,Yes,No,Cares about people like me,Other,Hispanic/Latino,State questionnaire,Hispanic/Latino,Non-white,Hispanic/Latino,South,,,,About right,Male,Latino men,Non married men,,"Cities over 500,000","Cities over 50,000",Joe Biden,English,Florida,Other,Telephone survey,,,,,No,Neither of them,No,Version 1,,Can beat Donald Trump
277277856.0,1.14538407325745,Joe Biden,65+,60+,65 or over,45+,50+,60+,65+,Black 60+,Black 60+,Black 65+,Complete,,Too liberal,,5.0,No,No,,Associate's degree (AA or AS),No college degree,More than high school graduate,Non white no college degree,Non-whites,,,,1.0,Joe Biden,Omit,No,,Joe Biden,Yes,,45+,65+,Democrat,Black Democrat,Black Democrat,Democratic men,Democrat,Non-White Democrats,Very liberal,Liberal,Liberal,,Yes,No,Has the right temperament,Black,Black,State questionnaire,Black,Non-white,Black,South,,,,Not liberal enough,Male,Black men,Married men,,"Cities over 500,000","Cities over 50,000",Joe Biden,English,Florida,Other,Telephone survey,,,,,No,Omit,Omit,Version 1,,Can beat Donald Trump
277277857.0,0.431173771619797,Joe Biden,65+,60+,65 or over,45+,50+,60+,65+,Non-Black 60+,White 60+,White 65+,Complete,,Omit,,4.0,No,No,,"An advanced degree after a bachelor's degree (such as JD, MA, MBA, MD, PhD)",College graduate,More than high school graduate,White college degree,White men college graduates,,,,1.0,Joe Biden,Omit,No,,Joe Biden,Yes,,45+,65+,Independent/Something else,Non-black non-Democrat,White Independent,Independent men,Independent,White Independent,Moderate,Moderate or Conservative,Moderate,,Yes,No,Can bring needed change,White,White,State questionnaire,White,White,White,South,,,,Omit,Male,White men,Married men,,"Cities over 500,000","Cities over 50,000",Joe Biden,English,Florida,Other,Telephone survey,,,,,No,Neither of them,No,Version 1,,Can beat Donald Trump
277277858.0,1.1063677072525,Joe Biden,65+,60+,65 or over,45+,50+,60+,65+,Black 60+,Black 60+,Black 65+,Complete,,About right,,4.0,No,No,,Attended college but received no degree,No college degree,More than high school graduate,Non white no college degree,Non-whites,,,,1.0,Joe Biden,Health care,No,,Joe Biden,No,,45+,65+,Democrat,Black Democrat,Black Democrat,Democratic women,Democrat,Non-White Democrats,Somewhat liberal,Liberal,Liberal,,Yes,No,Can unite the country,Black,Black,State questionnaire,Black,Non-white,Black,South,,,,Not liberal enough,Female,Black women,Non married women,,"Cities over 500,000","Cities over 50,000",Joe Biden,English,Florida,Other,Telephone survey,,,,,No,Only Sanders did,Yes,Version 1,,Can beat Donald Trump
277277859.0,1.10945904254913,Bernie Sanders,45-65,30-59,45-49,45+,18-49,45-59,40-49,,,,Complete,,About right,,4.0,No,No,,Associate's degree (AA or AS),No college degree,More than high school graduate,,,,,,1.0,Bernie Sanders,Health care,No,,Joe Biden,No,,45+,18-64,Democrat,,,Democratic men,Democrat,,Somewhat liberal,Liberal,Liberal,,Yes,No,Can bring needed change,,,State questionnaire,,,,South,,,,About right,Male,,Non married men,,"Cities over 500,000","Cities over 50,000",Bernie Sanders,English,Florida,Other,Telephone survey,,,,,No,Neither of them,No,Version 1,,Can beat Donald Trump
277277860.0,0.514874398708344,Joe Biden,65+,60+,65 or over,45+,50+,60+,65+,Non-Black 60+,White 60+,White 65+,Complete,,About right,,1.0,No,No,,Associate's degree (AA or AS),No college degree,More than high school graduate,White no college degree,White women non college graduates,,,,1.0,Joe Biden,Omit,No,,Joe Biden,No,,45+,65+,Democrat,Non-black Democrat,White Democrat,Democratic women,Democrat,White Democrat,Moderate,Moderate or Conservative,Moderate,,Yes,No,Can unite the country,White,White,State questionnaire,White,White,White,South,,,,Too liberal,Female,White women,Non married women,,"Cities 50,000-500,000","Cities over 50,000",Joe Biden,English,Florida,Other,Telephone survey,,,,,No,Omit,Omit,Version 1,,Can beat Donald Trump
277277861.0,2.60227060317993,Other,65+,60+,65 or over,45+,50+,60+,65+,Black 60+,Black 60+,Black 65+,Complete,,Not liberal enough,,5.0,No,No,,Never attended college,No college degree,High school graduate or less,Non white no college degree,Non-whites,,,,1.0,Joe Biden,Health care,No,,Joe Biden,Yes,,45+,65+,Democrat,Black Democrat,Black Democrat,Democratic men,Democrat,Non-White Democrats,Moderate,Moderate or Conservative,Moderate,,Yes,No,Can unite the country,Black,Black,State questionnaire,Black,Non-white,Black,South,,,,Not liberal enough,Male,Black men,Married men,,"Cities over 500,000","Cities over 50,000",Joe Biden,English,Florida,Other,Telephone survey,,,,,Yes,Both of them,Yes,Version 1,,Omit
277277862.0,1.21539962291718,Bernie Sanders,30-44,30-59,40-44,18-44,18-49,30-44,40-49,Non-Black 30-44,All others,All others,Complete,,Not liberal enough,,1.0,No,No,,Associate's degree (AA or AS),No college degree,More than high school graduate,Non white no college degree,Non-whites,,,,1.0,Bernie Sanders,Race relations,No,,Bernie Sanders,No,,18-44,18-64,Independent/Something else,Non-black non-Democrat,All Other,Independent women,Independent,All others,Very liberal,Liberal,Liberal,,Yes,No,Can unite the country,Other,American Indian,State questionnaire,Other,Non-white,American Indian,South,,,,About right,Female,All other races,Non married women,,"Cities 10,000-50,000",Small Cities/Rural,Bernie Sanders,English,Florida,Other,Telephone survey,,,,,Yes,Only Biden did,No,Version 1,,Can beat Donald Trump
277277863.0,0.416486293077469,Joe Biden,65+,60+,65 or over,45+,50+,60+,65+,Non-Black 60+,White 60+,White 65+,Complete,,About right,,1.0,No,No,,"An advanced degree after a bachelor's degree (such as JD, MA, MBA, MD, PhD)",College graduate,More than high school graduate,White college degree,White women college graduates,,,,1.0,Joe Biden,Health care,No,,Joe Biden,Yes,,45+,65+,Democrat,Non-black Democrat,White Democrat,Democratic women,Democrat,White Democrat,Moderate,Moderate or Conservative,Moderate,,Yes,No,Can bring needed change,White,White,State questionnaire,White,White,White,South,,,,Too liberal,Female,White women,Married women,,"Cities 10,000-50,000",Small Cities/Rural,Joe Biden,English,Florida,Other,Telephone survey,,,,,No,Neither of them,No,Version 1,,Can beat Donald Trump
277277864.0,0.514874398708344,Joe Biden,65+,60+,65 or over,45+,50+,60+,65+,Non-Black 60+,White 60+,White 65+,Complete,,About right,,1.0,No,No,,Attended college but received no degree,No college degree,More than high school graduate,White no college degree,White women non college graduates,,,,1.0,Joe Biden,Race relations,No,,Joe Biden,No,,45+,65+,Democrat,Non-black Democrat,White Democrat,Democratic women,Democrat,White Democrat,Moderate,Moderate or Conservative,Moderate,,Yes,No,Can bring needed change,White,White,State questionnaire,White,White,White,South,,,,Too liberal,Female,White women,Non married women,,"Cities 50,000-500,000","Cities over 50,000",Joe Biden,English,Florida,Other,Telephone survey,,,,,No,Neither of them,No,Version 1,,Can beat Donald Trump
277277865.0,0.45649579167366,Bernie Sanders,65+,60+,65 or over,45+,50+,60+,65+,Non-Black 60+,White 60+,White 65+,Complete,,Omit,,2.0,No,No,,Attended college but received no degree,No college degree,More than high school graduate,White no college degree,White women non college graduates,,,,1.0,Bernie Sanders,Climate change,No,,Bernie Sanders,Yes,,45+,65+,Democrat,Non-black Democrat,White Democrat,Democratic women,Democrat,White Democrat,Somewhat liberal,Liberal,Liberal,,Yes,No,Can bring needed change,White,White,State questionnaire,White,White,White,South,,,,About right,Female,White women,Married women,,Suburbs,Suburbs,Bernie Sanders,English,Florida,White suburban women,Telephone survey,,,,,Omit,Omit,No,Version 1,,Can beat Donald Trump
277277866.0,0.821528255939484,Joe Biden,65+,60+,65 or over,45+,50+,60+,65+,Non-Black 60+,White 60+,White 65+,Complete,,About right,,17.0,No,No,,Never attended college,No college degree,High school graduate or less,White no college degree,White women non college graduates,,,,4.0,Joe Biden,Health care,No,,Joe Biden,No,,45+,65+,Democrat,Non-black Democrat,White Democrat,Democratic women,Democrat,White Democrat,Somewhat liberal,Liberal,Liberal,,Yes,No,Cares about people like me,White,White,State questionnaire,White,White,White,South,,,,About right,Female,White women,Non married women,,Rural,Small Cities/Rural,Joe Biden,English,Florida,Other,Telephone survey,,,,,No,Neither of them,No,Version 1,,Can beat Donald Trump
277277867.0,0.872861802577972,Joe Biden,45-65,60+,60-64,45+,50+,60+,50-64,Non-Black 60+,White 60+,White 45-64,Complete,,Too liberal,,2.0,No,No,,Associate's degree (AA or AS),No college degree,More than high school graduate,White no college degree,White women non college graduates,,,,1.0,Joe Biden,Health care,No,,Joe Biden,Yes,,45+,18-64,Democrat,Non-black Democrat,White Democrat,Democratic women,Democrat,White Democrat,Conservative,Moderate or Conservative,Conservative,,Yes,No,Can unite the country,White,White,State questionnaire,White,White,White,South,,,,Not liberal enough,Female,White women,Married women,,Suburbs,Suburbs,Joe Biden,English,Florida,White suburban women,Telephone survey,,,,,Yes,Both of them,Yes,Version 1,,Agrees with you on major issues
277277868.0,0.70606529712677,Joe Biden,45-65,30-59,50-59,45+,50+,45-59,50-64,Non-Black 45-59,White 45-59,White 45-64,Complete,,About right,,6.0,No,No,,Bachelor's degree (BA or BS),College graduate,More than high school graduate,White college degree,White women college graduates,,,,1.0,Joe Biden,Omit,No,,Joe Biden,Yes,,45+,18-64,Democrat,Non-black Democrat,White Democrat,Democratic women,Democrat,White Democrat,Moderate,Moderate or Conservative,Moderate,,Yes,No,Can unite the country,White,White,State questionnaire,White,White,White,South,,,,Too liberal,Female,White women,Married women,,Suburbs,Suburbs,Joe Biden,English,Florida,White suburban women,Telephone survey,,,,,No,Neither of them,No,Version 1,,Can beat Donald Trump
277277869.0,1.28264462947845,Other,65+,60+,65 or over,45+,50+,60+,65+,Non-Black 60+,White 60+,White 65+,Complete,,About right,,17.0,No,No,,Never attended college,No college degree,High school graduate or less,White no college degree,White men non college graduates,,,,4.0,Joe Biden,Omit,No,,Joe Biden,Yes,,45+,65+,Democrat,Non-black Democrat,White Democrat,Democratic men,Democrat,White Democrat,Somewhat liberal,Liberal,Liberal,,Yes,No,Cares about people like me,White,White,State questionnaire,White,White,White,South,,,,Omit,Male,White men,Married men,,"Cities 10,000-50,000",Small Cities/Rural,Joe Biden,English,Florida,Other,Telephone survey,,,,,No,Neither of them,No,Version 1,,Can beat Donald Trump
277277870.0,0.778320372104645,Bernie Sanders,30-44,30-59,30-39,18-44,18-49,30-44,30-39,Non-Black 30-44,White 30-44,White 30-44,Complete,,Not liberal enough,,17.0,No,No,,Attended college but received no degree,No college degree,More than high school graduate,White no college degree,White women non college graduates,,,,4.0,Omit,Health care,No,,Bernie Sanders,No,,18-44,18-64,Democrat,Non-black Democrat,White Democrat,Democratic women,Democrat,White Democrat,Very liberal,Liberal,Liberal,,Yes,No,Can bring needed change,White,White,State questionnaire,White,White,White,South,,,,About right,Female,White women,Non married women,,"Cities 10,000-50,000",Small Cities/Rural,Bernie Sanders,English,Florida,Other,Telephone survey,,,,,No,Neither of them,No,Version 1,,Agrees with you on major issues
277277871.0,0.533031582832336,Joe Biden,65+,60+,65 or over,45+,50+,60+,65+,Non-Black 60+,White 60+,White 65+,Complete,,About right,,2.0,No,No,,Attended college but received no degree,No college degree,More than high school graduate,White no college degree,White men non college graduates,,,,1.0,Joe Biden,Health care,No,,Joe Biden,Yes,,45+,65+,Democrat,Non-black Democrat,White Democrat,Democratic men,Democrat,White Democrat,Conservative,Moderate or Conservative,Conservative,,Yes,No,Cares about people like me,White,White,State questionnaire,White,White,White,South,,,,Not liberal enough,Male,White men,Married men,,Rural,Small Cities/Rural,Joe Biden,English,Florida,Other,Telephone survey,,,,,No,Neither of them,No,Version 1,,Agrees with you on major issues
277277872.0,1.3062344789505,Joe Biden,45-65,30-59,50-59,45+,50+,45-59,50-64,Non-Black 45-59,White 45-59,White 45-64,Complete,,About right,,8.0,No,No,,Associate's degree (AA or AS),No college degree,More than high school graduate,White no college degree,White women non college graduates,,,,2.0,Joe Biden,Health care,No,,Joe Biden,Yes,,45+,18-64,Democrat,Non-black Democrat,White Democrat,Democratic women,Democrat,White Democrat,Somewhat liberal,Liberal,Liberal,,Yes,No,Can unite the country,White,White,State questionnaire,White,White,White,South,,,,About right,Female,White women,Married women,,"Cities 10,000-50,000",Small Cities/Rural,Joe Biden,English,Florida,Other,Telephone survey,,,,,Omit,Omit,Omit,Version 1,,Can beat Donald Trump
277277873.0,1.90512847900391,Joe Biden,30-44,30-59,30-39,18-44,18-49,30-44,30-39,Non-Black 30-44,Latino 30-44,Latino 30-44,Complete,,About right,,5.0,No,"Yes, Puerto Rican",,Bachelor's degree (BA or BS),College graduate,More than high school graduate,Non white college degree,Non-whites,,,,2.0,Joe Biden,Health care,Yes,,Joe Biden,Yes,,18-44,18-64,Democrat,Non-black Democrat,Latino Democrat,Democratic women,Democrat,Non-White Democrats,Somewhat liberal,Liberal,Liberal,,Yes,Yes,Can unite the country,Other,Hispanic/Latino,State questionnaire,Hispanic/Latino,Non-white,Hispanic/Latino,South,,,,Too liberal,Female,Latino women,Married women,,"Cities 50,000-500,000","Cities over 50,000",Bernie Sanders,English,Florida,Other,Telephone survey,,,,,No,Omit,Omit,Version 1,,Can beat Donald Trump
277277874.0,0.926510810852051,Joe Biden,65+,60+,65 or over,45+,50+,60+,65+,Black 60+,Black 60+,Black 65+,Complete,,About right,,2.0,No,No,,"An advanced degree after a bachelor's degree (such as JD, MA, MBA, MD, PhD)",College graduate,More than high school graduate,Non white college degree,Non-whites,,,,1.0,Joe Biden,Health care,No,,Joe Biden,Yes,,45+,65+,Democrat,Black Democrat,Black Democrat,Democratic men,Democrat,Non-White Democrats,Moderate,Moderate or Conservative,Moderate,,Yes,No,Can unite the country,Black,Black,State questionnaire,Black,Non-white,Black,South,,,,Too liberal,Male,Black men,Married men,,"Cities 50,000-500,000","Cities over 50,000",Joe Biden,English,Florida,Other,Telephone survey,,,,,No,Neither of them,No,Version 1,,Can beat Donald Trump
277277875.0,0.429125130176544,Joe Biden,65+,60+,65 or over,45+,50+,60+,65+,Non-Black 60+,White 60+,White 65+,Complete,,About right,,7.0,No,No,,"An advanced degree after a bachelor's degree (such as JD, MA, MBA, MD, PhD)",College graduate,More than high school graduate,White college degree,White women college graduates,,,,2.0,Omit,Climate change,No,,Joe Biden,No,,45+,65+,Democrat,Non-black Democrat,White Democrat,Democratic women,Democrat,White Democrat,Very liberal,Liberal,Liberal,,Yes,No,Cares about people like me,White,White,State questionnaire,White,White,White,South,,,,About right,Female,White women,Non married women,,Suburbs,Suburbs,Joe Biden,English,Florida,White suburban women,Telephone survey,,,,,Omit,Only Sanders did,Yes,Version 1,,Can beat Donald Trump
277277876.0,1.61369037628174,Other,30-44,30-59,40-44,18-44,18-49,30-44,40-49,Non-Black 30-44,White 30-44,White 30-44,Complete,,About right,,9.0,No,No,,"An advanced degree after a bachelor's degree (such as JD, MA, MBA, MD, PhD)",College graduate,More than high school graduate,White college degree,White women college graduates,,,,2.0,Joe Biden,Income inequality,No,,Joe Biden,Yes,,18-44,18-64,Democrat,Non-black Democrat,White Democrat,Democratic women,Democrat,White Democrat,Moderate,Moderate or Conservative,Moderate,,Yes,No,Has the right temperament,White,White,State questionnaire,White,White,White,South,,,,Too liberal,Female,White women,Married women,,"Cities 50,000-500,000","Cities over 50,000",Joe Biden,English,Florida,Other,Telephone survey,,,,,No,Omit,Omit,Version 1,,Can beat Donald Trump
277277877.0,1.02550375461578,Joe Biden,45-65,30-59,50-59,45+,50+,45-59,50-64,Non-Black 45-59,White 45-59,White 45-64,Complete,,About right,,2.0,No,No,,Bachelor's degree (BA or BS),College graduate,More than high school graduate,White college degree,White women college graduates,,,,1.0,Joe Biden,Health care,No,,Joe Biden,Yes,,45+,18-64,Independent/Something else,Non-black non-Democrat,White Independent,Independent women,Something else,White Independent,Moderate,Moderate or Conservative,Moderate,,Yes,No,Has the right temperament,White,White,State questionnaire,White,White,White,South,,,,Too liberal,Female,White women,Married women,,"Cities 50,000-500,000","Cities over 50,000",Joe Biden,English,Florida,Other,Telephone survey,,,,,No,Neither of them,No,Version 1,,Can beat Donald Trump
277277878.0,3.49871039390564,Joe Biden,18-29,18-29,25-29,18-44,18-49,18-29,25-29,Black 18-29,Black 18-29,Black 18-29,Complete,,Omit,,3.0,No,No,,"An advanced degree after a bachelor's degree (such as JD, MA, MBA, MD, PhD)",College graduate,More than high school graduate,Non white college degree,Non-whites,,,,1.0,Omit,Race relations,No,,Omit,No,,18-44,18-64,Democrat,Black Democrat,Black Democrat,Democratic women,Democrat,Non-White Democrats,Moderate,Moderate or Conservative,Moderate,,Yes,No,Can bring needed change,Black,Black,State questionnaire,Black,Non-white,Black,South,,,,Omit,Female,Black women,Non married women,,"Cities 50,000-500,000","Cities over 50,000",Omit,English,Florida,Other,Telephone survey,,,,,No,Neither of them,No,Version 1,,Can beat Donald Trump
277277879.0,1.71406292915344,Joe Biden,65+,60+,65 or over,45+,50+,60+,65+,Black 60+,Black 60+,Black 65+,Complete,,About right,,5.0,No,No,,Never attended college,No college degree,High school graduate or less,Non white no college degree,Non-whites,,,,2.0,Joe Biden,Income inequality,No,,Joe Biden,Yes,,45+,65+,Democrat,Black Democrat,Black Democrat,Democratic men,Democrat,Non-White Democrats,Moderate,Moderate or Conservative,Moderate,,Yes,No,Can unite the country,Black,Black,State questionnaire,Black,Non-white,Black,South,,,,Not liberal enough,Male,Black men,Married men,,"Cities 50,000-500,000","Cities over 50,000",Joe Biden,English,Florida,Other,Telephone survey,,,,,No,Neither of them,No,Version 1,,Agrees with you on major issues
277277880.0,0.662362039089203,Joe Biden,45-65,30-59,45-49,45+,18-49,45-59,40-49,Non-Black 45-59,White 45-59,White 45-64,Complete,,About right,,21.0,No,No,,Bachelor's degree (BA or BS),College graduate,More than high school graduate,White college degree,White women college graduates,,,,5.0,Joe Biden,Health care,No,,Joe Biden,No,,45+,18-64,Democrat,Non-black Democrat,White Democrat,Democratic women,Democrat,White Democrat,Very liberal,Liberal,Liberal,,Yes,No,Cares about people like me,White,White,State questionnaire,White,White,White,South,,,,Not liberal enough,Female,White women,Non married women,,Suburbs,Suburbs,Joe Biden,English,Florida,White suburban women,Telephone survey,,,,,Yes,Only Biden did,No,Version 1,,Can beat Donald Trump
277277881.0,0.592230379581451,Joe Biden,65+,60+,65 or over,45+,50+,60+,65+,,,,Complete,,Too liberal,,24.0,,,,Never attended college,No college degree,High school graduate or less,,,,,,5.0,Joe Biden,Health care,,,Joe Biden,Yes,,45+,65+,Democrat,,,Democratic men,Democrat,,Conservative,Moderate or Conservative,Conservative,,No,,Can bring needed change,,,State questionnaire,,,,South,,,,Not liberal enough,Male,,Married men,,"Cities 50,000-500,000","Cities over 50,000",Joe Biden,,Florida,Other,Telephone survey,,,,,Yes,Only Biden did,No,Version 1,,Can beat Donald Trump
277277882.0,0.514874398708344,Joe Biden,65+,60+,65 or over,45+,50+,60+,65+,Non-Black 60+,White 60+,White 65+,Complete,,About right,,2.0,No,No,,Attended college but received no degree,No college degree,More than high school graduate,White no college degree,White women non college graduates,,,,1.0,Joe Biden,Omit,No,,Joe Biden,No,,45+,65+,Democrat,Non-black Democrat,White Democrat,Democratic women,Democrat,White Democrat,Somewhat liberal,Liberal,Liberal,,Yes,No,Omit,White,White,State questionnaire,White,White,White,South,,,,About right,Female,White women,Non married women,,"Cities 50,000-500,000","Cities over 50,000",Joe Biden,English,Florida,Other,Telephone survey,,,,,No,Neither of them,No,Version 1,,Can beat Donald Trump
277277883.0,0.814377069473267,Joe Biden,45-65,30-59,45-49,45+,18-49,45-59,40-49,Non-Black 45-59,White 45-59,White 45-64,Complete,,About right,,7.0,No,No,,Bachelor's degree (BA or BS),College graduate,More than high school graduate,White college degree,White men college graduates,,,,2.0,Joe Biden,Health care,No,,Joe Biden,Yes,,45+,18-64,Democrat,Non-black Democrat,White Democrat,Democratic men,Democrat,White Democrat,Very liberal,Liberal,Liberal,,Yes,No,Can bring needed change,White,White,State questionnaire,White,White,White,South,,,,Too liberal,Male,White men,Married men,,Suburbs,Suburbs,Joe Biden,English,Florida,White suburban men,Telephone survey,,,,,No,Neither of them,No,Version 1,,Can beat Donald Trump
277277884.0,1.41225755214691,Bernie Sanders,18-29,18-29,18-24,18-44,18-49,18-29,18-24,Non-Black 18-29,White 18-29,White 18-29,Complete,,Not liberal enough,,13.0,No,No,,"An advanced degree after a bachelor's degree (such as JD, MA, MBA, MD, PhD)",College graduate,More than high school graduate,White college degree,White women college graduates,,,,3.0,Bernie Sanders,Climate change,No,,Bernie Sanders,No,,18-44,18-64,Democrat,Non-black Democrat,White Democrat,Democratic women,Democrat,White Democrat,Very liberal,Liberal,Liberal,,Yes,No,Cares about people like me,White,White,State questionnaire,White,White,White,South,,,,About right,Female,White women,Non married women,,"Cities 50,000-500,000","Cities over 50,000",Bernie Sanders,English,Florida,Other,Telephone survey,,,,,Omit,Omit,No,Version 1,,Omit
277277885.0,0.775664091110229,Joe Biden,45-65,30-59,50-59,45+,50+,45-59,50-64,Non-Black 45-59,White 45-59,White 45-64,Complete,,About right,,19.0,No,No,,Bachelor's degree (BA or BS),College graduate,More than high school graduate,White college degree,White women college graduates,,,,4.0,Joe Biden,Health care,No,,Joe Biden,Yes,,45+,18-64,Democrat,Non-black Democrat,White Democrat,Democratic women,Democrat,White Democrat,Moderate,Moderate or Conservative,Moderate,,Yes,No,Has the right temperament,White,White,State questionnaire,White,White,White,South,,,,Too liberal,Female,White women,Married women,,"Cities 10,000-50,000",Small Cities/Rural,Joe Biden,English,Florida,Other,Telephone survey,,,,,No,Neither of them,No,Version 1,,Can beat Donald Trump
277277886.0,2.43951773643494,Joe Biden,45-65,30-59,50-59,45+,50+,45-59,50-64,Non-Black 45-59,Latino 45-59,Latino 45-64,Complete,,About right,,17.0,Yes,"Yes, Cuban",,Bachelor's degree (BA or BS),College graduate,More than high school graduate,Non white college degree,Non-whites,,,,3.0,Bernie Sanders,Health care,Yes,,Joe Biden,Yes,,45+,18-64,Democrat,Non-black Democrat,Latino Democrat,Democratic men,Democrat,Non-White Democrats,Moderate,Moderate or Conservative,Moderate,,Yes,No,Can unite the country,Other,White,State questionnaire,Hispanic/Latino,Non-white,Hispanic/Latino,South,,,,Too liberal,Male,Latino men,Married men,,Suburbs,Suburbs,Joe Biden,English,Florida,Other,Telephone survey,,,,,No,Neither of them,No,Version 1,,Can beat Donald Trump
277277887.0,0.781460344791412,Other,65+,60+,65 or over,45+,50+,60+,65+,Non-Black 60+,White 60+,White 65+,Complete,,About right,,16.0,No,No,,Associate's degree (AA or AS),No college degree,More than high school graduate,White no college degree,White women non college graduates,,,,3.0,Joe Biden,Omit,No,,Joe Biden,Yes,,45+,65+,Democrat,Non-black Democrat,White Democrat,Democratic women,Democrat,White Democrat,Moderate,Moderate or Conservative,Moderate,,Yes,No,Omit,White,White,State questionnaire,White,White,White,South,,,,Too liberal,Female,White women,Married women,,"Cities 50,000-500,000","Cities over 50,000",Joe Biden,English,Florida,Other,Telephone survey,,,,,No,Only Sanders did,Yes,Version 1,,Can beat Donald Trump
277277888.0,1.14843761920929,Joe Biden,45-65,30-59,50-59,45+,50+,45-59,50-64,Non-Black 45-59,White 45-59,White 45-64,Complete,,About right,,16.0,No,No,,Associate's degree (AA or AS),No college degree,More than high school graduate,White no college degree,White women non college graduates,,,,3.0,Joe Biden,Income inequality,No,,Joe Biden,Yes,,45+,18-64,Democrat,Non-black Democrat,White Democrat,Democratic women,Democrat,White Democrat,Somewhat liberal,Liberal,Liberal,,Yes,No,Can bring needed change,White,White,State questionnaire,White,White,White,South,,,,About right,Female,White women,Married women,,Suburbs,Suburbs,Joe Biden,English,Florida,White suburban women,Telephone survey,,,,,Omit,Omit,Omit,Version 1,,Can beat Donald Trump
277277889.0,0.850499629974365,Joe Biden,65+,60+,65 or over,45+,50+,60+,65+,Non-Black 60+,White 60+,White 65+,Complete,,About right,,11.0,No,No,,Attended college but received no degree,No college degree,More than high school graduate,White no college degree,White men non college graduates,,,,4.0,Joe Biden,Climate change,No,,Joe Biden,Yes,,45+,65+,Independent/Something else,Non-black non-Democrat,White Independent,Independent men,Independent,White Independent,Moderate,Moderate or Conservative,Moderate,,Yes,No,Can unite the country,White,White,State questionnaire,White,White,White,South,,,,Too liberal,Male,White men,Married men,,"Cities 50,000-500,000","Cities over 50,000",Joe Biden,English,Florida,Other,Telephone survey,,,,,Omit,Omit,Omit,Version 1,,Can beat Donald Trump
277277890.0,0.482861369848251,Joe Biden,65+,60+,65 or over,45+,50+,60+,65+,Non-Black 60+,White 60+,White 65+,Complete,,About right,,16.0,No,No,,Associate's degree (AA or AS),No college degree,More than high school graduate,White no college degree,White men non college graduates,,,,3.0,Omit,Health care,No,,Joe Biden,No,,45+,65+,Democrat,Non-black Democrat,White Democrat,Democratic men,Democrat,White Democrat,Moderate,Moderate or Conservative,Moderate,,Yes,No,Cares about people like me,White,White,State questionnaire,White,White,White,South,,,,Too liberal,Male,White men,Non married men,,Suburbs,Suburbs,Joe Biden,English,Florida,White suburban men,Telephone survey,,,,,No,Neither of them,No,Version 1,,Can beat Donald Trump
277277891.0,0.585573971271515,Joe Biden,65+,60+,65 or over,45+,50+,60+,65+,Non-Black 60+,White 60+,White 65+,Complete,,Too liberal,,11.0,No,No,,Attended college but received no degree,No college degree,More than high school graduate,White no college degree,White men non college graduates,,,,4.0,Joe Biden,Income inequality,No,,Joe Biden,Yes,,45+,65+,Democrat,Non-black Democrat,White Democrat,Democratic men,Democrat,White Democrat,Very liberal,Liberal,Liberal,,Yes,No,Cares about people like me,White,White,State questionnaire,White,White,White,South,,,,Too liberal,Male,White men,Married men,,Suburbs,Suburbs,Joe Biden,English,Florida,White suburban men,Telephone survey,,,,,No,Neither of them,No,Version 1,,Can beat Donald Trump
277277892.0,1.25828766822815,Joe Biden,65+,60+,65 or over,45+,50+,60+,65+,Black 60+,Black 60+,Black 65+,Complete,,About right,,3.0,No,No,,Associate's degree (AA or AS),No college degree,More than high school graduate,Non white no college degree,Non-whites,,,,4.0,Joe Biden,Health care,No,,Joe Biden,Yes,,45+,65+,Democrat,Black Democrat,Black Democrat,Democratic men,Democrat,Non-White Democrats,Somewhat liberal,Liberal,Liberal,,Yes,No,Omit,Black,Black,State questionnaire,Black,Non-white,Black,South,,,,Omit,Male,Black men,Married men,,"Cities 50,000-500,000","Cities over 50,000",Joe Biden,English,Florida,Other,Telephone survey,,,,,No,Omit,Omit,Version 1,,Agrees with you on major issues
277277893.0,0.958902180194855,Joe Biden,45-65,60+,60-64,45+,50+,60+,50-64,Non-Black 60+,White 60+,White 45-64,Complete,,Too liberal,,11.0,No,No,,Attended college but received no degree,No college degree,More than high school graduate,White no college degree,White women non college graduates,,,,4.0,Joe Biden,Health care,No,,Joe Biden,Yes,,45+,18-64,Democrat,Non-black Democrat,White Democrat,Democratic women,Democrat,White Democrat,Conservative,Moderate or Conservative,Conservative,,Yes,No,Cares about people like me,White,White,State questionnaire,White,White,White,South,,,,About right,Female,White women,Married women,,Suburbs,Suburbs,Joe Biden,English,Florida,White suburban women,Telephone survey,,,,,No,Only Sanders did,Yes,Version 1,,Can beat Donald Trump
277277894.0,0.664541184902191,Joe Biden,65+,60+,65 or over,45+,50+,60+,65+,Non-Black 60+,White 60+,White 65+,Complete,,About right,,11.0,No,No,,Bachelor's degree (BA or BS),College graduate,More than high school graduate,White college degree,White women college graduates,,,,4.0,Joe Biden,Health care,No,,Joe Biden,Yes,,45+,65+,Democrat,Non-black Democrat,White Democrat,Democratic women,Democrat,White Democrat,Moderate,Moderate or Conservative,Moderate,,Yes,No,Omit,White,White,State questionnaire,White,White,White,South,,,,Too liberal,Female,White women,Married women,,"Cities 50,000-500,000","Cities over 50,000",Joe Biden,English,Florida,Other,Telephone survey,,,,,No,Neither of them,No,Version 1,,Can beat Donald Trump
277277895.0,0.604913234710693,Joe Biden,65+,60+,65 or over,45+,50+,60+,65+,Non-Black 60+,White 60+,White 65+,Complete,,About right,,3.0,No,No,,Bachelor's degree (BA or BS),College graduate,More than high school graduate,White college degree,White women college graduates,,,,1.0,Joe Biden,Health care,No,,Joe Biden,No,,45+,65+,Democrat,Non-black Democrat,White Democrat,Democratic women,Democrat,White Democrat,Moderate,Moderate or Conservative,Moderate,,Yes,No,Has the right temperament,White,White,State questionnaire,White,White,White,South,,,,About right,Female,White women,Non married women,,"Cities 50,000-500,000","Cities over 50,000",Joe Biden,English,Florida,Other,Telephone survey,,,,,No,Neither of them,No,Version 1,,Can beat Donald Trump
277277896.0,1.93253314495087,Joe Biden,45-65,60+,60-64,45+,50+,60+,50-64,Black 60+,Black 60+,Black 45-64,Complete,,About right,,18.0,No,No,,Associate's degree (AA or AS),No college degree,More than high school graduate,Non white no college degree,Non-whites,,,,2.0,Joe Biden,Race relations,No,,Joe Biden,No,,45+,18-64,Democrat,Black Democrat,Black Democrat,Democratic women,Democrat,Non-White Democrats,Moderate,Moderate or Conservative,Moderate,,Yes,No,Cares about people like me,Black,Black,State questionnaire,Black,Non-white,Black,South,,,,Too liberal,Female,Black women,Non married women,,Suburbs,Suburbs,Joe Biden,English,Florida,Other,Telephone survey,,,,,No,Neither of them,No,Version 1,,Can beat Donald Trump
277277897.0,0.850499629974365,Joe Biden,65+,60+,65 or over,45+,50+,60+,65+,Non-Black 60+,All others,All others,Complete,,About right,,11.0,No,No,,Attended college but received no degree,No college degree,More than high school graduate,Non white no college degree,Non-whites,,,,4.0,Joe Biden,Income inequality,No,,Joe Biden,Yes,,45+,65+,Democrat,Non-black Democrat,All Other,Democratic men,Democrat,Non-White Democrats,Somewhat liberal,Liberal,Liberal,,Yes,No,Has the right temperament,Other,Other,State questionnaire,Other,Non-white,Other,South,,,,Too liberal,Male,All other races,Married men,,"Cities 10,000-50,000",Small Cities/Rural,Bernie Sanders,English,Florida,Other,Telephone survey,,,,,No,Only Sanders did,Yes,Version 1,,Can beat Donald Trump
277277898.0,0.473675727844238,Joe Biden,65+,60+,65 or over,45+,50+,60+,65+,Non-Black 60+,White 60+,White 65+,Complete,,About right,,11.0,No,No,,Bachelor's degree (BA or BS),College graduate,More than high school graduate,White college degree,White men college graduates,,,,4.0,Joe Biden,Health care,No,,Joe Biden,Yes,,45+,65+,Democrat,Non-black Democrat,White Democrat,Democratic men,Democrat,White Democrat,Moderate,Moderate or Conservative,Moderate,,Yes,No,Cares about people like me,White,White,State questionnaire,White,White,White,South,,,,Not liberal enough,Male,White men,Married men,,"Cities 50,000-500,000","Cities over 50,000",Joe Biden,English,Florida,Other,Telephone survey,,,,,No,Neither of them,No,Version 1,,Agrees with you on major issues
277277899.0,0.821528255939484,Joe Biden,65+,60+,65 or over,45+,50+,60+,65+,Non-Black 60+,White 60+,White 65+,Complete,,About right,,11.0,No,No,,Never attended college,No college degree,High school graduate or less,White no college degree,White women non college graduates,,,,4.0,Joe Biden,Health care,No,,Joe Biden,Yes,,45+,65+,Democrat,Non-black Democrat,White Democrat,Democratic women,Democrat,White Democrat,Moderate,Moderate or Conservative,Moderate,,Yes,No,Can unite the country,White,White,State questionnaire,White,White,White,South,,,,Too liberal,Female,White women,Married women,,"Cities 50,000-500,000","Cities over 50,000",Joe Biden,English,Florida,Other,Telephone survey,,,,,No,Only Sanders did,Yes,Version 1,,Can beat Donald Trump
277277900.0,0.868302524089813,Joe Biden,30-44,30-59,40-44,18-44,18-49,30-44,40-49,Non-Black 30-44,White 30-44,White 30-44,Complete,,About right,,10.0,No,No,,Bachelor's degree (BA or BS),College graduate,More than high school graduate,White college degree,White men college graduates,,,,4.0,Joe Biden,Health care,No,,Joe Biden,No,,18-44,18-64,Democrat,Non-black Democrat,White Democrat,Democratic men,Democrat,White Democrat,Very liberal,Liberal,Liberal,,Yes,No,Can bring needed change,White,White,State questionnaire,White,White,White,South,,,,Too liberal,Male,White men,Non married men,,Suburbs,Suburbs,Joe Biden,English,Florida,White suburban men,Telephone survey,,,,,No,Neither of them,No,Version 1,,Agrees with you on major issues
277277901.0,0.880299150943756,Other,65+,60+,65 or over,45+,50+,60+,65+,Non-Black 60+,All others,All others,Complete,,Not liberal enough,,9.0,No,No,,"An advanced degree after a bachelor's degree (such as JD, MA, MBA, MD, PhD)",College graduate,More than high school graduate,Non white college degree,Non-whites,,,,2.0,Joe Biden,Climate change,No,,Omit,No,,45+,65+,Independent/Something else,Non-black non-Democrat,All Other,Independent women,Independent,All others,Moderate,Moderate or Conservative,Moderate,,Yes,No,Can bring needed change,Other,American Indian,State questionnaire,Other,Non-white,American Indian,South,,,,Too liberal,Female,All other races,Non married women,,"Cities 50,000-500,000","Cities over 50,000",Bernie Sanders,English,Florida,Other,Telephone survey,,,,,Omit,Omit,Omit,Version 1,,Agrees with you on major issues
277277902.0,0.922108769416809,Joe Biden,65+,60+,65 or over,45+,50+,60+,65+,Black 60+,Black 60+,Black 65+,Complete,,About right,,9.0,No,No,,Bachelor's degree (BA or BS),College graduate,More than high school graduate,Non white college degree,Non-whites,,,,2.0,Joe Biden,Race relations,No,,Joe Biden,Yes,,45+,65+,Democrat,Black Democrat,Black Democrat,Democratic women,Democrat,Non-White Democrats,Very liberal,Liberal,Liberal,,Yes,No,Can unite the country,Black,Black,State questionnaire,Black,Non-white,Black,South,,,,Not liberal enough,Female,Black women,Married women,,"Cities 50,000-500,000","Cities over 50,000",Joe Biden,English,Florida,Other,Telephone survey,,,,,No,Only Sanders did,Yes,Version 1,,Can beat Donald Trump
277277903.0,0.632129907608032,Other,65+,60+,65 or over,45+,50+,60+,65+,Non-Black 60+,White 60+,White 65+,Complete,,About right,,12.0,No,No,,"An advanced degree after a bachelor's degree (such as JD, MA, MBA, MD, PhD)",College graduate,More than high school graduate,White college degree,White women college graduates,,,,3.0,Joe Biden,Omit,No,,Joe Biden,No,,45+,65+,Democrat,Non-black Democrat,White Democrat,Democratic women,Democrat,White Democrat,Moderate,Moderate or Conservative,Moderate,,Yes,No,Can unite the country,White,White,State questionnaire,White,White,White,South,,,,Too liberal,Female,White women,Non married women,,Suburbs,Suburbs,Joe Biden,English,Florida,White suburban women,Telephone survey,,,,,Omit,Omit,No,Version 1,,Can beat Donald Trump
277277904.0,1.84490954875946,Other,45-65,60+,60-64,45+,50+,60+,50-64,Non-Black 60+,White 60+,White 45-64,Complete,,About right,,9.0,No,No,,Associate's degree (AA or AS),No college degree,More than high school graduate,White no college degree,White women non college graduates,,,,2.0,Joe Biden,Health care,No,,Joe Biden,Yes,,45+,18-64,Democrat,Non-black Democrat,White Democrat,Democratic women,Democrat,White Democrat,Conservative,Moderate or Conservative,Conservative,,No,No,Cares about people like me,White,White,State questionnaire,White,White,White,South,,,,Too liberal,Female,White women,Married women,,"Cities 50,000-500,000","Cities over 50,000",Joe Biden,English,Florida,Other,Telephone survey,,,,,Omit,Omit,Omit,Version 1,,Can beat Donald Trump
277277905.0,2.00567531585693,Joe Biden,45-65,60+,60-64,45+,50+,60+,50-64,Non-Black 60+,Latino 60+,Latino 45-64,Complete,,About right,,12.0,No,"Yes, other Hispanic",,Attended college but received no degree,No college degree,More than high school graduate,Non white no college degree,Non-whites,,,,3.0,Joe Biden,Health care,Yes,,Joe Biden,Yes,,45+,18-64,Democrat,Non-black Democrat,Latino Democrat,Democratic women,Democrat,Non-White Democrats,Moderate,Moderate or Conservative,Moderate,,Yes,No,Has the right temperament,Other,White,State questionnaire,Hispanic/Latino,Non-white,Hispanic/Latino,South,,,,Too liberal,Female,Latino women,Married women,,Suburbs,Suburbs,Joe Biden,English,Florida,Other,Telephone survey,,,,,Omit,Omit,No,Version 1,,Agrees with you on major issues
277277906.0,0.482861369848251,Joe Biden,65+,60+,65 or over,45+,50+,60+,65+,Non-Black 60+,White 60+,White 65+,Complete,,About right,,12.0,No,No,,Attended college but received no degree,No college degree,More than high school graduate,White no college degree,White men non college graduates,,,,3.0,Joe Biden,Health care,No,,Joe Biden,Yes,,45+,65+,Democrat,Non-black Democrat,White Democrat,Democratic men,Democrat,White Democrat,Moderate,Moderate or Conservative,Moderate,,Yes,No,Can unite the country,White,White,State questionnaire,White,White,White,South,,,,Not liberal enough,Male,White men,Married men,,Suburbs,Suburbs,Joe Biden,English,Florida,White suburban men,Telephone survey,,,,,No,Only Sanders did,Yes,Version 1,,Can beat Donald Trump
277277907.0,0.377285569906235,Joe Biden,65+,60+,65 or over,45+,50+,60+,65+,Non-Black 60+,White 60+,White 65+,Complete,,About right,,14.0,No,No,,Bachelor's degree (BA or BS),College graduate,More than high school graduate,White college degree,White women college graduates,,,,3.0,Joe Biden,Health care,No,,Joe Biden,Yes,,45+,65+,Democrat,Non-black Democrat,White Democrat,Democratic women,Democrat,White Democrat,Moderate,Moderate or Conservative,Moderate,,Yes,No,Can unite the country,White,White,State questionnaire,White,White,White,South,,,,About right,Female,White women,Married women,,"Cities 50,000-500,000","Cities over 50,000",Joe Biden,English,Florida,Other,Telephone survey,,,,,No,Omit,Omit,Version 1,,Can beat Donald Trump
277277908.0,0.160213053226471,Joe Biden,,,,,,,,,,,Complete,,About right,,13.0,No,No,,"An advanced degree after a bachelor's degree (such as JD, MA, MBA, MD, PhD)",College graduate,More than high school graduate,White college degree,White women college graduates,,,,3.0,Joe Biden,Omit,No,,Joe Biden,No,,,,Democrat,Non-black Democrat,White Democrat,Democratic women,Democrat,White Democrat,Moderate,Moderate or Conservative,Moderate,,Yes,No,Can unite the country,White,White,State questionnaire,White,White,White,South,,,,Too liberal,Female,White women,Non married women,,"Cities 50,000-500,000","Cities over 50,000",Joe Biden,English,Florida,Other,Telephone survey,,,,,No,Only Sanders did,Yes,Version 1,,Can beat Donald Trump
277277909.0,1.78785276412964,Bernie Sanders,45-65,30-59,45-49,45+,18-49,45-59,40-49,Non-Black 45-59,White 45-59,White 45-64,Complete,,Omit,,14.0,No,No,,Attended college but received no degree,No college degree,More than high school graduate,White no college degree,White men non college graduates,,,,3.0,Bernie Sanders,Health care,No,,Bernie Sanders,Yes,,45+,18-64,Independent/Something else,Non-black non-Democrat,White Independent,Independent men,Independent,White Independent,Somewhat liberal,Liberal,Liberal,,Yes,No,Cares about people like me,White,White,State questionnaire,White,White,White,South,,,,About right,Male,White men,Married men,,"Cities 50,000-500,000","Cities over 50,000",Bernie Sanders,English,Florida,Other,Telephone survey,,,,,Omit,Omit,Omit,Version 1,,Agrees with you on major issues
277277910.0,0.632129907608032,Other,65+,60+,65 or over,45+,50+,60+,65+,Non-Black 60+,White 60+,White 65+,Complete,,About right,,12.0,No,No,,"An advanced degree after a bachelor's degree (such as JD, MA, MBA, MD, PhD)",College graduate,More than high school graduate,White college degree,White women college graduates,,,,3.0,Joe Biden,Income inequality,No,,Joe Biden,No,,45+,65+,Democrat,Non-black Democrat,White Democrat,Democratic women,Democrat,White Democrat,Very liberal,Liberal,Liberal,,Yes,No,Has the right temperament,White,White,State questionnaire,White,White,White,South,,,,Too liberal,Female,White women,Non married women,,Suburbs,Suburbs,Joe Biden,English,Florida,White suburban women,Telephone survey,,,,,Omit,Only Sanders did,Yes,Version 1,,Can beat Donald Trump
277277911.0,0.377285569906235,Joe Biden,65+,60+,65 or over,45+,50+,60+,65+,Non-Black 60+,White 60+,White 65+,Complete,,Not liberal enough,,13.0,No,No,,Bachelor's degree (BA or BS),College graduate,More than high school graduate,White college degree,White women college graduates,,,,3.0,Omit,Income inequality,No,,Joe Biden,Yes,,45+,65+,Democrat,Non-black Democrat,White Democrat,Democratic women,Democrat,White Democrat,Very liberal,Liberal,Liberal,,Yes,No,Has the right temperament,White,White,State questionnaire,White,White,White,South,,,,About right,Female,White women,Married women,,Suburbs,Suburbs,Joe Biden,English,Florida,White suburban women,Telephone survey,,,,,No,Only Sanders did,Yes,Version 1,,Can beat Donald Trump
277277912.0,0.781460344791412,Other,65+,60+,65 or over,45+,50+,60+,65+,Non-Black 60+,White 60+,White 65+,Complete,,About right,,13.0,No,No,,Never attended college,No college degree,High school graduate or less,White no college degree,White women non college graduates,,,,3.0,Omit,Health care,No,,Joe Biden,,,45+,65+,Democrat,Non-black Democrat,White Democrat,Democratic women,Democrat,White Democrat,Moderate,Moderate or Conservative,Moderate,,Yes,No,Can unite the country,White,White,State questionnaire,White,White,White,South,,,,Omit,Female,White women,,,"Cities 50,000-500,000","Cities over 50,000",Joe Biden,English,Florida,Other,Telephone survey,,,,,Yes,Both of them,Yes,Version 1,,Can beat Donald Trump
277277913.0,2.71829199790955,Other,45-65,60+,60-64,45+,50+,60+,50-64,Non-Black 60+,Latino 60+,Latino 45-64,Complete,,Not liberal enough,,14.0,No,No,,Bachelor's degree (BA or BS),College graduate,More than high school graduate,Non white college degree,Non-whites,,,,3.0,Bernie Sanders,Health care,No,,Joe Biden,Yes,,45+,18-64,Independent/Something else,Non-black non-Democrat,Latino Independent,Independent women,Independent,All others,Very liberal,Liberal,Liberal,,Yes,No,Can bring needed change,Other,Hispanic/Latino,State questionnaire,Hispanic/Latino,Non-white,Hispanic/Latino,South,,,,About right,Female,Latino women,Married women,,"Cities 50,000-500,000","Cities over 50,000",Bernie Sanders,English,Florida,Other,Telephone survey,,,,,No,Neither of them,No,Version 1,,Omit
277277914.0,0.662164688110352,Joe Biden,45-65,30-59,50-59,45+,50+,45-59,50-64,Non-Black 45-59,White 45-59,White 45-64,Complete,,About right,,13.0,No,No,,"An advanced degree after a bachelor's degree (such as JD, MA, MBA, MD, PhD)",College graduate,More than high school graduate,White college degree,White men college graduates,,,,3.0,Joe Biden,Income inequality,No,,Joe Biden,No,,45+,18-64,Democrat,Non-black Democrat,White Democrat,Democratic men,Democrat,White Democrat,Somewhat liberal,Liberal,Liberal,,Yes,No,Can unite the country,White,White,State questionnaire,White,White,White,South,,,,Too liberal,Male,White men,Non married men,,"Cities 50,000-500,000","Cities over 50,000",Joe Biden,English,Florida,Other,Telephone survey,,,,,No,Neither of them,No,Version 1,,Can beat Donald Trump
277277915.0,1.38081634044647,Bernie Sanders,30-44,30-59,30-39,18-44,18-49,30-44,30-39,Non-Black 30-44,White 30-44,White 30-44,Complete,,Not liberal enough,,13.0,No,No,,Bachelor's degree (BA or BS),College graduate,More than high school graduate,White college degree,White men college graduates,,,,3.0,Omit,Health care,No,,Omit,No,,18-44,18-64,Democrat,Non-black Democrat,White Democrat,Democratic men,Democrat,White Democrat,Very liberal,Liberal,Liberal,,Yes,No,Can unite the country,White,White,State questionnaire,White,White,White,South,,,,Not liberal enough,Male,White men,Non married men,,"Cities 50,000-500,000","Cities over 50,000",Omit,English,Florida,Other,Telephone survey,,,,,No,Neither of them,No,Version 1,,Can beat Donald Trump
277277916.0,0.99572342634201,Bernie Sanders,45-65,30-59,45-49,45+,18-49,45-59,40-49,Non-Black 45-59,White 45-59,White 45-64,Complete,,Not liberal enough,,13.0,No,No,,"An advanced degree after a bachelor's degree (such as JD, MA, MBA, MD, PhD)",College graduate,More than high school graduate,White college degree,White men college graduates,,,,3.0,Bernie Sanders,Health care,No,,Bernie Sanders,Yes,,45+,18-64,Independent/Something else,Non-black non-Democrat,White Independent,Independent men,Independent,White Independent,Somewhat liberal,Liberal,Liberal,,Yes,No,Cares about people like me,White,White,State questionnaire,White,White,White,South,,,,Too liberal,Male,White men,Married men,,"Cities 50,000-500,000","Cities over 50,000",Bernie Sanders,English,Florida,Other,Telephone survey,,,,,No,Neither of them,No,Version 1,,Can beat Donald Trump
277277917.0,1.07164394855499,Other,45-65,60+,60-64,45+,50+,60+,50-64,Non-Black 60+,White 60+,White 45-64,Complete,,About right,,13.0,No,No,,"An advanced degree after a bachelor's degree (such as JD, MA, MBA, MD, PhD)",College graduate,More than high school graduate,White college degree,White women college graduates,,,,3.0,Bernie Sanders,Health care,No,,Joe Biden,No,,45+,18-64,Democrat,Non-black Democrat,White Democrat,Democratic women,Democrat,White Democrat,Somewhat liberal,Liberal,Liberal,,Yes,No,Can bring needed change,White,White,State questionnaire,White,White,White,South,,,,Too liberal,Female,White women,Non married women,,"Cities 50,000-500,000","Cities over 50,000",Bernie Sanders,English,Florida,Other,Telephone survey,,,,,No,Neither of them,No,Version 1,,Can beat Donald Trump
277277918.0,0.530499041080475,Joe Biden,65+,60+,65 or over,45+,50+,60+,65+,Non-Black 60+,White 60+,White 65+,Complete,,About right,,7.0,No,No,,Attended college but received no degree,No college degree,More than high school graduate,White no college degree,White women non college graduates,,,,2.0,Joe Biden,Race relations,No,,Joe Biden,No,,45+,65+,Democrat,Non-black Democrat,White Democrat,Democratic women,Democrat,White Democrat,Somewhat liberal,Liberal,Liberal,,Yes,No,Cares about people like me,White,White,State questionnaire,White,White,White,South,,,,Omit,Female,White women,Non married women,,"Cities 50,000-500,000","Cities over 50,000",Joe Biden,English,Florida,Other,Telephone survey,,,,,No,Only Sanders did,Yes,Version 1,,Omit
277277919.0,0.377285569906235,Joe Biden,65+,60+,65 or over,45+,50+,60+,65+,Non-Black 60+,White 60+,White 65+,Complete,,About right,,13.0,No,No,,Bachelor's degree (BA or BS),College graduate,More than high school graduate,White college degree,White women college graduates,,,,3.0,Joe Biden,Climate change,No,,Joe Biden,No,,45+,65+,Democrat,Non-black Democrat,White Democrat,Democratic women,Democrat,White Democrat,Very liberal,Liberal,Liberal,,Yes,No,Cares about people like me,White,White,State questionnaire,White,White,White,South,,,,Too liberal,Female,White women,Non married women,,"Cities 50,000-500,000","Cities over 50,000",Joe Biden,English,Florida,Other,Telephone survey,,,,,No,Only Sanders did,Yes,Version 1,,Agrees with you on major issues
277277920.0,1.76530885696411,Joe Biden,65+,60+,65 or over,45+,50+,60+,65+,Black 60+,Black 60+,Black 65+,Complete,,About right,,10.0,No,No,,Associate's degree (AA or AS),No college degree,More than high school graduate,Non white no college degree,Non-whites,,,,4.0,Joe Biden,Omit,No,,Joe Biden,Yes,,45+,65+,Democrat,Black Democrat,Black Democrat,Democratic women,Democrat,Non-White Democrats,Moderate,Moderate or Conservative,Moderate,,No,No,Can bring needed change,Black,Black,State questionnaire,Black,Non-white,Black,South,,,,Too liberal,Female,Black women,Married women,,"Cities 10,000-50,000",Small Cities/Rural,Joe Biden,English,Florida,Other,Telephone survey,,,,,No,Only Sanders did,Yes,Version 1,,Agrees with you on major issues
277277921.0,1.39143025875092,Bernie Sanders,18-29,18-29,18-24,18-44,18-49,18-29,18-24,,,,Complete,,Not liberal enough,,18.0,No,No,,Attended college but received no degree,No college degree,More than high school graduate,,,,,,2.0,Joe Biden,Income inequality,No,,Bernie Sanders,Yes,,18-44,18-64,Independent/Something else,,,Independent men,Something else,,Very liberal,Liberal,Liberal,,Yes,No,Can unite the country,,,State questionnaire,,,,South,,,,Too liberal,Male,,Married men,,Suburbs,Suburbs,Bernie Sanders,English,Florida,,Telephone survey,,,,,No,Neither of them,No,Version 1,,Can beat Donald Trump
277277922.0,0.646295130252838,Bernie Sanders,30-44,30-59,30-39,18-44,18-49,30-44,30-39,Non-Black 30-44,White 30-44,White 30-44,Complete,,Omit,,6.0,No,No,,Bachelor's degree (BA or BS),College graduate,More than high school graduate,White college degree,White women college graduates,,,,1.0,Bernie Sanders,Climate change,No,,Bernie Sanders,Yes,,18-44,18-64,Democrat,Non-black Democrat,White Democrat,Democratic women,Democrat,White Democrat,Moderate,Moderate or Conservative,Moderate,,Yes,No,Cares about people like me,White,White,State questionnaire,White,White,White,South,,,,About right,Female,White women,Married women,,Suburbs,Suburbs,Bernie Sanders,English,Florida,White suburban women,Telephone survey,,,,,Omit,Omit,No,Version 1,,Can beat Donald Trump
277277923.0,0.466413199901581,Joe Biden,65+,60+,65 or over,45+,50+,60+,65+,Non-Black 60+,White 60+,White 65+,Complete,,About right,,17.0,No,No,,Never attended college,No college degree,High school graduate or less,White no college degree,White women non college graduates,,,,3.0,Joe Biden,Health care,No,,Joe Biden,No,,45+,65+,Democrat,Non-black Democrat,White Democrat,Democratic women,Democrat,White Democrat,Very liberal,Liberal,Liberal,,Yes,No,Can bring needed change,White,White,State questionnaire,White,White,White,South,,,,Not liberal enough,Female,White women,Non married women,,Suburbs,Suburbs,Joe Biden,English,Florida,White suburban women,Telephone survey,,,,,Yes,Only Biden did,No,Version 1,,Can beat Donald Trump
277277924.0,1.15175914764404,Joe Biden,45-65,60+,60-64,45+,50+,60+,50-64,,,,Complete,,About right,,18.0,No,No,,Associate's degree (AA or AS),No college degree,More than high school graduate,,,,,,2.0,Joe Biden,Omit,No,,Joe Biden,Yes,,45+,18-64,Democrat,,,Democratic women,Democrat,,Very liberal,Liberal,Liberal,,Yes,No,Can unite the country,,,State questionnaire,,,,South,,,,Not liberal enough,Female,,Married women,,Suburbs,Suburbs,Joe Biden,English,Florida,,Telephone survey,,,,,No,Only Sanders did,Yes,Version 1,,Omit
277277925.0,0.429125130176544,Joe Biden,65+,60+,65 or over,45+,50+,60+,65+,Non-Black 60+,White 60+,White 65+,Complete,,About right,,18.0,No,No,,Bachelor's degree (BA or BS),College graduate,More than high school graduate,White college degree,White women college graduates,,,,2.0,Joe Biden,Health care,No,,Joe Biden,No,,45+,65+,Democrat,Non-black Democrat,White Democrat,Democratic women,Democrat,White Democrat,Moderate,Moderate or Conservative,Moderate,,Yes,No,Can unite the country,White,White,State questionnaire,White,White,White,South,,,,About right,Female,White women,Non married women,,Suburbs,Suburbs,Joe Biden,English,Florida,White suburban women,Telephone survey,,,,,No,Only Sanders did,Yes,Version 1,,Can beat Donald Trump
277277926.0,0.922108769416809,Joe Biden,65+,60+,65 or over,45+,50+,60+,65+,Black 60+,Black 60+,Black 65+,Complete,,Too liberal,,18.0,No,No,,Bachelor's degree (BA or BS),College graduate,More than high school graduate,Non white college degree,Non-whites,,,,2.0,Joe Biden,Income inequality,No,,Joe Biden,Yes,,45+,65+,Democrat,Black Democrat,Black Democrat,Democratic women,Democrat,Non-White Democrats,Somewhat liberal,Liberal,Liberal,,Yes,No,Can unite the country,Black,Black,State questionnaire,Black,Non-white,Black,South,,,,Not liberal enough,Female,Black women,Married women,,Suburbs,Suburbs,Joe Biden,English,Florida,Other,Telephone survey,,,,,Yes,Both of them,Yes,Version 1,,Agrees with you on major issues
277277927.0,0.677428126335144,Joe Biden,65+,60+,65 or over,45+,50+,60+,65+,Non-Black 60+,White 60+,White 65+,Complete,,About right,,17.0,No,No,,Associate's degree (AA or AS),No college degree,More than high school graduate,White no college degree,White women non college graduates,,,,3.0,Joe Biden,Income inequality,No,,Joe Biden,Yes,,45+,65+,Independent/Something else,Non-black non-Democrat,White Independent,Independent women,Independent,White Independent,Moderate,Moderate or Conservative,Moderate,,Yes,No,Can unite the country,White,White,State questionnaire,White,White,White,South,,,,Too liberal,Female,White women,Married women,,Suburbs,Suburbs,Joe Biden,English,Florida,White suburban women,Telephone survey,,,,,No,Neither of them,No,Version 1,,Can beat Donald Trump
277277928.0,2.16333770751953,Joe Biden,45-65,30-59,45-49,45+,18-49,45-59,40-49,Black 45-59,Black 45-59,Black 45-64,Complete,,About right,,7.0,No,No,,Associate's degree (AA or AS),No college degree,More than high school graduate,Non white no college degree,Non-whites,,,,2.0,Joe Biden,Health care,No,,Joe Biden,Yes,,45+,18-64,Democrat,Black Democrat,Black Democrat,Democratic men,Democrat,Non-White Democrats,Very liberal,Liberal,Liberal,,Yes,No,Can bring needed change,Black,Black,State questionnaire,Black,Non-white,Black,South,,,,About right,Male,Black men,Married men,,"Cities 50,000-500,000","Cities over 50,000",Joe Biden,English,Florida,Other,Telephone survey,,,,,No,Neither of them,No,Version 1,,Agrees with you on major issues
277277929.0,0.530499041080475,Joe Biden,65+,60+,65 or over,45+,50+,60+,65+,Non-Black 60+,White 60+,White 65+,Complete,,About right,,7.0,No,No,,Never attended college,No college degree,High school graduate or less,White no college degree,White women non college graduates,,,,2.0,Joe Biden,Health care,No,,Joe Biden,Yes,,45+,65+,Democrat,Non-black Democrat,White Democrat,Democratic women,Democrat,White Democrat,Conservative,Moderate or Conservative,Conservative,,Yes,No,Cares about people like me,White,White,State questionnaire,White,White,White,South,,,,Too liberal,Female,White women,Married women,,Suburbs,Suburbs,Joe Biden,English,Florida,White suburban women,Telephone survey,,,,,No,Only Sanders did,Yes,Version 1,,Can beat Donald Trump
277277930.0,0.429125130176544,Joe Biden,65+,60+,65 or over,45+,50+,60+,65+,Non-Black 60+,White 60+,White 65+,Complete,,About right,,6.0,No,No,,"An advanced degree after a bachelor's degree (such as JD, MA, MBA, MD, PhD)",College graduate,More than high school graduate,White college degree,White women college graduates,,,,2.0,Joe Biden,Omit,No,,Joe Biden,Yes,,45+,65+,Democrat,Non-black Democrat,White Democrat,Democratic women,Democrat,White Democrat,Somewhat liberal,Liberal,Liberal,,Yes,No,Omit,White,White,State questionnaire,White,White,White,South,,,,Too liberal,Female,White women,Married women,,Suburbs,Suburbs,Joe Biden,English,Florida,White suburban women,Telephone survey,,,,,No,Only Sanders did,Yes,Version 1,,Can beat Donald Trump
277277931.0,0.911343097686768,Other,65+,60+,65 or over,45+,50+,60+,65+,Non-Black 60+,White 60+,White 65+,Complete,,About right,,6.0,No,No,,Bachelor's degree (BA or BS),College graduate,More than high school graduate,White college degree,White men college graduates,,,,2.0,Joe Biden,Income inequality,No,,Omit,Yes,,45+,65+,Democrat,Non-black Democrat,White Democrat,Democratic men,Democrat,White Democrat,Somewhat liberal,Liberal,Liberal,,Yes,No,Can unite the country,White,White,State questionnaire,White,White,White,South,,,,Too liberal,Male,White men,Married men,,Suburbs,Suburbs,Bernie Sanders,English,Florida,White suburban men,Telephone survey,,,,,Omit,Omit,Omit,Version 1,,Agrees with you on major issues
277277932.0,0.922108769416809,Joe Biden,65+,60+,65 or over,45+,50+,60+,65+,Black 60+,Black 60+,Black 65+,Complete,,About right,,7.0,No,No,,Bachelor's degree (BA or BS),College graduate,More than high school graduate,Non white college degree,Non-whites,,,,2.0,Joe Biden,Race relations,No,,Joe Biden,No,,45+,65+,Democrat,Black Democrat,Black Democrat,Democratic women,Democrat,Non-White Democrats,Moderate,Moderate or Conservative,Moderate,,Yes,No,Can unite the country,Black,Black,State questionnaire,Black,Non-white,Black,South,,,,Too liberal,Female,Black women,Non married women,,"Cities 50,000-500,000","Cities over 50,000",Joe Biden,English,Florida,Other,Telephone survey,,,,,No,Neither of them,No,Version 1,,Can beat Donald Trump
277277933.0,0.922108769416809,Joe Biden,65+,60+,65 or over,45+,50+,60+,65+,Black 60+,Black 60+,Black 65+,Complete,,About right,,6.0,No,No,,Bachelor's degree (BA or BS),College graduate,More than high school graduate,Non white college degree,Non-whites,,,,2.0,Joe Biden,Health care,No,,Joe Biden,Yes,,45+,65+,Democrat,Black Democrat,Black Democrat,Democratic women,Democrat,Non-White Democrats,Moderate,Moderate or Conservative,Moderate,,Yes,No,Can unite the country,Black,Black,State questionnaire,Black,Non-white,Black,South,,,,Too liberal,Female,Black women,Married women,,"Cities 50,000-500,000","Cities over 50,000",Joe Biden,English,Florida,Other,Telephone survey,,,,,No,Only Sanders did,Yes,Version 1,,Can beat Donald Trump
277277934.0,1.13994204998016,Joe Biden,65+,60+,65 or over,45+,50+,60+,65+,Black 60+,Black 60+,Black 65+,Complete,,About right,,6.0,No,No,,Associate's degree (AA or AS),No college degree,More than high school graduate,Non white no college degree,Non-whites,,,,2.0,Joe Biden,Climate change,No,,Joe Biden,Yes,,45+,65+,Democrat,Black Democrat,Black Democrat,Democratic women,Democrat,Non-White Democrats,,,,,Yes,No,Can unite the country,Black,Black,State questionnaire,Black,Non-white,Black,South,,,,Too liberal,Female,Black women,Married women,,"Cities 50,000-500,000","Cities over 50,000",Joe Biden,English,Florida,Other,Telephone survey,,,,,No,Neither of them,No,Version 1,,Agrees with you on major issues
277277935.0,0.682424962520599,Bernie Sanders,30-44,30-59,30-39,18-44,18-49,30-44,30-39,Non-Black 30-44,White 30-44,White 30-44,Complete,,Not liberal enough,,6.0,No,No,,Associate's degree (AA or AS),No college degree,More than high school graduate,White no college degree,White women non college graduates,,,,2.0,Bernie Sanders,Income inequality,No,,Bernie Sanders,Yes,,18-44,18-64,Democrat,Non-black Democrat,White Democrat,Democratic women,Democrat,White Democrat,Very liberal,Liberal,Liberal,,Yes,No,Can bring needed change,White,White,State questionnaire,White,White,White,South,,,,About right,Female,White women,Married women,,Suburbs,Suburbs,Bernie Sanders,English,Florida,White suburban women,Telephone survey,,,,,No,Neither of them,No,Version 1,,Can beat Donald Trump
277277936.0,0.889696896076202,Joe Biden,45-65,30-59,50-59,45+,50+,45-59,50-64,Non-Black 45-59,All others,All others,Complete,,About right,,24.0,No,No,,"An advanced degree after a bachelor's degree (such as JD, MA, MBA, MD, PhD)",College graduate,More than high school graduate,Non white college degree,Non-whites,,,,5.0,Joe Biden,Race relations,No,,Joe Biden,No,,45+,18-64,Democrat,Non-black Democrat,All Other,Democratic women,Democrat,Non-White Democrats,Moderate,Moderate or Conservative,Moderate,,Yes,No,Cares about people like me,Other,Other,State questionnaire,Other,Non-white,Other,South,,,,About right,Female,All other races,Non married women,,"Cities 50,000-500,000","Cities over 50,000",Bernie Sanders,English,Florida,Other,Telephone survey,,,,,No,Only Sanders did,Yes,Version 1,,Agrees with you on major issues
277277937.0,1.60691118240356,Joe Biden,65+,60+,65 or over,45+,50+,60+,65+,Black 60+,Black 60+,Black 65+,Complete,,Omit,,2.0,No,No,,Never attended college,No college degree,High school graduate or less,Non white no college degree,Non-whites,,,,1.0,Joe Biden,Health care,No,,Joe Biden,Yes,,45+,65+,Democrat,Black Democrat,Black Democrat,Democratic women,Democrat,Non-White Democrats,,,,,Yes,No,Has the right temperament,Black,Black,State questionnaire,Black,Non-white,Black,South,,,,Omit,Female,Black women,Married women,,Rural,Small Cities/Rural,Joe Biden,English,Florida,Other,Telephone survey,,,,,No,Omit,Omit,Version 1,,Agrees with you on major issues
277277938.0,0.95985209941864,Joe Biden,65+,60+,65 or over,45+,50+,60+,65+,Black 60+,Black 60+,Black 65+,Complete,,About right,,24.0,No,No,,Never attended college,No college degree,High school graduate or less,Non white no college degree,Non-whites,,,,5.0,Joe Biden,Race relations,No,,Joe Biden,Yes,,45+,65+,Democrat,Black Democrat,Black Democrat,Democratic women,Democrat,Non-White Democrats,Moderate,Moderate or Conservative,Moderate,,Yes,No,Has the right temperament,Black,Black,State questionnaire,Black,Non-white,Black,South,,,,Omit,Female,Black women,Married women,,"Cities 50,000-500,000","Cities over 50,000",Joe Biden,English,Florida,Other,Telephone survey,,,,,Omit,Omit,Omit,Version 1,,Agrees with you on major issues
277277939.0,0.776432454586029,Joe Biden,65+,60+,65 or over,45+,50+,60+,65+,Black 60+,Black 60+,Black 65+,Complete,,About right,,24.0,No,No,,"An advanced degree after a bachelor's degree (such as JD, MA, MBA, MD, PhD)",College graduate,More than high school graduate,Non white college degree,Non-whites,,,,5.0,Joe Biden,Income inequality,No,,Joe Biden,Yes,,45+,65+,Democrat,Black Democrat,Black Democrat,Democratic women,Democrat,Non-White Democrats,Moderate,Moderate or Conservative,Moderate,,Yes,No,Can unite the country,Black,Black,State questionnaire,Black,Non-white,Black,South,,,,Too liberal,Female,Black women,Married women,,Suburbs,Suburbs,Joe Biden,English,Florida,Other,Telephone survey,,,,,No,Only Sanders did,Yes,Version 1,,Can beat Donald Trump
277277940.0,0.361331224441528,Joe Biden,65+,60+,65 or over,45+,50+,60+,65+,Non-Black 60+,White 60+,White 65+,Complete,,About right,,27.0,No,No,,"An advanced degree after a bachelor's degree (such as JD, MA, MBA, MD, PhD)",College graduate,More than high school graduate,White college degree,White women college graduates,,,,5.0,Joe Biden,Omit,No,,Joe Biden,Yes,,45+,65+,Democrat,Non-black Democrat,White Democrat,Democratic women,Democrat,White Democrat,Moderate,Moderate or Conservative,Moderate,,Yes,No,Can unite the country,White,White,State questionnaire,White,White,White,South,,,,Too liberal,Female,White women,Married women,,"Cities 50,000-500,000","Cities over 50,000",Joe Biden,English,Florida,Other,Telephone survey,,,,,No,Neither of them,No,Version 1,,Can beat Donald Trump
277277941.0,0.524804890155792,Joe Biden,65+,60+,65 or over,45+,50+,60+,65+,Non-Black 60+,White 60+,White 65+,Complete,,About right,,27.0,No,No,,"An advanced degree after a bachelor's degree (such as JD, MA, MBA, MD, PhD)",College graduate,More than high school graduate,White college degree,White women college graduates,,,,5.0,Joe Biden,Climate change,No,,Joe Biden,Yes,,45+,65+,Democrat,Non-black Democrat,White Democrat,Democratic women,Democrat,White Democrat,Somewhat liberal,Liberal,Liberal,,Yes,No,Has the right temperament,White,White,State questionnaire,White,White,White,South,,,,Too liberal,Female,White women,Married women,,"Cities 50,000-500,000","Cities over 50,000",Joe Biden,English,Florida,Other,Telephone survey,,,,,No,Neither of them,No,Version 1,,Can beat Donald Trump
277277942.0,0.803813517093658,Joe Biden,65+,60+,65 or over,45+,50+,60+,65+,Black 60+,Black 60+,Black 65+,Complete,,About right,,27.0,No,No,,"An advanced degree after a bachelor's degree (such as JD, MA, MBA, MD, PhD)",College graduate,More than high school graduate,Non white college degree,Non-whites,,,,5.0,Joe Biden,Health care,No,,Joe Biden,Yes,,45+,65+,Independent/Something else,Black non-Democrat,Black Independent,Independent men,Independent,All others,Somewhat liberal,Liberal,Liberal,,Yes,No,Cares about people like me,Black,Black,State questionnaire,Black,Non-white,Black,South,,,,Not liberal enough,Male,Black men,Married men,,"Cities 50,000-500,000","Cities over 50,000",Bernie Sanders,English,Florida,Other,Telephone survey,,,,,No,Neither of them,No,Version 1,,Can beat Donald Trump
277277943.0,0.446689903736115,Joe Biden,65+,60+,65 or over,45+,50+,60+,65+,Non-Black 60+,White 60+,White 65+,Complete,,About right,,23.0,No,No,,Attended college but received no degree,No college degree,More than high school graduate,White no college degree,White women non college graduates,,,,5.0,Joe Biden,Health care,No,,Joe Biden,Yes,,45+,65+,Democrat,Non-black Democrat,White Democrat,Democratic women,Democrat,White Democrat,Somewhat liberal,Liberal,Liberal,,Yes,No,Has the right temperament,White,White,State questionnaire,White,White,White,South,,,,Too liberal,Female,White women,Married women,,Suburbs,Suburbs,Joe Biden,English,Florida,White suburban women,Telephone survey,,,,,No,Only Sanders did,Yes,Version 1,,Can beat Donald Trump
277277944.0,0.803813517093658,Joe Biden,65+,60+,65 or over,45+,50+,60+,65+,Black 60+,Black 60+,Black 65+,Complete,,About right,,24.0,No,No,,Bachelor's degree (BA or BS),College graduate,More than high school graduate,Non white college degree,Non-whites,,,,5.0,Joe Biden,Omit,No,,Joe Biden,Yes,,45+,65+,Democrat,Black Democrat,Black Democrat,Democratic men,Democrat,Non-White Democrats,Moderate,Moderate or Conservative,Moderate,,Yes,No,Has the right temperament,Black,Black,State questionnaire,Black,Non-white,Black,South,,,,Too liberal,Male,Black men,Married men,,"Cities 50,000-500,000","Cities over 50,000",Joe Biden,English,Florida,Other,Telephone survey,,,,,No,Only Sanders did,Yes,Version 1,,Can beat Donald Trump
277277945.0,0.95985209941864,Joe Biden,65+,60+,65 or over,45+,50+,60+,65+,Black 60+,Black 60+,Black 65+,Complete,,About right,,24.0,No,No,,Associate's degree (AA or AS),No college degree,More than high school graduate,Non white no college degree,Non-whites,,,,5.0,Joe Biden,Race relations,No,,Joe Biden,Yes,,45+,65+,Democrat,Black Democrat,Black Democrat,Democratic women,Democrat,Non-White Democrats,Moderate,Moderate or Conservative,Moderate,,Yes,No,Can unite the country,Black,Black,State questionnaire,Black,Non-white,Black,South,,,,Too liberal,Female,Black women,Married women,,"Cities 50,000-500,000","Cities over 50,000",Joe Biden,English,Florida,Other,Telephone survey,,,,,No,Only Sanders did,Yes,Version 1,,Can beat Donald Trump
277277946.0,0.95985209941864,Joe Biden,65+,60+,65 or over,45+,50+,60+,65+,Black 60+,Black 60+,Black 65+,Complete,,Omit,,27.0,No,No,,Never attended college,No college degree,High school graduate or less,Non white no college degree,Non-whites,,,,5.0,Joe Biden,Omit,No,,Joe Biden,No,,45+,65+,Democrat,Black Democrat,Black Democrat,Democratic women,Democrat,Non-White Democrats,Conservative,Moderate or Conservative,Conservative,,Yes,No,Cares about people like me,Black,Black,State questionnaire,Black,Non-white,Black,South,,,,Omit,Female,Black women,Non married women,,"Cities 50,000-500,000","Cities over 50,000",Joe Biden,English,Florida,Other,Telephone survey,,,,,Omit,Omit,Omit,Version 1,,Can beat Donald Trump
277277947.0,0.446689903736115,Joe Biden,65+,60+,65 or over,45+,50+,60+,65+,Non-Black 60+,White 60+,White 65+,Complete,,About right,,24.0,No,No,,Never attended college,No college degree,High school graduate or less,White no college degree,White women non college graduates,,,,5.0,Joe Biden,Climate change,No,,Joe Biden,No,,45+,65+,Democrat,Non-black Democrat,White Democrat,Democratic women,Democrat,White Democrat,Somewhat liberal,Liberal,Liberal,,Yes,No,Can bring needed change,White,White,State questionnaire,White,White,White,South,,,,Too liberal,Female,White women,Non married women,,"Cities 50,000-500,000","Cities over 50,000",Joe Biden,English,Florida,Other,Telephone survey,,,,,No,Neither of them,No,Version 1,,Agrees with you on major issues
277277948.0,0.374073654413223,Joe Biden,65+,60+,65 or over,45+,50+,60+,65+,Non-Black 60+,White 60+,White 65+,Complete,,About right,,27.0,No,No,,Bachelor's degree (BA or BS),College graduate,More than high school graduate,White college degree,White men college graduates,,,,5.0,Joe Biden,Omit,No,,Omit,Yes,,45+,65+,Independent/Something else,Non-black non-Democrat,White Independent,Independent men,Independent,White Independent,Moderate,Moderate or Conservative,Moderate,,Yes,No,Has the right temperament,White,White,State questionnaire,White,White,White,South,,,,Too liberal,Male,White men,Married men,,"Cities 50,000-500,000","Cities over 50,000",Joe Biden,English,Florida,Other,Telephone survey,,,,,No,Neither of them,No,Version 1,,Agrees with you on major issues
277277949.0,0.361331224441528,Joe Biden,65+,60+,65 or over,45+,50+,60+,65+,Non-Black 60+,White 60+,White 65+,Complete,,About right,,24.0,No,No,,"An advanced degree after a bachelor's degree (such as JD, MA, MBA, MD, PhD)",College graduate,More than high school graduate,White college degree,White women college graduates,,,,5.0,Joe Biden,Health care,No,,Joe Biden,No,,45+,65+,Democrat,Non-black Democrat,White Democrat,Democratic women,Democrat,White Democrat,Moderate,Moderate or Conservative,Moderate,,Yes,No,Has the right temperament,White,White,State questionnaire,White,White,White,South,,,,Too liberal,Female,White women,Non married women,,Suburbs,Suburbs,Joe Biden,English,Florida,White suburban women,Telephone survey,,,,,No,Neither of them,No,Version 1,,Can beat Donald Trump
277277950.0,1.64567518234253,Joe Biden,65+,60+,65 or over,45+,50+,60+,65+,Non-Black 60+,Latino 60+,Latino 65+,Complete,,Omit,,25.0,No,"Yes, other Hispanic",,Never attended college,No college degree,High school graduate or less,Non white no college degree,Non-whites,,,,5.0,Omit,Omit,Yes,,Joe Biden,No,,45+,65+,Democrat,Non-black Democrat,Latino Democrat,Democratic women,Democrat,Non-White Democrats,Moderate,Moderate or Conservative,Moderate,,Yes,No,Can unite the country,Other,Black,State questionnaire,Hispanic/Latino,Non-white,Hispanic/Latino,South,,,,Omit,Female,Latino women,Non married women,,"Cities 50,000-500,000","Cities over 50,000",Joe Biden,English,Florida,Other,Telephone survey,,,,,No,Omit,Omit,Version 1,,Omit
277277951.0,1.19416189193726,Other,65+,60+,65 or over,45+,50+,60+,65+,Non-Black 60+,White 60+,White 65+,Complete,,Omit,,27.0,No,No,,"An advanced degree after a bachelor's degree (such as JD, MA, MBA, MD, PhD)",College graduate,More than high school graduate,White college degree,White men college graduates,,,,5.0,Omit,Income inequality,No,,Omit,Yes,,45+,65+,Democrat,Non-black Democrat,White Democrat,Democratic men,Democrat,White Democrat,Somewhat liberal,Liberal,Liberal,,Yes,No,Has the right temperament,White,White,State questionnaire,White,White,White,South,,,,Too liberal,Male,White men,Married men,,"Cities 50,000-500,000","Cities over 50,000",Omit,English,Florida,Other,Telephone survey,,,,,No,Neither of them,No,Version 1,,Can beat Donald Trump
277277952.0,0.612561464309692,Joe Biden,45-65,60+,60-64,45+,50+,60+,50-64,Non-Black 60+,White 60+,White 45-64,Complete,,About right,,27.0,No,No,,"An advanced degree after a bachelor's degree (such as JD, MA, MBA, MD, PhD)",College graduate,More than high school graduate,White college degree,White women college graduates,,,,5.0,Joe Biden,Climate change,No,,Joe Biden,Yes,,45+,18-64,Democrat,Non-black Democrat,White Democrat,Democratic women,Democrat,White Democrat,Somewhat liberal,Liberal,Liberal,,Yes,No,Can unite the country,White,White,State questionnaire,White,White,White,South,,,,Too liberal,Female,White women,Married women,,"Cities 50,000-500,000","Cities over 50,000",Joe Biden,English,Florida,Other,Telephone survey,,,,,No,Only Sanders did,Yes,Version 1,,Can beat Donald Trump
277277953.0,0.794180452823639,Other,65+,60+,65 or over,45+,50+,60+,65+,Non-Black 60+,White 60+,White 65+,Complete,,Omit,,23.0,No,No,,Bachelor's degree (BA or BS),College graduate,More than high school graduate,White college degree,White women college graduates,,,,5.0,Bernie Sanders,Health care,No,,Bernie Sanders,No,,45+,65+,Democrat,Non-black Democrat,White Democrat,Democratic women,Democrat,White Democrat,Somewhat liberal,Liberal,Liberal,,Yes,No,Can bring needed change,White,White,State questionnaire,White,White,White,South,,,,About right,Female,White women,Non married women,,"Cities 50,000-500,000","Cities over 50,000",Bernie Sanders,English,Florida,Other,Telephone survey,,,,,Omit,Omit,Omit,Version 1,,Can beat Donald Trump
277277954.0,1.91179025173187,Joe Biden,45-65,30-59,50-59,45+,50+,45-59,50-64,Black 45-59,Black 45-59,Black 45-64,Complete,,About right,,20.0,No,No,,Bachelor's degree (BA or BS),College graduate,More than high school graduate,Non white college degree,Non-whites,,,,5.0,Joe Biden,Income inequality,No,,Joe Biden,Yes,,45+,18-64,Independent/Something else,Black non-Democrat,Black Independent,Independent women,Independent,All others,Conservative,Moderate or Conservative,Conservative,,Yes,No,Can unite the country,Black,Black,State questionnaire,Black,Non-white,Black,South,,,,About right,Female,Black women,Married women,,"Cities 50,000-500,000","Cities over 50,000",Joe Biden,English,Florida,Other,Telephone survey,,,,,Yes,Only Biden did,No,Version 1,,Agrees with you on major issues
277277955.0,2.36341977119446,Joe Biden,45-65,60+,60-64,45+,50+,60+,50-64,Black 60+,Black 60+,Black 45-64,Complete,,About right,,27.0,No,No,,Attended college but received no degree,No college degree,More than high school graduate,Non white no college degree,Non-whites,,,,5.0,Joe Biden,Race relations,No,,Joe Biden,No,,45+,18-64,Democrat,Black Democrat,Black Democrat,Democratic women,Democrat,Non-White Democrats,Very liberal,Liberal,Liberal,,Yes,No,Can unite the country,Black,Black,State questionnaire,Black,Non-white,Black,South,,,,Not liberal enough,Female,Black women,Non married women,,"Cities 50,000-500,000","Cities over 50,000",Joe Biden,English,Florida,Other,Telephone survey,,,,,No,Only Sanders did,Yes,Version 1,,Can beat Donald Trump
277277956.0,1.55380058288574,Joe Biden,45-65,30-59,50-59,45+,50+,45-59,50-64,Non-Black 45-59,Latino 45-59,Latino 45-64,Complete,,Omit,,26.0,No,No,,Bachelor's degree (BA or BS),College graduate,More than high school graduate,Non white college degree,Non-whites,,,,5.0,Omit,Health care,No,,Joe Biden,No,,45+,18-64,Democrat,Non-black Democrat,Latino Democrat,Democratic women,Democrat,Non-White Democrats,,,,,Yes,No,Omit,Other,Hispanic/Latino,State questionnaire,Hispanic/Latino,Non-white,Hispanic/Latino,South,,,,Omit,Female,Latino women,Non married women,,"Cities 50,000-500,000","Cities over 50,000",Omit,English,Florida,Other,Telephone survey,,,,,Omit,Omit,Omit,Version 1,,Omit
277277957.0,1.31627869606018,Joe Biden,45-65,60+,60-64,45+,50+,60+,50-64,Black 60+,Black 60+,Black 45-64,Complete,,About right,,24.0,No,No,,Bachelor's degree (BA or BS),College graduate,More than high school graduate,Non white college degree,Non-whites,,,,5.0,Joe Biden,Health care,No,,Joe Biden,Yes,,45+,18-64,Democrat,Black Democrat,Black Democrat,Democratic women,Democrat,Non-White Democrats,Very liberal,Liberal,Liberal,,Yes,No,Cares about people like me,Black,Black,State questionnaire,Black,Non-white,Black,South,,,,Too liberal,Female,Black women,Married women,,Suburbs,Suburbs,Joe Biden,English,Florida,Other,Telephone survey,,,,,No,Neither of them,No,Version 1,,Can beat Donald Trump
277277958.0,1.6644241809845,Other,45-65,30-59,50-59,45+,50+,45-59,50-64,Non-Black 45-59,White 45-59,White 45-64,Complete,,About right,,26.0,No,No,,Attended college but received no degree,No college degree,More than high school graduate,White no college degree,White women non college graduates,,,,5.0,Joe Biden,Health care,No,,Joe Biden,Yes,,45+,18-64,Democrat,Non-black Democrat,White Democrat,Democratic women,Democrat,White Democrat,Very liberal,Liberal,Liberal,,Yes,No,Cares about people like me,White,White,State questionnaire,White,White,White,South,,,,Not liberal enough,Female,White women,Married women,,"Cities 50,000-500,000","Cities over 50,000",Joe Biden,English,Florida,Other,Telephone survey,,,,,Yes,Both of them,Yes,Version 1,,Can beat Donald Trump
277277959.0,1.42329072952271,Joe Biden,30-44,30-59,40-44,18-44,18-49,30-44,40-49,Black 30-44,Black 30-44,Black 30-44,Complete,,About right,,24.0,No,No,,Bachelor's degree (BA or BS),College graduate,More than high school graduate,Non white college degree,Non-whites,,,,5.0,Joe Biden,Health care,No,,Joe Biden,No,,18-44,18-64,Democrat,Black Democrat,Black Democrat,Democratic women,Democrat,Non-White Democrats,Moderate,Moderate or Conservative,Moderate,,Yes,No,Cares about people like me,Black,Black,State questionnaire,Black,Non-white,Black,South,,,,Too liberal,Female,Black women,Non married women,,Suburbs,Suburbs,Joe Biden,English,Florida,Other,Telephone survey,,,,,Omit,Omit,Omit,Version 1,,Can beat Donald Trump
277277960.0,0.812696993350983,Bernie Sanders,65+,60+,65 or over,45+,50+,60+,65+,Non-Black 60+,Latino 60+,Latino 65+,Complete,,Omit,,26.0,Yes,"Yes, Cuban",,Never attended college,No college degree,High school graduate or less,Non white no college degree,Non-whites,,,,5.0,Bernie Sanders,Omit,Yes,,Bernie Sanders,No,,45+,65+,Democrat,Non-black Democrat,Latino Democrat,Democratic women,Democrat,Non-White Democrats,Moderate,Moderate or Conservative,Moderate,,Yes,No,Cares about people like me,Other,Hispanic/Latino,State questionnaire,Hispanic/Latino,Non-white,Hispanic/Latino,South,,,,Omit,Female,Latino women,Non married women,,"Cities 50,000-500,000","Cities over 50,000",Bernie Sanders,Spanish,Florida,Other,Telephone survey,,,,,Omit,Omit,Omit,Version 1,,Agrees with you on major issues
277277961.0,0.803813517093658,Joe Biden,65+,60+,65 or over,45+,50+,60+,65+,Black 60+,Black 60+,Black 65+,Complete,,Too liberal,,24.0,No,No,,"An advanced degree after a bachelor's degree (such as JD, MA, MBA, MD, PhD)",College graduate,More than high school graduate,Non white college degree,Non-whites,,,,5.0,Joe Biden,Health care,No,,Joe Biden,No,,45+,65+,Independent/Something else,Black non-Democrat,Black Independent,Independent men,Independent,All others,Moderate,Moderate or Conservative,Moderate,,Yes,No,Can bring needed change,Black,Black,State questionnaire,Black,Non-white,Black,South,,,,Too liberal,Male,Black men,Non married men,,"Cities 50,000-500,000","Cities over 50,000",Joe Biden,English,Florida,Other,Telephone survey,,,,,Yes,Both of them,Yes,Version 1,,Omit
277277962.0,1.68012285232544,Joe Biden,45-65,30-59,45-49,45+,18-49,45-59,40-49,Non-Black 45-59,Latino 45-59,Latino 45-64,Complete,,About right,,23.0,No,"Yes, other Hispanic",,"An advanced degree after a bachelor's degree (such as JD, MA, MBA, MD, PhD)",College graduate,More than high school graduate,Non white college degree,Non-whites,,,,5.0,Joe Biden,Race relations,Yes,,Joe Biden,Yes,,45+,18-64,Democrat,Non-black Democrat,Latino Democrat,Democratic women,Democrat,Non-White Democrats,Very liberal,Liberal,Liberal,,Yes,No,Can bring needed change,Other,Hispanic/Latino,State questionnaire,Hispanic/Latino,Non-white,Hispanic/Latino,South,,,,Not liberal enough,Female,Latino women,Married women,,Suburbs,Suburbs,Joe Biden,English,Florida,Other,Telephone survey,,,,,No,Only Sanders did,Yes,Version 1,,Can beat Donald Trump
277277963.0,0.757269203662872,Joe Biden,45-65,60+,60-64,45+,50+,60+,50-64,Non-Black 60+,White 60+,White 45-64,Complete,,About right,,26.0,No,No,,Associate's degree (AA or AS),No college degree,More than high school graduate,White no college degree,White women non college graduates,,,,5.0,Joe Biden,Climate change,No,,Joe Biden,Yes,,45+,18-64,Democrat,Non-black Democrat,White Democrat,Democratic women,Democrat,White Democrat,Moderate,Moderate or Conservative,Moderate,,Yes,No,Has the right temperament,White,White,State questionnaire,White,White,White,South,,,,Too liberal,Female,White women,Married women,,"Cities 50,000-500,000","Cities over 50,000",Joe Biden,English,Florida,Other,Telephone survey,,,,,No,Only Sanders did,Yes,Version 1,,Can beat Donald Trump
277277964.0,1.37775766849518,Bernie Sanders,45-65,60+,60-64,45+,50+,60+,50-64,Non-Black 60+,Latino 60+,Latino 45-64,Complete,,Not liberal enough,,23.0,No,"Yes, other Hispanic",,Attended college but received no degree,No college degree,More than high school graduate,Non white no college degree,Non-whites,,,,5.0,Bernie Sanders,Omit,Yes,,Bernie Sanders,Yes,,45+,18-64,Independent/Something else,Non-black non-Democrat,Latino Independent,Independent women,Independent,All others,Moderate,Moderate or Conservative,Moderate,,Yes,No,Can bring needed change,Other,White,State questionnaire,Hispanic/Latino,Non-white,Hispanic/Latino,South,,,,About right,Female,Latino women,Married women,,Suburbs,Suburbs,Bernie Sanders,English,Florida,Other,Telephone survey,,,,,Omit,Omit,No,Version 1,,Agrees with you on major issues
277277965.0,2.32936477661133,Bernie Sanders,30-44,30-59,30-39,18-44,18-49,30-44,30-39,Non-Black 30-44,Latino 30-44,Latino 30-44,Complete,,Not liberal enough,,14.0,No,"Yes, other Hispanic",,Bachelor's degree (BA or BS),College graduate,More than high school graduate,Non white college degree,Non-whites,,,,3.0,Bernie Sanders,Income inequality,Yes,,Bernie Sanders,No,,18-44,18-64,Democrat,Non-black Democrat,Latino Democrat,Democratic women,Democrat,Non-White Democrats,Very liberal,Liberal,Liberal,,Yes,No,Can bring needed change,Other,Hispanic/Latino,State questionnaire,Hispanic/Latino,Non-white,Hispanic/Latino,South,,,,About right,Female,Latino women,Non married women,,"Cities 50,000-500,000","Cities over 50,000",Bernie Sanders,English,Florida,Other,Telephone survey,,,,,No,Neither of them,No,Version 1,,Can beat Donald Trump
277277966.0,0.662164688110352,Joe Biden,45-65,60+,60-64,45+,50+,60+,50-64,Non-Black 60+,White 60+,White 45-64,Complete,,About right,,14.0,No,No,,Bachelor's degree (BA or BS),College graduate,More than high school graduate,White college degree,White men college graduates,,,,3.0,Joe Biden,Health care,No,,Joe Biden,No,,45+,18-64,Democrat,Non-black Democrat,White Democrat,Democratic men,Democrat,White Democrat,Somewhat liberal,Liberal,Liberal,,Yes,No,Can unite the country,White,White,State questionnaire,White,White,White,South,,,,Too liberal,Male,White men,Non married men,,"Cities 50,000-500,000","Cities over 50,000",Joe Biden,English,Florida,Other,Telephone survey,,,,,No,Neither of them,No,Version 1,,Can beat Donald Trump
277277967.0,2.46777510643005,Joe Biden,45-65,60+,60-64,45+,50+,60+,50-64,Black 60+,Black 60+,Black 45-64,Complete,,About right,,14.0,No,No,,Attended college but received no degree,No college degree,More than high school graduate,Non white no college degree,Non-whites,,,,3.0,Joe Biden,Income inequality,No,,Joe Biden,No,,45+,18-64,Democrat,Black Democrat,Black Democrat,Democratic women,Democrat,Non-White Democrats,Very liberal,Liberal,Liberal,,Yes,No,Can bring needed change,Black,Black,State questionnaire,Black,Non-white,Black,South,,,,About right,Female,Black women,Non married women,,"Cities 50,000-500,000","Cities over 50,000",Joe Biden,English,Florida,Other,Telephone survey,,,,,Yes,Both of them,Yes,Version 1,,Can beat Donald Trump
277277968.0,0.654422104358673,Other,65+,60+,65 or over,45+,50+,60+,65+,Non-Black 60+,White 60+,White 65+,Complete,,Omit,,15.0,No,No,,"An advanced degree after a bachelor's degree (such as JD, MA, MBA, MD, PhD)",College graduate,More than high school graduate,White college degree,White men college graduates,,,,3.0,Joe Biden,Health care,No,,Joe Biden,Yes,,45+,65+,Independent/Something else,Non-black non-Democrat,White Independent,Independent men,Independent,White Independent,Moderate,Moderate or Conservative,Moderate,,Yes,No,Omit,White,White,State questionnaire,White,White,White,South,,,,Omit,Male,White men,Married men,,Suburbs,Suburbs,Joe Biden,English,Florida,White suburban men,Telephone survey,,,,,No,Neither of them,No,Version 1,,Agrees with you on major issues
277277969.0,2.91308379173279,Joe Biden,45-65,60+,60-64,45+,50+,60+,50-64,Non-Black 60+,Latino 60+,Latino 45-64,Complete,,About right,,12.0,No,No,,Associate's degree (AA or AS),No college degree,More than high school graduate,Non white no college degree,Non-whites,,,,3.0,Joe Biden,Omit,No,,Joe Biden,Yes,,45+,18-64,Democrat,Non-black Democrat,Latino Democrat,Democratic women,Democrat,Non-White Democrats,Moderate,Moderate or Conservative,Moderate,,Yes,No,Can unite the country,Other,Hispanic/Latino,State questionnaire,Hispanic/Latino,Non-white,Hispanic/Latino,South,,,,Too liberal,Female,Latino women,Married women,,"Cities 50,000-500,000","Cities over 50,000",Joe Biden,English,Florida,Other,Telephone survey,,,,,No,Neither of them,No,Version 1,,Can beat Donald Trump
277277970.0,0.377285569906235,Joe Biden,65+,60+,65 or over,45+,50+,60+,65+,Non-Black 60+,White 60+,White 65+,Complete,,About right,,14.0,No,No,,Bachelor's degree (BA or BS),College graduate,More than high school graduate,White college degree,White women college graduates,,,,3.0,Joe Biden,Climate change,No,,Joe Biden,Yes,,45+,65+,Democrat,Non-black Democrat,White Democrat,Democratic women,Democrat,White Democrat,Somewhat liberal,Liberal,Liberal,,Yes,No,Can unite the country,White,White,State questionnaire,White,White,White,South,,,,Too liberal,Female,White women,Married women,,"Cities 50,000-500,000","Cities over 50,000",Joe Biden,English,Florida,Other,Telephone survey,,,,,No,Only Sanders did,Yes,Version 1,,Can beat Donald Trump
277277971.0,0.781460344791412,Other,65+,60+,65 or over,45+,50+,60+,65+,Non-Black 60+,White 60+,White 65+,Complete,,About right,,14.0,No,No,,Associate's degree (AA or AS),No college degree,More than high school graduate,White no college degree,White women non college graduates,,,,3.0,Joe Biden,Income inequality,No,,Joe Biden,No,,45+,65+,Democrat,Non-black Democrat,White Democrat,Democratic women,Democrat,White Democrat,Somewhat liberal,Liberal,Liberal,,Yes,No,Can unite the country,White,White,State questionnaire,White,White,White,South,,,,Too liberal,Female,White women,Non married women,,"Cities 50,000-500,000","Cities over 50,000",Joe Biden,English,Florida,Other,Telephone survey,,,,,No,Neither of them,No,Version 1,,Agrees with you on major issues
277277972.0,0.482861369848251,Joe Biden,65+,60+,65 or over,45+,50+,60+,65+,Non-Black 60+,All others,All others,Complete,,About right,,14.0,No,No,,Never attended college,No college degree,High school graduate or less,Non white no college degree,Non-whites,,,,3.0,Joe Biden,Income inequality,No,,Joe Biden,Yes,,45+,65+,Democrat,Non-black Democrat,All Other,Democratic men,Democrat,Non-White Democrats,Conservative,Moderate or Conservative,Conservative,,Yes,No,Omit,Other,Other,State questionnaire,Other,Non-white,Other,South,,,,Omit,Male,All other races,Married men,,"Cities 50,000-500,000","Cities over 50,000",Joe Biden,English,Florida,Other,Telephone survey,,,,,Yes,Only Biden did,Omit,Version 1,,Can beat Donald Trump
277277973.0,0.809541761875153,Other,65+,60+,65 or over,45+,50+,60+,65+,,,,Complete,,About right,,14.0,,,,Bachelor's degree (BA or BS),College graduate,More than high school graduate,,,,,,3.0,Omit,Health care,,,Omit,No,,45+,65+,Democrat,,,Democratic women,Democrat,,Very liberal,Liberal,Liberal,,Yes,,Cares about people like me,,,State questionnaire,,,,South,,,,About right,Female,,Non married women,,"Cities 50,000-500,000","Cities over 50,000",Omit,,Florida,Other,Telephone survey,,,,,Omit,Omit,Omit,Version 1,,Can beat Donald Trump
277277974.0,1.50699925422668,Joe Biden,65+,60+,65 or over,45+,50+,60+,65+,Black 60+,Black 60+,Black 65+,Complete,,About right,,14.0,No,No,,Attended college but received no degree,No college degree,More than high school graduate,Non white no college degree,Non-whites,,,,3.0,Joe Biden,Omit,No,,Joe Biden,,,45+,65+,Democrat,Black Democrat,Black Democrat,Democratic men,Democrat,Non-White Democrats,,,,,Yes,No,Cares about people like me,Black,Black,State questionnaire,Black,Non-white,Black,South,,,,Omit,Male,Black men,,,"Cities 50,000-500,000","Cities over 50,000",Joe Biden,English,Florida,Other,Telephone survey,,,,,Omit,Omit,Omit,Version 1,,Can beat Donald Trump
277277975.0,0.654422104358673,Other,65+,60+,65 or over,45+,50+,60+,65+,Non-Black 60+,White 60+,White 65+,Complete,,About right,,16.0,No,No,,"An advanced degree after a bachelor's degree (such as JD, MA, MBA, MD, PhD)",College graduate,More than high school graduate,White college degree,White men college graduates,,,,3.0,Joe Biden,Omit,No,,Joe Biden,No,,45+,65+,Democrat,Non-black Democrat,White Democrat,Democratic men,Democrat,White Democrat,Moderate,Moderate or Conservative,Moderate,,Yes,No,Can bring needed change,White,White,State questionnaire,White,White,White,South,,,,Too liberal,Male,White men,Non married men,,Suburbs,Suburbs,Joe Biden,English,Florida,White suburban men,Telephone survey,,,,,No,Neither of them,No,Version 1,,Can beat Donald Trump
277277976.0,0.612561464309692,Joe Biden,45-65,60+,60-64,45+,50+,60+,50-64,Non-Black 60+,White 60+,White 45-64,Complete,,About right,,21.0,No,No,,"An advanced degree after a bachelor's degree (such as JD, MA, MBA, MD, PhD)",College graduate,More than high school graduate,White college degree,White women college graduates,,,,5.0,Joe Biden,Health care,No,,Joe Biden,No,,45+,18-64,Democrat,Non-black Democrat,White Democrat,Democratic women,Democrat,White Democrat,Moderate,Moderate or Conservative,Moderate,,Yes,No,Can bring needed change,White,White,State questionnaire,White,White,White,South,,,,Too liberal,Female,White women,Non married women,,Suburbs,Suburbs,Joe Biden,English,Florida,White suburban women,Telephone survey,,,,,No,Neither of them,No,Version 1,,Omit
277277977.0,0.775664091110229,Joe Biden,45-65,60+,60-64,45+,50+,60+,50-64,Non-Black 60+,White 60+,White 45-64,Complete,,About right,,19.0,No,No,,Bachelor's degree (BA or BS),College graduate,More than high school graduate,White college degree,White women college graduates,,,,4.0,Joe Biden,Health care,No,,Joe Biden,No,,45+,18-64,Independent/Something else,Non-black non-Democrat,White Independent,Independent women,Independent,White Independent,Somewhat liberal,Liberal,Liberal,,No,No,Can unite the country,White,White,State questionnaire,White,White,White,South,,,,About right,Female,White women,Non married women,,"Cities 50,000-500,000","Cities over 50,000",Joe Biden,English,Florida,Other,Telephone survey,,,,,No,Neither of them,No,Version 1,,Can beat Donald Trump
277277978.0,0.446689903736115,Joe Biden,65+,60+,65 or over,45+,50+,60+,65+,Non-Black 60+,White 60+,White 65+,Complete,,About right,,22.0,No,No,,Associate's degree (AA or AS),No college degree,More than high school graduate,White no college degree,White women non college graduates,,,,5.0,Joe Biden,Health care,No,,Joe Biden,Yes,,45+,65+,Democrat,Non-black Democrat,White Democrat,Democratic women,Democrat,White Democrat,Somewhat liberal,Liberal,Liberal,,Yes,No,Can bring needed change,White,White,State questionnaire,White,White,White,South,,,,Too liberal,Female,White women,Married women,,Suburbs,Suburbs,Joe Biden,English,Florida,White suburban women,Telephone survey,,,,,No,Neither of them,No,Version 1,,Can beat Donald Trump
277277979.0,0.585573971271515,Joe Biden,65+,60+,65 or over,45+,50+,60+,65+,Non-Black 60+,White 60+,White 65+,Complete,,About right,,11.0,No,No,,Attended college but received no degree,No college degree,More than high school graduate,White no college degree,White men non college graduates,,,,4.0,Joe Biden,Omit,No,,Joe Biden,Yes,,45+,65+,Democrat,Non-black Democrat,White Democrat,Democratic men,Democrat,White Democrat,Somewhat liberal,Liberal,Liberal,,Yes,No,Can unite the country,White,White,State questionnaire,White,White,White,South,,,,Too liberal,Male,White men,Married men,,"Cities 50,000-500,000","Cities over 50,000",Joe Biden,English,Florida,Other,Telephone survey,,,,,No,Omit,Omit,Version 1,,Can beat Donald Trump
277277980.0,0.444258332252502,Joe Biden,65+,60+,65 or over,45+,50+,60+,65+,Non-Black 60+,White 60+,White 65+,Complete,,About right,,7.0,No,No,,Bachelor's degree (BA or BS),College graduate,More than high school graduate,White college degree,White men college graduates,,,,2.0,Joe Biden,Omit,No,,Joe Biden,Yes,,45+,65+,Democrat,Non-black Democrat,White Democrat,Democratic men,Democrat,White Democrat,Moderate,Moderate or Conservative,Moderate,,Yes,No,Has the right temperament,White,White,State questionnaire,White,White,White,South,,,,Too liberal,Male,White men,Married men,,"Cities 50,000-500,000","Cities over 50,000",Joe Biden,English,Florida,Other,Telephone survey,,,,,No,Only Sanders did,Yes,Version 1,,Can beat Donald Trump
277277981.0,1.24180424213409,Joe Biden,30-44,30-59,40-44,18-44,18-49,30-44,40-49,Non-Black 30-44,White 30-44,White 30-44,Complete,,About right,,13.0,No,No,,Associate's degree (AA or AS),No college degree,More than high school graduate,White no college degree,White women non college graduates,,,,3.0,Joe Biden,Health care,No,,Joe Biden,Yes,,18-44,18-64,Democrat,Non-black Democrat,White Democrat,Democratic women,Democrat,White Democrat,Very liberal,Liberal,Liberal,,Yes,No,Can unite the country,White,White,State questionnaire,White,White,White,South,,,,Not liberal enough,Female,White women,Married women,,Suburbs,Suburbs,Joe Biden,English,Florida,White suburban women,Telephone survey,,,,,Yes,Both of them,Yes,Version 1,,Can beat Donald Trump
277277982.0,0.715997934341431,Joe Biden,45-65,30-59,45-49,45+,18-49,45-59,40-49,Non-Black 45-59,White 45-59,White 45-64,Complete,,Not liberal enough,,15.0,No,No,,"An advanced degree after a bachelor's degree (such as JD, MA, MBA, MD, PhD)",College graduate,More than high school graduate,White college degree,White men college graduates,,,,3.0,Joe Biden,Health care,No,,Joe Biden,Yes,,45+,18-64,Democrat,Non-black Democrat,White Democrat,Democratic men,Democrat,White Democrat,Somewhat liberal,Liberal,Liberal,,Yes,No,Can bring needed change,White,White,State questionnaire,White,White,White,South,,,,Too liberal,Male,White men,Married men,,Suburbs,Suburbs,Bernie Sanders,English,Florida,White suburban men,Telephone survey,,,,,No,Neither of them,No,Version 1,,Can beat Donald Trump
277277983.0,0.96174156665802,Joe Biden,45-65,60+,60-64,45+,50+,60+,50-64,Non-Black 60+,White 60+,White 45-64,Complete,,Not liberal enough,,14.0,No,No,,Bachelor's degree (BA or BS),College graduate,More than high school graduate,White college degree,White men college graduates,,,,3.0,Bernie Sanders,Omit,No,,Omit,No,,45+,18-64,Democrat,Non-black Democrat,White Democrat,Democratic men,Democrat,White Democrat,Moderate,Moderate or Conservative,Moderate,,Yes,No,Has the right temperament,White,White,State questionnaire,White,White,White,South,,,,Too liberal,Male,White men,Non married men,,"Cities 50,000-500,000","Cities over 50,000",Bernie Sanders,English,Florida,Other,Telephone survey,,,,,Omit,Omit,No,Version 1,,Can beat Donald Trump
277277984.0,0.942085206508636,Bernie Sanders,65+,60+,65 or over,45+,50+,60+,65+,Non-Black 60+,White 60+,White 65+,Complete,,About right,,14.0,No,No,,Associate's degree (AA or AS),No college degree,More than high school graduate,White no college degree,White women non college graduates,,,,3.0,Joe Biden,Health care,No,,Bernie Sanders,No,,45+,65+,Democrat,Non-black Democrat,White Democrat,Democratic women,Democrat,White Democrat,Somewhat liberal,Liberal,Liberal,,Yes,No,Can bring needed change,White,White,State questionnaire,White,White,White,South,,,,About right,Female,White women,Non married women,,"Cities 50,000-500,000","Cities over 50,000",Bernie Sanders,English,Florida,Other,Telephone survey,,,,,Yes,Both of them,Yes,Version 1,,Can beat Donald Trump
277277985.0,1.29191434383392,Bernie Sanders,45-65,60+,60-64,45+,50+,60+,50-64,Non-Black 60+,White 60+,White 45-64,Complete,,About right,,15.0,No,No,,"An advanced degree after a bachelor's degree (such as JD, MA, MBA, MD, PhD)",College graduate,More than high school graduate,White college degree,White women college graduates,,,,3.0,Bernie Sanders,Income inequality,No,,Bernie Sanders,Yes,,45+,18-64,Democrat,Non-black Democrat,White Democrat,Democratic women,Democrat,White Democrat,Somewhat liberal,Liberal,Liberal,,Yes,No,Cares about people like me,White,White,State questionnaire,White,White,White,South,,,,About right,Female,White women,Married women,,"Cities 50,000-500,000","Cities over 50,000",Bernie Sanders,English,Florida,Other,Telephone survey,,,,,No,Neither of them,No,Version 1,,Agrees with you on major issues
277277986.0,0.631333529949188,Bernie Sanders,45-65,30-59,50-59,45+,50+,45-59,50-64,Non-Black 45-59,White 45-59,White 45-64,Complete,,About right,,19.0,No,No,,Bachelor's degree (BA or BS),College graduate,More than high school graduate,White college degree,White men college graduates,,,,4.0,Bernie Sanders,Race relations,No,,Joe Biden,Yes,,45+,18-64,Democrat,Non-black Democrat,White Democrat,Democratic men,Democrat,White Democrat,Moderate,Moderate or Conservative,Moderate,,Yes,No,Can unite the country,White,White,State questionnaire,White,White,White,South,,,,About right,Male,White men,Married men,,"Cities 50,000-500,000","Cities over 50,000",Bernie Sanders,English,Florida,Other,Telephone survey,,,,,No,Neither of them,No,Version 1,,Can beat Donald Trump
277277987.0,0.565626978874207,Joe Biden,65+,60+,65 or over,45+,50+,60+,65+,Non-Black 60+,White 60+,White 65+,Complete,,About right,,19.0,No,No,,Associate's degree (AA or AS),No college degree,More than high school graduate,White no college degree,White women non college graduates,,,,4.0,Joe Biden,Health care,No,,Joe Biden,No,,45+,65+,Independent/Something else,Non-black non-Democrat,White Independent,Independent women,Something else,White Independent,Moderate,Moderate or Conservative,Moderate,,Yes,No,Has the right temperament,White,White,State questionnaire,White,White,White,South,,,,Too liberal,Female,White women,Non married women,,"Cities 50,000-500,000","Cities over 50,000",Joe Biden,English,Florida,Other,Telephone survey,,,,,Yes,Both of them,Yes,Version 1,,Can beat Donald Trump
277277988.0,0.944626808166504,Bernie Sanders,65+,60+,65 or over,45+,50+,60+,65+,Non-Black 60+,Latino 60+,Latino 65+,Complete,,Not liberal enough,,3.0,No,"Yes, other Hispanic",,"An advanced degree after a bachelor's degree (such as JD, MA, MBA, MD, PhD)",College graduate,More than high school graduate,Non white college degree,Non-whites,,,,4.0,Joe Biden,Health care,Yes,,Bernie Sanders,Yes,,45+,65+,Independent/Something else,Non-black non-Democrat,Latino Independent,Independent men,Independent,All others,Moderate,Moderate or Conservative,Moderate,,Yes,No,Has the right temperament,Other,Hispanic/Latino,State questionnaire,Hispanic/Latino,Non-white,Hispanic/Latino,South,,,,About right,Male,Latino men,Married men,,"Cities 50,000-500,000","Cities over 50,000",Bernie Sanders,English,Florida,Other,Telephone survey,,,,,No,Neither of them,No,Version 1,,Agrees with you on major issues
277277989.0,0.565626978874207,Joe Biden,65+,60+,65 or over,45+,50+,60+,65+,Non-Black 60+,White 60+,White 65+,Complete,,About right,,19.0,No,No,,Never attended college,No college degree,High school graduate or less,White no college degree,White women non college graduates,,,,4.0,Joe Biden,Climate change,No,,Joe Biden,No,,45+,65+,Democrat,Non-black Democrat,White Democrat,Democratic women,Democrat,White Democrat,Very liberal,Liberal,Liberal,,Yes,No,Cares about people like me,White,White,State questionnaire,White,White,White,South,,,,About right,Female,White women,Non married women,,"Cities 50,000-500,000","Cities over 50,000",Joe Biden,English,Florida,Other,Telephone survey,,,,,No,Neither of them,No,Version 1,,Agrees with you on major issues
277277990.0,1.21542537212372,Joe Biden,65+,60+,65 or over,45+,50+,60+,65+,Black 60+,Black 60+,Black 65+,Complete,,About right,,19.0,No,No,,Never attended college,No college degree,High school graduate or less,Non white no college degree,Non-whites,,,,4.0,Bernie Sanders,Health care,No,,Joe Biden,No,,45+,65+,Democrat,Black Democrat,Black Democrat,Democratic women,Democrat,Non-White Democrats,,,,,Yes,No,Has the right temperament,Black,Black,State questionnaire,Black,Non-white,Black,South,,,,About right,Female,Black women,Non married women,,"Cities 50,000-500,000","Cities over 50,000",Joe Biden,English,Florida,Other,Telephone survey,,,,,Omit,Omit,Omit,Version 1,,Can beat Donald Trump
277277991.0,0.457540452480316,Joe Biden,65+,60+,65 or over,45+,50+,60+,65+,Non-Black 60+,White 60+,White 65+,Complete,,About right,,19.0,No,No,,"An advanced degree after a bachelor's degree (such as JD, MA, MBA, MD, PhD)",College graduate,More than high school graduate,White college degree,White women college graduates,,,,4.0,Joe Biden,Climate change,No,,Joe Biden,No,,45+,65+,Democrat,Non-black Democrat,White Democrat,Democratic women,Democrat,White Democrat,Somewhat liberal,Liberal,Liberal,,Yes,No,Omit,White,White,State questionnaire,White,White,White,South,,,,Omit,Female,White women,Non married women,,"Cities 50,000-500,000","Cities over 50,000",Joe Biden,English,Florida,Other,Telephone survey,,,,,Yes,Only Biden did,No,Version 1,,Agrees with you on major issues
277277992.0,0.928980886936188,Joe Biden,45-65,30-59,50-59,45+,50+,45-59,50-64,Non-Black 45-59,White 45-59,White 45-64,Complete,,About right,,12.0,No,No,,"An advanced degree after a bachelor's degree (such as JD, MA, MBA, MD, PhD)",College graduate,More than high school graduate,White college degree,White women college graduates,,,,3.0,Joe Biden,Climate change,No,,Joe Biden,Yes,,45+,18-64,Democrat,Non-black Democrat,White Democrat,Democratic women,Democrat,White Democrat,Somewhat liberal,Liberal,Liberal,,Yes,No,Can unite the country,White,White,State questionnaire,White,White,White,South,,,,About right,Female,White women,Married women,,Suburbs,Suburbs,Joe Biden,English,Florida,White suburban women,Telephone survey,,,,,No,Neither of them,No,Version 1,,Can beat Donald Trump
277277993.0,0.524804890155792,Joe Biden,65+,60+,65 or over,45+,50+,60+,65+,Non-Black 60+,White 60+,White 65+,Complete,,About right,,21.0,No,No,,Bachelor's degree (BA or BS),College graduate,More than high school graduate,White college degree,White women college graduates,,,,5.0,Joe Biden,Omit,No,,Joe Biden,Yes,,45+,65+,Democrat,Non-black Democrat,White Democrat,Democratic women,Democrat,White Democrat,Conservative,Moderate or Conservative,Conservative,,Yes,No,Has the right temperament,White,White,State questionnaire,White,White,White,South,,,,Too liberal,Female,White women,Married women,,Suburbs,Suburbs,Joe Biden,English,Florida,White suburban women,Telephone survey,,,,,Omit,Omit,Omit,Version 1,,Can beat Donald Trump
277277994.0,0.794180452823639,Other,65+,60+,65 or over,45+,50+,60+,65+,Non-Black 60+,White 60+,White 65+,Complete,,About right,,20.0,No,No,,"An advanced degree after a bachelor's degree (such as JD, MA, MBA, MD, PhD)",College graduate,More than high school graduate,White college degree,White women college graduates,,,,5.0,Omit,Health care,No,,Omit,Yes,,45+,65+,Democrat,Non-black Democrat,White Democrat,Democratic women,Democrat,White Democrat,Moderate,Moderate or Conservative,Moderate,,Yes,No,Can unite the country,White,White,State questionnaire,White,White,White,South,,,,About right,Female,White women,Married women,,Suburbs,Suburbs,Omit,English,Florida,White suburban women,Telephone survey,,,,,Omit,Omit,Omit,Version 1,,Omit
277277995.0,0.524804890155792,Joe Biden,65+,60+,65 or over,45+,50+,60+,65+,Non-Black 60+,White 60+,White 65+,Complete,,About right,,21.0,No,No,,"An advanced degree after a bachelor's degree (such as JD, MA, MBA, MD, PhD)",College graduate,More than high school graduate,White college degree,White women college graduates,,,,5.0,Joe Biden,Health care,No,,Joe Biden,No,,45+,65+,Democrat,Non-black Democrat,White Democrat,Democratic women,Democrat,White Democrat,Somewhat liberal,Liberal,Liberal,,Yes,No,Can unite the country,White,White,State questionnaire,White,White,White,South,,,,Too liberal,Female,White women,Non married women,,Suburbs,Suburbs,Joe Biden,English,Florida,White suburban women,Telephone survey,,,,,No,Only Sanders did,Yes,Version 1,,Can beat Donald Trump
277277996.0,1.25734007358551,Other,65+,60+,65 or over,45+,50+,60+,65+,,,,Complete,,About right,,18.0,,,,Attended college but received no degree,No college degree,More than high school graduate,,,,,,5.0,Joe Biden,Climate change,,,Joe Biden,No,,45+,65+,Independent/Something else,,,Independent women,Independent,,Very liberal,Liberal,Liberal,,Yes,,Cares about people like me,,,State questionnaire,,,,South,,,,Too liberal,Female,,Non married women,,"Cities 50,000-500,000","Cities over 50,000",Joe Biden,,Florida,Other,Telephone survey,,,,,No,Only Sanders did,Yes,Version 1,,Can beat Donald Trump
277277997.0,0.818834364414215,Joe Biden,45-65,30-59,45-49,45+,18-49,45-59,40-49,Non-Black 45-59,White 45-59,White 45-64,Complete,,About right,,21.0,No,No,,Attended college but received no degree,No college degree,More than high school graduate,White no college degree,White women non college graduates,,,,5.0,Joe Biden,Omit,No,,Joe Biden,No,,45+,18-64,Democrat,Non-black Democrat,White Democrat,Democratic women,Democrat,White Democrat,Moderate,Moderate or Conservative,Moderate,,Yes,No,Can unite the country,White,White,State questionnaire,White,White,White,South,,,,Too liberal,Female,White women,Non married women,,Suburbs,Suburbs,Joe Biden,English,Florida,White suburban women,Telephone survey,,,,,No,Only Sanders did,Yes,Version 1,,Can beat Donald Trump
277277998.0,0.361331224441528,Joe Biden,65+,60+,65 or over,45+,50+,60+,65+,Non-Black 60+,White 60+,White 65+,Complete,,About right,,22.0,No,No,,"An advanced degree after a bachelor's degree (such as JD, MA, MBA, MD, PhD)",College graduate,More than high school graduate,White college degree,White women college graduates,,,,5.0,Joe Biden,Climate change,No,,Joe Biden,Yes,,45+,65+,Democrat,Non-black Democrat,White Democrat,Democratic women,Democrat,White Democrat,Somewhat liberal,Liberal,Liberal,,Yes,No,Can unite the country,White,White,State questionnaire,White,White,White,South,,,,Too liberal,Female,White women,Married women,,"Cities 50,000-500,000","Cities over 50,000",Joe Biden,English,Florida,Other,Telephone survey,,,,,No,Neither of them,No,Version 1,,Can beat Donald Trump
277277999.0,0.95985209941864,Joe Biden,65+,60+,65 or over,45+,50+,60+,65+,Black 60+,Black 60+,Black 65+,Complete,,About right,,22.0,No,No,,Attended college but received no degree,No college degree,More than high school graduate,Non white no college degree,Non-whites,,,,5.0,Joe Biden,Health care,No,,Joe Biden,Yes,,45+,65+,Democrat,Black Democrat,Black Democrat,Democratic women,Democrat,Non-White Democrats,Moderate,Moderate or Conservative,Moderate,,Yes,No,Cares about people like me,Black,Black,State questionnaire,Black,Non-white,Black,South,,,,Not liberal enough,Female,Black women,Married women,,"Cities 50,000-500,000","Cities over 50,000",Joe Biden,English,Florida,Other,Telephone survey,,,,,No,Omit,Omit,Version 1,,Can beat Donald Trump
277278000.0,1.20508587360382,Bernie Sanders,30-44,30-59,40-44,18-44,18-49,30-44,40-49,Non-Black 30-44,Latino 30-44,Latino 30-44,Complete,,Not liberal enough,,20.0,No,"Yes, other Hispanic",,Bachelor's degree (BA or BS),College graduate,More than high school graduate,Non white college degree,Non-whites,,,,5.0,Joe Biden,Health care,Yes,,Joe Biden,No,,18-44,18-64,Democrat,Non-black Democrat,Latino Democrat,Democratic women,Democrat,Non-White Democrats,Somewhat liberal,Liberal,Liberal,,Yes,No,Can unite the country,Other,Other,State questionnaire,Hispanic/Latino,Non-white,Hispanic/Latino,South,,,,About right,Female,Latino women,Non married women,,Suburbs,Suburbs,Bernie Sanders,English,Florida,Other,Telephone survey,,,,,No,Neither of them,No,Version 1,,Can beat Donald Trump
277278001.0,0.208385825157166,Bernie Sanders,,,,,,,,,,,Complete,,Too liberal,,18.0,No,No,,Never attended college,No college degree,High school graduate or less,Non white no college degree,Non-whites,,,,5.0,Joe Biden,Income inequality,No,,Joe Biden,No,,,,Democrat,Black Democrat,Black Democrat,Democratic men,Democrat,Non-White Democrats,Conservative,Moderate or Conservative,Conservative,,Yes,No,Can bring needed change,Black,Black,State questionnaire,Black,Non-white,Black,South,,,,Not liberal enough,Male,Black men,Non married men,,"Cities 50,000-500,000","Cities over 50,000",Joe Biden,English,Florida,Other,Telephone survey,,,,,Omit,Omit,Omit,Version 1,,Agrees with you on major issues
277278002.0,0.794180452823639,Other,65+,60+,65 or over,45+,50+,60+,65+,Non-Black 60+,White 60+,White 65+,Complete,,About right,,20.0,No,No,,"An advanced degree after a bachelor's degree (such as JD, MA, MBA, MD, PhD)",College graduate,More than high school graduate,White college degree,White women college graduates,,,,5.0,Joe Biden,Health care,No,,Joe Biden,No,,45+,65+,Democrat,Non-black Democrat,White Democrat,Democratic women,Democrat,White Democrat,Moderate,Moderate or Conservative,Moderate,,Yes,No,Can unite the country,White,White,State questionnaire,White,White,White,South,,,,Too liberal,Female,White women,Non married women,,Suburbs,Suburbs,Joe Biden,English,Florida,White suburban women,Telephone survey,,,,,No,Neither of them,No,Version 1,,Can beat Donald Trump
277278003.0,0.446689903736115,Joe Biden,65+,60+,65 or over,45+,50+,60+,65+,Non-Black 60+,White 60+,White 65+,Complete,,About right,,22.0,No,No,,Never attended college,No college degree,High school graduate or less,White no college degree,White women non college graduates,,,,5.0,Joe Biden,Health care,No,,Joe Biden,No,,45+,65+,Democrat,Non-black Democrat,White Democrat,Democratic women,Democrat,White Democrat,Somewhat liberal,Liberal,Liberal,,Yes,No,Cares about people like me,White,White,State questionnaire,White,White,White,South,,,,Omit,Female,White women,Non married women,,Suburbs,Suburbs,Joe Biden,English,Florida,White suburban women,Telephone survey,,,,,No,Neither of them,No,Version 1,,Can beat Donald Trump
277278004.0,0.648781597614288,Joe Biden,65+,60+,65 or over,45+,50+,60+,65+,Non-Black 60+,White 60+,White 65+,Complete,,About right,,22.0,No,No,,Attended college but received no degree,No college degree,More than high school graduate,White no college degree,White women non college graduates,,,,5.0,Joe Biden,Race relations,No,,Joe Biden,Yes,,45+,65+,Independent/Something else,Non-black non-Democrat,White Independent,Independent women,Independent,White Independent,Very liberal,Liberal,Liberal,,Yes,No,Has the right temperament,White,White,State questionnaire,White,White,White,South,,,,Too liberal,Female,White women,Married women,,Suburbs,Suburbs,Joe Biden,English,Florida,White suburban women,Telephone survey,,,,,No,Only Sanders did,Yes,Version 1,,Can beat Donald Trump
277278005.0,0.446689903736115,Joe Biden,65+,60+,65 or over,45+,50+,60+,65+,Non-Black 60+,White 60+,White 65+,Complete,,About right,,22.0,No,No,,Never attended college,No college degree,High school graduate or less,White no college degree,White women non college graduates,,,,5.0,Joe Biden,Climate change,No,,Joe Biden,No,,45+,65+,Democrat,Non-black Democrat,White Democrat,Democratic women,Democrat,White Democrat,Very liberal,Liberal,Liberal,,Yes,No,Cares about people like me,White,White,State questionnaire,White,White,White,South,,,,Too liberal,Female,White women,Non married women,,Suburbs,Suburbs,Joe Biden,English,Florida,White suburban women,Telephone survey,,,,,No,Only Sanders did,Yes,Version 1,,Agrees with you on major issues
277278006.0,0.446689903736115,Joe Biden,65+,60+,65 or over,45+,50+,60+,65+,Non-Black 60+,White 60+,White 65+,Complete,,About right,,22.0,No,No,,Attended college but received no degree,No college degree,More than high school graduate,White no college degree,White women non college graduates,,,,5.0,Joe Biden,Health care,No,,Joe Biden,No,,45+,65+,Democrat,Non-black Democrat,White Democrat,Democratic women,Democrat,White Democrat,Moderate,Moderate or Conservative,Moderate,,Yes,No,Can unite the country,White,White,State questionnaire,White,White,White,South,,,,Too liberal,Female,White women,Non married women,,Suburbs,Suburbs,Joe Biden,English,Florida,White suburban women,Telephone survey,,,,,No,Only Sanders did,Yes,Version 1,,Can beat Donald Trump
277278007.0,0.524804890155792,Joe Biden,65+,60+,65 or over,45+,50+,60+,65+,Non-Black 60+,White 60+,White 65+,Complete,,About right,,21.0,No,No,,"An advanced degree after a bachelor's degree (such as JD, MA, MBA, MD, PhD)",College graduate,More than high school graduate,White college degree,White women college graduates,,,,5.0,Joe Biden,Climate change,No,,Joe Biden,Yes,,45+,65+,Democrat,Non-black Democrat,White Democrat,Democratic women,Democrat,White Democrat,Somewhat liberal,Liberal,Liberal,,Yes,No,Can unite the country,White,White,State questionnaire,White,White,White,South,,,,Too liberal,Female,White women,Married women,,Suburbs,Suburbs,Joe Biden,English,Florida,White suburban women,Telephone survey,,,,,Omit,Omit,Omit,Version 1,,Can beat Donald Trump
277278008.0,0.374073654413223,Joe Biden,65+,60+,65 or over,45+,50+,60+,65+,Non-Black 60+,White 60+,White 65+,Complete,,Too liberal,,18.0,No,No,,"An advanced degree after a bachelor's degree (such as JD, MA, MBA, MD, PhD)",College graduate,More than high school graduate,White college degree,White men college graduates,,,,5.0,Joe Biden,Health care,No,,Joe Biden,Yes,,45+,65+,Democrat,Non-black Democrat,White Democrat,Democratic men,Democrat,White Democrat,Moderate,Moderate or Conservative,Moderate,,Yes,No,Has the right temperament,White,White,State questionnaire,White,White,White,South,,,,Too liberal,Male,White men,Married men,,Suburbs,Suburbs,Joe Biden,English,Florida,White suburban men,Telephone survey,,,,,Yes,Only Biden did,No,Version 1,,Can beat Donald Trump
277278009.0,0.648781597614288,Joe Biden,65+,60+,65 or over,45+,50+,60+,65+,Non-Black 60+,White 60+,White 65+,Complete,,About right,,18.0,No,No,,Attended college but received no degree,No college degree,More than high school graduate,White no college degree,White women non college graduates,,,,5.0,Joe Biden,Climate change,No,,Joe Biden,No,,45+,65+,Democrat,Non-black Democrat,White Democrat,Democratic women,Democrat,White Democrat,Very liberal,Liberal,Liberal,,,No,Can bring needed change,White,White,State questionnaire,White,White,White,South,,,,Too liberal,Female,White women,Non married women,,Suburbs,Suburbs,Joe Biden,English,Florida,White suburban women,Telephone survey,,,,,No,Only Sanders did,Yes,Version 1,,Agrees with you on major issues
277278010.0,0.320393055677414,Bernie Sanders,65+,60+,65 or over,45+,50+,60+,65+,Non-Black 60+,White 60+,White 65+,Complete,,About right,,21.0,No,No,,Never attended college,No college degree,High school graduate or less,White no college degree,White women non college graduates,,,,5.0,Joe Biden,Omit,No,,Joe Biden,Yes,,45+,65+,Independent/Something else,Non-black non-Democrat,White Independent,Independent women,Something else,White Independent,Very liberal,Liberal,Liberal,,Yes,No,Can unite the country,White,White,State questionnaire,White,White,White,South,,,,Too liberal,Female,White women,Married women,,Suburbs,Suburbs,Joe Biden,English,Florida,White suburban women,Telephone survey,,,,,No,Only Sanders did,Yes,Version 1,,Can beat Donald Trump
277278011.0,0.671661019325256,Joe Biden,65+,60+,65 or over,45+,50+,60+,65+,Non-Black 60+,White 60+,White 65+,Complete,,Not liberal enough,,21.0,No,No,,Attended college but received no degree,No college degree,More than high school graduate,White no college degree,White men non college graduates,,,,5.0,Joe Biden,Omit,No,,Joe Biden,No,,45+,65+,Democrat,Non-black Democrat,White Democrat,Democratic men,Democrat,White Democrat,Very liberal,Liberal,Liberal,,Yes,No,Can bring needed change,White,White,State questionnaire,White,White,White,South,,,,Omit,Male,White men,Non married men,,Suburbs,Suburbs,Joe Biden,English,Florida,White suburban men,Telephone survey,,,,,No,Only Sanders did,Yes,Version 1,,Can beat Donald Trump
277278012.0,1.68461287021637,Joe Biden,45-65,30-59,50-59,45+,50+,45-59,50-64,Black 45-59,Black 45-59,Black 45-64,Complete,,About right,,22.0,No,No,,Never attended college,No college degree,High school graduate or less,Non white no college degree,Non-whites,,,,5.0,Joe Biden,Health care,No,,Joe Biden,Yes,,45+,18-64,Democrat,Black Democrat,Black Democrat,Democratic men,Democrat,Non-White Democrats,Moderate,Moderate or Conservative,Moderate,,Yes,No,Can unite the country,Black,Black,State questionnaire,Black,Non-white,Black,South,,,,Too liberal,Male,Black men,Married men,,"Cities 50,000-500,000","Cities over 50,000",Joe Biden,English,Florida,Other,Telephone survey,,,,,No,Only Sanders did,Yes,Version 1,,Agrees with you on major issues
277278013.0,0.727491855621338,Joe Biden,45-65,60+,60-64,45+,50+,60+,50-64,Non-Black 60+,White 60+,White 45-64,Complete,,About right,,9.0,No,No,,Bachelor's degree (BA or BS),College graduate,More than high school graduate,White college degree,White women college graduates,,,,2.0,Joe Biden,Race relations,No,,Joe Biden,Yes,,45+,18-64,Democrat,Non-black Democrat,White Democrat,Democratic women,Democrat,White Democrat,Somewhat liberal,Liberal,Liberal,,Yes,No,Can unite the country,White,White,State questionnaire,White,White,White,South,,,,About right,Female,White women,Married women,,"Cities 50,000-500,000","Cities over 50,000",Joe Biden,English,Florida,Other,Telephone survey,,,,,No,Neither of them,No,Version 1,,Can beat Donald Trump
277278014.0,1.82420837879181,Bernie Sanders,18-29,18-29,25-29,18-44,18-49,18-29,25-29,Black 18-29,Black 18-29,Black 18-29,Complete,,Too liberal,,10.0,No,No,,"An advanced degree after a bachelor's degree (such as JD, MA, MBA, MD, PhD)",College graduate,More than high school graduate,Non white college degree,Non-whites,,,,2.0,Bernie Sanders,Income inequality,No,,Bernie Sanders,No,,18-44,18-64,Democrat,Black Democrat,Black Democrat,Democratic women,Democrat,Non-White Democrats,Moderate,Moderate or Conservative,Moderate,,Yes,No,Cares about people like me,Black,Black,State questionnaire,Black,Non-white,Black,South,,,,About right,Female,Black women,Non married women,,"Cities 50,000-500,000","Cities over 50,000",Bernie Sanders,English,Florida,Other,Telephone survey,,,,,Yes,Only Biden did,No,Version 1,,Agrees with you on major issues
277278015.0,1.31627869606018,Joe Biden,45-65,30-59,50-59,45+,50+,45-59,50-64,Black 45-59,Black 45-59,Black 45-64,Complete,,About right,,21.0,No,No,,"An advanced degree after a bachelor's degree (such as JD, MA, MBA, MD, PhD)",College graduate,More than high school graduate,Non white college degree,Non-whites,,,,5.0,Joe Biden,Income inequality,No,,Joe Biden,Yes,,45+,18-64,Democrat,Black Democrat,Black Democrat,Democratic women,Democrat,Non-White Democrats,Moderate,Moderate or Conservative,Moderate,,Yes,No,Can unite the country,Black,Black,State questionnaire,Black,Non-white,Black,South,,,,Too liberal,Female,Black women,Married women,,"Cities 50,000-500,000","Cities over 50,000",Joe Biden,English,Florida,Other,Telephone survey,,,,,No,Neither of them,No,Version 1,,Can beat Donald Trump
277278016.0,0.259168654680252,Bernie Sanders,65+,60+,65 or over,45+,50+,60+,65+,Non-Black 60+,White 60+,White 65+,Complete,,Too liberal,,27.0,No,No,,"An advanced degree after a bachelor's degree (such as JD, MA, MBA, MD, PhD)",College graduate,More than high school graduate,White college degree,White women college graduates,,,,5.0,Omit,Omit,No,,Omit,Yes,,45+,65+,Independent/Something else,Non-black non-Democrat,White Independent,Independent women,Independent,White Independent,Conservative,Moderate or Conservative,Conservative,,Yes,No,Cares about people like me,White,White,State questionnaire,White,White,White,South,,,,Too liberal,Female,White women,Married women,,"Cities 50,000-500,000","Cities over 50,000",Bernie Sanders,English,Florida,Other,Telephone survey,,,,,No,Neither of them,No,Version 1,,Agrees with you on major issues
277278017.0,0.715997934341431,Joe Biden,45-65,30-59,45-49,45+,18-49,45-59,40-49,Non-Black 45-59,White 45-59,White 45-64,Complete,,Not liberal enough,,15.0,No,No,,Bachelor's degree (BA or BS),College graduate,More than high school graduate,White college degree,White men college graduates,,,,3.0,Joe Biden,Climate change,No,,Joe Biden,Yes,,45+,18-64,Independent/Something else,Non-black non-Democrat,White Independent,Independent men,Something else,White Independent,Very liberal,Liberal,Liberal,,Yes,No,Can bring needed change,White,White,State questionnaire,White,White,White,South,,,,About right,Male,White men,Married men,,Suburbs,Suburbs,Joe Biden,English,Florida,White suburban men,Telephone survey,,,,,Yes,Only Biden did,No,Version 1,,Can beat Donald Trump
277278018.0,0.814377069473267,Joe Biden,45-65,30-59,45-49,45+,18-49,45-59,40-49,Non-Black 45-59,White 45-59,White 45-64,Complete,,About right,,10.0,No,No,,Bachelor's degree (BA or BS),College graduate,More than high school graduate,White college degree,White men college graduates,,,,2.0,Joe Biden,Omit,No,,Joe Biden,No,,45+,18-64,Democrat,Non-black Democrat,White Democrat,Democratic men,Democrat,White Democrat,Moderate,Moderate or Conservative,Moderate,,Yes,No,Can unite the country,White,White,State questionnaire,White,White,White,South,,,,Too liberal,Male,White men,Non married men,,"Cities 50,000-500,000","Cities over 50,000",Joe Biden,English,Florida,Other,Telephone survey,,,,,No,Neither of them,No,Version 1,,Can beat Donald Trump
277278019.0,1.99515891075134,Joe Biden,30-44,30-59,30-39,18-44,18-49,30-44,30-39,Black 30-44,Black 30-44,Black 30-44,Complete,,Omit,,10.0,No,No,,Attended college but received no degree,No college degree,More than high school graduate,Non white no college degree,Non-whites,,,,2.0,Joe Biden,Health care,No,,Joe Biden,No,,18-44,18-64,Democrat,Black Democrat,Black Democrat,Democratic women,Democrat,Non-White Democrats,Moderate,Moderate or Conservative,Moderate,,Yes,No,Cares about people like me,Black,Black,State questionnaire,Black,Non-white,Black,South,,,,Omit,Female,Black women,Non married women,,Suburbs,Suburbs,Bernie Sanders,English,Florida,Other,Telephone survey,,,,,Omit,Omit,Omit,Version 1,,Agrees with you on major issues
277278020.0,0.790705978870392,Joe Biden,45-65,30-59,50-59,45+,50+,45-59,50-64,Non-Black 45-59,White 45-59,White 45-64,Complete,,About right,,13.0,No,No,,Never attended college,No college degree,High school graduate or less,White no college degree,White women non college graduates,,,,3.0,Omit,Omit,No,,Joe Biden,Yes,,45+,18-64,Democrat,Non-black Democrat,White Democrat,Democratic women,Democrat,White Democrat,Moderate,Moderate or Conservative,Moderate,,Yes,No,Has the right temperament,White,White,State questionnaire,White,White,White,South,,,,Too liberal,Female,White women,Married women,,"Cities 50,000-500,000","Cities over 50,000",Joe Biden,English,Florida,Other,Telephone survey,,,,,Omit,Omit,Omit,Version 1,,Agrees with you on major issues
277278021.0,0.623270153999329,Joe Biden,65+,60+,65 or over,45+,50+,60+,65+,Non-Black 60+,White 60+,White 65+,Complete,,Not liberal enough,,10.0,No,No,,"An advanced degree after a bachelor's degree (such as JD, MA, MBA, MD, PhD)",College graduate,More than high school graduate,White college degree,White women college graduates,,,,2.0,Joe Biden,Health care,No,,Joe Biden,No,,45+,65+,Democrat,Non-black Democrat,White Democrat,Democratic women,Democrat,White Democrat,Very liberal,Liberal,Liberal,,Yes,No,Cares about people like me,White,White,State questionnaire,White,White,White,South,,,,Too liberal,Female,White women,Non married women,,Suburbs,Suburbs,Joe Biden,English,Florida,White suburban women,Telephone survey,,,,,No,Only Sanders did,Yes,Version 1,,Agrees with you on major issues
277278022.0,0.753147006034851,Joe Biden,45-65,60+,60-64,45+,50+,60+,50-64,Non-Black 60+,White 60+,White 45-64,Complete,,About right,,5.0,No,No,,"An advanced degree after a bachelor's degree (such as JD, MA, MBA, MD, PhD)",College graduate,More than high school graduate,White college degree,White men college graduates,,,,2.0,Joe Biden,Climate change,No,,Joe Biden,No,,45+,18-64,Democrat,Non-black Democrat,White Democrat,Democratic men,Democrat,White Democrat,Somewhat liberal,Liberal,Liberal,,Yes,No,Can unite the country,White,White,State questionnaire,White,White,White,South,,,,Too liberal,Male,White men,Non married men,,"Cities 50,000-500,000","Cities over 50,000",Joe Biden,English,Florida,Other,Telephone survey,,,,,No,Neither of them,No,Version 1,,Can beat Donald Trump
277278023.0,0.444258332252502,Joe Biden,65+,60+,65 or over,45+,50+,60+,65+,Non-Black 60+,White 60+,White 65+,Complete,,About right,,5.0,No,No,,"An advanced degree after a bachelor's degree (such as JD, MA, MBA, MD, PhD)",College graduate,More than high school graduate,White college degree,White men college graduates,,,,2.0,Joe Biden,Income inequality,No,,Bernie Sanders,Yes,,45+,65+,Independent/Something else,Non-black non-Democrat,White Independent,Independent men,Independent,White Independent,Moderate,Moderate or Conservative,Moderate,,Yes,No,Can bring needed change,White,White,State questionnaire,White,White,White,South,,,,Too liberal,Male,White men,Married men,,Suburbs,Suburbs,Joe Biden,English,Florida,White suburban men,Telephone survey,,,,,No,Neither of them,No,Version 1,,Can beat Donald Trump
277278024.0,0.775664091110229,Joe Biden,45-65,30-59,50-59,45+,50+,45-59,50-64,Non-Black 45-59,White 45-59,White 45-64,Complete,,About right,,10.0,No,No,,Bachelor's degree (BA or BS),College graduate,More than high school graduate,White college degree,White women college graduates,,,,4.0,Bernie Sanders,Omit,No,,Joe Biden,Yes,,45+,18-64,Democrat,Non-black Democrat,White Democrat,Democratic women,Democrat,White Democrat,Very liberal,Liberal,Liberal,,Yes,No,Can unite the country,White,White,State questionnaire,White,White,White,South,,,,Too liberal,Female,White women,Married women,,Suburbs,Suburbs,Bernie Sanders,English,Florida,White suburban women,Telephone survey,,,,,Omit,Omit,Omit,Version 1,,Can beat Donald Trump
277278025.0,0.429125130176544,Joe Biden,65+,60+,65 or over,45+,50+,60+,65+,Non-Black 60+,White 60+,White 65+,Complete,,About right,,9.0,No,No,,Bachelor's degree (BA or BS),College graduate,More than high school graduate,White college degree,White women college graduates,,,,2.0,Joe Biden,Omit,No,,Joe Biden,No,,45+,65+,Democrat,Non-black Democrat,White Democrat,Democratic women,Democrat,White Democrat,Moderate,Moderate or Conservative,Moderate,,Yes,No,Has the right temperament,White,White,State questionnaire,White,White,White,South,,,,Too liberal,Female,White women,Non married women,,Suburbs,Suburbs,Joe Biden,English,Florida,White suburban women,Telephone survey,,,,,No,Neither of them,No,Version 1,,Can beat Donald Trump
277278026.0,2.84674978256226,Other,45-65,60+,60-64,45+,50+,60+,50-64,Black 60+,Black 60+,Black 45-64,Complete,,About right,,12.0,No,No,,Attended college but received no degree,No college degree,More than high school graduate,Non white no college degree,Non-whites,,,,3.0,Bernie Sanders,Health care,No,,Omit,No,,45+,18-64,Independent/Something else,Black non-Democrat,Black Independent,Independent women,Something else,All others,Somewhat liberal,Liberal,Liberal,,Yes,No,Omit,Black,Black,State questionnaire,Black,Non-white,Black,South,,,,Omit,Female,Black women,Non married women,,Suburbs,Suburbs,Bernie Sanders,English,Florida,Other,Telephone survey,,,,,Yes,Both of them,Yes,Version 1,,Can beat Donald Trump
277278027.0,0.664541184902191,Joe Biden,65+,60+,65 or over,45+,50+,60+,65+,Non-Black 60+,White 60+,White 65+,Complete,,About right,,15.0,No,No,,"An advanced degree after a bachelor's degree (such as JD, MA, MBA, MD, PhD)",College graduate,More than high school graduate,White college degree,White women college graduates,,,,4.0,Joe Biden,Health care,No,,Joe Biden,No,,45+,65+,Independent/Something else,Non-black non-Democrat,White Independent,Independent women,Something else,White Independent,Moderate,Moderate or Conservative,Moderate,,Yes,No,Can unite the country,White,White,State questionnaire,White,White,White,South,,,,Too liberal,Female,White women,Non married women,,"Cities 50,000-500,000","Cities over 50,000",Joe Biden,English,Florida,Other,Telephone survey,,,,,Omit,Only Sanders did,Yes,Version 1,,Can beat Donald Trump
277278028.0,1.28264462947845,Other,65+,60+,65 or over,45+,50+,60+,65+,Non-Black 60+,White 60+,White 65+,Complete,,Omit,,15.0,No,No,,Never attended college,No college degree,High school graduate or less,White no college degree,White men non college graduates,,,,4.0,Omit,Health care,No,,Omit,,,45+,65+,Democrat,Non-black Democrat,White Democrat,Democratic men,Democrat,White Democrat,Somewhat liberal,Liberal,Liberal,,Yes,No,Omit,White,White,State questionnaire,White,White,White,South,,,,Omit,Male,White men,,,"Cities 50,000-500,000","Cities over 50,000",Bernie Sanders,English,Florida,Other,Telephone survey,,,,,Yes,Both of them,Yes,Version 1,,Can beat Donald Trump
277278029.0,0.664541184902191,Joe Biden,65+,60+,65 or over,45+,50+,60+,65+,Non-Black 60+,White 60+,White 65+,Complete,,About right,,17.0,No,No,,"An advanced degree after a bachelor's degree (such as JD, MA, MBA, MD, PhD)",College graduate,More than high school graduate,White college degree,White women college graduates,,,,4.0,Joe Biden,Health care,No,,Joe Biden,Yes,,45+,65+,Democrat,Non-black Democrat,White Democrat,Democratic women,Democrat,White Democrat,Moderate,Moderate or Conservative,Moderate,,Yes,No,Cares about people like me,White,White,State questionnaire,White,White,White,South,,,,Too liberal,Female,White women,Married women,,"Cities 10,000-50,000",Small Cities/Rural,Joe Biden,English,Florida,Other,Telephone survey,,,,,No,Only Sanders did,Yes,Version 1,,Can beat Donald Trump
277278030.0,1.22573792934418,Bernie Sanders,45-65,30-59,45-49,45+,18-49,45-59,40-49,Non-Black 45-59,White 45-59,White 45-64,Complete,,Not liberal enough,,17.0,No,No,,Attended college but received no degree,No college degree,More than high school graduate,White no college degree,White men non college graduates,,,,4.0,Bernie Sanders,Health care,No,,Bernie Sanders,No,,45+,18-64,Independent/Something else,Non-black non-Democrat,White Independent,Independent men,Independent,White Independent,Somewhat liberal,Liberal,Liberal,,Yes,No,Has the right temperament,White,White,State questionnaire,White,White,White,South,,,,About right,Male,White men,Non married men,,Suburbs,Suburbs,Bernie Sanders,English,Florida,White suburban men,Telephone survey,,,,,No,Neither of them,No,Version 1,,Agrees with you on major issues
277278031.0,1.23895275592804,Other,65+,60+,65 or over,45+,50+,60+,65+,Non-Black 60+,White 60+,White 65+,Complete,,About right,,15.0,No,No,,Never attended college,No college degree,High school graduate or less,White no college degree,White women non college graduates,,,,4.0,Joe Biden,Health care,No,,Joe Biden,No,,45+,65+,Democrat,Non-black Democrat,White Democrat,Democratic women,Democrat,White Democrat,Very liberal,Liberal,Liberal,,Yes,No,Can unite the country,White,White,State questionnaire,White,White,White,South,,,,About right,Female,White women,Non married women,,"Cities 50,000-500,000","Cities over 50,000",Joe Biden,English,Florida,Other,Telephone survey,,,,,Omit,Omit,Omit,Version 1,,Can beat Donald Trump
277278032.0,0.533031582832336,Joe Biden,65+,60+,65 or over,45+,50+,60+,65+,Non-Black 60+,White 60+,White 65+,Complete,,About right,,3.0,No,No,,Associate's degree (AA or AS),No college degree,More than high school graduate,White no college degree,White men non college graduates,,,,1.0,Joe Biden,Climate change,No,,Joe Biden,Yes,,45+,65+,Democrat,Non-black Democrat,White Democrat,Democratic men,Democrat,White Democrat,Moderate,Moderate or Conservative,Moderate,,Yes,No,Can bring needed change,White,White,State questionnaire,White,White,White,South,,,,Too liberal,Male,White men,Married men,,Rural,Small Cities/Rural,Joe Biden,English,Florida,Other,Telephone survey,,,,,No,Only Sanders did,Yes,Version 1,,Can beat Donald Trump
277278033.0,0.948861300945282,Joe Biden,65+,60+,65 or over,45+,50+,60+,65+,Non-Black 60+,Latino 60+,Latino 65+,Complete,,About right,,26.0,Yes,"Yes, Cuban",,Bachelor's degree (BA or BS),College graduate,More than high school graduate,Non white college degree,Non-whites,,,,5.0,Joe Biden,Health care,Yes,,Joe Biden,No,,45+,65+,Democrat,Non-black Democrat,Latino Democrat,Democratic men,Democrat,Non-White Democrats,Somewhat liberal,Liberal,Liberal,,Yes,No,Has the right temperament,Other,White,State questionnaire,Hispanic/Latino,Non-white,Hispanic/Latino,South,,,,Too liberal,Male,Latino men,Non married men,,Rural,Small Cities/Rural,Bernie Sanders,English,Florida,Other,Telephone survey,,,,,No,Neither of them,No,Version 1,,Agrees with you on major issues
277278034.0,0.446689903736115,Joe Biden,65+,60+,65 or over,45+,50+,60+,65+,Non-Black 60+,White 60+,White 65+,Complete,,About right,,26.0,No,No,,Associate's degree (AA or AS),No college degree,More than high school graduate,White no college degree,White women non college graduates,,,,5.0,Joe Biden,Omit,No,,Joe Biden,Yes,,45+,65+,Democrat,Non-black Democrat,White Democrat,Democratic women,Democrat,White Democrat,Moderate,Moderate or Conservative,Moderate,,Yes,No,Omit,White,White,State questionnaire,White,White,White,South,,,,Too liberal,Female,White women,Married women,,Rural,Small Cities/Rural,Joe Biden,English,Florida,Other,Telephone survey,,,,,No,Neither of them,No,Version 1,,Can beat Donald Trump
277278035.0,0.671661019325256,Joe Biden,65+,60+,65 or over,45+,50+,60+,65+,Non-Black 60+,White 60+,White 65+,Complete,,About right,,26.0,No,No,,Associate's degree (AA or AS),No college degree,More than high school graduate,White no college degree,White men non college graduates,,,,5.0,Omit,Income inequality,No,,Joe Biden,No,,45+,65+,Democrat,Non-black Democrat,White Democrat,Democratic men,Democrat,White Democrat,Somewhat liberal,Liberal,Liberal,,Yes,No,Omit,White,White,State questionnaire,White,White,White,South,,,,Too liberal,Male,White men,Non married men,,Rural,Small Cities/Rural,Joe Biden,English,Florida,Other,Telephone survey,,,,,No,Neither of them,No,Version 1,,Can beat Donald Trump
277278036.0,0.774186015129089,Joe Biden,65+,60+,65 or over,45+,50+,60+,65+,Non-Black 60+,White 60+,White 65+,Complete,,About right,,1.0,No,No,,Attended college but received no degree,No college degree,More than high school graduate,White no college degree,White men non college graduates,,,,1.0,Joe Biden,Health care,No,,Joe Biden,Yes,,45+,65+,Democrat,Non-black Democrat,White Democrat,Democratic men,Democrat,White Democrat,Moderate,Moderate or Conservative,Moderate,,Yes,No,Has the right temperament,White,White,State questionnaire,White,White,White,South,,,,About right,Male,White men,Married men,,Suburbs,Suburbs,Joe Biden,English,Florida,White suburban men,Telephone survey,,,,,No,Only Sanders did,Yes,Version 1,,Can beat Donald Trump
277278037.0,1.83187735080719,Bernie Sanders,18-29,18-29,18-24,18-44,18-49,18-29,18-24,Non-Black 18-29,Latino 18-29,Latino 18-29,Complete,,About right,,23.0,Yes,"Yes, Cuban",,"An advanced degree after a bachelor's degree (such as JD, MA, MBA, MD, PhD)",College graduate,More than high school graduate,Non white college degree,Non-whites,,,,5.0,Bernie Sanders,Climate change,Yes,,Bernie Sanders,No,,18-44,18-64,Democrat,Non-black Democrat,Latino Democrat,Democratic men,Democrat,Non-White Democrats,Somewhat liberal,Liberal,Liberal,,Yes,No,Has the right temperament,Other,Hispanic/Latino,State questionnaire,Hispanic/Latino,Non-white,Hispanic/Latino,South,,,,About right,Male,Latino men,Non married men,,Suburbs,Suburbs,Bernie Sanders,Spanish,Florida,Other,Telephone survey,,,,,No,Neither of them,No,Version 1,,Can beat Donald Trump
277278038.0,3.70860958099365,Bernie Sanders,18-29,18-29,18-24,18-44,18-49,18-29,18-24,Non-Black 18-29,Latino 18-29,Latino 18-29,Complete,,Not liberal enough,,15.0,No,"Yes, other Hispanic",,Bachelor's degree (BA or BS),College graduate,More than high school graduate,Non white college degree,Non-whites,,,,3.0,Omit,Income inequality,Yes,,Bernie Sanders,No,,18-44,18-64,Independent/Something else,Non-black non-Democrat,Latino Independent,Independent men,Something else,All others,Very liberal,Liberal,Liberal,,Yes,No,Cares about people like me,Other,Hispanic/Latino,State questionnaire,Hispanic/Latino,Non-white,Hispanic/Latino,South,,,,About right,Male,Latino men,Non married men,,"Cities 50,000-500,000","Cities over 50,000",Bernie Sanders,English,Florida,Other,Telephone survey,,,,,Omit,Omit,No,Version 1,,Agrees with you on major issues
277278039.0,0.431173771619797,Joe Biden,65+,60+,65 or over,45+,50+,60+,65+,Non-Black 60+,White 60+,White 65+,Complete,,About right,,5.0,No,No,,Bachelor's degree (BA or BS),College graduate,More than high school graduate,White college degree,White men college graduates,,,,1.0,Joe Biden,Health care,No,,Joe Biden,No,,45+,65+,Democrat,Non-black Democrat,White Democrat,Democratic men,Democrat,White Democrat,Very liberal,Liberal,Liberal,,Yes,No,Has the right temperament,White,White,State questionnaire,White,White,White,South,,,,Too liberal,Male,White men,Non married men,,"Cities over 500,000","Cities over 50,000",Joe Biden,English,Florida,Other,Telephone survey,,,,,Omit,Omit,No,Version 1,,Can beat Donald Trump
277278040.0,0.547977328300476,Joe Biden,65+,60+,65 or over,45+,50+,60+,65+,Non-Black 60+,White 60+,White 65+,Complete,,Not liberal enough,,13.0,No,No,,Bachelor's degree (BA or BS),College graduate,More than high school graduate,White college degree,White women college graduates,,,,3.0,Bernie Sanders,Health care,No,,Joe Biden,No,,45+,65+,Democrat,Non-black Democrat,White Democrat,Democratic women,Democrat,White Democrat,Very liberal,Liberal,Liberal,,Yes,No,Has the right temperament,White,White,State questionnaire,White,White,White,South,,,,About right,Female,White women,Non married women,,"Cities 50,000-500,000","Cities over 50,000",Bernie Sanders,English,Florida,Other,Telephone survey,,,,,No,Neither of them,No,Version 1,,Can beat Donald Trump
277278041.0,0.961805164813995,Bernie Sanders,45-65,30-59,45-49,45+,18-49,45-59,40-49,Non-Black 45-59,White 45-59,White 45-64,Complete,,About right,,12.0,No,No,,"An advanced degree after a bachelor's degree (such as JD, MA, MBA, MD, PhD)",College graduate,More than high school graduate,White college degree,White women college graduates,,,,3.0,Joe Biden,Health care,No,,Bernie Sanders,Yes,,45+,18-64,Democrat,Non-black Democrat,White Democrat,Democratic women,Democrat,White Democrat,Somewhat liberal,Liberal,Liberal,,Yes,No,Cares about people like me,White,White,State questionnaire,White,White,White,South,,,,About right,Female,White women,Married women,,Suburbs,Suburbs,Bernie Sanders,English,Florida,White suburban women,Telephone survey,,,,,Omit,Omit,Omit,Version 1,,Can beat Donald Trump
277278042.0,1.422807097435,Other,65+,60+,65 or over,45+,50+,60+,65+,Non-Black 60+,White 60+,White 65+,Complete,,Omit,,5.0,No,No,,"An advanced degree after a bachelor's degree (such as JD, MA, MBA, MD, PhD)",College graduate,More than high school graduate,White college degree,White men college graduates,,,,1.0,Omit,Omit,No,,Omit,Yes,,45+,65+,Democrat,Non-black Democrat,White Democrat,Democratic men,Democrat,White Democrat,Very liberal,Liberal,Liberal,,Yes,No,Omit,White,White,State questionnaire,White,White,White,South,,,,Omit,Male,White men,Married men,,"Cities over 500,000","Cities over 50,000",Omit,English,Florida,Other,Telephone survey,,,,,Omit,Omit,Omit,Version 1,,Omit
277278043.0,1.00400269031525,Joe Biden,45-65,60+,60-64,45+,50+,60+,50-64,,,,Complete,,About right,,18.0,,,,Associate's degree (AA or AS),No college degree,More than high school graduate,,,,,,5.0,Joe Biden,Climate change,,,Joe Biden,No,,45+,18-64,Democrat,,,Democratic men,Democrat,,Somewhat liberal,Liberal,Liberal,,Yes,,Can bring needed change,,,State questionnaire,,,,South,,,,About right,Male,,Non married men,,"Cities 50,000-500,000","Cities over 50,000",Bernie Sanders,,Florida,Other,Telephone survey,,,,,Omit,Omit,Omit,Version 1,,Can beat Donald Trump
277278044.0,0.482861369848251,Joe Biden,65+,60+,65 or over,45+,50+,60+,65+,Non-Black 60+,White 60+,White 65+,Complete,,About right,,12.0,No,No,,Associate's degree (AA or AS),No college degree,More than high school graduate,White no college degree,White men non college graduates,,,,3.0,Joe Biden,Climate change,No,,Joe Biden,No,,45+,65+,Democrat,Non-black Democrat,White Democrat,Democratic men,Democrat,White Democrat,Somewhat liberal,Liberal,Liberal,,Yes,No,Has the right temperament,White,White,State questionnaire,White,White,White,South,,,,Too liberal,Male,White men,Non married men,,Suburbs,Suburbs,Joe Biden,English,Florida,White suburban men,Telephone survey,,,,,Yes,Both of them,Yes,Version 1,,Can beat Donald Trump
277278045.0,0.612561464309692,Joe Biden,45-65,60+,60-64,45+,50+,60+,50-64,Non-Black 60+,White 60+,White 45-64,Complete,,About right,,18.0,No,No,,"An advanced degree after a bachelor's degree (such as JD, MA, MBA, MD, PhD)",College graduate,More than high school graduate,White college degree,White women college graduates,,,,5.0,Joe Biden,Health care,No,,Joe Biden,Yes,,45+,18-64,Democrat,Non-black Democrat,White Democrat,Democratic women,Democrat,White Democrat,Very liberal,Liberal,Liberal,,Yes,No,Can bring needed change,White,White,State questionnaire,White,White,White,South,,,,Too liberal,Female,White women,Married women,,Suburbs,Suburbs,Joe Biden,English,Florida,White suburban women,Telephone survey,,,,,No,Neither of them,No,Version 1,,Can beat Donald Trump
277278046.0,0.971795499324799,Bernie Sanders,30-44,30-59,30-39,18-44,18-49,30-44,30-39,Non-Black 30-44,White 30-44,White 30-44,Complete,,Not liberal enough,,1.0,No,No,,Bachelor's degree (BA or BS),College graduate,More than high school graduate,White college degree,White men college graduates,,,,1.0,Bernie Sanders,Health care,No,,Bernie Sanders,No,,18-44,18-64,Democrat,Non-black Democrat,White Democrat,Democratic men,Democrat,White Democrat,Very liberal,Liberal,Liberal,,Yes,No,Cares about people like me,White,White,State questionnaire,White,White,White,South,,,,About right,Male,White men,Non married men,,"Cities 50,000-500,000","Cities over 50,000",Bernie Sanders,English,Florida,Other,Telephone survey,,,,,Yes,Only Biden did,No,Version 1,,Can beat Donald Trump
277278047.0,2.36170673370361,Joe Biden,45-65,30-59,50-59,45+,50+,45-59,50-64,Non-Black 45-59,Latino 45-59,Latino 45-64,Complete,,About right,,5.0,No,"Yes, other Hispanic",,Attended college but received no degree,No college degree,More than high school graduate,Non white no college degree,Non-whites,,,,2.0,Joe Biden,Omit,Yes,,Joe Biden,Yes,,45+,18-64,Independent/Something else,Non-black non-Democrat,Latino Independent,Independent men,Independent,All others,Moderate,Moderate or Conservative,Moderate,,Yes,No,Has the right temperament,Other,White,State questionnaire,Hispanic/Latino,Non-white,Hispanic/Latino,South,,,,About right,Male,Latino men,Married men,,Suburbs,Suburbs,Joe Biden,English,Florida,Other,Telephone survey,,,,,No,Neither of them,No,Version 1,,Can beat Donald Trump
277278048.0,0.68362283706665,Joe Biden,30-44,30-59,30-39,18-44,18-49,30-44,30-39,Non-Black 30-44,White 30-44,White 30-44,Complete,,About right,,14.0,No,No,,Bachelor's degree (BA or BS),College graduate,More than high school graduate,White college degree,White men college graduates,,,,3.0,Joe Biden,Omit,No,,Joe Biden,No,,18-44,18-64,Democrat,Non-black Democrat,White Democrat,Democratic men,Democrat,White Democrat,Somewhat liberal,Liberal,Liberal,,Yes,No,Has the right temperament,White,White,State questionnaire,White,White,White,South,,,,About right,Male,White men,Non married men,,"Cities 50,000-500,000","Cities over 50,000",Bernie Sanders,English,Florida,Other,Telephone survey,,,,,No,Neither of them,No,Version 1,,Can beat Donald Trump
277278049.0,0.612561464309692,Joe Biden,45-65,60+,60-64,45+,50+,60+,50-64,Non-Black 60+,White 60+,White 45-64,Complete,,About right,,21.0,No,No,,Bachelor's degree (BA or BS),College graduate,More than high school graduate,White college degree,White women college graduates,,,,5.0,Joe Biden,Health care,No,,Joe Biden,Yes,,45+,18-64,Democrat,Non-black Democrat,White Democrat,Democratic women,Democrat,White Democrat,Moderate,Moderate or Conservative,Moderate,,Yes,No,Has the right temperament,White,White,State questionnaire,White,White,White,South,,,,Too liberal,Female,White women,Married women,,Suburbs,Suburbs,Joe Biden,English,Florida,White suburban women,Telephone survey,,,,,No,Neither of them,No,Version 1,,Can beat Donald Trump
277278050.0,0.571486413478851,Bernie Sanders,30-44,30-59,30-39,18-44,18-49,30-44,30-39,Non-Black 30-44,White 30-44,White 30-44,Complete,,Not liberal enough,,5.0,No,No,,"An advanced degree after a bachelor's degree (such as JD, MA, MBA, MD, PhD)",College graduate,More than high school graduate,White college degree,White men college graduates,,,,2.0,Bernie Sanders,Health care,No,,Joe Biden,No,,18-44,18-64,Democrat,Non-black Democrat,White Democrat,Democratic men,Democrat,White Democrat,Very liberal,Liberal,Liberal,,Yes,No,Can bring needed change,White,White,State questionnaire,White,White,White,South,,,,About right,Male,White men,Non married men,,Suburbs,Suburbs,Bernie Sanders,English,Florida,White suburban men,Telephone survey,,,,,No,Neither of them,No,Version 1,,Can beat Donald Trump
277278051.0,0.648781597614288,Joe Biden,65+,60+,65 or over,45+,50+,60+,65+,Non-Black 60+,White 60+,White 65+,Complete,,About right,,18.0,No,No,,Attended college but received no degree,No college degree,More than high school graduate,White no college degree,White women non college graduates,,,,5.0,Joe Biden,Health care,No,,Joe Biden,Yes,,45+,65+,Democrat,Non-black Democrat,White Democrat,Democratic women,Democrat,White Democrat,Somewhat liberal,Liberal,Liberal,,Yes,No,Has the right temperament,White,White,State questionnaire,White,White,White,South,,,,Too liberal,Female,White women,Married women,,"Cities 50,000-500,000","Cities over 50,000",Joe Biden,English,Florida,Other,Telephone survey,,,,,No,Neither of them,No,Version 1,,Can beat Donald Trump
277278052.0,1.21102821826935,Other,65+,60+,65 or over,45+,50+,60+,65+,Non-Black 60+,White 60+,White 65+,Complete,,Omit,,5.0,No,No,,Never attended college,No college degree,High school graduate or less,White no college degree,White men non college graduates,,,,1.0,Omit,Income inequality,No,,Joe Biden,No,,45+,65+,Democrat,Non-black Democrat,White Democrat,Democratic men,Democrat,White Democrat,Conservative,Moderate or Conservative,Conservative,,Yes,No,Cares about people like me,White,White,State questionnaire,White,White,White,South,,,,Omit,Male,White men,Non married men,,"Cities over 500,000","Cities over 50,000",Omit,English,Florida,Other,Telephone survey,,,,,No,Only Sanders did,Yes,Version 1,,Can beat Donald Trump
277278053.0,0.763467669487,Joe Biden,45-65,30-59,45-49,45+,18-49,45-59,40-49,Non-Black 45-59,All others,All others,Complete,,About right,,4.0,No,No,,"An advanced degree after a bachelor's degree (such as JD, MA, MBA, MD, PhD)",College graduate,More than high school graduate,Non white college degree,Non-whites,,,,1.0,Joe Biden,Race relations,No,,Joe Biden,Yes,,45+,18-64,Democrat,Non-black Democrat,All Other,Democratic women,Democrat,Non-White Democrats,Moderate,Moderate or Conservative,Moderate,,Yes,No,Cares about people like me,Other,Other,State questionnaire,Other,Non-white,Other,South,,,,About right,Female,All other races,Married women,,Suburbs,Suburbs,Joe Biden,English,Florida,Other,Telephone survey,,,,,No,Neither of them,No,Version 1,,Can beat Donald Trump
277278054.0,1.00219941139221,Other,65+,60+,65 or over,45+,50+,60+,65+,Non-Black 60+,White 60+,White 65+,Complete,,About right,,17.0,No,No,,"An advanced degree after a bachelor's degree (such as JD, MA, MBA, MD, PhD)",College graduate,More than high school graduate,White college degree,White women college graduates,,,,4.0,Joe Biden,Climate change,No,,Joe Biden,No,,45+,65+,Democrat,Non-black Democrat,White Democrat,Democratic women,Democrat,White Democrat,Very liberal,Liberal,Liberal,,Yes,No,Can unite the country,White,White,State questionnaire,White,White,White,South,,,,About right,Female,White women,Non married women,,Suburbs,Suburbs,Joe Biden,English,Florida,White suburban women,Telephone survey,,,,,No,Neither of them,No,Version 1,,Can beat Donald Trump
277278055.0,0.868302524089813,Joe Biden,30-44,30-59,40-44,18-44,18-49,30-44,40-49,Non-Black 30-44,White 30-44,White 30-44,Complete,,About right,,17.0,No,No,,Bachelor's degree (BA or BS),College graduate,More than high school graduate,White college degree,White men college graduates,,,,4.0,Joe Biden,Health care,No,,Joe Biden,Yes,,18-44,18-64,Democrat,Non-black Democrat,White Democrat,Democratic men,Democrat,White Democrat,Somewhat liberal,Liberal,Liberal,,Yes,No,Can unite the country,White,White,State questionnaire,White,White,White,South,,,,Too liberal,Male,White men,Married men,,"Cities 50,000-500,000","Cities over 50,000",Omit,English,Florida,Other,Telephone survey,,,,,Omit,Omit,Omit,Version 1,,Can beat Donald Trump
277278056.0,2.36341977119446,Joe Biden,45-65,60+,60-64,45+,50+,60+,50-64,Black 60+,Black 60+,Black 45-64,Complete,,About right,,24.0,No,No,,Attended college but received no degree,No college degree,More than high school graduate,Non white no college degree,Non-whites,,,,5.0,Omit,Omit,No,,Omit,Yes,,45+,18-64,Democrat,Black Democrat,Black Democrat,Democratic women,Democrat,Non-White Democrats,Very liberal,Liberal,Liberal,,Yes,No,Can unite the country,Black,Black,State questionnaire,Black,Non-white,Black,South,,,,Too liberal,Female,Black women,Married women,,Suburbs,Suburbs,Bernie Sanders,English,Florida,Other,Telephone survey,,,,,No,Only Sanders did,Yes,Version 1,,Omit
277278057.0,0.377285569906235,Joe Biden,65+,60+,65 or over,45+,50+,60+,65+,Non-Black 60+,White 60+,White 65+,Complete,,About right,,12.0,No,No,,"An advanced degree after a bachelor's degree (such as JD, MA, MBA, MD, PhD)",College graduate,More than high school graduate,White college degree,White women college graduates,,,,3.0,Joe Biden,Omit,No,,Joe Biden,No,,45+,65+,Democrat,Non-black Democrat,White Democrat,Democratic women,Democrat,White Democrat,Somewhat liberal,Liberal,Liberal,,Yes,No,Can unite the country,White,White,State questionnaire,White,White,White,South,,,,Too liberal,Female,White women,Non married women,,Suburbs,Suburbs,Bernie Sanders,English,Florida,White suburban women,Telephone survey,,,,,No,Neither of them,No,Version 1,,Can beat Donald Trump
277278058.0,1.49898529052734,Bernie Sanders,18-29,18-29,25-29,18-44,18-49,18-29,25-29,Black 18-29,Black 18-29,Black 18-29,Complete,,Not liberal enough,,22.0,No,No,,Bachelor's degree (BA or BS),College graduate,More than high school graduate,Non white college degree,Non-whites,,,,5.0,Bernie Sanders,Race relations,No,,Bernie Sanders,No,,18-44,18-64,Democrat,Black Democrat,Black Democrat,Democratic women,Democrat,Non-White Democrats,Moderate,Moderate or Conservative,Moderate,,Yes,No,Has the right temperament,Black,Black,State questionnaire,Black,Non-white,Black,South,,,,About right,Female,Black women,Non married women,,"Cities 50,000-500,000","Cities over 50,000",Bernie Sanders,English,Florida,Other,Telephone survey,,,,,No,Neither of them,No,Version 1,,Agrees with you on major issues
277278059.0,1.57070517539978,Joe Biden,45-65,30-59,50-59,45+,50+,45-59,50-64,Black 45-59,Black 45-59,Black 45-64,Complete,,About right,,4.0,No,No,,Bachelor's degree (BA or BS),College graduate,More than high school graduate,Non white college degree,Non-whites,,,,1.0,Joe Biden,Health care,No,,Joe Biden,Yes,,45+,18-64,Democrat,Black Democrat,Black Democrat,Democratic men,Democrat,Non-White Democrats,Somewhat liberal,Liberal,Liberal,,Yes,No,Cares about people like me,Black,Black,State questionnaire,Black,Non-white,Black,South,,,,Too liberal,Male,Black men,Married men,,"Cities over 500,000","Cities over 50,000",Joe Biden,English,Florida,Other,Telephone survey,,,,,No,Neither of them,No,Version 1,,Agrees with you on major issues
277278060.0,0.862382233142853,Bernie Sanders,18-29,18-29,25-29,18-44,18-49,18-29,25-29,Non-Black 18-29,White 18-29,White 18-29,Complete,,Not liberal enough,,21.0,No,No,,Associate's degree (AA or AS),No college degree,More than high school graduate,White no college degree,White women non college graduates,,,,5.0,Bernie Sanders,Income inequality,No,,Bernie Sanders,Yes,,18-44,18-64,Independent/Something else,Non-black non-Democrat,White Independent,Independent women,Something else,White Independent,Somewhat liberal,Liberal,Liberal,,Yes,No,Can bring needed change,White,White,State questionnaire,White,White,White,South,,,,About right,Female,White women,Married women,,Suburbs,Suburbs,Bernie Sanders,English,Florida,White suburban women,Telephone survey,,,,,Yes,Only Biden did,No,Version 1,,Agrees with you on major issues
277278061.0,2.20229077339172,Joe Biden,30-44,30-59,30-39,18-44,18-49,30-44,30-39,Black 30-44,Black 30-44,Black 30-44,Complete,,About right,,10.0,No,No,,Associate's degree (AA or AS),No college degree,More than high school graduate,Non white no college degree,Non-whites,,,,4.0,Joe Biden,Income inequality,No,,Joe Biden,Yes,,18-44,18-64,Democrat,Black Democrat,Black Democrat,Democratic men,Democrat,Non-White Democrats,Very liberal,Liberal,Liberal,,Yes,No,Has the right temperament,Black,Black,State questionnaire,Black,Non-white,Black,South,,,,Too liberal,Male,Black men,Married men,,Suburbs,Suburbs,Joe Biden,English,Florida,Other,Telephone survey,,,,,No,Neither of them,No,Version 1,,Agrees with you on major issues
277278062.0,0.983167886734009,Joe Biden,65+,60+,65 or over,45+,50+,60+,65+,Black 60+,Black 60+,Black 65+,Complete,,About right,,9.0,No,No,,"An advanced degree after a bachelor's degree (such as JD, MA, MBA, MD, PhD)",College graduate,More than high school graduate,Non white college degree,Non-whites,,,,4.0,Joe Biden,Income inequality,No,,Joe Biden,No,,45+,65+,Independent/Something else,Black non-Democrat,Black Independent,Independent women,Independent,All others,Moderate,Moderate or Conservative,Moderate,,Yes,No,Can unite the country,Black,Black,State questionnaire,Black,Non-white,Black,South,,,,Too liberal,Female,Black women,Non married women,,Suburbs,Suburbs,Joe Biden,English,Florida,Other,Telephone survey,,,,,No,Neither of them,No,Version 1,,Can beat Donald Trump
277278063.0,1.76947641372681,Bernie Sanders,18-29,18-29,18-24,18-44,18-49,18-29,18-24,Non-Black 18-29,Latino 18-29,Latino 18-29,Complete,,Not liberal enough,,23.0,Yes,"Yes, Cuban",,Bachelor's degree (BA or BS),College graduate,More than high school graduate,Non white college degree,Non-whites,,,,5.0,Bernie Sanders,Climate change,Yes,,Bernie Sanders,No,,18-44,18-64,Democrat,Non-black Democrat,Latino Democrat,Democratic women,Democrat,Non-White Democrats,Somewhat liberal,Liberal,Liberal,,Yes,No,Can bring needed change,Other,Hispanic/Latino,State questionnaire,Hispanic/Latino,Non-white,Hispanic/Latino,South,,,,About right,Female,Latino women,Non married women,,"Cities 50,000-500,000","Cities over 50,000",Bernie Sanders,English,Florida,Other,Telephone survey,,,,,Yes,Only Biden did,No,Version 1,,Can beat Donald Trump
277278064.0,0.783974468708038,Joe Biden,45-65,60+,60-64,45+,50+,60+,50-64,Non-Black 60+,White 60+,White 45-64,Complete,,Not liberal enough,,22.0,No,No,,Associate's degree (AA or AS),No college degree,More than high school graduate,White no college degree,White men non college graduates,,,,5.0,Bernie Sanders,Health care,No,,Bernie Sanders,Yes,,45+,18-64,Democrat,Non-black Democrat,White Democrat,Democratic men,Democrat,White Democrat,Somewhat liberal,Liberal,Liberal,,Yes,No,Omit,White,White,State questionnaire,White,White,White,South,,,,About right,Male,White men,Married men,,Suburbs,Suburbs,Bernie Sanders,English,Florida,White suburban men,Telephone survey,,,,,Omit,Omit,Omit,Version 1,,Can beat Donald Trump
277278065.0,1.31627869606018,Joe Biden,45-65,60+,60-64,45+,50+,60+,50-64,Black 60+,Black 60+,Black 45-64,Complete,,About right,,20.0,No,No,,Bachelor's degree (BA or BS),College graduate,More than high school graduate,Non white college degree,Non-whites,,,,5.0,Bernie Sanders,Omit,No,,Joe Biden,No,,45+,18-64,Democrat,Black Democrat,Black Democrat,Democratic women,Democrat,Non-White Democrats,Moderate,Moderate or Conservative,Moderate,,Yes,No,Can unite the country,Black,Black,State questionnaire,Black,Non-white,Black,South,,,,Too liberal,Female,Black women,Non married women,,"Cities 50,000-500,000","Cities over 50,000",Joe Biden,English,Florida,Other,Telephone survey,,,,,No,Neither of them,No,Version 1,,Agrees with you on major issues
277278066.0,1.75952017307281,Joe Biden,30-44,30-59,40-44,18-44,18-49,30-44,40-49,Black 30-44,Black 30-44,Black 30-44,Complete,,About right,,27.0,No,No,,Associate's degree (AA or AS),No college degree,More than high school graduate,Non white no college degree,Non-whites,,,,5.0,Joe Biden,Income inequality,No,,Joe Biden,Yes,,18-44,18-64,Independent/Something else,Black non-Democrat,Black Independent,Independent women,Independent,All others,Moderate,Moderate or Conservative,Moderate,,Yes,No,Can bring needed change,Black,Black,State questionnaire,Black,Non-white,Black,South,,,,Too liberal,Female,Black women,Married women,,"Cities 50,000-500,000","Cities over 50,000",Joe Biden,English,Florida,Other,Telephone survey,,,,,No,Neither of them,No,Version 1,,Can beat Donald Trump
277278067.0,1.41893708705902,Joe Biden,30-44,30-59,30-39,18-44,18-49,30-44,30-39,Black 30-44,Black 30-44,Black 30-44,Complete,,About right,,12.0,No,No,,Bachelor's degree (BA or BS),College graduate,More than high school graduate,Non white college degree,Non-whites,,,,3.0,Joe Biden,Race relations,No,,Omit,No,,18-44,18-64,Democrat,Black Democrat,Black Democrat,Democratic women,Democrat,Non-White Democrats,Moderate,Moderate or Conservative,Moderate,,Yes,No,Can unite the country,Black,Black,State questionnaire,Black,Non-white,Black,South,,,,About right,Female,Black women,Non married women,,"Cities 50,000-500,000","Cities over 50,000",Joe Biden,English,Florida,Other,Telephone survey,,,,,No,Neither of them,No,Version 1,,Can beat Donald Trump
277278068.0,1.24746286869049,Bernie Sanders,30-44,30-59,30-39,18-44,18-49,30-44,30-39,Black 30-44,Black 30-44,Black 30-44,Complete,,Not liberal enough,,22.0,No,No,,Attended college but received no degree,No college degree,More than high school graduate,Non white no college degree,Non-whites,,,,5.0,Bernie Sanders,Health care,No,,Bernie Sanders,No,,18-44,18-64,Democrat,Black Democrat,Black Democrat,Democratic men,Democrat,Non-White Democrats,Somewhat liberal,Liberal,Liberal,,Yes,No,Can bring needed change,Black,Black,State questionnaire,Black,Non-white,Black,South,,,,About right,Male,Black men,Non married men,,"Cities 50,000-500,000","Cities over 50,000",Bernie Sanders,English,Florida,Other,Telephone survey,,,,,Yes,Only Biden did,No,Version 1,,Can beat Donald Trump
277278069.0,0.491840183734894,Bernie Sanders,30-44,30-59,40-44,18-44,18-49,30-44,40-49,Non-Black 30-44,White 30-44,White 30-44,Complete,,Not liberal enough,,22.0,No,No,,Bachelor's degree (BA or BS),College graduate,More than high school graduate,White college degree,White men college graduates,,,,5.0,Bernie Sanders,Income inequality,No,,Bernie Sanders,No,,18-44,18-64,Democrat,Non-black Democrat,White Democrat,Democratic men,Democrat,White Democrat,Somewhat liberal,Liberal,Liberal,,Yes,No,Can unite the country,White,White,State questionnaire,White,White,White,South,,,,About right,Male,White men,Non married men,,"Cities 50,000-500,000","Cities over 50,000",Bernie Sanders,English,Florida,Other,Telephone survey,,,,,Yes,Only Biden did,No,Version 1,,Can beat Donald Trump
277278070.0,2.35525321960449,Joe Biden,30-44,30-59,30-39,18-44,18-49,30-44,30-39,Black 30-44,Black 30-44,Black 30-44,Complete,,Not liberal enough,,2.0,No,No,,"An advanced degree after a bachelor's degree (such as JD, MA, MBA, MD, PhD)",College graduate,More than high school graduate,Non white college degree,Non-whites,,,,1.0,Joe Biden,Income inequality,No,,Joe Biden,Yes,,18-44,18-64,Independent/Something else,Black non-Democrat,Black Independent,Independent men,Independent,All others,Moderate,Moderate or Conservative,Moderate,,Yes,No,Can bring needed change,Black,Black,State questionnaire,Black,Non-white,Black,South,,,,Too liberal,Male,Black men,Married men,,"Cities 50,000-500,000","Cities over 50,000",Bernie Sanders,English,Florida,Other,Telephone survey,,,,,Omit,Omit,Omit,Version 1,,Agrees with you on major issues
277278071.0,0.950700044631958,Bernie Sanders,30-44,30-59,30-39,18-44,18-49,30-44,30-39,Non-Black 30-44,White 30-44,White 30-44,Complete,,Not liberal enough,,14.0,No,No,,Bachelor's degree (BA or BS),College graduate,More than high school graduate,White college degree,White men college graduates,,,,3.0,Bernie Sanders,Health care,No,,Bernie Sanders,,,18-44,18-64,Democrat,Non-black Democrat,White Democrat,Democratic men,Democrat,White Democrat,Somewhat liberal,Liberal,Liberal,,Yes,No,Cares about people like me,White,White,State questionnaire,White,White,White,South,,,,About right,Male,White men,,,"Cities 50,000-500,000","Cities over 50,000",Bernie Sanders,English,Florida,Other,Telephone survey,,,,,No,Neither of them,No,Version 1,,Can beat Donald Trump
277278072.0,2.00567531585693,Joe Biden,45-65,30-59,50-59,45+,50+,45-59,50-64,Non-Black 45-59,Latino 45-59,Latino 45-64,Complete,,Not liberal enough,,13.0,No,"Yes, other Hispanic",,Never attended college,No college degree,High school graduate or less,Non white no college degree,Non-whites,,,,3.0,Bernie Sanders,Income inequality,Yes,,Joe Biden,Yes,,45+,18-64,Democrat,Non-black Democrat,Latino Democrat,Democratic women,Democrat,Non-White Democrats,Somewhat liberal,Liberal,Liberal,,Yes,No,Has the right temperament,Other,Hispanic/Latino,State questionnaire,Hispanic/Latino,Non-white,Hispanic/Latino,South,,,,Too liberal,Female,Latino women,Married women,,"Cities 50,000-500,000","Cities over 50,000",Joe Biden,English,Florida,Other,Telephone survey,,,,,No,Only Sanders did,Yes,Version 1,,Can beat Donald Trump
277278073.0,1.15059578418732,Bernie Sanders,30-44,30-59,30-39,18-44,18-49,30-44,30-39,Non-Black 30-44,Latino 30-44,Latino 30-44,Complete,,Not liberal enough,,27.0,Yes,"Yes, Cuban",,"An advanced degree after a bachelor's degree (such as JD, MA, MBA, MD, PhD)",College graduate,More than high school graduate,Non white college degree,Non-whites,,,,5.0,Bernie Sanders,Health care,Yes,,Bernie Sanders,Yes,,18-44,18-64,Democrat,Non-black Democrat,Latino Democrat,Democratic women,Democrat,Non-White Democrats,Very liberal,Liberal,Liberal,,Yes,No,Cares about people like me,Other,Hispanic/Latino,State questionnaire,Hispanic/Latino,Non-white,Hispanic/Latino,South,,,,About right,Female,Latino women,Married women,,"Cities 50,000-500,000","Cities over 50,000",Bernie Sanders,English,Florida,Other,Telephone survey,,,,,Yes,Only Biden did,No,Version 1,,Agrees with you on major issues
277278074.0,0.317371875047684,Tulsi Gabbard,45-65,30-59,50-59,45+,50+,45-59,50-64,Non-Black 45-59,White 45-59,White 45-64,Complete,,About right,,7.0,No,No,,Attended college but received no degree,No college degree,More than high school graduate,White no college degree,White men non college graduates,,,,2.0,Omit,Omit,No,,Omit,Yes,,45+,18-64,Democrat,Non-black Democrat,White Democrat,Democratic men,Democrat,White Democrat,Conservative,Moderate or Conservative,Conservative,,Yes,No,Has the right temperament,White,White,State questionnaire,White,White,White,South,,,,Too liberal,Male,White men,Married men,,Suburbs,Suburbs,Joe Biden,English,Florida,White suburban men,Telephone survey,,,,,No,Neither of them,No,Version 1,,Omit
277278075.0,1.23153352737427,Joe Biden,18-29,18-29,25-29,18-44,18-49,18-29,25-29,Non-Black 18-29,White 18-29,White 18-29,Complete,,About right,,15.0,No,No,,"An advanced degree after a bachelor's degree (such as JD, MA, MBA, MD, PhD)",College graduate,More than high school graduate,White college degree,White women college graduates,,,,4.0,Joe Biden,Health care,No,,Joe Biden,No,,18-44,18-64,Democrat,Non-black Democrat,White Democrat,Democratic women,Democrat,White Democrat,Somewhat liberal,Liberal,Liberal,,Yes,No,Can unite the country,White,White,State questionnaire,White,White,White,South,,,,Too liberal,Female,White women,Non married women,,"Cities 50,000-500,000","Cities over 50,000",Joe Biden,English,Florida,Other,Telephone survey,,,,,No,Neither of them,No,Version 1,,Can beat Donald Trump
277278076.0,0.922108769416809,Joe Biden,65+,60+,65 or over,45+,50+,60+,65+,Black 60+,Black 60+,Black 65+,Complete,,About right,,10.0,No,No,,"An advanced degree after a bachelor's degree (such as JD, MA, MBA, MD, PhD)",College graduate,More than high school graduate,Non white college degree,Non-whites,,,,2.0,Joe Biden,Income inequality,No,,Joe Biden,No,,45+,65+,Democrat,Black Democrat,Black Democrat,Democratic women,Democrat,Non-White Democrats,Somewhat liberal,Liberal,Liberal,,Yes,No,Has the right temperament,Black,Black,State questionnaire,Black,Non-white,Black,South,,,,About right,Female,Black women,Non married women,,"Cities 50,000-500,000","Cities over 50,000",Joe Biden,English,Florida,Other,Telephone survey,,,,,No,Neither of them,No,Version 1,,Can beat Donald Trump
277278077.0,0.444258332252502,Joe Biden,65+,60+,65 or over,45+,50+,60+,65+,Non-Black 60+,White 60+,White 65+,Complete,,About right,,6.0,No,No,,Bachelor's degree (BA or BS),College graduate,More than high school graduate,White college degree,White men college graduates,,,,2.0,Joe Biden,Omit,No,,Joe Biden,Yes,,45+,65+,Democrat,Non-black Democrat,White Democrat,Democratic men,Democrat,White Democrat,Very liberal,Liberal,Liberal,,Yes,No,Cares about people like me,White,White,State questionnaire,White,White,White,South,,,,Too liberal,Male,White men,Married men,,Suburbs,Suburbs,Joe Biden,English,Florida,White suburban men,Telephone survey,,,,,No,Only Sanders did,Yes,Version 1,,Agrees with you on major issues
277278078.0,0.374073654413223,Joe Biden,65+,60+,65 or over,45+,50+,60+,65+,Non-Black 60+,White 60+,White 65+,Complete,,Not liberal enough,,26.0,No,No,,"An advanced degree after a bachelor's degree (such as JD, MA, MBA, MD, PhD)",College graduate,More than high school graduate,White college degree,White men college graduates,,,,5.0,Bernie Sanders,Climate change,No,,Joe Biden,Yes,,45+,65+,Democrat,Non-black Democrat,White Democrat,Democratic men,Democrat,White Democrat,Very liberal,Liberal,Liberal,,Yes,No,Can bring needed change,White,White,State questionnaire,White,White,White,South,,,,About right,Male,White men,Married men,,Rural,Small Cities/Rural,Bernie Sanders,English,Florida,Other,Telephone survey,,,,,No,Neither of them,No,Version 1,,Can beat Donald Trump
277278079.0,0.885726451873779,Bernie Sanders,45-65,30-59,50-59,45+,50+,45-59,50-64,Non-Black 45-59,All others,All others,Complete,,Not liberal enough,,11.0,No,No,,Bachelor's degree (BA or BS),College graduate,More than high school graduate,Non white college degree,Non-whites,,,,4.0,Joe Biden,Health care,No,,Bernie Sanders,No,,45+,18-64,Republican,Non-black non-Democrat,All Republicans,Republican women,Republican,All others,Moderate,Moderate or Conservative,Moderate,,Yes,No,Cares about people like me,Other,American Indian,State questionnaire,Other,Non-white,American Indian,South,,,,About right,Female,All other races,Non married women,,Suburbs,Suburbs,Bernie Sanders,English,Florida,Other,Telephone survey,,,,,Yes,Only Biden did,No,Version 1,,Can beat Donald Trump
277278080.0,0.155102893710136,Joe Biden,,,,,,,,,,,Complete,,About right,,8.0,No,No,,Attended college but received no degree,No college degree,More than high school graduate,White no college degree,White women non college graduates,,,,2.0,Joe Biden,Climate change,No,,Omit,Yes,,,,Independent/Something else,Non-black non-Democrat,White Independent,Independent women,Something else,White Independent,Somewhat liberal,Liberal,Liberal,,Yes,No,Cares about people like me,White,White,State questionnaire,White,White,White,South,,,,Omit,Female,White women,Married women,,"Cities 50,000-500,000","Cities over 50,000",Joe Biden,English,Florida,Other,Telephone survey,,,,,No,Neither of them,No,Version 1,,Agrees with you on major issues
277278081.0,0.429125130176544,Joe Biden,65+,60+,65 or over,45+,50+,60+,65+,Non-Black 60+,White 60+,White 65+,Complete,,Not liberal enough,,10.0,No,No,,"An advanced degree after a bachelor's degree (such as JD, MA, MBA, MD, PhD)",College graduate,More than high school graduate,White college degree,White women college graduates,,,,2.0,Joe Biden,Health care,No,,Joe Biden,Yes,,45+,65+,Democrat,Non-black Democrat,White Democrat,Democratic women,Democrat,White Democrat,Somewhat liberal,Liberal,Liberal,,Yes,No,Can bring needed change,White,White,State questionnaire,White,White,White,South,,,,Too liberal,Female,White women,Married women,,Suburbs,Suburbs,Joe Biden,English,Florida,White suburban women,Telephone survey,,,,,No,Neither of them,No,Version 1,,Can beat Donald Trump
277278082.0,0.377285569906235,Joe Biden,65+,60+,65 or over,45+,50+,60+,65+,Non-Black 60+,All others,All others,Complete,,About right,,12.0,No,No,,Bachelor's degree (BA or BS),College graduate,More than high school graduate,Non white college degree,Non-whites,,,,3.0,Joe Biden,Climate change,No,,Joe Biden,Yes,,45+,65+,Democrat,Non-black Democrat,All Other,Democratic women,Democrat,Non-White Democrats,Very liberal,Liberal,Liberal,,Yes,No,Can unite the country,Other,Other,State questionnaire,Other,Non-white,Other,South,,,,Too liberal,Female,All other races,Married women,,"Cities 50,000-500,000","Cities over 50,000",Joe Biden,English,Florida,Other,Telephone survey,,,,,No,Neither of them,No,Version 1,,Can beat Donald Trump
277278083.0,0.848938584327698,Bernie Sanders,18-29,18-29,18-24,18-44,18-49,18-29,18-24,Non-Black 18-29,White 18-29,White 18-29,Complete,,Too liberal,,7.0,No,No,,Bachelor's degree (BA or BS),College graduate,More than high school graduate,White college degree,White women college graduates,,,,2.0,Bernie Sanders,Health care,No,,Bernie Sanders,Yes,,18-44,18-64,Democrat,Non-black Democrat,White Democrat,Democratic women,Democrat,White Democrat,Very liberal,Liberal,Liberal,,Yes,No,Can bring needed change,White,White,State questionnaire,White,White,White,South,,,,About right,Female,White women,Married women,,Suburbs,Suburbs,Bernie Sanders,English,Florida,White suburban women,Telephone survey,,,,,Yes,Only Biden did,No,Version 1,,Omit
277278084.0,0.482861369848251,Joe Biden,65+,60+,65 or over,45+,50+,60+,65+,Non-Black 60+,White 60+,White 65+,Complete,,About right,,13.0,No,No,,Attended college but received no degree,No college degree,More than high school graduate,White no college degree,White men non college graduates,,,,3.0,Joe Biden,Health care,No,,Joe Biden,Yes,,45+,65+,Democrat,Non-black Democrat,White Democrat,Democratic men,Democrat,White Democrat,Somewhat liberal,Liberal,Liberal,,Yes,No,Has the right temperament,White,White,State questionnaire,White,White,White,South,,,,Not liberal enough,Male,White men,Married men,,"Cities 50,000-500,000","Cities over 50,000",Joe Biden,English,Florida,Other,Telephone survey,,,,,No,Neither of them,No,Version 1,,Can beat Donald Trump
277278085.0,2.94384288787842,Joe Biden,18-29,18-29,25-29,18-44,18-49,18-29,25-29,Non-Black 18-29,Latino 18-29,Latino 18-29,Complete,,About right,,3.0,No,"Yes, other Hispanic",,"An advanced degree after a bachelor's degree (such as JD, MA, MBA, MD, PhD)",College graduate,More than high school graduate,Non white college degree,Non-whites,,,,1.0,Bernie Sanders,Omit,Yes,,Joe Biden,No,,18-44,18-64,Democrat,Non-black Democrat,Latino Democrat,Democratic men,Democrat,Non-White Democrats,Somewhat liberal,Liberal,Liberal,,Yes,No,Can unite the country,Other,Asian,State questionnaire,Hispanic/Latino,Non-white,Hispanic/Latino,South,,,,Too liberal,Male,Latino men,Non married men,,"Cities 50,000-500,000","Cities over 50,000",Joe Biden,English,Florida,Other,Telephone survey,,,,,No,Neither of them,No,Version 1,,Can beat Donald Trump
277278086.0,0.993701457977295,Joe Biden,65+,60+,65 or over,45+,50+,60+,65+,Black 60+,Black 60+,Black 65+,Complete,,Not liberal enough,,24.0,No,No,,Never attended college,No college degree,High school graduate or less,Non white no college degree,Non-whites,,,,5.0,Joe Biden,Climate change,No,,Joe Biden,Yes,,45+,65+,Democrat,Black Democrat,Black Democrat,Democratic men,Democrat,Non-White Democrats,Somewhat liberal,Liberal,Liberal,,Yes,No,Can unite the country,Black,Black,State questionnaire,Black,Non-white,Black,South,,,,Too liberal,Male,Black men,Married men,,"Cities 50,000-500,000","Cities over 50,000",Joe Biden,English,Florida,Other,Telephone survey,,,,,Yes,Both of them,Yes,Version 1,,Can beat Donald Trump
277278087.0,1.18893754482269,Joe Biden,45-65,30-59,50-59,45+,50+,45-59,50-64,Non-Black 45-59,White 45-59,White 45-64,Complete,,About right,,12.0,No,No,,Associate's degree (AA or AS),No college degree,More than high school graduate,White no college degree,White men non college graduates,,,,3.0,Joe Biden,Health care,No,,Joe Biden,No,,45+,18-64,Democrat,Non-black Democrat,White Democrat,Democratic men,Democrat,White Democrat,Moderate,Moderate or Conservative,Moderate,,Yes,No,Can unite the country,White,White,State questionnaire,White,White,White,South,,,,Too liberal,Male,White men,Non married men,,Suburbs,Suburbs,Joe Biden,English,Florida,White suburban men,Telephone survey,,,,,No,Neither of them,No,Version 1,,Can beat Donald Trump
277278088.0,0.361331224441528,Joe Biden,65+,60+,65 or over,45+,50+,60+,65+,Non-Black 60+,White 60+,White 65+,Complete,,Not liberal enough,,23.0,No,No,,"An advanced degree after a bachelor's degree (such as JD, MA, MBA, MD, PhD)",College graduate,More than high school graduate,White college degree,White women college graduates,,,,5.0,Joe Biden,Climate change,No,,Joe Biden,No,,45+,65+,Democrat,Non-black Democrat,White Democrat,Democratic women,Democrat,White Democrat,Somewhat liberal,Liberal,Liberal,,Yes,No,Can unite the country,White,White,State questionnaire,White,White,White,South,,,,Too liberal,Female,White women,Non married women,,"Cities 50,000-500,000","Cities over 50,000",Joe Biden,English,Florida,Other,Telephone survey,,,,,No,Neither of them,No,Version 1,,Can beat Donald Trump
277278089.0,1.26114046573639,Joe Biden,30-44,30-59,40-44,18-44,18-49,30-44,40-49,Non-Black 30-44,White 30-44,White 30-44,Complete,,About right,,25.0,No,No,,"An advanced degree after a bachelor's degree (such as JD, MA, MBA, MD, PhD)",College graduate,More than high school graduate,White college degree,White men college graduates,,,,4.0,Joe Biden,Health care,No,,Joe Biden,No,,18-44,18-64,Democrat,Non-black Democrat,White Democrat,Democratic men,Democrat,White Democrat,Somewhat liberal,Liberal,Liberal,,Yes,No,Cares about people like me,White,White,State questionnaire,White,White,White,South,,,,Too liberal,Male,White men,Non married men,,"Cities 10,000-50,000",Small Cities/Rural,Joe Biden,English,Florida,Other,Telephone survey,,,,,No,Only Sanders did,Yes,Version 1,,Can beat Donald Trump
277278090.0,0.48317351937294,Joe Biden,65+,60+,65 or over,45+,50+,60+,65+,,,,Complete,,About right,,14.0,No,No,,"An advanced degree after a bachelor's degree (such as JD, MA, MBA, MD, PhD)",College graduate,More than high school graduate,,,,,,3.0,Omit,Health care,No,,Joe Biden,No,,45+,65+,Independent/Something else,,,Independent women,Independent,,Moderate,Moderate or Conservative,Moderate,,Yes,No,Has the right temperament,,,State questionnaire,,,,South,,,,Too liberal,Female,,Non married women,,Suburbs,Suburbs,Omit,English,Florida,,Telephone survey,,,,,No,Neither of them,No,Version 1,,Can beat Donald Trump
277278091.0,1.17301440238953,Joe Biden,65+,60+,65 or over,45+,50+,60+,65+,Non-Black 60+,Latino 60+,Latino 65+,Complete,,About right,,20.0,Yes,"Yes, Cuban",,Never attended college,No college degree,High school graduate or less,Non white no college degree,Non-whites,,,,5.0,Joe Biden,Climate change,Yes,,Joe Biden,Yes,,45+,65+,Democrat,Non-black Democrat,Latino Democrat,Democratic men,Democrat,Non-White Democrats,Moderate,Moderate or Conservative,Moderate,,Yes,No,Can unite the country,Other,Black,State questionnaire,Hispanic/Latino,Non-white,Hispanic/Latino,South,,,,Too liberal,Male,Latino men,Married men,,"Cities 50,000-500,000","Cities over 50,000",Joe Biden,English,Florida,Other,Telephone survey,,,,,Omit,Omit,Omit,Version 1,,Can beat Donald Trump
277278092.0,1.13994204998016,Joe Biden,65+,60+,65 or over,45+,50+,60+,65+,Black 60+,Black 60+,Black 65+,Complete,,About right,,7.0,No,No,,Associate's degree (AA or AS),No college degree,More than high school graduate,Non white no college degree,Non-whites,,,,2.0,Omit,Income inequality,No,,Joe Biden,Yes,,45+,65+,Democrat,Black Democrat,Black Democrat,Democratic women,Democrat,Non-White Democrats,Moderate,Moderate or Conservative,Moderate,,Yes,No,Omit,Black,Black,State questionnaire,Black,Non-white,Black,South,,,,Not liberal enough,Female,Black women,Married women,,"Cities 50,000-500,000","Cities over 50,000",Joe Biden,English,Florida,Other,Telephone survey,,,,,No,Only Sanders did,Yes,Version 1,,Can beat Donald Trump
277278093.0,0.763467669487,Joe Biden,45-65,30-59,45-49,45+,18-49,45-59,40-49,Non-Black 45-59,White 45-59,White 45-64,Complete,,About right,,4.0,No,No,,Bachelor's degree (BA or BS),College graduate,More than high school graduate,White college degree,White women college graduates,,,,1.0,Joe Biden,Health care,No,,Joe Biden,,,45+,18-64,Democrat,Non-black Democrat,White Democrat,Democratic women,Democrat,White Democrat,Very liberal,Liberal,Liberal,,Yes,No,Has the right temperament,White,White,State questionnaire,White,White,White,South,,,,Too liberal,Female,White women,,,"Cities over 500,000","Cities over 50,000",Joe Biden,English,Florida,Other,Telephone survey,,,,,No,Neither of them,No,Version 1,,Can beat Donald Trump
277278094.0,1.6186934709549,Bernie Sanders,45-65,30-59,50-59,45+,50+,45-59,50-64,Non-Black 45-59,Latino 45-59,Latino 45-64,Complete,,Not liberal enough,,23.0,Yes,"Yes, Cuban",,Bachelor's degree (BA or BS),College graduate,More than high school graduate,Non white college degree,Non-whites,,,,5.0,Bernie Sanders,Health care,Yes,,Bernie Sanders,Yes,,45+,18-64,Democrat,Non-black Democrat,Latino Democrat,Democratic women,Democrat,Non-White Democrats,Very liberal,Liberal,Liberal,,Yes,No,Can bring needed change,Other,Hispanic/Latino,State questionnaire,Hispanic/Latino,Non-white,Hispanic/Latino,South,,,,About right,Female,Latino women,Married women,,Suburbs,Suburbs,Bernie Sanders,English,Florida,Other,Telephone survey,,,,,Omit,Omit,No,Version 1,,Can beat Donald Trump
277278095.0,0.992718100547791,Joe Biden,45-65,30-59,50-59,45+,50+,45-59,50-64,Non-Black 45-59,White 45-59,White 45-64,Complete,,About right,,10.0,No,No,,Associate's degree (AA or AS),No college degree,More than high school graduate,White no college degree,White men non college graduates,,,,4.0,Joe Biden,Health care,No,,Joe Biden,No,,45+,18-64,,,,,,,Moderate,Moderate or Conservative,Moderate,,Yes,No,Can unite the country,White,White,State questionnaire,White,White,White,South,,,,Too liberal,Male,White men,Non married men,,Suburbs,Suburbs,Joe Biden,English,Florida,White suburban men,Telephone survey,,,,,Yes,Both of them,Yes,Version 1,,Can beat Donald Trump
277278096.0,1.1550498008728,Joe Biden,18-29,18-29,25-29,18-44,18-49,18-29,25-29,Non-Black 18-29,White 18-29,White 18-29,Complete,,About right,,8.0,No,No,,"An advanced degree after a bachelor's degree (such as JD, MA, MBA, MD, PhD)",College graduate,More than high school graduate,White college degree,White women college graduates,,,,2.0,Omit,Omit,No,,Joe Biden,Yes,,18-44,18-64,Democrat,Non-black Democrat,White Democrat,Democratic women,Democrat,White Democrat,Somewhat liberal,Liberal,Liberal,,Yes,No,Can unite the country,White,White,State questionnaire,White,White,White,South,,,,Too liberal,Female,White women,Married women,,Suburbs,Suburbs,Bernie Sanders,English,Florida,White suburban women,Telephone survey,,,,,Omit,Omit,Omit,Version 1,,Can beat Donald Trump
277278097.0,0.55201929807663,Bernie Sanders,30-44,30-59,30-39,18-44,18-49,30-44,30-39,Non-Black 30-44,White 30-44,White 30-44,Complete,,Omit,,9.0,No,No,,"An advanced degree after a bachelor's degree (such as JD, MA, MBA, MD, PhD)",College graduate,More than high school graduate,White college degree,White women college graduates,,,,2.0,Bernie Sanders,Health care,No,,Joe Biden,Yes,,18-44,18-64,Democrat,Non-black Democrat,White Democrat,Democratic women,Democrat,White Democrat,,,,,Yes,No,Can unite the country,White,White,State questionnaire,White,White,White,South,,,,Omit,Female,White women,Married women,,"Cities 50,000-500,000","Cities over 50,000",Bernie Sanders,English,Florida,Other,Telephone survey,,,,,Yes,Only Biden did,No,Version 1,,Can beat Donald Trump
277278098.0,2.51415967941284,Bernie Sanders,30-44,30-59,30-39,18-44,18-49,30-44,30-39,Non-Black 30-44,Latino 30-44,Latino 30-44,Complete,,Too liberal,,9.0,No,"Yes, Puerto Rican",,Attended college but received no degree,No college degree,More than high school graduate,Non white no college degree,Non-whites,,,,2.0,Bernie Sanders,Income inequality,Yes,,Bernie Sanders,No,,18-44,18-64,Democrat,Non-black Democrat,Latino Democrat,Democratic women,Democrat,Non-White Democrats,Conservative,Moderate or Conservative,Conservative,,Yes,Yes,Cares about people like me,Other,Hispanic/Latino,State questionnaire,Hispanic/Latino,Non-white,Hispanic/Latino,South,,,,About right,Female,Latino women,Non married women,,"Cities 50,000-500,000","Cities over 50,000",Bernie Sanders,English,Florida,Other,Telephone survey,,,,,No,Neither of them,No,Version 1,,Can beat Donald Trump
277278099.0,0.851049482822418,Joe Biden,65+,60+,65 or over,45+,50+,60+,65+,,,,Complete,,About right,,11.0,No,No,,Bachelor's degree (BA or BS),College graduate,More than high school graduate,,,,,,4.0,Joe Biden,Omit,No,,Joe Biden,No,,45+,65+,Democrat,,,Democratic women,Democrat,,Conservative,Moderate or Conservative,Conservative,,Yes,No,Can unite the country,,,State questionnaire,,,,South,,,,About right,Female,,Non married women,,"Cities 50,000-500,000","Cities over 50,000",Joe Biden,English,Florida,Other,Telephone survey,,,,,No,Neither of them,No,Version 1,,Can beat Donald Trump
277278100.0,0.565626978874207,Joe Biden,65+,60+,65 or over,45+,50+,60+,65+,Non-Black 60+,White 60+,White 65+,Complete,,Omit,,15.0,No,No,,Never attended college,No college degree,High school graduate or less,White no college degree,White women non college graduates,,,,4.0,Joe Biden,Health care,No,,Joe Biden,No,,45+,65+,Democrat,Non-black Democrat,White Democrat,Democratic women,Democrat,White Democrat,Moderate,Moderate or Conservative,Moderate,,Yes,No,Cares about people like me,White,White,State questionnaire,White,White,White,South,,,,Omit,Female,White women,Non married women,,"Cities 50,000-500,000","Cities over 50,000",Joe Biden,English,Florida,Other,Telephone survey,,,,,Yes,Both of them,Yes,Version 1,,Can beat Donald Trump
277278101.0,0.651792585849762,Bernie Sanders,30-44,30-59,30-39,18-44,18-49,30-44,30-39,Non-Black 30-44,White 30-44,White 30-44,Complete,,Not liberal enough,,15.0,No,No,,Bachelor's degree (BA or BS),College graduate,More than high school graduate,White college degree,White men college graduates,,,,4.0,Bernie Sanders,Income inequality,No,,Bernie Sanders,Yes,,18-44,18-64,Democrat,Non-black Democrat,White Democrat,Democratic men,Democrat,White Democrat,Somewhat liberal,Liberal,Liberal,,Yes,No,Cares about people like me,White,White,State questionnaire,White,White,White,South,,,,Not liberal enough,Male,White men,Married men,,"Cities 50,000-500,000","Cities over 50,000",Bernie Sanders,English,Florida,Other,Telephone survey,,,,,Yes,Only Biden did,No,Version 1,,Can beat Donald Trump
277278102.0,1.16631996631622,Joe Biden,45-65,30-59,50-59,45+,50+,45-59,50-64,Non-Black 45-59,White 45-59,White 45-64,Complete,,About right,,16.0,No,No,,Bachelor's degree (BA or BS),College graduate,More than high school graduate,White college degree,White men college graduates,,,,4.0,Omit,Income inequality,No,,Omit,Yes,,45+,18-64,Democrat,Non-black Democrat,White Democrat,Democratic men,Democrat,White Democrat,Conservative,Moderate or Conservative,Conservative,,Yes,No,Can bring needed change,White,White,State questionnaire,White,White,White,South,,,,Too liberal,Male,White men,Married men,,"Cities 50,000-500,000","Cities over 50,000",Omit,English,Florida,Other,Telephone survey,,,,,No,Neither of them,No,Version 1,,Omit
277278103.0,0.377285569906235,Joe Biden,65+,60+,65 or over,45+,50+,60+,65+,Non-Black 60+,White 60+,White 65+,Complete,,About right,,14.0,No,No,,Bachelor's degree (BA or BS),College graduate,More than high school graduate,White college degree,White women college graduates,,,,3.0,Joe Biden,Health care,No,,Joe Biden,No,,45+,65+,Democrat,Non-black Democrat,White Democrat,Democratic women,Democrat,White Democrat,Very liberal,Liberal,Liberal,,Yes,No,Has the right temperament,White,White,State questionnaire,White,White,White,South,,,,About right,Female,White women,Non married women,,"Cities 50,000-500,000","Cities over 50,000",Joe Biden,English,Florida,Other,Telephone survey,,,,,Omit,Only Sanders did,Yes,Version 1,,Can beat Donald Trump
277278104.0,1.12800049781799,Bernie Sanders,65+,60+,65 or over,45+,50+,60+,65+,Non-Black 60+,Latino 60+,Latino 65+,Complete,,Too liberal,,10.0,No,"Yes, Puerto Rican",,Never attended college,No college degree,High school graduate or less,Non white no college degree,Non-whites,,,,4.0,Bernie Sanders,Health care,Yes,,Bernie Sanders,Yes,,45+,65+,Democrat,Non-black Democrat,Latino Democrat,Democratic women,Democrat,Non-White Democrats,Conservative,Moderate or Conservative,Conservative,,Yes,Yes,Cares about people like me,Other,Hispanic/Latino,State questionnaire,Hispanic/Latino,Non-white,Hispanic/Latino,South,,,,Too liberal,Female,Latino women,Married women,,Suburbs,Suburbs,Bernie Sanders,English,Florida,Other,Telephone survey,,,,,No,Neither of them,No,Version 1,,Can beat Donald Trump
277278105.0,0.95985209941864,Joe Biden,65+,60+,65 or over,45+,50+,60+,65+,Black 60+,Black 60+,Black 65+,Complete,,About right,,21.0,No,No,,Associate's degree (AA or AS),No college degree,More than high school graduate,Non white no college degree,Non-whites,,,,5.0,Joe Biden,Race relations,No,,Joe Biden,Yes,,45+,65+,Democrat,Black Democrat,Black Democrat,Democratic women,Democrat,Non-White Democrats,Moderate,Moderate or Conservative,Moderate,,Yes,No,Cares about people like me,Black,Black,State questionnaire,Black,Non-white,Black,South,,,,Too liberal,Female,Black women,Married women,,Suburbs,Suburbs,Joe Biden,English,Florida,Other,Telephone survey,,,,,No,Only Sanders did,Yes,Version 1,,Can beat Donald Trump
277278106.0,0.803018033504486,Joe Biden,45-65,30-59,50-59,45+,50+,45-59,50-64,Non-Black 45-59,White 45-59,White 45-64,Complete,,About right,,19.0,No,No,,"An advanced degree after a bachelor's degree (such as JD, MA, MBA, MD, PhD)",College graduate,More than high school graduate,White college degree,White men college graduates,,,,4.0,Joe Biden,Climate change,No,,Joe Biden,Yes,,45+,18-64,Democrat,Non-black Democrat,White Democrat,Democratic men,Democrat,White Democrat,Moderate,Moderate or Conservative,Moderate,,Yes,No,Has the right temperament,White,White,State questionnaire,White,White,White,South,,,,Too liberal,Male,White men,Married men,,"Cities 50,000-500,000","Cities over 50,000",Joe Biden,English,Florida,Other,Telephone survey,,,,,No,Only Sanders did,Yes,Version 1,,Can beat Donald Trump
277278107.0,0.880299150943756,Other,65+,60+,65 or over,45+,50+,60+,65+,Non-Black 60+,White 60+,White 65+,Complete,,Omit,,18.0,No,No,,Bachelor's degree (BA or BS),College graduate,More than high school graduate,White college degree,White women college graduates,,,,2.0,Bernie Sanders,Health care,No,,Joe Biden,No,,45+,65+,Democrat,Non-black Democrat,White Democrat,Democratic women,Democrat,White Democrat,Somewhat liberal,Liberal,Liberal,,Yes,No,Cares about people like me,White,White,State questionnaire,White,White,White,South,,,,Too liberal,Female,White women,Non married women,,Suburbs,Suburbs,Bernie Sanders,English,Florida,White suburban women,Telephone survey,,,,,No,Neither of them,No,Version 1,,Can beat Donald Trump
277278108.0,0.309213370084763,Tulsi Gabbard,45-65,30-59,50-59,45+,50+,45-59,50-64,Non-Black 45-59,White 45-59,White 45-64,Complete,,Not liberal enough,,20.0,No,No,,"An advanced degree after a bachelor's degree (such as JD, MA, MBA, MD, PhD)",College graduate,More than high school graduate,White college degree,White women college graduates,,,,5.0,Bernie Sanders,Health care,No,,Bernie Sanders,Yes,,45+,18-64,Democrat,Non-black Democrat,White Democrat,Democratic women,Democrat,White Democrat,Somewhat liberal,Liberal,Liberal,,Yes,No,Cares about people like me,White,White,State questionnaire,White,White,White,South,,,,About right,Female,White women,Married women,,"Cities 50,000-500,000","Cities over 50,000",Bernie Sanders,English,Florida,Other,Telephone survey,,,,,No,Neither of them,No,Version 1,,Can beat Donald Trump
277278109.0,0.894950211048126,Joe Biden,65+,60+,65 or over,45+,50+,60+,65+,Black 60+,Black 60+,Black 65+,Complete,,About right,,5.0,No,No,,"An advanced degree after a bachelor's degree (such as JD, MA, MBA, MD, PhD)",College graduate,More than high school graduate,Non white college degree,Non-whites,,,,1.0,Joe Biden,Health care,No,,Joe Biden,No,,45+,65+,Democrat,Black Democrat,Black Democrat,Democratic women,Democrat,Non-White Democrats,Very liberal,Liberal,Liberal,,Yes,No,Cares about people like me,Black,Black,State questionnaire,Black,Non-white,Black,South,,,,Omit,Female,Black women,Non married women,,"Cities 50,000-500,000","Cities over 50,000",Joe Biden,English,Florida,Other,Telephone survey,,,,,No,Only Sanders did,Yes,Version 1,,Can beat Donald Trump
277278110.0,0.727491855621338,Joe Biden,45-65,30-59,50-59,45+,50+,45-59,50-64,Non-Black 45-59,White 45-59,White 45-64,Complete,,About right,,5.0,No,No,,"An advanced degree after a bachelor's degree (such as JD, MA, MBA, MD, PhD)",College graduate,More than high school graduate,White college degree,White women college graduates,,,,2.0,Omit,Climate change,No,,Joe Biden,Yes,,45+,18-64,Democrat,Non-black Democrat,White Democrat,Democratic women,Democrat,White Democrat,Somewhat liberal,Liberal,Liberal,,Yes,No,Can bring needed change,White,White,State questionnaire,White,White,White,South,,,,Too liberal,Female,White women,Married women,,Suburbs,Suburbs,Bernie Sanders,English,Florida,White suburban women,Telephone survey,,,,,Omit,Omit,Omit,Version 1,,Can beat Donald Trump
277278111.0,0.757269203662872,Joe Biden,45-65,30-59,50-59,45+,50+,45-59,50-64,Non-Black 45-59,White 45-59,White 45-64,Complete,,Not liberal enough,,21.0,No,No,,Attended college but received no degree,No college degree,More than high school graduate,White no college degree,White women non college graduates,,,,5.0,Bernie Sanders,Climate change,No,,Joe Biden,Yes,,45+,18-64,Independent/Something else,Non-black non-Democrat,White Independent,Independent women,Independent,White Independent,Somewhat liberal,Liberal,Liberal,,Yes,No,Can bring needed change,White,White,State questionnaire,White,White,White,South,,,,Not liberal enough,Female,White women,Married women,,Suburbs,Suburbs,Joe Biden,English,Florida,White suburban women,Telephone survey,,,,,Omit,Omit,Omit,Version 1,,Agrees with you on major issues
277278112.0,1.02897429466248,Bernie Sanders,18-29,18-29,18-24,18-44,18-49,18-29,18-24,Non-Black 18-29,White 18-29,White 18-29,Complete,,Not liberal enough,,2.0,No,No,,Bachelor's degree (BA or BS),College graduate,More than high school graduate,White college degree,White men college graduates,,,,1.0,Joe Biden,Health care,No,,Bernie Sanders,No,,18-44,18-64,Democrat,Non-black Democrat,White Democrat,Democratic men,Democrat,White Democrat,Somewhat liberal,Liberal,Liberal,,No,No,Can bring needed change,White,White,State questionnaire,White,White,White,South,,,,About right,Male,White men,Non married men,,"Cities 50,000-500,000","Cities over 50,000",Bernie Sanders,English,Florida,Other,Telephone survey,,,,,No,Neither of them,No,Version 1,,Agrees with you on major issues
277278113.0,0.361331224441528,Joe Biden,65+,60+,65 or over,45+,50+,60+,65+,Non-Black 60+,White 60+,White 65+,Complete,,Not liberal enough,,20.0,No,No,,Bachelor's degree (BA or BS),College graduate,More than high school graduate,White college degree,White women college graduates,,,,5.0,Joe Biden,Climate change,No,,Joe Biden,Yes,,45+,65+,Democrat,Non-black Democrat,White Democrat,Democratic women,Democrat,White Democrat,Very liberal,Liberal,Liberal,,Yes,No,Has the right temperament,White,White,State questionnaire,White,White,White,South,,,,Not liberal enough,Female,White women,Married women,,"Cities 50,000-500,000","Cities over 50,000",Joe Biden,English,Florida,Other,Telephone survey,,,,,No,Neither of them,No,Version 1,,Can beat Donald Trump
277278114.0,1.82157003879547,Joe Biden,30-44,30-59,40-44,18-44,18-49,30-44,40-49,Black 30-44,Black 30-44,Black 30-44,Complete,,About right,,22.0,No,No,,Associate's degree (AA or AS),No college degree,More than high school graduate,Non white no college degree,Non-whites,,,,5.0,Joe Biden,Income inequality,No,,Joe Biden,No,,18-44,18-64,Democrat,Black Democrat,Black Democrat,Democratic men,Democrat,Non-White Democrats,Very liberal,Liberal,Liberal,,Yes,No,Can unite the country,Black,Black,State questionnaire,Black,Non-white,Black,South,,,,Too liberal,Male,Black men,Non married men,,"Cities 50,000-500,000","Cities over 50,000",Joe Biden,English,Florida,Other,Telephone survey,,,,,No,Neither of them,No,Version 1,,Agrees with you on major issues
277278115.0,1.75952017307281,Joe Biden,45-65,30-59,45-49,45+,18-49,45-59,40-49,Black 45-59,Black 45-59,Black 45-64,Complete,,About right,,24.0,No,No,,Never attended college,No college degree,High school graduate or less,Non white no college degree,Non-whites,,,,5.0,Joe Biden,Health care,No,,Joe Biden,No,,45+,18-64,Democrat,Black Democrat,Black Democrat,Democratic women,Democrat,Non-White Democrats,Somewhat liberal,Liberal,Liberal,,Yes,No,Cares about people like me,Black,Black,State questionnaire,Black,Non-white,Black,South,,,,Not liberal enough,Female,Black women,Non married women,,"Cities 50,000-500,000","Cities over 50,000",Joe Biden,English,Florida,Other,Telephone survey,,,,,No,Neither of them,No,Version 1,,Can beat Donald Trump
277278116.0,0.565626978874207,Joe Biden,65+,60+,65 or over,45+,50+,60+,65+,Non-Black 60+,White 60+,White 65+,Complete,,About right,,11.0,No,No,,Attended college but received no degree,No college degree,More than high school graduate,White no college degree,White women non college graduates,,,,4.0,Joe Biden,Omit,No,,Joe Biden,No,,45+,65+,Democrat,Non-black Democrat,White Democrat,Democratic women,Democrat,White Democrat,Moderate,Moderate or Conservative,Moderate,,Yes,No,Has the right temperament,White,White,State questionnaire,White,White,White,South,,,,Omit,Female,White women,Non married women,,Suburbs,Suburbs,Joe Biden,English,Florida,White suburban women,Telephone survey,,,,,No,Neither of them,No,Version 1,,Can beat Donald Trump
277278117.0,1.18308627605438,Joe Biden,65+,60+,65 or over,45+,50+,60+,65+,Non-Black 60+,Latino 60+,Latino 65+,Complete,,About right,,13.0,No,"Yes, other Hispanic",,Associate's degree (AA or AS),No college degree,More than high school graduate,Non white no college degree,Non-whites,,,,3.0,Joe Biden,Omit,Yes,,Joe Biden,No,,45+,65+,Democrat,Non-black Democrat,Latino Democrat,Democratic women,Democrat,Non-White Democrats,,,,,Yes,No,Cares about people like me,Other,Hispanic/Latino,State questionnaire,Hispanic/Latino,Non-white,Hispanic/Latino,South,,,,Omit,Female,Latino women,Non married women,,"Cities 50,000-500,000","Cities over 50,000",Joe Biden,English,Florida,Other,Telephone survey,,,,,Omit,Omit,Omit,Version 1,,Agrees with you on major issues
277278118.0,0.697588264942169,Bernie Sanders,18-29,18-29,25-29,18-44,18-49,18-29,25-29,Non-Black 18-29,All others,All others,Complete,,About right,,26.0,No,No,,Bachelor's degree (BA or BS),College graduate,More than high school graduate,Non white college degree,Non-whites,,,,5.0,Bernie Sanders,Income inequality,No,,Joe Biden,No,,18-44,18-64,Democrat,Non-black Democrat,All Other,Democratic women,Democrat,Non-White Democrats,Moderate,Moderate or Conservative,Moderate,,Yes,No,Cares about people like me,Other,Asian,State questionnaire,Asian,Non-white,Asian,South,,,,About right,Female,All other races,Non married women,,"Cities 50,000-500,000","Cities over 50,000",Bernie Sanders,English,Florida,Other,Telephone survey,,,,,No,Neither of them,No,Version 1,,Can beat Donald Trump
277278119.0,1.51720082759857,Joe Biden,45-65,30-59,50-59,45+,50+,45-59,50-64,Black 45-59,Black 45-59,Black 45-64,Complete,,About right,,2.0,No,No,,Bachelor's degree (BA or BS),College graduate,More than high school graduate,Non white college degree,Non-whites,,,,1.0,Joe Biden,Income inequality,No,,Joe Biden,Yes,,45+,18-64,Independent/Something else,Black non-Democrat,Black Independent,Independent women,Independent,All others,Conservative,Moderate or Conservative,Conservative,,Yes,No,Can unite the country,Black,Black,State questionnaire,Black,Non-white,Black,South,,,,Too liberal,Female,Black women,Married women,,"Cities 10,000-50,000",Small Cities/Rural,Joe Biden,English,Florida,Other,Telephone survey,,,,,Omit,Omit,Omit,Version 1,,Can beat Donald Trump
277278120.0,1.2280250787735,Joe Biden,45-65,60+,60-64,45+,50+,60+,50-64,,,,Complete,,About right,,16.0,No,No,,Attended college but received no degree,No college degree,More than high school graduate,,,,,,4.0,Joe Biden,Health care,No,,Joe Biden,Yes,,45+,18-64,Democrat,,,Democratic women,Democrat,,Moderate,Moderate or Conservative,Moderate,,Yes,No,Can unite the country,,,State questionnaire,,,,South,,,,Too liberal,Female,,Married women,,"Cities 50,000-500,000","Cities over 50,000",Joe Biden,English,Florida,Other,Telephone survey,,,,,No,Only Sanders did,Yes,Version 1,,Agrees with you on major issues
277278121.0,0.457540452480316,Joe Biden,65+,60+,65 or over,45+,50+,60+,65+,Non-Black 60+,White 60+,White 65+,Complete,,Not liberal enough,,11.0,No,No,,Bachelor's degree (BA or BS),College graduate,More than high school graduate,White college degree,White women college graduates,,,,4.0,Joe Biden,Health care,No,,Joe Biden,No,,45+,65+,Independent/Something else,Non-black non-Democrat,White Independent,Independent women,Independent,White Independent,Somewhat liberal,Liberal,Liberal,,Yes,No,Can unite the country,White,White,State questionnaire,White,White,White,South,,,,Too liberal,Female,White women,Non married women,,"Cities 10,000-50,000",Small Cities/Rural,Joe Biden,English,Florida,Other,Telephone survey,,,,,Yes,Both of them,Yes,Version 1,,Can beat Donald Trump
277278122.0,0.585573971271515,Joe Biden,65+,60+,65 or over,45+,50+,60+,65+,Non-Black 60+,White 60+,White 65+,Complete,,About right,,16.0,No,No,,Associate's degree (AA or AS),No college degree,More than high school graduate,White no college degree,White men non college graduates,,,,4.0,Joe Biden,Income inequality,No,,Joe Biden,Yes,,45+,65+,Independent/Something else,Non-black non-Democrat,White Independent,Independent men,Independent,White Independent,Moderate,Moderate or Conservative,Moderate,,Yes,No,Can bring needed change,White,White,State questionnaire,White,White,White,South,,,,Too liberal,Male,White men,Married men,,Suburbs,Suburbs,Joe Biden,English,Florida,White suburban men,Telephone survey,,,,,No,Only Sanders did,Yes,Version 1,,Can beat Donald Trump
277278123.0,0.530499041080475,Joe Biden,65+,60+,65 or over,45+,50+,60+,65+,Non-Black 60+,All others,All others,Complete,,About right,,9.0,No,No,,Associate's degree (AA or AS),No college degree,More than high school graduate,Non white no college degree,Non-whites,,,,2.0,Joe Biden,Income inequality,No,,Joe Biden,Yes,,45+,65+,Independent/Something else,Non-black non-Democrat,All Other,Independent women,Independent,All others,Moderate,Moderate or Conservative,Moderate,,Yes,No,Has the right temperament,Other,Other,State questionnaire,Other,Non-white,Other,South,,,,Not liberal enough,Female,All other races,Married women,,"Cities 50,000-500,000","Cities over 50,000",Joe Biden,English,Florida,Other,Telephone survey,,,,,No,Neither of them,No,Version 1,,Can beat Donald Trump
277278124.0,0.944114804267883,Bernie Sanders,45-65,30-59,50-59,45+,50+,45-59,50-64,Black 45-59,Black 45-59,Black 45-64,Complete,,Not liberal enough,,26.0,No,No,,"An advanced degree after a bachelor's degree (such as JD, MA, MBA, MD, PhD)",College graduate,More than high school graduate,Non white college degree,Non-whites,,,,5.0,Joe Biden,Health care,No,,Omit,No,,45+,18-64,Democrat,Black Democrat,Black Democrat,Democratic women,Democrat,Non-White Democrats,Somewhat liberal,Liberal,Liberal,,Yes,No,Can bring needed change,Black,Black,State questionnaire,Black,Non-white,Black,South,,,,About right,Female,Black women,Non married women,,"Cities 50,000-500,000","Cities over 50,000",Bernie Sanders,English,Florida,Other,Telephone survey,,,,,Omit,Omit,Omit,Version 1,,Can beat Donald Trump
277278125.0,0.903643488883972,Joe Biden,45-65,30-59,50-59,45+,50+,45-59,50-64,Non-Black 45-59,White 45-59,White 45-64,Complete,,About right,,6.0,No,No,,Attended college but received no degree,No college degree,More than high school graduate,White no college degree,White men non college graduates,,,,1.0,Joe Biden,Climate change,No,,Joe Biden,Yes,,45+,18-64,Democrat,Non-black Democrat,White Democrat,Democratic men,Democrat,White Democrat,Somewhat liberal,Liberal,Liberal,,Yes,No,Can unite the country,White,White,State questionnaire,White,White,White,South,,,,Too liberal,Male,White men,Married men,,"Cities over 500,000","Cities over 50,000",Joe Biden,English,Florida,Other,Telephone survey,,,,,Omit,Omit,No,Version 1,,Can beat Donald Trump
277278126.0,1.42329072952271,Joe Biden,45-65,30-59,45-49,45+,18-49,45-59,40-49,Black 45-59,Black 45-59,Black 45-64,Complete,,About right,,24.0,No,No,,Bachelor's degree (BA or BS),College graduate,More than high school graduate,Non white college degree,Non-whites,,,,5.0,Joe Biden,Health care,No,,Joe Biden,No,,45+,18-64,Democrat,Black Democrat,Black Democrat,Democratic women,Democrat,Non-White Democrats,Moderate,Moderate or Conservative,Moderate,,Yes,No,Can unite the country,Black,Black,State questionnaire,Black,Non-white,Black,South,,,,Too liberal,Female,Black women,Non married women,,"Cities 50,000-500,000","Cities over 50,000",Bernie Sanders,English,Florida,Other,Telephone survey,,,,,Omit,Omit,Omit,Version 1,,Can beat Donald Trump
277278127.0,4.00282382965088,Bernie Sanders,18-29,18-29,18-24,18-44,18-49,18-29,18-24,Non-Black 18-29,Latino 18-29,Latino 18-29,Complete,,Not liberal enough,,6.0,Yes,"Yes, Cuban",,Associate's degree (AA or AS),No college degree,More than high school graduate,Non white no college degree,Non-whites,,,,2.0,Bernie Sanders,Income inequality,Yes,,Bernie Sanders,No,,18-44,18-64,Democrat,Non-black Democrat,Latino Democrat,Democratic men,Democrat,Non-White Democrats,Somewhat liberal,Liberal,Liberal,,No,No,Can bring needed change,Other,White,State questionnaire,Hispanic/Latino,Non-white,Hispanic/Latino,South,,,,About right,Male,Latino men,Non married men,,"Cities 10,000-50,000",Small Cities/Rural,Bernie Sanders,English,Florida,Other,Telephone survey,,,,,No,Neither of them,No,Version 1,,Can beat Donald Trump
277278128.0,0.992907881736755,Joe Biden,30-44,30-59,30-39,18-44,18-49,30-44,30-39,Non-Black 30-44,White 30-44,White 30-44,Complete,,About right,,17.0,No,No,,"An advanced degree after a bachelor's degree (such as JD, MA, MBA, MD, PhD)",College graduate,More than high school graduate,White college degree,White men college graduates,,,,3.0,Joe Biden,Income inequality,No,,Joe Biden,Yes,,18-44,18-64,Democrat,Non-black Democrat,White Democrat,Democratic men,Democrat,White Democrat,Moderate,Moderate or Conservative,Moderate,,Yes,No,Can bring needed change,White,White,State questionnaire,White,White,White,South,,,,Too liberal,Male,White men,Married men,,Suburbs,Suburbs,Joe Biden,English,Florida,White suburban men,Telephone survey,,,,,No,Neither of them,No,Version 1,,Agrees with you on major issues
277278129.0,0.847710788249969,Joe Biden,45-65,30-59,45-49,45+,18-49,45-59,40-49,Non-Black 45-59,White 45-59,White 45-64,Complete,,About right,,20.0,No,No,,Attended college but received no degree,No college degree,More than high school graduate,White no college degree,White men non college graduates,,,,5.0,Joe Biden,Health care,No,,Joe Biden,No,,45+,18-64,Democrat,Non-black Democrat,White Democrat,Democratic men,Democrat,White Democrat,Moderate,Moderate or Conservative,Moderate,,Yes,No,Can unite the country,White,White,State questionnaire,White,White,White,South,,,,Too liberal,Male,White men,Non married men,,"Cities 50,000-500,000","Cities over 50,000",Bernie Sanders,English,Florida,Other,Telephone survey,,,,,No,Only Sanders did,Yes,Version 1,,Can beat Donald Trump
277278130.0,0.70606529712677,Joe Biden,45-65,30-59,50-59,45+,50+,45-59,50-64,Non-Black 45-59,White 45-59,White 45-64,Complete,,About right,,6.0,No,No,,"An advanced degree after a bachelor's degree (such as JD, MA, MBA, MD, PhD)",College graduate,More than high school graduate,White college degree,White women college graduates,,,,1.0,Omit,Omit,No,,Joe Biden,Yes,,45+,18-64,Democrat,Non-black Democrat,White Democrat,Democratic women,Democrat,White Democrat,Moderate,Moderate or Conservative,Moderate,,Yes,No,Can unite the country,White,White,State questionnaire,White,White,White,South,,,,Too liberal,Female,White women,Married women,,Suburbs,Suburbs,Bernie Sanders,English,Florida,White suburban women,Telephone survey,,,,,No,Neither of them,No,Version 1,,Can beat Donald Trump
277278131.0,0.993923306465149,Bernie Sanders,18-29,18-29,25-29,18-44,18-49,18-29,25-29,Non-Black 18-29,White 18-29,White 18-29,Complete,,Not liberal enough,,4.0,No,No,,"An advanced degree after a bachelor's degree (such as JD, MA, MBA, MD, PhD)",College graduate,More than high school graduate,White college degree,White women college graduates,,,,1.0,Bernie Sanders,Health care,No,,Omit,No,,18-44,18-64,Democrat,Non-black Democrat,White Democrat,Democratic women,Democrat,White Democrat,Somewhat liberal,Liberal,Liberal,,Yes,No,Can bring needed change,White,White,State questionnaire,White,White,White,South,,,,Too liberal,Female,White women,Non married women,,"Cities over 500,000","Cities over 50,000",Bernie Sanders,English,Florida,Other,Telephone survey,,,,,Omit,Omit,Omit,Version 1,,Can beat Donald Trump
277278132.0,2.78925085067749,Bernie Sanders,45-65,60+,60-64,45+,50+,60+,50-64,Non-Black 60+,Latino 60+,Latino 45-64,Complete,,Not liberal enough,,14.0,Yes,"Yes, Cuban",,Attended college but received no degree,No college degree,More than high school graduate,Non white no college degree,Non-whites,,,,3.0,Joe Biden,Income inequality,Yes,,Bernie Sanders,No,,45+,18-64,Independent/Something else,Non-black non-Democrat,Latino Independent,Independent women,Independent,All others,Somewhat liberal,Liberal,Liberal,,Yes,No,Can bring needed change,Other,Other,State questionnaire,Hispanic/Latino,Non-white,Hispanic/Latino,South,,,,About right,Female,Latino women,Non married women,,"Cities 50,000-500,000","Cities over 50,000",Bernie Sanders,English,Florida,Other,Telephone survey,,,,,Yes,Only Biden did,No,Version 1,,Can beat Donald Trump
277278133.0,0.728946149349213,Joe Biden,30-44,30-59,30-39,18-44,18-49,30-44,30-39,Non-Black 30-44,White 30-44,White 30-44,Complete,,Not liberal enough,,3.0,No,No,,"An advanced degree after a bachelor's degree (such as JD, MA, MBA, MD, PhD)",College graduate,More than high school graduate,White college degree,White women college graduates,,,,1.0,Bernie Sanders,Health care,No,,Joe Biden,Yes,,18-44,18-64,Democrat,Non-black Democrat,White Democrat,Democratic women,Democrat,White Democrat,Somewhat liberal,Liberal,Liberal,,Yes,No,Can bring needed change,White,White,State questionnaire,White,White,White,South,,,,About right,Female,White women,Married women,,Suburbs,Suburbs,Omit,English,Florida,White suburban women,Telephone survey,,,,,No,Neither of them,No,Version 1,,Can beat Donald Trump
277278134.0,1.3062344789505,Joe Biden,45-65,60+,60-64,45+,50+,60+,50-64,Non-Black 60+,White 60+,White 45-64,Complete,,Too liberal,,8.0,No,No,,Associate's degree (AA or AS),No college degree,More than high school graduate,White no college degree,White women non college graduates,,,,2.0,Omit,Income inequality,No,,Joe Biden,Yes,,45+,18-64,Independent/Something else,Non-black non-Democrat,White Independent,Independent women,Independent,White Independent,Moderate,Moderate or Conservative,Moderate,,Yes,No,Can unite the country,White,White,State questionnaire,White,White,White,South,,,,Too liberal,Female,White women,Married women,,"Cities 10,000-50,000",Small Cities/Rural,Joe Biden,English,Florida,Other,Telephone survey,,,,,Yes,Both of them,Yes,Version 1,,Can beat Donald Trump
277278135.0,0.751067042350769,Joe Biden,30-44,30-59,30-39,18-44,18-49,30-44,30-39,Non-Black 30-44,White 30-44,White 30-44,Complete,,About right,,10.0,No,No,,Bachelor's degree (BA or BS),College graduate,More than high school graduate,White college degree,White women college graduates,,,,2.0,Bernie Sanders,Income inequality,No,,Joe Biden,Yes,,18-44,18-64,Democrat,Non-black Democrat,White Democrat,Democratic women,Democrat,White Democrat,Somewhat liberal,Liberal,Liberal,,Yes,No,Can bring needed change,White,White,State questionnaire,White,White,White,South,,,,About right,Female,White women,Married women,,Suburbs,Suburbs,Joe Biden,English,Florida,White suburban women,Telephone survey,,,,,Omit,Omit,Omit,Version 1,,Can beat Donald Trump
277278136.0,0.634163618087769,Joe Biden,45-65,60+,60-64,45+,50+,60+,50-64,Non-Black 60+,White 60+,White 45-64,Complete,,About right,,24.0,No,No,,"An advanced degree after a bachelor's degree (such as JD, MA, MBA, MD, PhD)",College graduate,More than high school graduate,White college degree,White men college graduates,,,,5.0,Bernie Sanders,Health care,No,,Joe Biden,Yes,,45+,18-64,Democrat,Non-black Democrat,White Democrat,Democratic men,Democrat,White Democrat,Very liberal,Liberal,Liberal,,Yes,No,Has the right temperament,White,White,State questionnaire,White,White,White,South,,,,Too liberal,Male,White men,Married men,,"Cities 50,000-500,000","Cities over 50,000",Joe Biden,English,Florida,Other,Telephone survey,,,,,No,Only Sanders did,Yes,Version 1,,Can beat Donald Trump
277278137.0,0.361331224441528,Joe Biden,65+,60+,65 or over,45+,50+,60+,65+,Non-Black 60+,White 60+,White 65+,Complete,,Not liberal enough,,21.0,No,No,,"An advanced degree after a bachelor's degree (such as JD, MA, MBA, MD, PhD)",College graduate,More than high school graduate,White college degree,White women college graduates,,,,5.0,Joe Biden,Health care,No,,Joe Biden,Yes,,45+,65+,Democrat,Non-black Democrat,White Democrat,Democratic women,Democrat,White Democrat,Somewhat liberal,Liberal,Liberal,,Yes,No,Can bring needed change,White,White,State questionnaire,White,White,White,South,,,,Too liberal,Female,White women,Married women,,Suburbs,Suburbs,Joe Biden,English,Florida,White suburban women,Telephone survey,,,,,No,Neither of them,No,Version 1,,Can beat Donald Trump
277278138.0,0.609827816486359,Bernie Sanders,45-65,60+,60-64,45+,50+,60+,50-64,Non-Black 60+,White 60+,White 45-64,Complete,,Not liberal enough,,17.0,No,No,,Bachelor's degree (BA or BS),College graduate,More than high school graduate,White college degree,White women college graduates,,,,4.0,Bernie Sanders,Health care,No,,Bernie Sanders,Yes,,45+,18-64,Democrat,Non-black Democrat,White Democrat,Democratic women,Democrat,White Democrat,Moderate,Moderate or Conservative,Moderate,,Yes,No,Can unite the country,White,White,State questionnaire,White,White,White,South,,,,About right,Female,White women,Married women,,Suburbs,Suburbs,Bernie Sanders,English,Florida,White suburban women,Telephone survey,,,,,Yes,Only Biden did,Omit,Version 1,,Can beat Donald Trump
277278139.0,2.13316345214844,Joe Biden,45-65,30-59,50-59,45+,50+,45-59,50-64,Black 45-59,Black 45-59,Black 45-64,Complete,,About right,,10.0,No,No,,Attended college but received no degree,No college degree,More than high school graduate,Non white no college degree,Non-whites,,,,4.0,Joe Biden,Omit,No,,Joe Biden,Yes,,45+,18-64,Democrat,Black Democrat,Black Democrat,Democratic men,Democrat,Non-White Democrats,Moderate,Moderate or Conservative,Moderate,,Yes,No,Can unite the country,Black,Black,State questionnaire,Black,Non-white,Black,South,,,,About right,Male,Black men,Married men,,Suburbs,Suburbs,Joe Biden,English,Florida,Other,Telephone survey,,,,,Omit,Omit,Omit,Version 1,,Can beat Donald Trump
277278140.0,0.377285569906235,Joe Biden,65+,60+,65 or over,45+,50+,60+,65+,Non-Black 60+,White 60+,White 65+,Complete,,Not liberal enough,,12.0,No,No,,Bachelor's degree (BA or BS),College graduate,More than high school graduate,White college degree,White women college graduates,,,,3.0,Joe Biden,Omit,No,,Joe Biden,Yes,,45+,65+,Independent/Something else,Non-black non-Democrat,White Independent,Independent women,Independent,White Independent,Somewhat liberal,Liberal,Liberal,,Yes,No,Can unite the country,White,White,State questionnaire,White,White,White,South,,,,About right,Female,White women,Married women,,Suburbs,Suburbs,Bernie Sanders,English,Florida,White suburban women,Telephone survey,,,,,No,Neither of them,No,Version 1,,Can beat Donald Trump
277278141.0,1.18565392494202,Joe Biden,30-44,30-59,30-39,18-44,18-49,30-44,30-39,Non-Black 30-44,White 30-44,White 30-44,Complete,,About right,,13.0,No,No,,Associate's degree (AA or AS),No college degree,More than high school graduate,White no college degree,White women non college graduates,,,,3.0,Joe Biden,Health care,No,,Joe Biden,Yes,,18-44,18-64,Independent/Something else,Non-black non-Democrat,White Independent,Independent women,Something else,White Independent,Somewhat liberal,Liberal,Liberal,,Yes,No,Has the right temperament,White,White,State questionnaire,White,White,White,South,,,,Too liberal,Female,White women,Married women,,Suburbs,Suburbs,Bernie Sanders,English,Florida,White suburban women,Telephone survey,,,,,Omit,Omit,Omit,Version 1,,Agrees with you on major issues
277278142.0,1.12659049034119,Joe Biden,45-65,60+,60-64,45+,50+,60+,50-64,Non-Black 60+,White 60+,White 45-64,Complete,,About right,,19.0,No,No,,"An advanced degree after a bachelor's degree (such as JD, MA, MBA, MD, PhD)",College graduate,More than high school graduate,White college degree,White women college graduates,,,,4.0,Bernie Sanders,Omit,No,,Joe Biden,Yes,,45+,18-64,Democrat,Non-black Democrat,White Democrat,Democratic women,Democrat,White Democrat,Moderate,Moderate or Conservative,Moderate,,Yes,No,Cares about people like me,White,White,State questionnaire,White,White,White,South,,,,Too liberal,Female,White women,Married women,,"Cities 10,000-50,000",Small Cities/Rural,Joe Biden,English,Florida,Other,Telephone survey,,,,,No,Neither of them,No,Version 1,,Can beat Donald Trump
277278143.0,0.565626978874207,Joe Biden,65+,60+,65 or over,45+,50+,60+,65+,Non-Black 60+,White 60+,White 65+,Complete,,About right,,17.0,No,No,,Attended college but received no degree,No college degree,More than high school graduate,White no college degree,White women non college graduates,,,,4.0,Joe Biden,Omit,No,,Joe Biden,No,,45+,65+,Democrat,Non-black Democrat,White Democrat,Democratic women,Democrat,White Democrat,Somewhat liberal,Liberal,Liberal,,Yes,No,Can bring needed change,White,White,State questionnaire,White,White,White,South,,,,Too liberal,Female,White women,Non married women,,Suburbs,Suburbs,Joe Biden,English,Florida,White suburban women,Telephone survey,,,,,No,Only Sanders did,Yes,Version 1,,Can beat Donald Trump
277278144.0,0.565626978874207,Joe Biden,65+,60+,65 or over,45+,50+,60+,65+,Non-Black 60+,White 60+,White 65+,Complete,,About right,,10.0,No,No,,Never attended college,No college degree,High school graduate or less,White no college degree,White women non college graduates,,,,4.0,Joe Biden,Income inequality,No,,Bernie Sanders,Yes,,45+,65+,Independent/Something else,Non-black non-Democrat,White Independent,Independent women,Something else,White Independent,Very liberal,Liberal,Liberal,,Yes,No,Omit,White,White,State questionnaire,White,White,White,South,,,,Omit,Female,White women,Married women,,Suburbs,Suburbs,Joe Biden,English,Florida,White suburban women,Telephone survey,,,,,No,Neither of them,No,Version 1,,Agrees with you on major issues
277278145.0,0.524804890155792,Joe Biden,65+,60+,65 or over,45+,50+,60+,65+,Non-Black 60+,White 60+,White 65+,Complete,,About right,,21.0,No,No,,Bachelor's degree (BA or BS),College graduate,More than high school graduate,White college degree,White women college graduates,,,,5.0,Joe Biden,Climate change,No,,Joe Biden,Yes,,45+,65+,Democrat,Non-black Democrat,White Democrat,Democratic women,Democrat,White Democrat,Very liberal,Liberal,Liberal,,Yes,No,Can unite the country,White,White,State questionnaire,White,White,White,South,,,,Omit,Female,White women,Married women,,Suburbs,Suburbs,Joe Biden,English,Florida,White suburban women,Telephone survey,,,,,No,Neither of them,No,Version 1,,Can beat Donald Trump
277278146.0,0.530499041080475,Joe Biden,65+,60+,65 or over,45+,50+,60+,65+,Non-Black 60+,White 60+,White 65+,Complete,,About right,,7.0,No,No,,Associate's degree (AA or AS),No college degree,More than high school graduate,White no college degree,White women non college graduates,,,,2.0,Joe Biden,Climate change,No,,Joe Biden,Yes,,45+,65+,Democrat,Non-black Democrat,White Democrat,Democratic women,Democrat,White Democrat,Somewhat liberal,Liberal,Liberal,,Yes,No,Can unite the country,White,White,State questionnaire,White,White,White,South,,,,About right,Female,White women,Married women,,Suburbs,Suburbs,Joe Biden,English,Florida,White suburban women,Telephone survey,,,,,Yes,Both of them,Yes,Version 1,,Agrees with you on major issues
277278147.0,1.25828766822815,Joe Biden,65+,60+,65 or over,45+,50+,60+,65+,Black 60+,Black 60+,Black 65+,Complete,,Too liberal,,5.0,No,No,,Never attended college,No college degree,High school graduate or less,Non white no college degree,Non-whites,,,,4.0,Joe Biden,Health care,No,,Joe Biden,No,,45+,65+,Democrat,Black Democrat,Black Democrat,Democratic men,Democrat,Non-White Democrats,Very liberal,Liberal,Liberal,,Yes,No,Cares about people like me,Black,Black,State questionnaire,Black,Non-white,Black,South,,,,Too liberal,Male,Black men,Non married men,,Suburbs,Suburbs,Joe Biden,English,Florida,Other,Telephone survey,,,,,Yes,Both of them,Yes,Version 1,,Can beat Donald Trump
277278148.0,0.77050769329071,Joe Biden,65+,60+,65 or over,45+,50+,60+,65+,Non-Black 60+,White 60+,White 65+,Complete,,About right,,18.0,No,No,,Attended college but received no degree,No college degree,More than high school graduate,White no college degree,White women non college graduates,,,,2.0,Joe Biden,Health care,No,,Joe Biden,No,,45+,65+,Democrat,Non-black Democrat,White Democrat,Democratic women,Democrat,White Democrat,Moderate,Moderate or Conservative,Moderate,,Yes,No,Can bring needed change,White,White,State questionnaire,White,White,White,South,,,,Too liberal,Female,White women,Non married women,,Suburbs,Suburbs,Joe Biden,English,Florida,White suburban women,Telephone survey,,,,,Yes,Both of them,Yes,Version 1,,Agrees with you on major issues
277278149.0,3.23791813850403,Bernie Sanders,18-29,18-29,25-29,18-44,18-49,18-29,25-29,Non-Black 18-29,Latino 18-29,Latino 18-29,Complete,,Too liberal,,10.0,No,No,,Bachelor's degree (BA or BS),College graduate,More than high school graduate,Non white college degree,Non-whites,,,,2.0,Bernie Sanders,Health care,No,,Bernie Sanders,No,,18-44,18-64,Democrat,Non-black Democrat,Latino Democrat,Democratic men,Democrat,Non-White Democrats,Moderate,Moderate or Conservative,Moderate,,Yes,No,Can bring needed change,Other,Hispanic/Latino,State questionnaire,Hispanic/Latino,Non-white,Hispanic/Latino,South,,,,About right,Male,Latino men,Non married men,,"Cities 50,000-500,000","Cities over 50,000",Bernie Sanders,English,Florida,Other,Telephone survey,,,,,No,Neither of them,No,Version 1,,Can beat Donald Trump
277278150.0,0.68362283706665,Joe Biden,30-44,30-59,30-39,18-44,18-49,30-44,30-39,Non-Black 30-44,White 30-44,White 30-44,Complete,,About right,,15.0,No,No,,"An advanced degree after a bachelor's degree (such as JD, MA, MBA, MD, PhD)",College graduate,More than high school graduate,White college degree,White men college graduates,,,,3.0,Joe Biden,Health care,No,,Joe Biden,Yes,,18-44,18-64,Democrat,Non-black Democrat,White Democrat,Democratic men,Democrat,White Democrat,Somewhat liberal,Liberal,Liberal,,Yes,No,Can bring needed change,White,White,State questionnaire,White,White,White,South,,,,Too liberal,Male,White men,Married men,,Suburbs,Suburbs,Joe Biden,English,Florida,White suburban men,Telephone survey,,,,,Omit,Omit,Omit,Version 1,,Agrees with you on major issues
277278151.0,0.634163618087769,Joe Biden,45-65,30-59,50-59,45+,50+,45-59,50-64,Non-Black 45-59,White 45-59,White 45-64,Complete,,About right,,23.0,No,No,,"An advanced degree after a bachelor's degree (such as JD, MA, MBA, MD, PhD)",College graduate,More than high school graduate,White college degree,White men college graduates,,,,5.0,Bernie Sanders,Income inequality,No,,Joe Biden,Yes,,45+,18-64,Independent/Something else,Non-black non-Democrat,White Independent,Independent men,Independent,White Independent,Somewhat liberal,Liberal,Liberal,,Yes,No,Can unite the country,White,White,State questionnaire,White,White,White,South,,,,Too liberal,Male,White men,Married men,,Suburbs,Suburbs,Joe Biden,English,Florida,White suburban men,Telephone survey,,,,,No,Neither of them,No,Version 1,,Can beat Donald Trump
277278152.0,0.361331224441528,Joe Biden,65+,60+,65 or over,45+,50+,60+,65+,Non-Black 60+,White 60+,White 65+,Complete,,Omit,,27.0,No,No,,"An advanced degree after a bachelor's degree (such as JD, MA, MBA, MD, PhD)",College graduate,More than high school graduate,White college degree,White women college graduates,,,,5.0,Omit,Omit,No,,Omit,Yes,,45+,65+,Democrat,Non-black Democrat,White Democrat,Democratic women,Democrat,White Democrat,Somewhat liberal,Liberal,Liberal,,Yes,No,Omit,White,White,State questionnaire,White,White,White,South,,,,Too liberal,Female,White women,Married women,,"Cities 50,000-500,000","Cities over 50,000",Omit,English,Florida,Other,Telephone survey,,,,,Omit,Omit,Omit,Version 1,,Can beat Donald Trump
277278153.0,0.457540452480316,Joe Biden,65+,60+,65 or over,45+,50+,60+,65+,Non-Black 60+,White 60+,White 65+,Complete,,About right,,16.0,No,No,,"An advanced degree after a bachelor's degree (such as JD, MA, MBA, MD, PhD)",College graduate,More than high school graduate,White college degree,White women college graduates,,,,4.0,Joe Biden,Race relations,No,,Joe Biden,Yes,,45+,65+,Democrat,Non-black Democrat,White Democrat,Democratic women,Democrat,White Democrat,Somewhat liberal,Liberal,Liberal,,Yes,No,Can bring needed change,White,White,State questionnaire,White,White,White,South,,,,About right,Female,White women,Married women,,"Cities 50,000-500,000","Cities over 50,000",Joe Biden,English,Florida,Other,Telephone survey,,,,,No,Neither of them,No,Version 1,,Can beat Donald Trump
277278154.0,1.04948663711548,Bernie Sanders,18-29,18-29,18-24,18-44,18-49,18-29,18-24,Non-Black 18-29,All others,All others,Complete,,About right,,8.0,No,No,,Attended college but received no degree,No college degree,More than high school graduate,Non white no college degree,Non-whites,,,,2.0,Bernie Sanders,Health care,No,,Joe Biden,No,,18-44,18-64,Democrat,Non-black Democrat,All Other,Democratic women,Democrat,Non-White Democrats,Moderate,Moderate or Conservative,Moderate,,Yes,No,Cares about people like me,Other,Other,State questionnaire,Other,Non-white,Other,South,,,,About right,Female,All other races,Non married women,,"Cities 50,000-500,000","Cities over 50,000",Bernie Sanders,English,Florida,Other,Telephone survey,,,,,Omit,Omit,No,Version 1,,Agrees with you on major issues
277278155.0,0.457540452480316,Joe Biden,65+,60+,65 or over,45+,50+,60+,65+,Non-Black 60+,White 60+,White 65+,Complete,,About right,,3.0,No,No,,Bachelor's degree (BA or BS),College graduate,More than high school graduate,White college degree,White women college graduates,,,,4.0,Omit,Omit,No,,Joe Biden,Yes,,45+,65+,,,,,,,,,,,Yes,No,Omit,White,White,State questionnaire,White,White,White,South,,,,Too liberal,Female,White women,Married women,,Rural,Small Cities/Rural,Omit,English,Florida,Other,Telephone survey,,,,,No,Omit,Omit,Version 1,,Can beat Donald Trump
277278156.0,0.549207210540771,Joe Biden,65+,60+,65 or over,45+,50+,60+,65+,Non-Black 60+,White 60+,White 65+,Complete,,About right,,8.0,No,No,,Attended college but received no degree,No college degree,More than high school graduate,White no college degree,White men non college graduates,,,,2.0,Omit,Omit,No,,Joe Biden,Yes,,45+,65+,Democrat,Non-black Democrat,White Democrat,Democratic men,Democrat,White Democrat,Moderate,Moderate or Conservative,Moderate,,Yes,No,Has the right temperament,White,White,State questionnaire,White,White,White,South,,,,Too liberal,Male,White men,Married men,,Suburbs,Suburbs,Joe Biden,English,Florida,White suburban men,Telephone survey,,,,,No,Neither of them,No,Version 1,,Agrees with you on major issues
277278157.0,0.54245126247406,Tulsi Gabbard,45-65,60+,60-64,45+,50+,60+,50-64,Non-Black 60+,All others,All others,Complete,,Not liberal enough,,16.0,No,No,,Never attended college,No college degree,High school graduate or less,Non white no college degree,Non-whites,,,,3.0,Joe Biden,Health care,No,,Joe Biden,No,,45+,18-64,Democrat,Non-black Democrat,All Other,Democratic women,Democrat,Non-White Democrats,Very liberal,Liberal,Liberal,,Yes,No,Can unite the country,Other,American Indian,State questionnaire,Other,Non-white,American Indian,South,,,,Too liberal,Female,All other races,Non married women,,Suburbs,Suburbs,Joe Biden,English,Florida,Other,Telephone survey,,,,,No,Neither of them,No,Version 1,,Can beat Donald Trump
277278158.0,1.68461287021637,Joe Biden,45-65,60+,60-64,45+,50+,60+,50-64,Black 60+,Black 60+,Black 45-64,Complete,,About right,,27.0,No,No,,Attended college but received no degree,No college degree,More than high school graduate,Non white no college degree,Non-whites,,,,5.0,Joe Biden,Race relations,No,,Joe Biden,No,,45+,18-64,Democrat,Black Democrat,Black Democrat,Democratic men,Democrat,Non-White Democrats,Somewhat liberal,Liberal,Liberal,,Yes,No,Can unite the country,Black,Black,State questionnaire,Black,Non-white,Black,South,,,,About right,Male,Black men,Non married men,,"Cities 50,000-500,000","Cities over 50,000",Bernie Sanders,English,Florida,Other,Telephone survey,,,,,No,Neither of them,No,Version 1,,Can beat Donald Trump
277278159.0,2.66208839416504,Bernie Sanders,18-29,18-29,18-24,18-44,18-49,18-29,18-24,Non-Black 18-29,Latino 18-29,Latino 18-29,Complete,,Not liberal enough,,7.0,No,"Yes, other Hispanic",,Attended college but received no degree,No college degree,More than high school graduate,Non white no college degree,Non-whites,,,,2.0,Bernie Sanders,Income inequality,Yes,,Bernie Sanders,No,,18-44,18-64,Democrat,Non-black Democrat,Latino Democrat,Democratic women,Democrat,Non-White Democrats,Somewhat liberal,Liberal,Liberal,,No,No,Has the right temperament,Other,Hispanic/Latino,State questionnaire,Hispanic/Latino,Non-white,Hispanic/Latino,South,,,,About right,Female,Latino women,Non married women,,"Cities 50,000-500,000","Cities over 50,000",Bernie Sanders,English,Florida,Other,Telephone survey,,,,,Omit,Omit,Omit,Version 1,,Can beat Donald Trump
277278160.0,0.911343097686768,Other,65+,60+,65 or over,45+,50+,60+,65+,Non-Black 60+,White 60+,White 65+,Complete,,About right,,8.0,No,No,,"An advanced degree after a bachelor's degree (such as JD, MA, MBA, MD, PhD)",College graduate,More than high school graduate,White college degree,White men college graduates,,,,2.0,Joe Biden,Climate change,No,,Joe Biden,Yes,,45+,65+,Independent/Something else,Non-black non-Democrat,White Independent,Independent men,Something else,White Independent,Moderate,Moderate or Conservative,Moderate,,Yes,No,Can bring needed change,White,White,State questionnaire,White,White,White,South,,,,Too liberal,Male,White men,Married men,,Suburbs,Suburbs,Bernie Sanders,English,Florida,White suburban men,Telephone survey,,,,,No,Neither of them,No,Version 1,,Can beat Donald Trump
277278161.0,0.777553558349609,Joe Biden,30-44,30-59,30-39,18-44,18-49,30-44,30-39,Non-Black 30-44,White 30-44,White 30-44,Complete,,About right,,8.0,No,No,,"An advanced degree after a bachelor's degree (such as JD, MA, MBA, MD, PhD)",College graduate,More than high school graduate,White college degree,White men college graduates,,,,2.0,Joe Biden,Climate change,No,,Joe Biden,Yes,,18-44,18-64,Independent/Something else,Non-black non-Democrat,White Independent,Independent men,Independent,White Independent,Moderate,Moderate or Conservative,Moderate,,Yes,No,Can bring needed change,White,White,State questionnaire,White,White,White,South,,,,Too liberal,Male,White men,Married men,,Suburbs,Suburbs,Bernie Sanders,English,Florida,White suburban men,Telephone survey,,,,,Omit,Omit,Omit,Version 1,,Can beat Donald Trump
277278162.0,0.950920581817627,Joe Biden,30-44,30-59,30-39,18-44,18-49,30-44,30-39,Non-Black 30-44,White 30-44,White 30-44,Complete,,Not liberal enough,,22.0,No,No,,Bachelor's degree (BA or BS),College graduate,More than high school graduate,White college degree,White men college graduates,,,,5.0,Bernie Sanders,Omit,No,,Bernie Sanders,No,,18-44,18-64,Independent/Something else,Non-black non-Democrat,White Independent,Independent men,Independent,White Independent,Moderate,Moderate or Conservative,Moderate,,No,No,Can unite the country,White,White,State questionnaire,White,White,White,South,,,,Too liberal,Male,White men,Non married men,,Suburbs,Suburbs,Bernie Sanders,English,Florida,White suburban men,Telephone survey,,,,,No,Neither of them,No,Version 1,,Agrees with you on major issues
277278163.0,2.94384288787842,Joe Biden,18-29,18-29,18-24,18-44,18-49,18-29,18-24,Non-Black 18-29,Latino 18-29,Latino 18-29,Complete,,Not liberal enough,,3.0,Yes,"Yes, Cuban",,Bachelor's degree (BA or BS),College graduate,More than high school graduate,Non white college degree,Non-whites,,,,1.0,Joe Biden,Race relations,Yes,,Joe Biden,No,,18-44,18-64,Democrat,Non-black Democrat,Latino Democrat,Democratic men,Democrat,Non-White Democrats,Somewhat liberal,Liberal,Liberal,,No,No,Can unite the country,Other,Hispanic/Latino,State questionnaire,Hispanic/Latino,Non-white,Hispanic/Latino,South,,,,Too liberal,Male,Latino men,Non married men,,"Cities 50,000-500,000","Cities over 50,000",Bernie Sanders,English,Florida,Other,Telephone survey,,,,,Yes,Both of them,Yes,Version 1,,Can beat Donald Trump
277278164.0,1.0131915807724,Bernie Sanders,18-29,18-29,25-29,18-44,18-49,18-29,25-29,Non-Black 18-29,White 18-29,White 18-29,Complete,,About right,,21.0,No,No,,Bachelor's degree (BA or BS),College graduate,More than high school graduate,White college degree,White women college graduates,,,,5.0,Bernie Sanders,Climate change,No,,Bernie Sanders,No,,18-44,18-64,Democrat,Non-black Democrat,White Democrat,Democratic women,Democrat,White Democrat,Somewhat liberal,Liberal,Liberal,,No,No,Can bring needed change,White,White,State questionnaire,White,White,White,South,,,,About right,Female,White women,Non married women,,Suburbs,Suburbs,Bernie Sanders,English,Florida,White suburban women,Telephone survey,,,,,No,Neither of them,No,Version 1,,Can beat Donald Trump
277278165.0,2.55480170249939,Joe Biden,45-65,60+,60-64,45+,50+,60+,50-64,Black 60+,Black 60+,Black 45-64,Complete,,About right,,14.0,No,No,,Attended college but received no degree,No college degree,More than high school graduate,Non white no college degree,Non-whites,,,,3.0,Joe Biden,Income inequality,No,,Joe Biden,Yes,,45+,18-64,Democrat,Black Democrat,Black Democrat,Democratic men,Democrat,Non-White Democrats,Somewhat liberal,Liberal,Liberal,,Yes,No,Can unite the country,Black,Black,State questionnaire,Black,Non-white,Black,South,,,,Too liberal,Male,Black men,Married men,,"Cities 50,000-500,000","Cities over 50,000",Joe Biden,English,Florida,Other,Telephone survey,,,,,Yes,Both of them,Yes,Version 1,,Agrees with you on major issues
277278166.0,1.42329072952271,Joe Biden,45-65,30-59,45-49,45+,18-49,45-59,40-49,Black 45-59,Black 45-59,Black 45-64,Complete,,Too liberal,,26.0,No,No,,Bachelor's degree (BA or BS),College graduate,More than high school graduate,Non white college degree,Non-whites,,,,5.0,Joe Biden,Health care,No,,Joe Biden,Yes,,45+,18-64,Democrat,Black Democrat,Black Democrat,Democratic women,Democrat,Non-White Democrats,Somewhat liberal,Liberal,Liberal,,Yes,No,Can unite the country,Black,Black,State questionnaire,Black,Non-white,Black,South,,,,Not liberal enough,Female,Black women,Married women,,"Cities 50,000-500,000","Cities over 50,000",Joe Biden,English,Florida,Other,Telephone survey,,,,,No,Only Sanders did,Yes,Version 1,,Can beat Donald Trump
277278167.0,0.524804890155792,Joe Biden,65+,60+,65 or over,45+,50+,60+,65+,Non-Black 60+,White 60+,White 65+,Complete,,About right,,21.0,No,No,,"An advanced degree after a bachelor's degree (such as JD, MA, MBA, MD, PhD)",College graduate,More than high school graduate,White college degree,White women college graduates,,,,5.0,Joe Biden,Health care,No,,Joe Biden,No,,45+,65+,Democrat,Non-black Democrat,White Democrat,Democratic women,Democrat,White Democrat,,,,,Yes,No,Omit,White,White,State questionnaire,White,White,White,South,,,,Too liberal,Female,White women,Non married women,,Suburbs,Suburbs,Joe Biden,English,Florida,White suburban women,Telephone survey,,,,,No,Only Sanders did,Yes,Version 1,,Can beat Donald Trump
277278168.0,2.54694032669067,Other,18-29,18-29,25-29,18-44,18-49,18-29,25-29,Non-Black 18-29,White 18-29,White 18-29,Complete,,Not liberal enough,,4.0,No,No,,Bachelor's degree (BA or BS),College graduate,More than high school graduate,White college degree,White women college graduates,,,,1.0,Joe Biden,Income inequality,No,,Bernie Sanders,Yes,,18-44,18-64,Democrat,Non-black Democrat,White Democrat,Democratic women,Democrat,White Democrat,Somewhat liberal,Liberal,Liberal,,Yes,No,Cares about people like me,White,White,State questionnaire,White,White,White,South,,,,About right,Female,White women,Married women,,"Cities over 500,000","Cities over 50,000",Joe Biden,English,Florida,Other,Telephone survey,,,,,Yes,Only Biden did,Omit,Version 1,,Agrees with you on major issues
277278169.0,0.691608250141144,Joe Biden,45-65,30-59,45-49,45+,18-49,45-59,40-49,Non-Black 45-59,White 45-59,White 45-64,Complete,,About right,,13.0,No,No,,"An advanced degree after a bachelor's degree (such as JD, MA, MBA, MD, PhD)",College graduate,More than high school graduate,White college degree,White women college graduates,,,,3.0,Joe Biden,Omit,No,,Joe Biden,Yes,,45+,18-64,Democrat,Non-black Democrat,White Democrat,Democratic women,Democrat,White Democrat,Somewhat liberal,Liberal,Liberal,,Yes,No,Can unite the country,White,White,State questionnaire,White,White,White,South,,,,Too liberal,Female,White women,Married women,,"Cities 50,000-500,000","Cities over 50,000",Joe Biden,English,Florida,Other,Telephone survey,,,,,No,Neither of them,No,Version 1,,Agrees with you on major issues
277278170.0,0.60802948474884,Bernie Sanders,45-65,30-59,45-49,45+,18-49,45-59,40-49,Non-Black 45-59,White 45-59,White 45-64,Complete,,Too liberal,,20.0,No,No,,Attended college but received no degree,No college degree,More than high school graduate,White no college degree,White men non college graduates,,,,5.0,Bernie Sanders,Health care,No,,Bernie Sanders,Yes,,45+,18-64,Independent/Something else,Non-black non-Democrat,White Independent,Independent men,Independent,White Independent,Very liberal,Liberal,Liberal,,Yes,No,Cares about people like me,White,White,State questionnaire,White,White,White,South,,,,About right,Male,White men,Married men,,Suburbs,Suburbs,Bernie Sanders,English,Florida,White suburban men,Telephone survey,,,,,Yes,Only Biden did,No,Version 1,,Agrees with you on major issues
277278171.0,1.52697157859802,Joe Biden,18-29,18-29,18-24,18-44,18-49,18-29,18-24,Non-Black 18-29,All others,All others,Complete,,About right,,16.0,No,No,,Bachelor's degree (BA or BS),College graduate,More than high school graduate,Non white college degree,Non-whites,,,,3.0,Joe Biden,Climate change,No,,Joe Biden,No,,18-44,18-64,Independent/Something else,Non-black non-Democrat,All Other,Independent men,Independent,All others,Moderate,Moderate or Conservative,Moderate,,No,No,Cares about people like me,Other,Other,State questionnaire,Other,Non-white,Other,South,,,,Too liberal,Male,All other races,Non married men,,"Cities 50,000-500,000","Cities over 50,000",Bernie Sanders,English,Florida,Other,Telephone survey,,,,,No,Neither of them,No,Version 1,,Can beat Donald Trump
277278172.0,2.50047874450684,Bernie Sanders,45-65,30-59,50-59,45+,50+,45-59,50-64,Black 45-59,Black 45-59,Black 45-64,Complete,,About right,,5.0,No,No,,Never attended college,No college degree,High school graduate or less,Non white no college degree,Non-whites,,,,1.0,Bernie Sanders,Climate change,No,,Joe Biden,No,,45+,18-64,Democrat,Black Democrat,Black Democrat,Democratic men,Democrat,Non-White Democrats,Somewhat liberal,Liberal,Liberal,,No,No,Can unite the country,Black,Black,State questionnaire,Black,Non-white,Black,South,,,,About right,Male,Black men,Non married men,,"Cities over 500,000","Cities over 50,000",Bernie Sanders,English,Florida,Other,Telephone survey,,,,,No,Only Sanders did,Yes,Version 1,,Can beat Donald Trump
277278173.0,1.19117176532745,Bernie Sanders,30-44,30-59,30-39,18-44,18-49,30-44,30-39,Non-Black 30-44,Latino 30-44,Latino 30-44,Complete,,Not liberal enough,,22.0,No,No,,Bachelor's degree (BA or BS),College graduate,More than high school graduate,Non white college degree,Non-whites,,,,5.0,Bernie Sanders,Health care,No,,Bernie Sanders,No,,18-44,18-64,Democrat,Non-black Democrat,Latino Democrat,Democratic men,Democrat,Non-White Democrats,Somewhat liberal,Liberal,Liberal,,No,No,Cares about people like me,Other,Hispanic/Latino,State questionnaire,Hispanic/Latino,Non-white,Hispanic/Latino,South,,,,About right,Male,Latino men,Non married men,,"Cities 50,000-500,000","Cities over 50,000",Bernie Sanders,Spanish,Florida,Other,Telephone survey,,,,,No,Neither of them,No,Version 1,,Agrees with you on major issues
277278174.0,0.609827816486359,Bernie Sanders,45-65,60+,60-64,45+,50+,60+,50-64,Non-Black 60+,White 60+,White 45-64,Complete,,About right,,10.0,No,No,,Bachelor's degree (BA or BS),College graduate,More than high school graduate,White college degree,White women college graduates,,,,4.0,Bernie Sanders,Health care,No,,Bernie Sanders,Yes,,45+,18-64,Democrat,Non-black Democrat,White Democrat,Democratic women,Democrat,White Democrat,Somewhat liberal,Liberal,Liberal,,Yes,No,Can unite the country,White,White,State questionnaire,White,White,White,South,,,,About right,Female,White women,Married women,,Suburbs,Suburbs,Bernie Sanders,English,Florida,White suburban women,Telephone survey,,,,,Omit,Omit,Omit,Version 1,,Can beat Donald Trump
277278175.0,1.45566487312317,Joe Biden,65+,60+,65 or over,45+,50+,60+,65+,Black 60+,Black 60+,Black 65+,Complete,,About right,,16.0,No,No,,Never attended college,No college degree,High school graduate or less,Non white no college degree,Non-whites,,,,3.0,Joe Biden,Health care,No,,Joe Biden,Yes,,45+,65+,Democrat,Black Democrat,Black Democrat,Democratic women,Democrat,Non-White Democrats,Very liberal,Liberal,Liberal,,Yes,No,Cares about people like me,Black,Black,State questionnaire,Black,Non-white,Black,South,,,,About right,Female,Black women,Married women,,Suburbs,Suburbs,Joe Biden,English,Florida,Other,Telephone survey,,,,,No,Neither of them,No,Version 1,,Agrees with you on major issues
277278176.0,0.993923306465149,Bernie Sanders,18-29,18-29,18-24,18-44,18-49,18-29,18-24,Non-Black 18-29,White 18-29,White 18-29,Complete,,Not liberal enough,,3.0,No,No,,Bachelor's degree (BA or BS),College graduate,More than high school graduate,White college degree,White women college graduates,,,,1.0,Bernie Sanders,Race relations,No,,Bernie Sanders,No,,18-44,18-64,Democrat,Non-black Democrat,White Democrat,Democratic women,Democrat,White Democrat,Very liberal,Liberal,Liberal,,Yes,No,Cares about people like me,White,White,State questionnaire,White,White,White,South,,,,About right,Female,White women,Non married women,,"Cities 50,000-500,000","Cities over 50,000",Bernie Sanders,English,Florida,Other,Telephone survey,,,,,Yes,Only Biden did,No,Version 1,,Agrees with you on major issues
277278177.0,1.75166797637939,Bernie Sanders,45-65,30-59,45-49,45+,18-49,45-59,40-49,Black 45-59,Black 45-59,Black 45-64,Complete,Joe Biden,,,3.0,No,No,Needs a complete overhaul,Never attended college,No college degree,High school graduate or less,Non white no college degree,Non-whites,Favorable,Both,Favorable,4.0,,,No,Yes,,,Return to Barack Obama's policies,45+,18-64,Democrat,Black Democrat,Black Democrat,Democratic women,Democrat,Non-White Democrats,Conservative,Moderate or Conservative,Conservative,,,No,,Black,Black,State questionnaire,Black,Non-white,Black,South,None,None,,,Female,Black women,,Support,Rural,Small Cities/Rural,,English,Florida,Other,Telephone survey,Before that,Earlier than that,Earlier than that,Angry,,,,Version 2,Yes,Can beat Donald Trump
277278178.0,1.39272928237915,Joe Biden,45-65,30-59,50-59,45+,50+,45-59,50-64,Non-Black 45-59,White 45-59,White 45-64,Complete,Joe Biden,,,11.0,No,No,Needs minor changes,Associate's degree (AA or AS),No college degree,More than high school graduate,White no college degree,White women non college graduates,Favorable,Only Biden,Unfavorable,4.0,,,No,No,,,Omit,45+,18-64,Democrat,Non-black Democrat,White Democrat,Democratic women,Democrat,White Democrat,Moderate,Moderate or Conservative,Moderate,,,No,,White,White,State questionnaire,White,White,White,South,Protestant/Other Non-Catholic Christian,Protestant,Protestant/Other Non-Catholic Christian,,Female,White women,,Oppose,"Cities 50,000-500,000","Cities over 50,000",,English,Florida,Other,Telephone survey,Before that,Earlier than that,Earlier than that,"Dissatisfied, but not angry",,,,Version 2,Yes,Agrees with you on major issues
277278179.0,0.585573971271515,Joe Biden,65+,60+,65 or over,45+,50+,60+,65+,Non-Black 60+,White 60+,White 65+,Complete,Joe Biden,,,19.0,No,No,Needs minor changes,Attended college but received no degree,No college degree,More than high school graduate,White no college degree,White men non college graduates,Favorable,Only Biden,Unfavorable,4.0,,,No,No,,,Change to more conservative policies,45+,65+,Democrat,Non-black Democrat,White Democrat,Democratic men,Democrat,White Democrat,Somewhat liberal,Liberal,Liberal,,,No,,White,White,State questionnaire,White,White,White,South,None,None,None,,Male,White men,,Support,"Cities 50,000-500,000","Cities over 50,000",,English,Florida,Other,Telephone survey,Earlier this month,Earlier than that,In the last month,Angry,,,,Version 2,Yes,Agrees with you on major issues
277278180.0,0.55201929807663,Bernie Sanders,30-44,30-59,30-39,18-44,18-49,30-44,30-39,Non-Black 30-44,White 30-44,White 30-44,Complete,Joe Biden,,,10.0,No,No,Needs minor changes,Bachelor's degree (BA or BS),College graduate,More than high school graduate,White college degree,White women college graduates,Omit,Omit,Omit,2.0,,,No,Yes,,,Omit,18-44,18-64,Democrat,Non-black Democrat,White Democrat,Democratic women,Democrat,White Democrat,Moderate,Moderate or Conservative,Moderate,,,No,,White,White,State questionnaire,White,White,White,South,Jewish,Jewish,Jewish,,Female,White women,,Oppose,Suburbs,Suburbs,,English,Florida,White suburban women,Telephone survey,In February,Earlier than that,Earlier than that,"Dissatisfied, but not angry",,,,Version 2,Yes,Can beat Donald Trump
277278181.0,1.10637164115906,Other,30-44,30-59,30-39,18-44,18-49,30-44,30-39,Non-Black 30-44,White 30-44,White 30-44,Complete,Joe Biden,,,14.0,No,No,Needs a complete overhaul,"An advanced degree after a bachelor's degree (such as JD, MA, MBA, MD, PhD)",College graduate,More than high school graduate,White college degree,White women college graduates,Favorable,Only Biden,Unfavorable,3.0,,,No,No,,,Return to Barack Obama's policies,18-44,18-64,Democrat,Non-black Democrat,White Democrat,Democratic women,Democrat,White Democrat,Somewhat liberal,Liberal,Liberal,,,No,,White,White,State questionnaire,White,White,White,South,Protestant/Other Non-Catholic Christian,Other Christian,Protestant/Other Non-Catholic Christian,,Female,White women,,Support,"Cities 50,000-500,000","Cities over 50,000",,English,Florida,Other,Telephone survey,Earlier this month,Earlier than that,In the last month,Angry,,,,Version 2,Yes,Can beat Donald Trump
277278182.0,0.839305400848389,Joe Biden,65+,60+,65 or over,45+,50+,60+,65+,Black 60+,Black 60+,Black 65+,Complete,Joe Biden,,,14.0,No,No,Needs minor changes,"An advanced degree after a bachelor's degree (such as JD, MA, MBA, MD, PhD)",College graduate,More than high school graduate,Non white college degree,Non-whites,Favorable,Both,Favorable,3.0,,,No,No,,,Return to Barack Obama's policies,45+,65+,Democrat,Black Democrat,Black Democrat,Democratic men,Democrat,Non-White Democrats,Somewhat liberal,Liberal,Liberal,,,No,,Black,Black,State questionnaire,Black,Non-white,Black,South,Protestant/Other Non-Catholic Christian,Protestant,,,Male,Black men,,Support,"Cities 50,000-500,000","Cities over 50,000",,English,Florida,Other,Telephone survey,In February,Earlier than that,Earlier than that,"Dissatisfied, but not angry",,,,Version 2,Yes,Agrees with you on major issues
277278183.0,0.70606529712677,Joe Biden,45-65,30-59,50-59,45+,50+,45-59,50-64,Non-Black 45-59,White 45-59,White 45-64,Complete,Joe Biden,,,1.0,No,No,Needs minor changes,Bachelor's degree (BA or BS),College graduate,More than high school graduate,White college degree,White women college graduates,Favorable,Both,Favorable,1.0,,,No,No,,,Change to more liberal policies,45+,18-64,Democrat,Non-black Democrat,White Democrat,Democratic women,Democrat,White Democrat,Somewhat liberal,Liberal,Liberal,,,No,,White,White,State questionnaire,White,White,White,South,Protestant/Other Non-Catholic Christian,Other Christian,Protestant/Other Non-Catholic Christian,,Female,White women,,Support,"Cities 50,000-500,000","Cities over 50,000",,English,Florida,Other,Telephone survey,Earlier this month,Earlier than that,In the last month,Angry,,,,Version 2,Yes,Can beat Donald Trump
277278184.0,0.473675727844238,Joe Biden,65+,60+,65 or over,45+,50+,60+,65+,Non-Black 60+,White 60+,White 65+,Complete,Joe Biden,,,17.0,No,No,Works well enough as is,Bachelor's degree (BA or BS),College graduate,More than high school graduate,White college degree,White men college graduates,Favorable,Only Biden,Omit,4.0,,,No,No,,,Return to Barack Obama's policies,45+,65+,Democrat,Non-black Democrat,White Democrat,Democratic men,Democrat,White Democrat,Moderate,Moderate or Conservative,Moderate,,,No,,White,White,State questionnaire,White,White,White,South,None,None,None,,Male,White men,,Omit,"Cities 10,000-50,000",Small Cities/Rural,,English,Florida,Other,Telephone survey,Earlier this month,Earlier than that,In the last month,"Dissatisfied, but not angry",,,,Version 2,Yes,Can beat Donald Trump
277278185.0,0.416486293077469,Joe Biden,65+,60+,65 or over,45+,50+,60+,65+,Non-Black 60+,White 60+,White 65+,Complete,Joe Biden,,,5.0,No,No,Needs a complete overhaul,Bachelor's degree (BA or BS),College graduate,More than high school graduate,White college degree,White women college graduates,Favorable,Both,Favorable,1.0,,,No,,,,Return to Barack Obama's policies,45+,65+,Democrat,Non-black Democrat,White Democrat,Democratic women,Democrat,White Democrat,Very liberal,Liberal,Liberal,,,No,,White,White,State questionnaire,White,White,White,South,None,None,None,,Female,White women,,Oppose,"Cities over 500,000","Cities over 50,000",,English,Florida,Other,Telephone survey,In February,Earlier than that,Earlier than that,Angry,,,,Version 2,Yes,Can beat Donald Trump
277278186.0,2.59969305992126,Joe Biden,30-44,30-59,30-39,18-44,18-49,30-44,30-39,Non-Black 30-44,Latino 30-44,Latino 30-44,Complete,Joe Biden,,,15.0,No,"Yes, other Hispanic",Needs minor changes,Associate's degree (AA or AS),No college degree,More than high school graduate,Non white no college degree,Non-whites,Favorable,Both,Favorable,4.0,,,Yes,No,,,Change to more liberal policies,18-44,18-64,Democrat,Non-black Democrat,Latino Democrat,Democratic men,Democrat,Non-White Democrats,Somewhat liberal,Liberal,Liberal,,,No,,Other,Hispanic/Latino,State questionnaire,Hispanic/Latino,Non-white,Hispanic/Latino,South,Catholic,Catholic,,,Male,Latino men,,Support,Suburbs,Suburbs,,English,Florida,Other,Telephone survey,Earlier this month,Earlier than that,In the last month,Angry,,,,Version 2,Yes,Can beat Donald Trump
277278187.0,2.18748664855957,Bernie Sanders,18-29,18-29,25-29,18-44,18-49,18-29,25-29,Non-Black 18-29,Latino 18-29,Latino 18-29,Complete,Bernie Sanders,,,24.0,No,"Yes, other Hispanic",Needs a complete overhaul,Associate's degree (AA or AS),No college degree,More than high school graduate,Non white no college degree,Non-whites,Unfavorable,Only Sanders,Favorable,5.0,,,Yes,Yes,,,Change to more liberal policies,18-44,18-64,Democrat,Non-black Democrat,Latino Democrat,Democratic women,Democrat,Non-White Democrats,Somewhat liberal,Liberal,Liberal,,,No,,Other,Black,State questionnaire,Hispanic/Latino,Non-white,Hispanic/Latino,South,Protestant/Other Non-Catholic Christian,Other Christian,,,Female,Latino women,,Support,Suburbs,Suburbs,,English,Florida,Other,Telephone survey,Earlier this month,Earlier than that,In the last month,Angry,,,,Version 2,Yes,Agrees with you on major issues
277278188.0,2.82025051116943,Joe Biden,45-65,60+,60-64,45+,50+,60+,50-64,Black 60+,Black 60+,Black 45-64,Complete,Joe Biden,,,2.0,No,No,Needs minor changes,Associate's degree (AA or AS),No college degree,More than high school graduate,Non white no college degree,Non-whites,Favorable,Both,Favorable,1.0,,,No,,,,Change to more liberal policies,45+,18-64,Democrat,Black Democrat,Black Democrat,Democratic men,Democrat,Non-White Democrats,Somewhat liberal,Liberal,Liberal,,,No,,Black,Black,State questionnaire,Black,Non-white,Black,South,None,None,,,Male,Black men,,Oppose,"Cities 50,000-500,000","Cities over 50,000",,English,Florida,Other,Telephone survey,Earlier this month,Earlier than that,In the last month,Angry,,,,Version 2,Yes,Can beat Donald Trump
277278189.0,0.457540452480316,Joe Biden,65+,60+,65 or over,45+,50+,60+,65+,Non-Black 60+,White 60+,White 65+,Complete,Joe Biden,,,11.0,No,No,Works well enough as is,Bachelor's degree (BA or BS),College graduate,More than high school graduate,White college degree,White women college graduates,Favorable,Only Biden,Unfavorable,4.0,,,No,No,,,Change to more conservative policies,45+,65+,Independent/Something else,Non-black non-Democrat,White Independent,Independent women,Independent,White Independent,Somewhat liberal,Liberal,Liberal,,,No,,White,White,State questionnaire,White,White,White,South,Catholic,Catholic,Catholic,,Female,White women,,Oppose,"Cities 10,000-50,000",Small Cities/Rural,,English,Florida,Other,Telephone survey,Earlier this month,Earlier than that,In the last month,Angry,,,,Version 2,Yes,Omit
277278190.0,0.446689903736115,Joe Biden,65+,60+,65 or over,45+,50+,60+,65+,Non-Black 60+,White 60+,White 65+,Complete,Joe Biden,,,21.0,No,No,Needs minor changes,Attended college but received no degree,No college degree,More than high school graduate,White no college degree,White women non college graduates,Favorable,Only Biden,Unfavorable,5.0,,,No,No,,,Return to Barack Obama's policies,45+,65+,Democrat,Non-black Democrat,White Democrat,Democratic women,Democrat,White Democrat,Moderate,Moderate or Conservative,Moderate,,,No,,White,White,State questionnaire,White,White,White,South,None,None,None,,Female,White women,,Oppose,Suburbs,Suburbs,,English,Florida,White suburban women,Telephone survey,Before that,Earlier than that,Earlier than that,Angry,,,,Version 2,Yes,Can beat Donald Trump
277278191.0,1.16747534275055,Joe Biden,65+,60+,65 or over,45+,50+,60+,65+,Black 60+,Black 60+,Black 65+,Complete,Joe Biden,,,18.0,No,No,Works well enough as is,Bachelor's degree (BA or BS),College graduate,More than high school graduate,Non white college degree,Non-whites,Favorable,Only Biden,Omit,5.0,,,No,No,,,Return to Barack Obama's policies,45+,65+,Democrat,Black Democrat,Black Democrat,Democratic men,Democrat,Non-White Democrats,Moderate,Moderate or Conservative,Moderate,,,No,,Black,Black,State questionnaire,Black,Non-white,Black,South,Catholic,Catholic,,,Male,Black men,,Omit,"Cities 50,000-500,000","Cities over 50,000",,English,Florida,Other,Telephone survey,In February,Earlier than that,Earlier than that,Angry,,,,Version 2,Yes,Can beat Donald Trump
277278192.0,0.446689903736115,Joe Biden,65+,60+,65 or over,45+,50+,60+,65+,Non-Black 60+,White 60+,White 65+,Complete,Joe Biden,,,22.0,No,No,Needs minor changes,Never attended college,No college degree,High school graduate or less,White no college degree,White women non college graduates,Favorable,Only Biden,Omit,5.0,,,No,No,,,Omit,45+,65+,Independent/Something else,Non-black non-Democrat,White Independent,Independent women,Independent,White Independent,Somewhat liberal,Liberal,Liberal,,,No,,White,White,State questionnaire,White,White,White,South,Protestant/Other Non-Catholic Christian,Protestant,Protestant/Other Non-Catholic Christian,,Female,White women,,Omit,Suburbs,Suburbs,,English,Florida,White suburban women,Telephone survey,Earlier this month,Earlier than that,In the last month,Angry,,,,Version 2,Omit,Agrees with you on major issues
277278193.0,1.90997064113617,Other,45-65,30-59,50-59,45+,50+,45-59,50-64,Non-Black 45-59,White 45-59,White 45-64,Complete,Joe Biden,,,9.0,No,No,Needs minor changes,Attended college but received no degree,No college degree,More than high school graduate,White no college degree,White men non college graduates,Favorable,Both,Favorable,2.0,,,No,No,,,Return to Barack Obama's policies,45+,18-64,Democrat,Non-black Democrat,White Democrat,Democratic men,Democrat,White Democrat,Somewhat liberal,Liberal,Liberal,,,No,,White,White,State questionnaire,White,White,White,South,None,None,None,,Male,White men,,Support,"Cities 50,000-500,000","Cities over 50,000",,English,Florida,Other,Telephone survey,In February,Earlier than that,Earlier than that,Angry,,,,Version 2,Yes,Can beat Donald Trump
277278194.0,0.958902180194855,Joe Biden,45-65,30-59,50-59,45+,50+,45-59,50-64,Non-Black 45-59,White 45-59,White 45-64,Complete,Joe Biden,,,16.0,No,No,Needs a complete overhaul,Attended college but received no degree,No college degree,More than high school graduate,White no college degree,White women non college graduates,Favorable,Both,Favorable,4.0,,,No,No,,,Return to Barack Obama's policies,45+,18-64,Democrat,Non-black Democrat,White Democrat,Democratic women,Democrat,White Democrat,Very liberal,Liberal,Liberal,,,No,,White,White,State questionnaire,White,White,White,South,None,None,None,,Female,White women,,Omit,Suburbs,Suburbs,,English,Florida,White suburban women,Telephone survey,Earlier this month,Earlier than that,In the last month,Angry,,,,Version 2,Yes,Can beat Donald Trump
277278195.0,0.565626978874207,Joe Biden,65+,60+,65 or over,45+,50+,60+,65+,Non-Black 60+,White 60+,White 65+,Complete,Joe Biden,,,16.0,No,No,Omit,Attended college but received no degree,No college degree,More than high school graduate,White no college degree,White women non college graduates,Favorable,Only Biden,Unfavorable,4.0,,,No,No,,,Return to Barack Obama's policies,45+,65+,Democrat,Non-black Democrat,White Democrat,Democratic women,Democrat,White Democrat,Conservative,Moderate or Conservative,Conservative,,,No,,White,White,State questionnaire,White,White,White,South,Catholic,Catholic,Catholic,,Female,White women,,Omit,"Cities 50,000-500,000","Cities over 50,000",,English,Florida,Other,Telephone survey,Before that,Earlier than that,Earlier than that,Angry,,,,Version 2,Yes,Can beat Donald Trump
277278196.0,0.585573971271515,Joe Biden,65+,60+,65 or over,45+,50+,60+,65+,Non-Black 60+,White 60+,White 65+,Complete,Joe Biden,,,16.0,No,No,Needs minor changes,Never attended college,No college degree,High school graduate or less,White no college degree,White men non college graduates,Favorable,Only Biden,Unfavorable,4.0,,,No,,,,Return to Barack Obama's policies,45+,65+,Democrat,Non-black Democrat,White Democrat,Democratic men,Democrat,White Democrat,Somewhat liberal,Liberal,Liberal,,,No,,White,White,State questionnaire,White,White,White,South,,,,,Male,White men,,Omit,"Cities 50,000-500,000","Cities over 50,000",,English,Florida,Other,Telephone survey,In February,Earlier than that,Earlier than that,Angry,,,,Version 2,Yes,Can beat Donald Trump
277278197.0,0.803018033504486,Joe Biden,45-65,30-59,50-59,45+,50+,45-59,50-64,Non-Black 45-59,White 45-59,White 45-64,Complete,Joe Biden,,,16.0,No,No,Needs a complete overhaul,"An advanced degree after a bachelor's degree (such as JD, MA, MBA, MD, PhD)",College graduate,More than high school graduate,White college degree,White men college graduates,Favorable,Both,Favorable,4.0,,,No,Yes,,,Change to more liberal policies,45+,18-64,Democrat,Non-black Democrat,White Democrat,Democratic men,Democrat,White Democrat,Moderate,Moderate or Conservative,Moderate,,,No,,White,White,State questionnaire,White,White,White,South,Catholic,Catholic,Catholic,,Male,White men,,Support,"Cities 50,000-500,000","Cities over 50,000",,English,Florida,Other,Telephone survey,Earlier this month,Earlier than that,In the last month,"Dissatisfied, but not angry",,,,Version 2,Yes,Can beat Donald Trump
277278198.0,0.664541184902191,Joe Biden,65+,60+,65 or over,45+,50+,60+,65+,Non-Black 60+,White 60+,White 65+,Complete,Joe Biden,,,16.0,No,No,Needs a complete overhaul,Bachelor's degree (BA or BS),College graduate,More than high school graduate,White college degree,White women college graduates,Favorable,Both,Favorable,4.0,,,No,No,,,Return to Barack Obama's policies,45+,65+,Independent/Something else,Non-black non-Democrat,White Independent,Independent women,Independent,White Independent,Moderate,Moderate or Conservative,Moderate,,,No,,White,White,State questionnaire,White,White,White,South,Catholic,Catholic,Catholic,,Female,White women,,Support,Suburbs,Suburbs,,English,Florida,White suburban women,Telephone survey,Omit,Omit,Omit,Angry,,,,Version 2,Yes,Can beat Donald Trump
277278199.0,0.626245617866516,Joe Biden,65+,60+,65 or over,45+,50+,60+,65+,Non-Black 60+,White 60+,White 65+,Complete,Joe Biden,,,5.0,No,No,Needs a complete overhaul,Bachelor's degree (BA or BS),College graduate,More than high school graduate,White college degree,White men college graduates,Favorable,Only Biden,Omit,1.0,,,No,No,,,Return to Barack Obama's policies,45+,65+,Democrat,Non-black Democrat,White Democrat,Democratic men,Democrat,White Democrat,Moderate,Moderate or Conservative,Moderate,,,No,,White,White,State questionnaire,White,White,White,South,Catholic,Catholic,Catholic,,Male,White men,,Oppose,Suburbs,Suburbs,,English,Florida,White suburban men,Telephone survey,Earlier this month,Earlier than that,In the last month,Angry,,,,Version 2,Omit,Omit
277278200.0,0.565626978874207,Joe Biden,65+,60+,65 or over,45+,50+,60+,65+,Non-Black 60+,White 60+,White 65+,Complete,Joe Biden,,,16.0,No,No,Needs a complete overhaul,Never attended college,No college degree,High school graduate or less,White no college degree,White women non college graduates,Favorable,Only Biden,Unfavorable,4.0,,,No,No,,,Return to Barack Obama's policies,45+,65+,Democrat,Non-black Democrat,White Democrat,Democratic women,Democrat,White Democrat,Somewhat liberal,Liberal,Liberal,,,No,,White,White,State questionnaire,White,White,White,South,Catholic,Catholic,Catholic,,Female,White women,,Omit,Suburbs,Suburbs,,English,Florida,White suburban women,Telephone survey,Before that,Earlier than that,Earlier than that,Angry,,,,Version 2,Yes,Omit
277278201.0,0.533031582832336,Joe Biden,65+,60+,65 or over,45+,50+,60+,65+,Non-Black 60+,White 60+,White 65+,Complete,Joe Biden,,,3.0,No,No,Needs minor changes,Associate's degree (AA or AS),No college degree,More than high school graduate,White no college degree,White men non college graduates,Favorable,Both,Favorable,1.0,,,No,No,,,Return to Barack Obama's policies,45+,65+,Democrat,Non-black Democrat,White Democrat,Democratic men,Democrat,White Democrat,Moderate,Moderate or Conservative,Moderate,,,No,,White,White,State questionnaire,White,White,White,South,Protestant/Other Non-Catholic Christian,Protestant,Protestant/Other Non-Catholic Christian,,Male,White men,,Oppose,"Cities 50,000-500,000","Cities over 50,000",,English,Florida,Other,Telephone survey,Earlier this month,Earlier than that,In the last month,Angry,,,,Version 2,Yes,Can beat Donald Trump
277278202.0,0.609827816486359,Bernie Sanders,45-65,60+,60-64,45+,50+,60+,50-64,Non-Black 60+,White 60+,White 45-64,Complete,Joe Biden,,,16.0,No,No,Needs minor changes,Bachelor's degree (BA or BS),College graduate,More than high school graduate,White college degree,White women college graduates,Favorable,Both,Favorable,4.0,,,No,No,,,Return to Barack Obama's policies,45+,18-64,Democrat,Non-black Democrat,White Democrat,Democratic women,Democrat,White Democrat,Somewhat liberal,Liberal,Liberal,,,No,,White,White,State questionnaire,White,White,White,South,Something else,Muslim,Something else,,Female,White women,,Support,"Cities 50,000-500,000","Cities over 50,000",,English,Florida,Other,Telephone survey,Omit,Omit,Omit,Angry,,,,Version 2,Yes,Can beat Donald Trump
277278203.0,0.983147025108337,Bernie Sanders,45-65,30-59,45-49,45+,18-49,45-59,40-49,Non-Black 45-59,White 45-59,White 45-64,Complete,Joe Biden,,,3.0,No,No,Needs a complete overhaul,Bachelor's degree (BA or BS),College graduate,More than high school graduate,White college degree,White women college graduates,Favorable,Both,Favorable,1.0,,,No,No,,,Change to more liberal policies,45+,18-64,Democrat,Non-black Democrat,White Democrat,Democratic women,Democrat,White Democrat,Somewhat liberal,Liberal,Liberal,,,No,,White,White,State questionnaire,White,White,White,South,Protestant/Other Non-Catholic Christian,Other Christian,Protestant/Other Non-Catholic Christian,,Female,White women,,Support,"Cities 50,000-500,000","Cities over 50,000",,English,Florida,Other,Telephone survey,Before that,Earlier than that,Earlier than that,Angry,,,,Version 2,Yes,Can beat Donald Trump
277278204.0,0.660335958003998,Joe Biden,30-44,30-59,30-39,18-44,18-49,30-44,30-39,Non-Black 30-44,White 30-44,White 30-44,Complete,Joe Biden,,,16.0,No,No,Needs minor changes,Bachelor's degree (BA or BS),College graduate,More than high school graduate,White college degree,White women college graduates,Favorable,Both,Favorable,3.0,,,No,No,,,Change to more liberal policies,18-44,18-64,Democrat,Non-black Democrat,White Democrat,Democratic women,Democrat,White Democrat,Somewhat liberal,Liberal,Liberal,,,No,,White,White,State questionnaire,White,White,White,South,Catholic,Catholic,Catholic,,Female,White women,,Support,"Cities 50,000-500,000","Cities over 50,000",,English,Florida,Other,Telephone survey,Before that,Earlier than that,Earlier than that,Angry,,,,Version 2,Yes,Can beat Donald Trump
277278205.0,0.555239260196686,Bernie Sanders,65+,60+,65 or over,45+,50+,60+,65+,Non-Black 60+,White 60+,White 65+,Complete,Joe Biden,,,2.0,No,No,Needs a complete overhaul,Bachelor's degree (BA or BS),College graduate,More than high school graduate,White college degree,White men college graduates,Favorable,Both,Favorable,1.0,,,No,No,,,Change to more liberal policies,45+,65+,Independent/Something else,Non-black non-Democrat,White Independent,Independent men,Something else,White Independent,Moderate,Moderate or Conservative,Moderate,,,No,,White,White,State questionnaire,White,White,White,South,Protestant/Other Non-Catholic Christian,Other Christian,Protestant/Other Non-Catholic Christian,,Male,White men,,Oppose,"Cities 10,000-50,000",Small Cities/Rural,,English,Florida,Other,Telephone survey,Earlier this month,Earlier than that,In the last month,"Satisfied, but not enthusiastic",,,,Version 2,Yes,Omit
277278206.0,1.10887610912323,Joe Biden,30-44,30-59,40-44,18-44,18-49,30-44,40-49,Non-Black 30-44,White 30-44,White 30-44,Complete,Joe Biden,,,4.0,No,No,Needs a complete overhaul,Bachelor's degree (BA or BS),College graduate,More than high school graduate,White college degree,White women college graduates,Favorable,Both,Favorable,1.0,,,No,No,,,Return to Barack Obama's policies,18-44,18-64,Democrat,Non-black Democrat,White Democrat,Democratic women,Democrat,White Democrat,Moderate,Moderate or Conservative,Moderate,,,No,,White,White,State questionnaire,White,White,White,South,Catholic,Catholic,Catholic,,Female,White women,,Support,"Cities over 500,000","Cities over 50,000",,English,Florida,Other,Telephone survey,Earlier this month,Earlier than that,In the last month,Angry,,,,Version 2,Yes,Can beat Donald Trump
277278207.0,2.20361351966858,Joe Biden,45-65,30-59,50-59,45+,50+,45-59,50-64,Black 45-59,Black 45-59,Black 45-64,Complete,Joe Biden,,,3.0,No,No,Needs a complete overhaul,"An advanced degree after a bachelor's degree (such as JD, MA, MBA, MD, PhD)",College graduate,More than high school graduate,Non white college degree,Non-whites,Favorable,Both,Favorable,1.0,,,No,No,,,Return to Barack Obama's policies,45+,18-64,Democrat,Black Democrat,Black Democrat,Democratic women,Democrat,Non-White Democrats,Somewhat liberal,Liberal,Liberal,,,No,,Black,Black,State questionnaire,Black,Non-white,Black,South,Protestant/Other Non-Catholic Christian,Other Christian,,,Female,Black women,,Oppose,"Cities 50,000-500,000","Cities over 50,000",,English,Florida,Other,Telephone survey,Before that,Earlier than that,Earlier than that,"Dissatisfied, but not angry",,,,Version 2,Yes,Agrees with you on major issues
277278208.0,1.39612185955048,Joe Biden,30-44,30-59,30-39,18-44,18-49,30-44,30-39,Non-Black 30-44,White 30-44,White 30-44,Complete,Bernie Sanders,,,8.0,No,No,Needs minor changes,Attended college but received no degree,No college degree,More than high school graduate,White no college degree,White men non college graduates,Unfavorable,Only Sanders,Favorable,2.0,,,No,No,,,Change to more conservative policies,18-44,18-64,Republican,Non-black non-Democrat,All Republicans,Republican men,Republican,White Republican,Moderate,Moderate or Conservative,Moderate,,,No,,White,White,State questionnaire,White,White,White,South,Something else,Other,Something else,,Male,White men,,Support,"Cities 50,000-500,000","Cities over 50,000",,English,Florida,Other,Telephone survey,Earlier this month,Earlier than that,In the last month,"Dissatisfied, but not angry",,,,Version 2,Yes,Can beat Donald Trump
277278209.0,0.903643488883972,Joe Biden,45-65,30-59,50-59,45+,50+,45-59,50-64,Non-Black 45-59,White 45-59,White 45-64,Complete,Joe Biden,,,2.0,No,No,Needs a complete overhaul,Associate's degree (AA or AS),No college degree,More than high school graduate,White no college degree,White men non college graduates,Favorable,Only Biden,Unfavorable,1.0,,,No,Yes,,,Change to more liberal policies,45+,18-64,Democrat,Non-black Democrat,White Democrat,Democratic men,Democrat,White Democrat,Moderate,Moderate or Conservative,Moderate,,,No,,White,White,State questionnaire,White,White,White,South,Protestant/Other Non-Catholic Christian,Protestant,Protestant/Other Non-Catholic Christian,,Male,White men,,Oppose,"Cities 10,000-50,000",Small Cities/Rural,,English,Florida,Other,Telephone survey,Earlier this month,Earlier than that,In the last month,Angry,,,,Version 2,Yes,Can beat Donald Trump
277278210.0,2.27048540115356,Joe Biden,45-65,30-59,50-59,45+,50+,45-59,50-64,Black 45-59,Black 45-59,Black 45-64,Complete,Joe Biden,,,8.0,No,No,Needs a complete overhaul,"An advanced degree after a bachelor's degree (such as JD, MA, MBA, MD, PhD)",College graduate,More than high school graduate,Non white college degree,Non-whites,Favorable,Both,Favorable,2.0,,,No,No,,,Return to Barack Obama's policies,45+,18-64,Democrat,Black Democrat,Black Democrat,Democratic women,Democrat,Non-White Democrats,Very liberal,Liberal,Liberal,,,No,,Black,Black,State questionnaire,Black,Non-white,Black,South,None,None,,,Female,Black women,,Support,Suburbs,Suburbs,,English,Florida,Other,Telephone survey,Before that,Earlier than that,Earlier than that,Angry,,,,Version 2,Yes,Can beat Donald Trump
277278211.0,1.65567517280579,Joe Biden,65+,60+,65 or over,45+,50+,60+,65+,Black 60+,Black 60+,Black 65+,Complete,Joe Biden,,,8.0,No,No,Needs a complete overhaul,Attended college but received no degree,No college degree,More than high school graduate,Non white no college degree,Non-whites,Favorable,Only Biden,Omit,2.0,,,No,No,,,Return to Barack Obama's policies,45+,65+,Democrat,Black Democrat,Black Democrat,Democratic women,Democrat,Non-White Democrats,Moderate,Moderate or Conservative,Moderate,,,No,,Black,Black,State questionnaire,Black,Non-white,Black,South,Protestant/Other Non-Catholic Christian,Other Christian,,,Female,Black women,,Support,"Cities 50,000-500,000","Cities over 50,000",,English,Florida,Other,Telephone survey,Earlier this month,Earlier than that,In the last month,Angry,,,,Version 2,Yes,Can beat Donald Trump
277278212.0,0.880299150943756,Other,65+,60+,65 or over,45+,50+,60+,65+,Non-Black 60+,White 60+,White 65+,Complete,Joe Biden,,,8.0,No,No,Needs minor changes,"An advanced degree after a bachelor's degree (such as JD, MA, MBA, MD, PhD)",College graduate,More than high school graduate,White college degree,White women college graduates,Favorable,Both,Favorable,2.0,,,No,No,,,Change to more liberal policies,45+,65+,Democrat,Non-black Democrat,White Democrat,Democratic women,Democrat,White Democrat,Very liberal,Liberal,Liberal,,,No,,White,White,State questionnaire,White,White,White,South,Jewish,Jewish,Jewish,,Female,White women,,Support,"Cities 10,000-50,000",Small Cities/Rural,,English,Florida,Other,Telephone survey,Before that,Earlier than that,Earlier than that,Angry,,,,Version 2,Yes,Agrees with you on major issues
277278213.0,0.727491855621338,Joe Biden,45-65,30-59,50-59,45+,50+,45-59,50-64,Non-Black 45-59,White 45-59,White 45-64,Complete,Joe Biden,,,8.0,No,No,Needs minor changes,Bachelor's degree (BA or BS),College graduate,More than high school graduate,White college degree,White women college graduates,Favorable,Both,Favorable,2.0,,,No,No,,,Return to Barack Obama's policies,45+,18-64,Democrat,Non-black Democrat,White Democrat,Democratic women,Democrat,White Democrat,Very liberal,Liberal,Liberal,,,No,,White,White,State questionnaire,White,White,White,South,Protestant/Other Non-Catholic Christian,Other Christian,Protestant/Other Non-Catholic Christian,,Female,White women,,Support,"Cities 50,000-500,000","Cities over 50,000",,English,Florida,Other,Telephone survey,Before that,Earlier than that,Earlier than that,Angry,,,,Version 2,Yes,Can beat Donald Trump
277278214.0,0.530499041080475,Joe Biden,65+,60+,65 or over,45+,50+,60+,65+,Non-Black 60+,White 60+,White 65+,Complete,Joe Biden,,,8.0,No,No,Needs a complete overhaul,Associate's degree (AA or AS),No college degree,More than high school graduate,White no college degree,White women non college graduates,Favorable,Only Biden,Unfavorable,2.0,,,No,No,,,Return to Barack Obama's policies,45+,65+,Democrat,Non-black Democrat,White Democrat,Democratic women,Democrat,White Democrat,Very liberal,Liberal,Liberal,,,No,,White,White,State questionnaire,White,White,White,South,Something else,Other,Something else,,Female,White women,,Support,"Cities 50,000-500,000","Cities over 50,000",,English,Florida,Other,Telephone survey,Earlier this month,Earlier than that,In the last month,Angry,,,,Version 2,Yes,Can beat Donald Trump
277278215.0,0.429125130176544,Joe Biden,65+,60+,65 or over,45+,50+,60+,65+,Non-Black 60+,White 60+,White 65+,Complete,Joe Biden,,,8.0,No,No,Needs a complete overhaul,"An advanced degree after a bachelor's degree (such as JD, MA, MBA, MD, PhD)",College graduate,More than high school graduate,White college degree,White women college graduates,Favorable,Only Biden,Unfavorable,2.0,,,No,No,,,Return to Barack Obama's policies,45+,65+,Democrat,Non-black Democrat,White Democrat,Democratic women,Democrat,White Democrat,Very liberal,Liberal,Liberal,,,No,,White,White,State questionnaire,White,White,White,South,Protestant/Other Non-Catholic Christian,Protestant,Protestant/Other Non-Catholic Christian,,Female,White women,,Support,Suburbs,Suburbs,,English,Florida,White suburban women,Telephone survey,Before that,Earlier than that,Earlier than that,Angry,,,,Version 2,Yes,Can beat Donald Trump
277278216.0,0.530499041080475,Joe Biden,65+,60+,65 or over,45+,50+,60+,65+,Non-Black 60+,White 60+,White 65+,Complete,Joe Biden,,,8.0,No,No,Needs minor changes,Attended college but received no degree,No college degree,More than high school graduate,White no college degree,White women non college graduates,Favorable,Only Biden,Unfavorable,2.0,,,No,No,,,Return to Barack Obama's policies,45+,65+,Democrat,Non-black Democrat,White Democrat,Democratic women,Democrat,White Democrat,Somewhat liberal,Liberal,Liberal,,,No,,White,White,State questionnaire,White,White,White,South,Protestant/Other Non-Catholic Christian,Protestant,Protestant/Other Non-Catholic Christian,,Female,White women,,Oppose,"Cities 50,000-500,000","Cities over 50,000",,English,Florida,Other,Telephone survey,Before that,Earlier than that,Earlier than that,"Dissatisfied, but not angry",,,,Version 2,Yes,Can beat Donald Trump
277278217.0,0.954627096652985,Joe Biden,65+,60+,65 or over,45+,50+,60+,65+,Black 60+,Black 60+,Black 65+,Complete,Joe Biden,,,8.0,No,No,Works well enough as is,Bachelor's degree (BA or BS),College graduate,More than high school graduate,Non white college degree,Non-whites,Favorable,Both,Favorable,2.0,,,No,No,,,Omit,45+,65+,Democrat,Black Democrat,Black Democrat,Democratic men,Democrat,Non-White Democrats,Conservative,Moderate or Conservative,Conservative,,,No,,Black,Black,State questionnaire,Black,Non-white,Black,South,Protestant/Other Non-Catholic Christian,Other Christian,,,Male,Black men,,Support,Suburbs,Suburbs,,English,Florida,Other,Telephone survey,Earlier this month,Earlier than that,In the last month,"Satisfied, but not enthusiastic",,,,Version 2,Yes,Agrees with you on major issues
277278218.0,0.374073654413223,Joe Biden,65+,60+,65 or over,45+,50+,60+,65+,Non-Black 60+,White 60+,White 65+,Complete,Joe Biden,,,23.0,No,No,Needs minor changes,"An advanced degree after a bachelor's degree (such as JD, MA, MBA, MD, PhD)",College graduate,More than high school graduate,White college degree,White men college graduates,Favorable,Only Biden,Unfavorable,5.0,,,No,No,,,Omit,45+,65+,Democrat,Non-black Democrat,White Democrat,Democratic men,Democrat,White Democrat,Moderate,Moderate or Conservative,Moderate,,,No,,White,White,State questionnaire,White,White,White,South,Jewish,Jewish,Jewish,,Male,White men,,Oppose,"Cities 50,000-500,000","Cities over 50,000",,English,Florida,Other,Telephone survey,Earlier this month,Earlier than that,In the last month,"Dissatisfied, but not angry",,,,Version 2,Yes,Can beat Donald Trump
277278219.0,1.01641595363617,Other,65+,60+,65 or over,45+,50+,60+,65+,Non-Black 60+,White 60+,White 65+,Complete,Joe Biden,,,20.0,No,No,Needs a complete overhaul,Never attended college,No college degree,High school graduate or less,White no college degree,White men non college graduates,Favorable,Both,Favorable,5.0,,,No,No,,,Change to more liberal policies,45+,65+,Democrat,Non-black Democrat,White Democrat,Democratic men,Democrat,White Democrat,Very liberal,Liberal,Liberal,,,No,,White,White,State questionnaire,White,White,White,South,Jewish,Jewish,Jewish,,Male,White men,,Support,"Cities 50,000-500,000","Cities over 50,000",,English,Florida,Other,Telephone survey,In February,Earlier than that,Earlier than that,"Dissatisfied, but not angry",,,,Version 2,Yes,Can beat Donald Trump
277278220.0,0.374073654413223,Joe Biden,65+,60+,65 or over,45+,50+,60+,65+,Non-Black 60+,White 60+,White 65+,Complete,Joe Biden,,,21.0,No,No,Needs minor changes,Bachelor's degree (BA or BS),College graduate,More than high school graduate,White college degree,White men college graduates,Favorable,Both,Favorable,5.0,,,No,No,,,Change to more liberal policies,45+,65+,Democrat,Non-black Democrat,White Democrat,Democratic men,Democrat,White Democrat,Somewhat liberal,Liberal,Liberal,,,No,,White,White,State questionnaire,White,White,White,South,Jewish,Jewish,Jewish,,Male,White men,,Omit,Suburbs,Suburbs,,English,Florida,White suburban men,Telephone survey,Earlier this month,Earlier than that,In the last month,Angry,,,,Version 2,Yes,Can beat Donald Trump
277278221.0,0.803018033504486,Joe Biden,45-65,30-59,50-59,45+,50+,45-59,50-64,Non-Black 45-59,White 45-59,White 45-64,Complete,Joe Biden,,,25.0,No,No,Needs minor changes,Bachelor's degree (BA or BS),College graduate,More than high school graduate,White college degree,White men college graduates,Favorable,Only Biden,Unfavorable,4.0,,,No,No,,,Return to Barack Obama's policies,45+,18-64,Democrat,Non-black Democrat,White Democrat,Democratic men,Democrat,White Democrat,Moderate,Moderate or Conservative,Moderate,,,No,,White,White,State questionnaire,White,White,White,South,Catholic,Catholic,Catholic,,Male,White men,,Oppose,Suburbs,Suburbs,,English,Florida,White suburban men,Telephone survey,In February,Earlier than that,Earlier than that,Angry,,,,Version 2,Yes,Can beat Donald Trump
277278222.0,1.13305687904358,Joe Biden,65+,60+,65 or over,45+,50+,60+,65+,Non-Black 60+,Latino 60+,Latino 65+,Complete,Joe Biden,,,22.0,Yes,"Yes, Cuban",Needs a complete overhaul,Never attended college,No college degree,High school graduate or less,Non white no college degree,Non-whites,Favorable,Both,Favorable,5.0,,,Yes,No,,,Change to more conservative policies,45+,65+,Democrat,Non-black Democrat,Latino Democrat,Democratic women,Democrat,Non-White Democrats,Very liberal,Liberal,Liberal,,,No,,Other,Hispanic/Latino,State questionnaire,Hispanic/Latino,Non-white,Hispanic/Latino,South,None,None,,,Female,Latino women,,Support,"Cities 50,000-500,000","Cities over 50,000",,Spanish,Florida,Other,Telephone survey,Omit,Omit,Omit,Angry,,,,Version 2,Yes,Can beat Donald Trump
277278223.0,0.921072244644165,Joe Biden,45-65,60+,60-64,45+,50+,60+,50-64,Non-Black 60+,White 60+,White 45-64,Complete,Joe Biden,,,22.0,No,No,Needs a complete overhaul,"An advanced degree after a bachelor's degree (such as JD, MA, MBA, MD, PhD)",College graduate,More than high school graduate,White college degree,White men college graduates,Favorable,Only Biden,Unfavorable,5.0,,,No,No,,,Change to more conservative policies,45+,18-64,Democrat,Non-black Democrat,White Democrat,Democratic men,Democrat,White Democrat,Moderate,Moderate or Conservative,Moderate,,,No,,White,White,State questionnaire,White,White,White,South,None,None,None,,Male,White men,,Support,Suburbs,Suburbs,,English,Florida,White suburban men,Telephone survey,Before that,Earlier than that,Earlier than that,Angry,,,,Version 2,Yes,Can beat Donald Trump
277278224.0,0.446689903736115,Joe Biden,65+,60+,65 or over,45+,50+,60+,65+,Non-Black 60+,White 60+,White 65+,Complete,Joe Biden,,,20.0,No,No,Needs a complete overhaul,Never attended college,No college degree,High school graduate or less,White no college degree,White women non college graduates,Favorable,Only Biden,Omit,5.0,,,No,No,,,Return to Barack Obama's policies,45+,65+,Democrat,Non-black Democrat,White Democrat,Democratic women,Democrat,White Democrat,Somewhat liberal,Liberal,Liberal,,,No,,White,White,State questionnaire,White,White,White,South,Catholic,Catholic,Catholic,,Female,White women,,Oppose,Suburbs,Suburbs,,English,Florida,White suburban women,Telephone survey,Before that,Earlier than that,Earlier than that,Angry,,,,Version 2,Yes,Can beat Donald Trump
277278225.0,1.31627869606018,Joe Biden,45-65,30-59,50-59,45+,50+,45-59,50-64,Black 45-59,Black 45-59,Black 45-64,Complete,Joe Biden,,,24.0,No,No,Needs a complete overhaul,Bachelor's degree (BA or BS),College graduate,More than high school graduate,Non white college degree,Non-whites,Favorable,Both,Favorable,5.0,,,No,No,,,Return to Barack Obama's policies,45+,18-64,Democrat,Black Democrat,Black Democrat,Democratic women,Democrat,Non-White Democrats,Moderate,Moderate or Conservative,Moderate,,,No,,Black,Black,State questionnaire,Black,Non-white,Black,South,Protestant/Other Non-Catholic Christian,Protestant,,,Female,Black women,,Support,Suburbs,Suburbs,,English,Florida,Other,Telephone survey,Before that,Earlier than that,Earlier than that,"Dissatisfied, but not angry",,,,Version 2,Yes,Can beat Donald Trump
277278226.0,1.86155784130096,Bernie Sanders,45-65,30-59,45-49,45+,18-49,45-59,40-49,Black 45-59,Black 45-59,Black 45-64,Complete,Bernie Sanders,,,2.0,No,No,Needs a complete overhaul,Associate's degree (AA or AS),No college degree,More than high school graduate,Non white no college degree,Non-whites,Favorable,Both,Favorable,1.0,,,No,No,,,Change to more liberal policies,45+,18-64,Democrat,Black Democrat,Black Democrat,Democratic men,Democrat,Non-White Democrats,Moderate,Moderate or Conservative,Moderate,,,No,,Black,Black,State questionnaire,Black,Non-white,Black,South,Catholic,Catholic,,,Male,Black men,,Support,"Cities 50,000-500,000","Cities over 50,000",,English,Florida,Other,Telephone survey,Before that,Earlier than that,Earlier than that,"Dissatisfied, but not angry",,,,Version 2,Yes,Can beat Donald Trump
277278227.0,0.427913784980774,Tulsi Gabbard,30-44,30-59,40-44,18-44,18-49,30-44,40-49,Non-Black 30-44,White 30-44,White 30-44,Complete,Joe Biden,,,20.0,No,No,Needs a complete overhaul,Associate's degree (AA or AS),No college degree,More than high school graduate,White no college degree,White men non college graduates,Favorable,Only Biden,Unfavorable,5.0,,,No,No,,,Change to more conservative policies,18-44,18-64,Democrat,Non-black Democrat,White Democrat,Democratic men,Democrat,White Democrat,Conservative,Moderate or Conservative,Conservative,,,No,,White,White,State questionnaire,White,White,White,South,Catholic,Catholic,Catholic,,Male,White men,,Support,"Cities 50,000-500,000","Cities over 50,000",,English,Florida,Other,Telephone survey,Earlier this month,Earlier than that,In the last month,"Dissatisfied, but not angry",,,,Version 2,Yes,Agrees with you on major issues
277278228.0,0.361331224441528,Joe Biden,65+,60+,65 or over,45+,50+,60+,65+,Non-Black 60+,White 60+,White 65+,Complete,Joe Biden,,,23.0,No,No,Needs minor changes,"An advanced degree after a bachelor's degree (such as JD, MA, MBA, MD, PhD)",College graduate,More than high school graduate,White college degree,White women college graduates,Favorable,Both,Favorable,5.0,,,No,No,,,Return to Barack Obama's policies,45+,65+,Democrat,Non-black Democrat,White Democrat,Democratic women,Democrat,White Democrat,Very liberal,Liberal,Liberal,,,No,,White,White,State questionnaire,White,White,White,South,None,None,None,,Female,White women,,Support,"Cities 50,000-500,000","Cities over 50,000",,English,Florida,Other,Telephone survey,Earlier this month,Earlier than that,In the last month,Angry,,,,Version 2,Yes,Can beat Donald Trump
277278229.0,0.320393055677414,Bernie Sanders,65+,60+,65 or over,45+,50+,60+,65+,Non-Black 60+,White 60+,White 65+,Complete,Bernie Sanders,,,21.0,No,No,Needs a complete overhaul,Associate's degree (AA or AS),No college degree,More than high school graduate,White no college degree,White women non college graduates,Unfavorable,Only Sanders,Favorable,5.0,,,No,No,,,Change to more liberal policies,45+,65+,Democrat,Non-black Democrat,White Democrat,Democratic women,Democrat,White Democrat,Very liberal,Liberal,Liberal,,,No,,White,White,State questionnaire,White,White,White,South,None,None,None,,Female,White women,,Support,Suburbs,Suburbs,,English,Florida,White suburban women,Telephone survey,Earlier this month,Earlier than that,In the last month,Angry,,,,Version 2,Yes,Can beat Donald Trump
277278230.0,0.454860538244247,Bernie Sanders,45-65,30-59,50-59,45+,50+,45-59,50-64,Non-Black 45-59,White 45-59,White 45-64,Complete,Joe Biden,,,24.0,No,No,Needs a complete overhaul,Bachelor's degree (BA or BS),College graduate,More than high school graduate,White college degree,White men college graduates,Favorable,Both,Favorable,5.0,,,No,No,,,Return to Barack Obama's policies,45+,18-64,Independent/Something else,Non-black non-Democrat,White Independent,Independent men,Independent,White Independent,Very liberal,Liberal,Liberal,,,No,,White,White,State questionnaire,White,White,White,South,Something else,Muslim,Something else,,Male,White men,,Support,Suburbs,Suburbs,,English,Florida,White suburban men,Telephone survey,Before that,Earlier than that,Earlier than that,Angry,,,,Version 2,Yes,Can beat Donald Trump
277278231.0,0.320393055677414,Bernie Sanders,65+,60+,65 or over,45+,50+,60+,65+,Non-Black 60+,White 60+,White 65+,Complete,Joe Biden,,,20.0,No,No,Needs minor changes,Attended college but received no degree,No college degree,More than high school graduate,White no college degree,White women non college graduates,Favorable,Only Biden,Unfavorable,5.0,,,No,No,,,Change to more conservative policies,45+,65+,Democrat,Non-black Democrat,White Democrat,Democratic women,Democrat,White Democrat,Very liberal,Liberal,Liberal,,,No,,White,White,State questionnaire,White,White,White,South,Catholic,Catholic,Catholic,,Female,White women,,Support,Suburbs,Suburbs,,English,Florida,White suburban women,Telephone survey,In February,Earlier than that,Earlier than that,"Dissatisfied, but not angry",,,,Version 2,Yes,Can beat Donald Trump
277278232.0,1.13866066932678,Joe Biden,45-65,30-59,50-59,45+,50+,45-59,50-64,Non-Black 45-59,White 45-59,White 45-64,Complete,Joe Biden,,,22.0,No,No,Needs minor changes,Attended college but received no degree,No college degree,More than high school graduate,White no college degree,White men non college graduates,Favorable,Both,Favorable,5.0,,,No,No,,,Change to more liberal policies,45+,18-64,Democrat,Non-black Democrat,White Democrat,Democratic men,Democrat,White Democrat,Somewhat liberal,Liberal,Liberal,,,No,,White,White,State questionnaire,White,White,White,South,None,None,None,,Male,White men,,Omit,"Cities 50,000-500,000","Cities over 50,000",,English,Florida,Other,Telephone survey,Before that,Earlier than that,Earlier than that,Angry,,,,Version 2,Yes,Can beat Donald Trump
277278233.0,0.612561464309692,Joe Biden,45-65,60+,60-64,45+,50+,60+,50-64,Non-Black 60+,White 60+,White 45-64,Complete,Joe Biden,,,20.0,No,No,Needs minor changes,Bachelor's degree (BA or BS),College graduate,More than high school graduate,White college degree,White women college graduates,Favorable,Only Biden,Unfavorable,5.0,,,No,No,,,Return to Barack Obama's policies,45+,18-64,Democrat,Non-black Democrat,White Democrat,Democratic women,Democrat,White Democrat,Somewhat liberal,Liberal,Liberal,,,No,,White,White,State questionnaire,White,White,White,South,Catholic,Catholic,Catholic,,Female,White women,,Support,"Cities 50,000-500,000","Cities over 50,000",,English,Florida,Other,Telephone survey,Earlier this month,Earlier than that,In the last month,Angry,,,,Version 2,Yes,Agrees with you on major issues
277278234.0,1.13866066932678,Joe Biden,45-65,60+,60-64,45+,50+,60+,50-64,Non-Black 60+,All others,All others,Complete,Joe Biden,,,20.0,No,No,Needs minor changes,Never attended college,No college degree,High school graduate or less,Non white no college degree,Non-whites,Favorable,Only Biden,Omit,5.0,,,No,No,,,Return to Barack Obama's policies,45+,18-64,Democrat,Non-black Democrat,All Other,Democratic men,Democrat,Non-White Democrats,Moderate,Moderate or Conservative,Moderate,,,No,,Other,Other,State questionnaire,Other,Non-white,Other,South,Protestant/Other Non-Catholic Christian,Other Christian,,,Male,All other races,,Support,"Cities 50,000-500,000","Cities over 50,000",,English,Florida,Other,Telephone survey,In February,Earlier than that,Earlier than that,"Dissatisfied, but not angry",,,,Version 2,Omit,Can beat Donald Trump
277278235.0,1.70654356479645,Other,65+,60+,65 or over,45+,50+,60+,65+,Black 60+,Black 60+,Black 65+,Complete,Omit,,,22.0,No,No,Needs a complete overhaul,Bachelor's degree (BA or BS),College graduate,More than high school graduate,Non white college degree,Non-whites,Favorable,Both,Favorable,5.0,,,No,No,,,Return to Barack Obama's policies,45+,65+,Independent/Something else,Black non-Democrat,Black Independent,Independent women,Something else,All others,Moderate,Moderate or Conservative,Moderate,,,No,,Black,Black,State questionnaire,Black,Non-white,Black,South,Protestant/Other Non-Catholic Christian,Other Christian,,,Female,Black women,,Oppose,"Cities 50,000-500,000","Cities over 50,000",,English,Florida,Other,Telephone survey,Before that,Earlier than that,Earlier than that,Angry,,,,Version 2,Yes,Omit
277278236.0,0.889696896076202,Joe Biden,45-65,30-59,50-59,45+,50+,45-59,50-64,Non-Black 45-59,White 45-59,White 45-64,Complete,Joe Biden,,,21.0,No,No,Needs minor changes,"An advanced degree after a bachelor's degree (such as JD, MA, MBA, MD, PhD)",College graduate,More than high school graduate,White college degree,White women college graduates,Favorable,Both,Favorable,5.0,,,No,No,,,Return to Barack Obama's policies,45+,18-64,Democrat,Non-black Democrat,White Democrat,Democratic women,Democrat,White Democrat,Somewhat liberal,Liberal,Liberal,,,No,,White,White,State questionnaire,White,White,White,South,Jewish,Jewish,Jewish,,Female,White women,,Support,Suburbs,Suburbs,,English,Florida,White suburban women,Telephone survey,Before that,Earlier than that,Earlier than that,Angry,,,,Version 2,Yes,Can beat Donald Trump
277278237.0,1.36269760131836,Joe Biden,45-65,30-59,50-59,45+,50+,45-59,50-64,Black 45-59,Black 45-59,Black 45-64,Complete,Joe Biden,,,20.0,No,No,Works well enough as is,Bachelor's degree (BA or BS),College graduate,More than high school graduate,Non white college degree,Non-whites,Favorable,Only Biden,Unfavorable,5.0,,,No,No,,,Return to Barack Obama's policies,45+,18-64,Democrat,Black Democrat,Black Democrat,Democratic men,Democrat,Non-White Democrats,Moderate,Moderate or Conservative,Moderate,,,No,,Black,Black,State questionnaire,Black,Non-white,Black,South,Protestant/Other Non-Catholic Christian,Other Christian,,,Male,Black men,,Omit,"Cities 50,000-500,000","Cities over 50,000",,English,Florida,Other,Telephone survey,In February,Earlier than that,Earlier than that,Angry,,,,Version 2,Yes,Can beat Donald Trump
277278238.0,2.7061619758606,Other,45-65,30-59,45-49,45+,18-49,45-59,40-49,Non-Black 45-59,White 45-59,White 45-64,Complete,Omit,,,23.0,No,No,Works well enough as is,Never attended college,No college degree,High school graduate or less,White no college degree,White men non college graduates,Omit,Omit,Unfavorable,5.0,,,No,No,,,Return to Barack Obama's policies,45+,18-64,Democrat,Non-black Democrat,White Democrat,Democratic men,Democrat,White Democrat,Conservative,Moderate or Conservative,Conservative,,,No,,White,White,State questionnaire,White,White,White,South,None,None,None,,Male,White men,,Oppose,Suburbs,Suburbs,,English,Florida,White suburban men,Telephone survey,Before that,Earlier than that,Earlier than that,Enthusiastic,,,,Version 2,No,Agrees with you on major issues
277278239.0,0.757269203662872,Joe Biden,45-65,30-59,50-59,45+,50+,45-59,50-64,Non-Black 45-59,White 45-59,White 45-64,Complete,Joe Biden,,,23.0,No,No,Needs a complete overhaul,Never attended college,No college degree,High school graduate or less,White no college degree,White women non college graduates,Favorable,Only Biden,Unfavorable,5.0,,,No,No,,,Change to more liberal policies,45+,18-64,Democrat,Non-black Democrat,White Democrat,Democratic women,Democrat,White Democrat,Somewhat liberal,Liberal,Liberal,,,No,,White,White,State questionnaire,White,White,White,South,Catholic,Catholic,Catholic,,Female,White women,,Oppose,Suburbs,Suburbs,,English,Florida,White suburban women,Telephone survey,Before that,Earlier than that,Earlier than that,Angry,,,,Version 2,Yes,Can beat Donald Trump
277278240.0,0.794180452823639,Other,65+,60+,65 or over,45+,50+,60+,65+,Non-Black 60+,White 60+,White 65+,Complete,Omit,,,23.0,No,No,Needs minor changes,"An advanced degree after a bachelor's degree (such as JD, MA, MBA, MD, PhD)",College graduate,More than high school graduate,White college degree,White women college graduates,Favorable,Only Biden,Unfavorable,5.0,,,No,No,,,Change to more liberal policies,45+,65+,Democrat,Non-black Democrat,White Democrat,Democratic women,Democrat,White Democrat,Very liberal,Liberal,Liberal,,,No,,White,White,State questionnaire,White,White,White,South,Jewish,Jewish,Jewish,,Female,White women,,Omit,Suburbs,Suburbs,,English,Florida,White suburban women,Telephone survey,In February,Earlier than that,Earlier than that,Angry,,,,Version 2,Yes,Can beat Donald Trump
277278241.0,2.13878631591797,Bernie Sanders,30-44,30-59,30-39,18-44,18-49,30-44,30-39,Non-Black 30-44,Latino 30-44,Latino 30-44,Complete,Omit,,,20.0,No,No,Needs a complete overhaul,Associate's degree (AA or AS),No college degree,More than high school graduate,Non white no college degree,Non-whites,Favorable,Both,Favorable,5.0,,,No,No,,,Change to more liberal policies,18-44,18-64,Democrat,Non-black Democrat,Latino Democrat,Democratic men,Democrat,Non-White Democrats,Very liberal,Liberal,Liberal,,,No,,Other,Hispanic/Latino,State questionnaire,Hispanic/Latino,Non-white,Hispanic/Latino,South,Catholic,Catholic,,,Male,Latino men,,Support,"Cities 50,000-500,000","Cities over 50,000",,English,Florida,Other,Telephone survey,Before that,Earlier than that,Earlier than that,Angry,,,,Version 2,Yes,Agrees with you on major issues
277278242.0,0.757269203662872,Joe Biden,45-65,30-59,50-59,45+,50+,45-59,50-64,Non-Black 45-59,All others,All others,Complete,Joe Biden,,,21.0,No,No,Needs a complete overhaul,Never attended college,No college degree,High school graduate or less,Non white no college degree,Non-whites,Favorable,Only Biden,Unfavorable,5.0,,,No,No,,,Return to Barack Obama's policies,45+,18-64,Democrat,Non-black Democrat,All Other,Democratic women,Democrat,Non-White Democrats,Moderate,Moderate or Conservative,Moderate,,,No,,Other,Asian,State questionnaire,Asian,Non-white,Asian,South,Something else,Other,,,Female,All other races,,Oppose,Suburbs,Suburbs,,English,Florida,Other,Telephone survey,In February,Earlier than that,Earlier than that,"Dissatisfied, but not angry",,,,Version 2,Yes,Can beat Donald Trump
277278243.0,0.446689903736115,Joe Biden,65+,60+,65 or over,45+,50+,60+,65+,Non-Black 60+,White 60+,White 65+,Complete,Joe Biden,,,20.0,No,No,Needs minor changes,Associate's degree (AA or AS),No college degree,More than high school graduate,White no college degree,White women non college graduates,Favorable,Only Biden,Unfavorable,5.0,,,No,No,,,Omit,45+,65+,Independent/Something else,Non-black non-Democrat,White Independent,Independent women,Independent,White Independent,Moderate,Moderate or Conservative,Moderate,,,No,,White,White,State questionnaire,White,White,White,South,Jewish,Jewish,Jewish,,Female,White women,,Oppose,Suburbs,Suburbs,,English,Florida,White suburban women,Telephone survey,In February,Earlier than that,Earlier than that,Angry,,,,Version 2,Yes,Can beat Donald Trump
277278244.0,0.361331224441528,Joe Biden,65+,60+,65 or over,45+,50+,60+,65+,Non-Black 60+,White 60+,White 65+,Complete,Joe Biden,,,23.0,No,No,Omit,Bachelor's degree (BA or BS),College graduate,More than high school graduate,White college degree,White women college graduates,Favorable,Only Biden,Omit,5.0,,,No,No,,,Return to Barack Obama's policies,45+,65+,Democrat,Non-black Democrat,White Democrat,Democratic women,Democrat,White Democrat,Conservative,Moderate or Conservative,Conservative,,,No,,White,White,State questionnaire,White,White,White,South,Jewish,Jewish,Jewish,,Female,White women,,Support,Suburbs,Suburbs,,English,Florida,White suburban women,Telephone survey,Earlier this month,Earlier than that,In the last month,Angry,,,,Version 2,Yes,Can beat Donald Trump
277278245.0,0.361331224441528,Joe Biden,65+,60+,65 or over,45+,50+,60+,65+,Non-Black 60+,White 60+,White 65+,Complete,Joe Biden,,,21.0,No,No,Needs a complete overhaul,Bachelor's degree (BA or BS),College graduate,More than high school graduate,White college degree,White women college graduates,Favorable,Only Biden,Unfavorable,5.0,,,No,No,,,Return to Barack Obama's policies,45+,65+,Democrat,Non-black Democrat,White Democrat,Democratic women,Democrat,White Democrat,Somewhat liberal,Liberal,Liberal,,,No,,White,White,State questionnaire,White,White,White,South,Jewish,Jewish,Jewish,,Female,White women,,Omit,Suburbs,Suburbs,,English,Florida,White suburban women,Telephone survey,Before that,Earlier than that,Earlier than that,"Satisfied, but not enthusiastic",,,,Version 2,Yes,Agrees with you on major issues
277278246.0,1.31627869606018,Joe Biden,45-65,30-59,50-59,45+,50+,45-59,50-64,Black 45-59,Black 45-59,Black 45-64,Complete,Joe Biden,,,20.0,No,No,Needs minor changes,Bachelor's degree (BA or BS),College graduate,More than high school graduate,Non white college degree,Non-whites,Favorable,Both,Favorable,5.0,,,No,No,,,Return to Barack Obama's policies,45+,18-64,Democrat,Black Democrat,Black Democrat,Democratic women,Democrat,Non-White Democrats,Moderate,Moderate or Conservative,Moderate,,,No,,Black,Black,State questionnaire,Black,Non-white,Black,South,Protestant/Other Non-Catholic Christian,Protestant,,,Female,Black women,,Oppose,"Cities 50,000-500,000","Cities over 50,000",,English,Florida,Other,Telephone survey,Earlier this month,Earlier than that,In the last month,"Dissatisfied, but not angry",,,,Version 2,Yes,Can beat Donald Trump
277278247.0,0.462442517280579,Joe Biden,65+,60+,65 or over,45+,50+,60+,65+,Non-Black 60+,White 60+,White 65+,Complete,Joe Biden,,,21.0,No,No,Needs minor changes,Never attended college,No college degree,High school graduate or less,White no college degree,White men non college graduates,Favorable,Only Biden,Unfavorable,5.0,,,No,No,,,Return to Barack Obama's policies,45+,65+,Democrat,Non-black Democrat,White Democrat,Democratic men,Democrat,White Democrat,Moderate,Moderate or Conservative,Moderate,,,No,,White,White,State questionnaire,White,White,White,South,None,None,None,,Male,White men,,Oppose,Suburbs,Suburbs,,English,Florida,White suburban men,Telephone survey,Before that,Earlier than that,Earlier than that,"Dissatisfied, but not angry",,,,Version 2,No,Can beat Donald Trump
277278248.0,0.462442517280579,Joe Biden,65+,60+,65 or over,45+,50+,60+,65+,Non-Black 60+,White 60+,White 65+,Complete,Joe Biden,,,22.0,No,No,Needs a complete overhaul,Never attended college,No college degree,High school graduate or less,White no college degree,White men non college graduates,Favorable,Both,Favorable,5.0,,,No,No,,,Omit,45+,65+,Democrat,Non-black Democrat,White Democrat,Democratic men,Democrat,White Democrat,Somewhat liberal,Liberal,Liberal,,,No,,White,White,State questionnaire,White,White,White,South,None,None,None,,Male,White men,,Oppose,"Cities 50,000-500,000","Cities over 50,000",,English,Florida,Other,Telephone survey,Earlier this month,Earlier than that,In the last month,"Dissatisfied, but not angry",,,,Version 2,Yes,Agrees with you on major issues
277278249.0,0.780475854873657,Bernie Sanders,45-65,60+,60-64,45+,50+,60+,50-64,Non-Black 60+,White 60+,White 45-64,Complete,Bernie Sanders,,,17.0,No,No,Omit,Never attended college,No college degree,High school graduate or less,White no college degree,White men non college graduates,Unfavorable,Only Sanders,Favorable,4.0,,,No,No,,,Change to more liberal policies,45+,18-64,Democrat,Non-black Democrat,White Democrat,Democratic men,Democrat,White Democrat,Very liberal,Liberal,Liberal,,,No,,White,White,State questionnaire,White,White,White,South,,,,,Male,White men,,Support,Suburbs,Suburbs,,English,Florida,White suburban men,Telephone survey,Before that,Earlier than that,Earlier than that,"Dissatisfied, but not angry",,,,Version 2,Yes,Can beat Donald Trump
277278250.0,0.776432454586029,Joe Biden,65+,60+,65 or over,45+,50+,60+,65+,Black 60+,Black 60+,Black 65+,Complete,Joe Biden,,,23.0,No,No,Needs minor changes,Bachelor's degree (BA or BS),College graduate,More than high school graduate,Non white college degree,Non-whites,Favorable,Both,Favorable,5.0,,,No,No,,,Return to Barack Obama's policies,45+,65+,Democrat,Black Democrat,Black Democrat,Democratic women,Democrat,Non-White Democrats,Conservative,Moderate or Conservative,Conservative,,,No,,Black,Black,State questionnaire,Black,Non-white,Black,South,Catholic,Catholic,,,Female,Black women,,Oppose,Suburbs,Suburbs,,English,Florida,Other,Telephone survey,Before that,Earlier than that,Earlier than that,Angry,,,,Version 2,Yes,Can beat Donald Trump
277278251.0,1.03754210472107,Other,65+,60+,65 or over,45+,50+,60+,65+,Non-Black 60+,White 60+,White 65+,Complete,Joe Biden,,,11.0,No,No,Needs a complete overhaul,Bachelor's degree (BA or BS),College graduate,More than high school graduate,White college degree,White men college graduates,Favorable,Both,Favorable,4.0,,,No,No,,,Change to more conservative policies,45+,65+,Democrat,Non-black Democrat,White Democrat,Democratic men,Democrat,White Democrat,Very liberal,Liberal,Liberal,,,No,,White,White,State questionnaire,White,White,White,South,None,None,None,,Male,White men,,Support,Suburbs,Suburbs,,English,Florida,White suburban men,Telephone survey,In February,Earlier than that,Earlier than that,Angry,,,,Version 2,Yes,Can beat Donald Trump
277278252.0,0.35971873998642,Bernie Sanders,65+,60+,65 or over,45+,50+,60+,65+,Non-Black 60+,White 60+,White 65+,Complete,Omit,,,16.0,No,No,Omit,Bachelor's degree (BA or BS),College graduate,More than high school graduate,White college degree,White women college graduates,Favorable,Both,Favorable,4.0,,,No,No,,,Change to more liberal policies,45+,65+,Democrat,Non-black Democrat,White Democrat,Democratic women,Democrat,White Democrat,Very liberal,Liberal,Liberal,,,No,,White,White,State questionnaire,White,White,White,South,None,None,None,,Female,White women,,Omit,Suburbs,Suburbs,,English,Florida,White suburban women,Telephone survey,Earlier this month,Earlier than that,In the last month,Angry,,,,Version 2,Yes,Omit
277278253.0,0.390590637922287,Joe Biden,65+,60+,65 or over,45+,50+,60+,65+,Non-Black 60+,White 60+,White 65+,Complete,Joe Biden,,,12.0,No,No,Needs a complete overhaul,Bachelor's degree (BA or BS),College graduate,More than high school graduate,White college degree,White men college graduates,Favorable,Both,Favorable,3.0,,,No,No,,,Change to more liberal policies,45+,65+,Democrat,Non-black Democrat,White Democrat,Democratic men,Democrat,White Democrat,Somewhat liberal,Liberal,Liberal,,,No,,White,White,State questionnaire,White,White,White,South,Catholic,Catholic,Catholic,,Male,White men,,Support,Suburbs,Suburbs,,English,Florida,White suburban men,Telephone survey,Earlier this month,Earlier than that,In the last month,Angry,,,,Version 2,Yes,Can beat Donald Trump
277278254.0,0.775664091110229,Joe Biden,45-65,60+,60-64,45+,50+,60+,50-64,Non-Black 60+,White 60+,White 45-64,Complete,Joe Biden,,,19.0,No,No,Needs a complete overhaul,"An advanced degree after a bachelor's degree (such as JD, MA, MBA, MD, PhD)",College graduate,More than high school graduate,White college degree,White women college graduates,Favorable,Only Biden,Omit,4.0,,,No,No,,,Return to Barack Obama's policies,45+,18-64,Independent/Something else,Non-black non-Democrat,White Independent,Independent women,Something else,White Independent,Moderate,Moderate or Conservative,Moderate,,,No,,White,White,State questionnaire,White,White,White,South,Protestant/Other Non-Catholic Christian,Protestant,Protestant/Other Non-Catholic Christian,,Female,White women,,Oppose,"Cities 10,000-50,000",Small Cities/Rural,,English,Florida,Other,Telephone survey,Earlier this month,Earlier than that,In the last month,"Dissatisfied, but not angry",,,,Version 2,Yes,Agrees with you on major issues
277278255.0,0.473675727844238,Joe Biden,65+,60+,65 or over,45+,50+,60+,65+,Non-Black 60+,White 60+,White 65+,Complete,Joe Biden,,,25.0,No,No,Needs minor changes,"An advanced degree after a bachelor's degree (such as JD, MA, MBA, MD, PhD)",College graduate,More than high school graduate,White college degree,White men college graduates,Favorable,Only Biden,Omit,4.0,,,No,No,,,Return to Barack Obama's policies,45+,65+,Democrat,Non-black Democrat,White Democrat,Democratic men,Democrat,White Democrat,Somewhat liberal,Liberal,Liberal,,,No,,White,White,State questionnaire,White,White,White,South,Jewish,Jewish,Jewish,,Male,White men,,Omit,"Cities 10,000-50,000",Small Cities/Rural,,English,Florida,Other,Telephone survey,In February,Earlier than that,Earlier than that,Angry,,,,Version 2,Yes,Can beat Donald Trump
277278256.0,2.54214143753052,Other,65+,60+,65 or over,45+,50+,60+,65+,Non-Black 60+,Latino 60+,Latino 65+,Complete,Joe Biden,,,19.0,No,"Yes, Puerto Rican",Needs minor changes,Bachelor's degree (BA or BS),College graduate,More than high school graduate,Non white college degree,Non-whites,Favorable,Both,Favorable,4.0,,,Yes,No,,,Omit,45+,65+,Democrat,Non-black Democrat,Latino Democrat,Democratic women,Democrat,Non-White Democrats,Somewhat liberal,Liberal,Liberal,,,Yes,,Other,Hispanic/Latino,State questionnaire,Hispanic/Latino,Non-white,Hispanic/Latino,South,Catholic,Catholic,,,Female,Latino women,,Support,"Cities 10,000-50,000",Small Cities/Rural,,English,Florida,Other,Telephone survey,Earlier this month,Earlier than that,In the last month,Angry,,,,Version 2,Yes,Can beat Donald Trump
277278257.0,0.473675727844238,Joe Biden,65+,60+,65 or over,45+,50+,60+,65+,Non-Black 60+,White 60+,White 65+,Complete,Joe Biden,,,19.0,No,No,Omit,"An advanced degree after a bachelor's degree (such as JD, MA, MBA, MD, PhD)",College graduate,More than high school graduate,White college degree,White men college graduates,Favorable,Both,Favorable,4.0,,,No,No,,,Omit,45+,65+,Independent/Something else,Non-black non-Democrat,White Independent,Independent men,Something else,White Independent,Somewhat liberal,Liberal,Liberal,,,No,,White,White,State questionnaire,White,White,White,South,None,None,None,,Male,White men,,Omit,"Cities 10,000-50,000",Small Cities/Rural,,English,Florida,Other,Telephone survey,Before that,Earlier than that,Earlier than that,Angry,,,,Version 2,Yes,Can beat Donald Trump
277278258.0,1.38876593112946,Bernie Sanders,30-44,30-59,30-39,18-44,18-49,30-44,30-39,Black 30-44,Black 30-44,Black 30-44,Complete,Joe Biden,,,4.0,No,No,Needs a complete overhaul,Bachelor's degree (BA or BS),College graduate,More than high school graduate,Non white college degree,Non-whites,Favorable,Both,Favorable,1.0,,,No,No,,,Change to more liberal policies,18-44,18-64,Democrat,Black Democrat,Black Democrat,Democratic women,Democrat,Non-White Democrats,Very liberal,Liberal,Liberal,,,No,,Black,Black,State questionnaire,Black,Non-white,Black,South,Protestant/Other Non-Catholic Christian,Other Christian,,,Female,Black women,,Support,"Cities over 500,000","Cities over 50,000",,English,Florida,Other,Telephone survey,Omit,Omit,Omit,Angry,,,,Version 2,Yes,Can beat Donald Trump
277278259.0,0.730964839458466,Joe Biden,45-65,60+,60-64,45+,50+,60+,50-64,Non-Black 60+,White 60+,White 45-64,Complete,Joe Biden,,,4.0,No,No,Needs a complete overhaul,Bachelor's degree (BA or BS),College graduate,More than high school graduate,White college degree,White men college graduates,Favorable,Both,Favorable,1.0,,,No,No,,,Change to more liberal policies,45+,18-64,Democrat,Non-black Democrat,White Democrat,Democratic men,Democrat,White Democrat,Very liberal,Liberal,Liberal,,,No,,White,White,State questionnaire,White,White,White,South,None,None,None,,Male,White men,,Support,"Cities over 500,000","Cities over 50,000",,English,Florida,Other,Telephone survey,Earlier this month,Earlier than that,In the last month,Angry,,,,Version 2,Yes,Agrees with you on major issues
277278260.0,0.669086873531342,Bernie Sanders,30-44,30-59,30-39,18-44,18-49,30-44,30-39,Non-Black 30-44,White 30-44,White 30-44,Complete,Bernie Sanders,,,4.0,No,No,Needs minor changes,Bachelor's degree (BA or BS),College graduate,More than high school graduate,White college degree,White men college graduates,Favorable,Both,Favorable,1.0,,,No,No,,,Omit,18-44,18-64,Independent/Something else,Non-black non-Democrat,White Independent,Independent men,Independent,White Independent,Somewhat liberal,Liberal,Liberal,,,No,,White,White,State questionnaire,White,White,White,South,None,None,None,,Male,White men,,Omit,"Cities over 500,000","Cities over 50,000",,English,Florida,Other,Telephone survey,Before that,Earlier than that,Earlier than that,Angry,,,,Version 2,Yes,Can beat Donald Trump
277278261.0,2.81273365020752,Joe Biden,30-44,30-59,40-44,18-44,18-49,30-44,40-49,Non-Black 30-44,Latino 30-44,Latino 30-44,Complete,Joe Biden,,,5.0,No,No,Needs a complete overhaul,Bachelor's degree (BA or BS),College graduate,More than high school graduate,Non white college degree,Non-whites,Favorable,Only Biden,Unfavorable,1.0,,,No,No,,,Change to more liberal policies,18-44,18-64,Democrat,Non-black Democrat,Latino Democrat,Democratic women,Democrat,Non-White Democrats,Somewhat liberal,Liberal,Liberal,,,No,,Other,Hispanic/Latino,State questionnaire,Hispanic/Latino,Non-white,Hispanic/Latino,South,Catholic,Catholic,,,Female,Latino women,,Omit,"Cities over 500,000","Cities over 50,000",,English,Florida,Other,Telephone survey,Before that,Earlier than that,Earlier than that,Angry,,,,Version 2,Yes,Can beat Donald Trump
277278262.0,0.730964839458466,Joe Biden,45-65,30-59,50-59,45+,50+,45-59,50-64,Non-Black 45-59,White 45-59,White 45-64,Complete,Joe Biden,,,5.0,No,No,Needs minor changes,Bachelor's degree (BA or BS),College graduate,More than high school graduate,White college degree,White men college graduates,Favorable,Only Biden,Omit,1.0,,,No,No,,,Return to Barack Obama's policies,45+,18-64,Independent/Something else,Non-black non-Democrat,White Independent,Independent men,Independent,White Independent,Moderate,Moderate or Conservative,Moderate,,,No,,White,White,State questionnaire,White,White,White,South,None,None,None,,Male,White men,,Oppose,"Cities over 500,000","Cities over 50,000",,English,Florida,Other,Telephone survey,Earlier this month,Earlier than that,In the last month,Angry,,,,Version 2,Yes,Can beat Donald Trump
277278263.0,2.51362705230713,Other,65+,60+,65 or over,45+,50+,60+,65+,Black 60+,Black 60+,Black 65+,Complete,Bernie Sanders,,,5.0,No,No,Needs minor changes,Never attended college,No college degree,High school graduate or less,Non white no college degree,Non-whites,Favorable,Only Biden,Unfavorable,1.0,,,No,No,,,Return to Barack Obama's policies,45+,65+,Democrat,Black Democrat,Black Democrat,Democratic women,Democrat,Non-White Democrats,Conservative,Moderate or Conservative,Conservative,,,No,,Black,Black,State questionnaire,Black,Non-white,Black,South,Protestant/Other Non-Catholic Christian,Other Christian,,,Female,Black women,,Support,"Cities over 500,000","Cities over 50,000",,English,Florida,Other,Telephone survey,Before that,Earlier than that,Earlier than that,"Dissatisfied, but not angry",,,,Version 2,Yes,Agrees with you on major issues
277278264.0,1.1063677072525,Joe Biden,65+,60+,65 or over,45+,50+,60+,65+,Black 60+,Black 60+,Black 65+,Complete,Joe Biden,,,4.0,No,No,Needs a complete overhaul,Associate's degree (AA or AS),No college degree,More than high school graduate,Non white no college degree,Non-whites,Favorable,Both,Favorable,1.0,,,No,No,,,Change to more liberal policies,45+,65+,Democrat,Black Democrat,Black Democrat,Democratic women,Democrat,Non-White Democrats,Conservative,Moderate or Conservative,Conservative,,,No,,Black,Black,State questionnaire,Black,Non-white,Black,South,Protestant/Other Non-Catholic Christian,Other Christian,,,Female,Black women,,Oppose,"Cities over 500,000","Cities over 50,000",,English,Florida,Other,Telephone survey,Earlier this month,Earlier than that,In the last month,Angry,,,,Version 2,Yes,Can beat Donald Trump
277278265.0,0.70606529712677,Joe Biden,45-65,30-59,50-59,45+,50+,45-59,50-64,Non-Black 45-59,White 45-59,White 45-64,Complete,Joe Biden,,,6.0,No,No,Needs minor changes,"An advanced degree after a bachelor's degree (such as JD, MA, MBA, MD, PhD)",College graduate,More than high school graduate,White college degree,White women college graduates,Favorable,Both,Favorable,1.0,,,No,No,,,Return to Barack Obama's policies,45+,18-64,Independent/Something else,Non-black non-Democrat,White Independent,Independent women,Independent,White Independent,Moderate,Moderate or Conservative,Moderate,,,No,,White,White,State questionnaire,White,White,White,South,Protestant/Other Non-Catholic Christian,Protestant,Protestant/Other Non-Catholic Christian,,Female,White women,,Oppose,Suburbs,Suburbs,,English,Florida,White suburban women,Telephone survey,In February,Earlier than that,Earlier than that,Angry,,,,Version 2,Yes,Can beat Donald Trump
277278266.0,1.16365694999695,Bernie Sanders,45-65,60+,60-64,45+,50+,60+,50-64,Non-Black 60+,White 60+,White 45-64,Complete,Bernie Sanders,,,4.0,No,No,Needs a complete overhaul,Attended college but received no degree,No college degree,More than high school graduate,White no college degree,White men non college graduates,Favorable,Both,Favorable,1.0,,,No,No,,,Change to more liberal policies,45+,18-64,Independent/Something else,Non-black non-Democrat,White Independent,Independent men,Something else,White Independent,Somewhat liberal,Liberal,Liberal,,,No,,White,White,State questionnaire,White,White,White,South,Protestant/Other Non-Catholic Christian,Protestant,Protestant/Other Non-Catholic Christian,,Male,White men,,Support,"Cities over 500,000","Cities over 50,000",,English,Florida,Other,Telephone survey,Earlier this month,Earlier than that,In the last month,Angry,,,,Version 2,Yes,Can beat Donald Trump
277278267.0,0.377285569906235,Joe Biden,65+,60+,65 or over,45+,50+,60+,65+,Non-Black 60+,White 60+,White 65+,Complete,Joe Biden,,,12.0,No,No,Needs a complete overhaul,Bachelor's degree (BA or BS),College graduate,More than high school graduate,White college degree,White women college graduates,Favorable,Both,Favorable,3.0,,,No,No,,,Return to Barack Obama's policies,45+,65+,Democrat,Non-black Democrat,White Democrat,Democratic women,Democrat,White Democrat,Very liberal,Liberal,Liberal,,,No,,White,White,State questionnaire,White,White,White,South,Protestant/Other Non-Catholic Christian,Protestant,Protestant/Other Non-Catholic Christian,,Female,White women,,Support,Suburbs,Suburbs,,English,Florida,White suburban women,Telephone survey,Earlier this month,Earlier than that,In the last month,Angry,,,,Version 2,Yes,Can beat Donald Trump
277278268.0,0.626008629798889,Bernie Sanders,45-65,30-59,50-59,45+,50+,45-59,50-64,Non-Black 45-59,White 45-59,White 45-64,Complete,Bernie Sanders,,,2.0,No,No,Needs a complete overhaul,Bachelor's degree (BA or BS),College graduate,More than high school graduate,White college degree,White women college graduates,Omit,Only Sanders,Favorable,1.0,,,No,,,,Return to Barack Obama's policies,45+,18-64,Independent/Something else,Non-black non-Democrat,White Independent,Independent women,Something else,White Independent,,,,,,No,,White,White,State questionnaire,White,White,White,South,,,,,Female,White women,,Support,"Cities 50,000-500,000","Cities over 50,000",,Spanish,Florida,Other,Telephone survey,Before that,Earlier than that,Earlier than that,Angry,,,,Version 2,Yes,Agrees with you on major issues
277278269.0,0.514874398708344,Joe Biden,65+,60+,65 or over,45+,50+,60+,65+,Non-Black 60+,White 60+,White 65+,Complete,Joe Biden,,,5.0,No,No,Works well enough as is,Associate's degree (AA or AS),No college degree,More than high school graduate,White no college degree,White women non college graduates,Unfavorable,Only Sanders,Favorable,1.0,,,No,No,,,Change to more conservative policies,45+,65+,Republican,Non-black non-Democrat,All Republicans,Republican women,Republican,White Republican,Moderate,Moderate or Conservative,Moderate,,,No,,White,White,State questionnaire,White,White,White,South,Protestant/Other Non-Catholic Christian,Protestant,Protestant/Other Non-Catholic Christian,,Female,White women,,Oppose,"Cities over 500,000","Cities over 50,000",,English,Florida,Other,Telephone survey,Earlier this month,Earlier than that,In the last month,"Satisfied, but not enthusiastic",,,,Version 2,No,Agrees with you on major issues
277278270.0,1.8756148815155,Joe Biden,45-65,60+,60-64,45+,50+,60+,50-64,Black 60+,Black 60+,Black 45-64,Complete,Joe Biden,,,4.0,No,No,Needs a complete overhaul,Associate's degree (AA or AS),No college degree,More than high school graduate,Non white no college degree,Non-whites,Favorable,Both,Favorable,1.0,,,No,No,,,Omit,45+,18-64,Democrat,Black Democrat,Black Democrat,Democratic women,Democrat,Non-White Democrats,Somewhat liberal,Liberal,Liberal,,,No,,Black,Black,State questionnaire,Black,Non-white,Black,South,Protestant/Other Non-Catholic Christian,Protestant,,,Female,Black women,,Oppose,"Cities over 500,000","Cities over 50,000",,English,Florida,Other,Telephone survey,Before that,Earlier than that,Earlier than that,"Dissatisfied, but not angry",,,,Version 2,Yes,Can beat Donald Trump
277278271.0,1.0587363243103,Joe Biden,30-44,30-59,30-39,18-44,18-49,30-44,30-39,Non-Black 30-44,White 30-44,White 30-44,Complete,Joe Biden,,,1.0,No,No,Needs minor changes,"An advanced degree after a bachelor's degree (such as JD, MA, MBA, MD, PhD)",College graduate,More than high school graduate,White college degree,White women college graduates,Favorable,Only Biden,Unfavorable,1.0,,,No,No,,,Change to more conservative policies,18-44,18-64,Republican,Non-black non-Democrat,All Republicans,Republican women,Republican,White Republican,Moderate,Moderate or Conservative,Moderate,,,No,,White,White,State questionnaire,White,White,White,South,Protestant/Other Non-Catholic Christian,Other Christian,Protestant/Other Non-Catholic Christian,,Female,White women,,Oppose,"Cities 50,000-500,000","Cities over 50,000",,English,Florida,Other,Telephone survey,Before that,Earlier than that,Earlier than that,Angry,,,,Version 2,Yes,Can beat Donald Trump
277278272.0,1.1063677072525,Joe Biden,65+,60+,65 or over,45+,50+,60+,65+,Black 60+,Black 60+,Black 65+,Complete,Joe Biden,,,1.0,No,No,Works well enough as is,Never attended college,No college degree,High school graduate or less,Non white no college degree,Non-whites,Favorable,Both,Favorable,1.0,,,No,No,,,Return to Barack Obama's policies,45+,65+,Democrat,Black Democrat,Black Democrat,Democratic women,Democrat,Non-White Democrats,Very liberal,Liberal,Liberal,,,No,,Black,Black,State questionnaire,Black,Non-white,Black,South,Something else,Other,,,Female,Black women,,Support,"Cities 50,000-500,000","Cities over 50,000",,English,Florida,Other,Telephone survey,Before that,Earlier than that,Earlier than that,"Satisfied, but not enthusiastic",,,,Version 2,Yes,Can beat Donald Trump
277278273.0,1.79814577102661,Bernie Sanders,30-44,30-59,40-44,18-44,18-49,30-44,40-49,Black 30-44,Black 30-44,Black 30-44,Complete,Joe Biden,,,4.0,No,No,Needs a complete overhaul,Associate's degree (AA or AS),No college degree,More than high school graduate,Non white no college degree,Non-whites,Favorable,Both,Favorable,1.0,,,No,Yes,,,Change to more liberal policies,18-44,18-64,Democrat,Black Democrat,Black Democrat,Democratic women,Democrat,Non-White Democrats,Very liberal,Liberal,Liberal,,,No,,Black,Black,State questionnaire,Black,Non-white,Black,South,Catholic,Catholic,,,Female,Black women,,Support,"Cities over 500,000","Cities over 50,000",,English,Florida,Other,Telephone survey,Earlier this month,Earlier than that,In the last month,Angry,,,,Version 2,Yes,Can beat Donald Trump
277278274.0,1.02550375461578,Joe Biden,45-65,60+,60-64,45+,50+,60+,50-64,Non-Black 60+,White 60+,White 45-64,Complete,Joe Biden,,,1.0,No,No,Needs minor changes,Bachelor's degree (BA or BS),College graduate,More than high school graduate,White college degree,White women college graduates,Favorable,Both,Favorable,1.0,,,No,,,,Return to Barack Obama's policies,45+,18-64,Democrat,Non-black Democrat,White Democrat,Democratic women,Democrat,White Democrat,Moderate,Moderate or Conservative,Moderate,,,No,,White,White,State questionnaire,White,White,White,South,None,None,None,,Female,White women,,Support,"Cities 50,000-500,000","Cities over 50,000",,English,Florida,Other,Telephone survey,Before that,Earlier than that,Earlier than that,Angry,,,,Version 2,Yes,Can beat Donald Trump
277278275.0,0.552185833454132,Joe Biden,65+,60+,65 or over,45+,50+,60+,65+,,,,Complete,Joe Biden,,,6.0,No,No,Needs a complete overhaul,Bachelor's degree (BA or BS),College graduate,More than high school graduate,,,Favorable,Only Biden,Unfavorable,1.0,,,No,,,,Return to Barack Obama's policies,45+,65+,Democrat,,,Democratic men,Democrat,,Moderate,Moderate or Conservative,Moderate,,,No,,,,State questionnaire,,,,South,Protestant/Other Non-Catholic Christian,Other Christian,,,Male,,,Omit,Suburbs,Suburbs,,English,Florida,,Telephone survey,Before that,Earlier than that,Earlier than that,Angry,,,,Version 2,Yes,Agrees with you on major issues
277278276.0,2.09962177276611,Joe Biden,30-44,30-59,40-44,18-44,18-49,30-44,40-49,Black 30-44,Black 30-44,Black 30-44,Complete,Joe Biden,,,2.0,No,No,Needs minor changes,Attended college but received no degree,No college degree,More than high school graduate,Non white no college degree,Non-whites,Favorable,Only Biden,Unfavorable,1.0,,,No,No,,,Change to more conservative policies,18-44,18-64,Democrat,Black Democrat,Black Democrat,Democratic men,Democrat,Non-White Democrats,Moderate,Moderate or Conservative,Moderate,,,No,,Black,Black,State questionnaire,Black,Non-white,Black,South,Protestant/Other Non-Catholic Christian,Protestant,,,Male,Black men,,Support,Suburbs,Suburbs,,English,Florida,Other,Telephone survey,Earlier this month,Earlier than that,In the last month,Enthusiastic,,,,Version 2,Yes,Can beat Donald Trump
277278277.0,0.431173771619797,Joe Biden,65+,60+,65 or over,45+,50+,60+,65+,Non-Black 60+,White 60+,White 65+,Complete,Joe Biden,,,2.0,No,No,Needs minor changes,Bachelor's degree (BA or BS),College graduate,More than high school graduate,White college degree,White men college graduates,Favorable,Both,Favorable,1.0,,,No,No,,,Change to more conservative policies,45+,65+,Independent/Something else,Non-black non-Democrat,White Independent,Independent men,Independent,White Independent,Conservative,Moderate or Conservative,Conservative,,,No,,White,White,State questionnaire,White,White,White,South,None,None,None,,Male,White men,,Oppose,Suburbs,Suburbs,,English,Florida,White suburban men,Telephone survey,Before that,Earlier than that,Earlier than that,Angry,,,,Version 2,No,Can beat Donald Trump
277278278.0,0.565626978874207,Joe Biden,65+,60+,65 or over,45+,50+,60+,65+,Non-Black 60+,White 60+,White 65+,Complete,Joe Biden,,,11.0,No,No,Needs a complete overhaul,Attended college but received no degree,No college degree,More than high school graduate,White no college degree,White women non college graduates,Favorable,Both,Favorable,4.0,,,No,No,,,Return to Barack Obama's policies,45+,65+,Independent/Something else,Non-black non-Democrat,White Independent,Independent women,Independent,White Independent,Somewhat liberal,Liberal,Liberal,,,No,,White,White,State questionnaire,White,White,White,South,None,None,None,,Female,White women,,Support,Suburbs,Suburbs,,English,Florida,White suburban women,Telephone survey,Earlier this month,Earlier than that,In the last month,Angry,,,,Version 2,Yes,Can beat Donald Trump
277278279.0,0.429125130176544,Joe Biden,65+,60+,65 or over,45+,50+,60+,65+,Non-Black 60+,White 60+,White 65+,Complete,Joe Biden,,,8.0,No,No,Needs a complete overhaul,"An advanced degree after a bachelor's degree (such as JD, MA, MBA, MD, PhD)",College graduate,More than high school graduate,White college degree,White women college graduates,Favorable,Both,Favorable,2.0,,,No,No,,,Change to more liberal policies,45+,65+,Democrat,Non-black Democrat,White Democrat,Democratic women,Democrat,White Democrat,Somewhat liberal,Liberal,Liberal,,,No,,White,White,State questionnaire,White,White,White,South,None,None,None,,Female,White women,,Support,"Cities 10,000-50,000",Small Cities/Rural,,English,Florida,Other,Telephone survey,Earlier this month,Earlier than that,In the last month,Angry,,,,Version 2,Yes,Agrees with you on major issues
277278280.0,0.894950211048126,Joe Biden,65+,60+,65 or over,45+,50+,60+,65+,Black 60+,Black 60+,Black 65+,Complete,Joe Biden,,,2.0,No,No,Needs minor changes,"An advanced degree after a bachelor's degree (such as JD, MA, MBA, MD, PhD)",College graduate,More than high school graduate,Non white college degree,Non-whites,Favorable,Only Biden,Unfavorable,1.0,,,No,Yes,,,Return to Barack Obama's policies,45+,65+,Democrat,Black Democrat,Black Democrat,Democratic women,Democrat,Non-White Democrats,Moderate,Moderate or Conservative,Moderate,,,No,,Black,Black,State questionnaire,Black,Non-white,Black,South,Protestant/Other Non-Catholic Christian,Protestant,,,Female,Black women,,Oppose,Rural,Small Cities/Rural,,English,Florida,Other,Telephone survey,Before that,Earlier than that,Earlier than that,Angry,,,,Version 2,Yes,Can beat Donald Trump
277278281.0,0.444696456193924,Bernie Sanders,65+,60+,65 or over,45+,50+,60+,65+,Non-Black 60+,White 60+,White 65+,Complete,Joe Biden,,,10.0,No,No,Needs a complete overhaul,Never attended college,No college degree,High school graduate or less,White no college degree,White women non college graduates,Favorable,Both,Favorable,4.0,,,No,No,,,Return to Barack Obama's policies,45+,65+,Democrat,Non-black Democrat,White Democrat,Democratic women,Democrat,White Democrat,Moderate,Moderate or Conservative,Moderate,,,No,,White,White,State questionnaire,White,White,White,South,Protestant/Other Non-Catholic Christian,Other Christian,Protestant/Other Non-Catholic Christian,,Female,White women,,Support,Suburbs,Suburbs,,English,Florida,White suburban women,Telephone survey,Earlier this month,Earlier than that,In the last month,"Dissatisfied, but not angry",,,,Version 2,Yes,Agrees with you on major issues
277278282.0,1.34568333625793,Joe Biden,65+,60+,65 or over,45+,50+,60+,65+,Black 60+,Black 60+,Black 65+,Complete,Joe Biden,,,2.0,No,No,Needs a complete overhaul,"An advanced degree after a bachelor's degree (such as JD, MA, MBA, MD, PhD)",College graduate,More than high school graduate,Non white college degree,Non-whites,Favorable,Both,Favorable,1.0,,,No,No,,,Return to Barack Obama's policies,45+,65+,Democrat,Black Democrat,Black Democrat,Democratic men,Democrat,Non-White Democrats,Very liberal,Liberal,Liberal,,,No,,Black,Black,State questionnaire,Black,Non-white,Black,South,Protestant/Other Non-Catholic Christian,Other Christian,,,Male,Black men,,Oppose,"Cities 50,000-500,000","Cities over 50,000",,English,Florida,Other,Telephone survey,Before that,Earlier than that,Earlier than that,"Dissatisfied, but not angry",,,,Version 2,Yes,Can beat Donald Trump
277278283.0,0.646295130252838,Bernie Sanders,30-44,30-59,30-39,18-44,18-49,30-44,30-39,Non-Black 30-44,White 30-44,White 30-44,Complete,Bernie Sanders,,,2.0,No,No,Needs a complete overhaul,Bachelor's degree (BA or BS),College graduate,More than high school graduate,White college degree,White women college graduates,Unfavorable,Only Sanders,Favorable,1.0,,,No,No,,,Change to more liberal policies,18-44,18-64,Independent/Something else,Non-black non-Democrat,White Independent,Independent women,Independent,White Independent,Very liberal,Liberal,Liberal,,,No,,White,White,State questionnaire,White,White,White,South,None,None,None,,Female,White women,,Support,"Cities 50,000-500,000","Cities over 50,000",,English,Florida,Other,Telephone survey,Before that,Earlier than that,Earlier than that,Angry,,,,Version 2,Yes,Can beat Donald Trump
277278284.0,0.70606529712677,Joe Biden,45-65,60+,60-64,45+,50+,60+,50-64,Non-Black 60+,White 60+,White 45-64,Complete,Joe Biden,,,2.0,No,No,Needs minor changes,Bachelor's degree (BA or BS),College graduate,More than high school graduate,White college degree,White women college graduates,Favorable,Both,Favorable,1.0,,,No,Yes,,,Return to Barack Obama's policies,45+,18-64,Democrat,Non-black Democrat,White Democrat,Democratic women,Democrat,White Democrat,Somewhat liberal,Liberal,Liberal,,,No,,White,White,State questionnaire,White,White,White,South,Protestant/Other Non-Catholic Christian,Other Christian,Protestant/Other Non-Catholic Christian,,Female,White women,,Oppose,"Cities 50,000-500,000","Cities over 50,000",,English,Florida,Other,Telephone survey,Earlier this month,Earlier than that,In the last month,Angry,,,,Version 2,Yes,Can beat Donald Trump
277278285.0,0.565626978874207,Joe Biden,65+,60+,65 or over,45+,50+,60+,65+,Non-Black 60+,White 60+,White 65+,Complete,Joe Biden,,,10.0,No,No,Needs a complete overhaul,Never attended college,No college degree,High school graduate or less,White no college degree,White women non college graduates,Favorable,Only Biden,Omit,4.0,,,No,No,,,Omit,45+,65+,Independent/Something else,Non-black non-Democrat,White Independent,Independent women,Independent,White Independent,Moderate,Moderate or Conservative,Moderate,,,No,,White,White,State questionnaire,White,White,White,South,Protestant/Other Non-Catholic Christian,Protestant,Protestant/Other Non-Catholic Christian,,Female,White women,,Oppose,Suburbs,Suburbs,,English,Florida,White suburban women,Telephone survey,Before that,Earlier than that,Earlier than that,Angry,,,,Version 2,Yes,Can beat Donald Trump
277278286.0,3.21575880050659,Joe Biden,45-65,30-59,50-59,45+,50+,45-59,50-64,Non-Black 45-59,Latino 45-59,Latino 45-64,Complete,Joe Biden,,,2.0,No,"Yes, other Hispanic",Works well enough as is,Never attended college,No college degree,High school graduate or less,Non white no college degree,Non-whites,Favorable,Both,Favorable,1.0,,,Yes,No,,,Return to Barack Obama's policies,45+,18-64,Democrat,Non-black Democrat,Latino Democrat,Democratic women,Democrat,Non-White Democrats,Moderate,Moderate or Conservative,Moderate,,,No,,Other,Hispanic/Latino,State questionnaire,Hispanic/Latino,Non-white,Hispanic/Latino,South,None,None,,,Female,Latino women,,Oppose,"Cities 50,000-500,000","Cities over 50,000",,English,Florida,Other,Telephone survey,In February,Earlier than that,Earlier than that,"Dissatisfied, but not angry",,,,Version 2,Yes,Can beat Donald Trump
277278287.0,0.774686515331268,Joe Biden,65+,60+,65 or over,45+,50+,60+,65+,,,,Complete,Joe Biden,,,4.0,No,No,Needs a complete overhaul,"An advanced degree after a bachelor's degree (such as JD, MA, MBA, MD, PhD)",College graduate,More than high school graduate,,,Favorable,Both,Favorable,1.0,,,No,No,,,Change to more liberal policies,45+,65+,Democrat,,,Democratic women,Democrat,,Moderate,Moderate or Conservative,Moderate,,,No,,,,State questionnaire,,,,South,None,None,,,Female,,,Support,"Cities over 500,000","Cities over 50,000",,English,Florida,Other,Telephone survey,Earlier this month,Earlier than that,In the last month,Angry,,,,Version 2,Yes,Can beat Donald Trump
277278288.0,1.84532868862152,Joe Biden,45-65,30-59,50-59,45+,50+,45-59,50-64,Non-Black 45-59,Latino 45-59,Latino 45-64,Complete,Joe Biden,,,5.0,No,"Yes, Puerto Rican",Needs minor changes,Bachelor's degree (BA or BS),College graduate,More than high school graduate,Non white college degree,Non-whites,Favorable,Both,Favorable,2.0,,,Yes,No,,,Change to more conservative policies,45+,18-64,Democrat,Non-black Democrat,Latino Democrat,Democratic women,Democrat,Non-White Democrats,Moderate,Moderate or Conservative,Moderate,,,Yes,,Other,Hispanic/Latino,State questionnaire,Hispanic/Latino,Non-white,Hispanic/Latino,South,Catholic,Catholic,,,Female,Latino women,,Support,"Cities 50,000-500,000","Cities over 50,000",,English,Florida,Other,Telephone survey,Before that,Earlier than that,Earlier than that,Angry,,,,Version 2,Yes,Can beat Donald Trump
277278289.0,1.22200417518616,Bernie Sanders,65+,60+,65 or over,45+,50+,60+,65+,Non-Black 60+,Latino 60+,Latino 65+,Complete,Bernie Sanders,,,20.0,No,"Yes, other Hispanic",Needs a complete overhaul,Attended college but received no degree,No college degree,More than high school graduate,Non white no college degree,Non-whites,Favorable,Both,Favorable,5.0,,,Yes,No,,,Omit,45+,65+,Democrat,Non-black Democrat,Latino Democrat,Democratic men,Democrat,Non-White Democrats,Somewhat liberal,Liberal,Liberal,,,No,,Other,Hispanic/Latino,State questionnaire,Hispanic/Latino,Non-white,Hispanic/Latino,South,Catholic,Catholic,,,Male,Latino men,,Support,"Cities 50,000-500,000","Cities over 50,000",,English,Florida,Other,Telephone survey,Earlier this month,Earlier than that,In the last month,Enthusiastic,,,,Version 2,Yes,Can beat Donald Trump
277278290.0,0.331259369850159,Tulsi Gabbard,65+,60+,65 or over,45+,50+,60+,65+,Non-Black 60+,White 60+,White 65+,Complete,Bernie Sanders,,,14.0,No,No,Needs a complete overhaul,Attended college but received no degree,No college degree,More than high school graduate,White no college degree,White men non college graduates,Unfavorable,Neither,Unfavorable,3.0,,,No,Yes,,,Change to more liberal policies,45+,65+,Independent/Something else,Non-black non-Democrat,White Independent,Independent men,Independent,White Independent,Very liberal,Liberal,Liberal,,,No,,White,White,State questionnaire,White,White,White,South,None,None,None,,Male,White men,,Support,"Cities 50,000-500,000","Cities over 50,000",,English,Florida,Other,Telephone survey,Earlier this month,Earlier than that,In the last month,Angry,,,,Version 2,No,Agrees with you on major issues
277278291.0,2.61005759239197,Bernie Sanders,18-29,18-29,18-24,18-44,18-49,18-29,18-24,Non-Black 18-29,Latino 18-29,Latino 18-29,Complete,Bernie Sanders,,,3.0,No,"Yes, other Hispanic",Needs minor changes,Bachelor's degree (BA or BS),College graduate,More than high school graduate,Non white college degree,Non-whites,Favorable,Both,Favorable,1.0,,,Yes,Yes,,,Change to more liberal policies,18-44,18-64,Democrat,Non-black Democrat,Latino Democrat,Democratic men,Democrat,Non-White Democrats,Somewhat liberal,Liberal,Liberal,,,No,,Other,Hispanic/Latino,State questionnaire,Hispanic/Latino,Non-white,Hispanic/Latino,South,None,None,,,Male,Latino men,,Support,"Cities 50,000-500,000","Cities over 50,000",,English,Florida,Other,Telephone survey,Before that,Earlier than that,Earlier than that,Angry,,,,Version 2,Yes,Can beat Donald Trump
277278292.0,0.458091169595718,Bernie Sanders,65+,60+,65 or over,45+,50+,60+,65+,Non-Black 60+,White 60+,White 65+,Complete,Bernie Sanders,,,8.0,No,No,Needs a complete overhaul,"An advanced degree after a bachelor's degree (such as JD, MA, MBA, MD, PhD)",College graduate,More than high school graduate,White college degree,White women college graduates,Unfavorable,Only Sanders,Favorable,2.0,,,No,No,,,Change to more liberal policies,45+,65+,Independent/Something else,Non-black non-Democrat,White Independent,Independent women,Independent,White Independent,Somewhat liberal,Liberal,Liberal,,,No,,White,White,State questionnaire,White,White,White,South,None,None,None,,Female,White women,,Support,"Cities 10,000-50,000",Small Cities/Rural,,English,Florida,Other,Telephone survey,Before that,Earlier than that,Earlier than that,"Satisfied, but not enthusiastic",,,,Version 2,No,Agrees with you on major issues
277278293.0,1.13866066932678,Joe Biden,45-65,60+,60-64,45+,50+,60+,50-64,Non-Black 60+,White 60+,White 45-64,Complete,Joe Biden,,,18.0,No,No,Needs minor changes,Never attended college,No college degree,High school graduate or less,White no college degree,White men non college graduates,Favorable,Only Biden,Unfavorable,5.0,,,No,No,,,Omit,45+,18-64,Democrat,Non-black Democrat,White Democrat,Democratic men,Democrat,White Democrat,Moderate,Moderate or Conservative,Moderate,,,No,,White,White,State questionnaire,White,White,White,South,None,None,None,,Male,White men,,Oppose,Suburbs,Suburbs,,English,Florida,White suburban men,Telephone survey,Before that,Earlier than that,Earlier than that,"Dissatisfied, but not angry",,,,Version 2,Yes,Agrees with you on major issues
277278294.0,1.56324243545532,Joe Biden,45-65,30-59,50-59,45+,50+,45-59,50-64,Black 45-59,Black 45-59,Black 45-64,Complete,Omit,,,8.0,No,No,Needs minor changes,"An advanced degree after a bachelor's degree (such as JD, MA, MBA, MD, PhD)",College graduate,More than high school graduate,Non white college degree,Non-whites,Omit,Omit,Unfavorable,2.0,,,No,No,,,Omit,45+,18-64,Independent/Something else,Black non-Democrat,Black Independent,Independent women,Something else,All others,Somewhat liberal,Liberal,Liberal,,,No,,Black,Black,State questionnaire,Black,Non-white,Black,South,Catholic,Catholic,,,Female,Black women,,Oppose,"Cities 50,000-500,000","Cities over 50,000",,English,Florida,Other,Telephone survey,Earlier this month,Earlier than that,In the last month,Angry,,,,Version 2,Yes,Can beat Donald Trump
277278295.0,0.781460344791412,Other,65+,60+,65 or over,45+,50+,60+,65+,Non-Black 60+,White 60+,White 65+,Complete,Joe Biden,,,12.0,No,No,Needs minor changes,Attended college but received no degree,No college degree,More than high school graduate,White no college degree,White women non college graduates,Favorable,Only Biden,Unfavorable,3.0,,,No,No,,,Return to Barack Obama's policies,45+,65+,Democrat,Non-black Democrat,White Democrat,Democratic women,Democrat,White Democrat,Somewhat liberal,Liberal,Liberal,,,No,,White,White,State questionnaire,White,White,White,South,Protestant/Other Non-Catholic Christian,Protestant,Protestant/Other Non-Catholic Christian,,Female,White women,,Oppose,"Cities 50,000-500,000","Cities over 50,000",,English,Florida,Other,Telephone survey,In February,Earlier than that,Earlier than that,Angry,,,,Version 2,Yes,Can beat Donald Trump
277278296.0,1.64054751396179,Joe Biden,45-65,30-59,45-49,45+,18-49,45-59,40-49,Black 45-59,Black 45-59,Black 45-64,Complete,Omit,,,2.0,No,No,Needs a complete overhaul,Bachelor's degree (BA or BS),College graduate,More than high school graduate,Non white college degree,Non-whites,Favorable,Only Biden,Unfavorable,1.0,,,No,No,,,Return to Barack Obama's policies,45+,18-64,Independent/Something else,Black non-Democrat,Black Independent,Independent women,Something else,All others,Moderate,Moderate or Conservative,Moderate,,,No,,Black,Black,State questionnaire,Black,Non-white,Black,South,Protestant/Other Non-Catholic Christian,Other Christian,,,Female,Black women,,Oppose,"Cities 50,000-500,000","Cities over 50,000",,English,Florida,Other,Telephone survey,Before that,Earlier than that,Earlier than that,Angry,,,,Version 2,Yes,Agrees with you on major issues
277278297.0,1.16365694999695,Bernie Sanders,45-65,30-59,50-59,45+,50+,45-59,50-64,Non-Black 45-59,White 45-59,White 45-64,Complete,Omit,,,2.0,No,No,Works well enough as is,Attended college but received no degree,No college degree,More than high school graduate,White no college degree,White men non college graduates,Favorable,Both,Favorable,1.0,,,No,No,,,Return to Barack Obama's policies,45+,18-64,Independent/Something else,Non-black non-Democrat,White Independent,Independent men,Something else,White Independent,Very liberal,Liberal,Liberal,,,No,,White,White,State questionnaire,White,White,White,South,None,None,None,,Male,White men,,Support,"Cities 50,000-500,000","Cities over 50,000",,English,Florida,Other,Telephone survey,Before that,Earlier than that,Earlier than that,Angry,,,,Version 2,Yes,Agrees with you on major issues
277278298.0,1.79814577102661,Bernie Sanders,30-44,30-59,40-44,18-44,18-49,30-44,40-49,Black 30-44,Black 30-44,Black 30-44,Complete,Joe Biden,,,2.0,No,No,Needs a complete overhaul,Associate's degree (AA or AS),No college degree,More than high school graduate,Non white no college degree,Non-whites,Favorable,Both,Favorable,1.0,,,No,,,,Change to more liberal policies,18-44,18-64,Independent/Something else,Black non-Democrat,Black Independent,Independent women,Independent,All others,Somewhat liberal,Liberal,Liberal,,,No,,Black,Black,State questionnaire,Black,Non-white,Black,South,None,None,,,Female,Black women,,Oppose,"Cities 50,000-500,000","Cities over 50,000",,English,Florida,Other,Telephone survey,Before that,Earlier than that,Earlier than that,"Dissatisfied, but not angry",,,,Version 2,Yes,Agrees with you on major issues
277278299.0,0.514874398708344,Joe Biden,65+,60+,65 or over,45+,50+,60+,65+,Non-Black 60+,White 60+,White 65+,Complete,Joe Biden,,,2.0,No,No,Needs minor changes,Never attended college,No college degree,High school graduate or less,White no college degree,White women non college graduates,Favorable,Only Biden,Omit,1.0,,,No,No,,,Return to Barack Obama's policies,45+,65+,Democrat,Non-black Democrat,White Democrat,Democratic women,Democrat,White Democrat,Somewhat liberal,Liberal,Liberal,,,No,,White,White,State questionnaire,White,White,White,South,None,None,None,,Female,White women,,Support,"Cities 50,000-500,000","Cities over 50,000",,English,Florida,Other,Telephone survey,In February,Earlier than that,Earlier than that,Angry,,,,Version 2,Yes,Can beat Donald Trump
277278300.0,2.64029026031494,Bernie Sanders,18-29,18-29,25-29,18-44,18-49,18-29,25-29,Black 18-29,Black 18-29,Black 18-29,Complete,Joe Biden,,,2.0,No,No,Needs minor changes,Attended college but received no degree,No college degree,More than high school graduate,Non white no college degree,Non-whites,Favorable,Both,Favorable,1.0,,,No,No,,,Return to Barack Obama's policies,18-44,18-64,Democrat,Black Democrat,Black Democrat,Democratic women,Democrat,Non-White Democrats,Moderate,Moderate or Conservative,Moderate,,,No,,Black,Black,State questionnaire,Black,Non-white,Black,South,Catholic,Catholic,,,Female,Black women,,Oppose,"Cities 50,000-500,000","Cities over 50,000",,English,Florida,Other,Telephone survey,In February,Earlier than that,Earlier than that,"Dissatisfied, but not angry",,,,Version 2,Yes,Can beat Donald Trump
277278301.0,0.473675727844238,Joe Biden,65+,60+,65 or over,45+,50+,60+,65+,Non-Black 60+,White 60+,White 65+,Complete,Joe Biden,,,16.0,No,No,Needs a complete overhaul,"An advanced degree after a bachelor's degree (such as JD, MA, MBA, MD, PhD)",College graduate,More than high school graduate,White college degree,White men college graduates,Favorable,Only Biden,Unfavorable,4.0,,,No,No,,,Return to Barack Obama's policies,45+,65+,Democrat,Non-black Democrat,White Democrat,Democratic men,Democrat,White Democrat,Very liberal,Liberal,Liberal,,,No,,White,White,State questionnaire,White,White,White,South,None,None,None,,Male,White men,,Support,Suburbs,Suburbs,,English,Florida,White suburban men,Telephone survey,Before that,Earlier than that,Earlier than that,Angry,,,,Version 2,Yes,Can beat Donald Trump
277278302.0,0.377285569906235,Joe Biden,65+,60+,65 or over,45+,50+,60+,65+,Non-Black 60+,White 60+,White 65+,Complete,Joe Biden,,,16.0,No,No,Needs minor changes,Bachelor's degree (BA or BS),College graduate,More than high school graduate,White college degree,White women college graduates,Favorable,Both,Favorable,3.0,,,No,No,,,Return to Barack Obama's policies,45+,65+,Democrat,Non-black Democrat,White Democrat,Democratic women,Democrat,White Democrat,Moderate,Moderate or Conservative,Moderate,,,No,,White,White,State questionnaire,White,White,White,South,Catholic,Catholic,Catholic,,Female,White women,,Oppose,"Cities 50,000-500,000","Cities over 50,000",,English,Florida,Other,Telephone survey,In February,Earlier than that,Earlier than that,"Dissatisfied, but not angry",,,,Version 2,Yes,Agrees with you on major issues
277278303.0,0.821528255939484,Joe Biden,65+,60+,65 or over,45+,50+,60+,65+,Non-Black 60+,White 60+,White 65+,Complete,Joe Biden,,,3.0,No,No,Needs a complete overhaul,Never attended college,No college degree,High school graduate or less,White no college degree,White women non college graduates,Favorable,Both,Favorable,4.0,,,No,No,,,Return to Barack Obama's policies,45+,65+,Democrat,Non-black Democrat,White Democrat,Democratic women,Democrat,White Democrat,Moderate,Moderate or Conservative,Moderate,,,No,,White,White,State questionnaire,White,White,White,South,Catholic,Catholic,Catholic,,Female,White women,,Omit,"Cities 50,000-500,000","Cities over 50,000",,English,Florida,Other,Telephone survey,Before that,Earlier than that,Earlier than that,Angry,,,,Version 2,Yes,Can beat Donald Trump
277278304.0,0.821528255939484,Joe Biden,65+,60+,65 or over,45+,50+,60+,65+,Non-Black 60+,White 60+,White 65+,Complete,Joe Biden,,,11.0,No,No,Needs a complete overhaul,Associate's degree (AA or AS),No college degree,More than high school graduate,White no college degree,White women non college graduates,Favorable,Only Biden,Unfavorable,4.0,,,No,No,,,Omit,45+,65+,Democrat,Non-black Democrat,White Democrat,Democratic women,Democrat,White Democrat,Somewhat liberal,Liberal,Liberal,,,No,,White,White,State questionnaire,White,White,White,South,Jewish,Jewish,Jewish,,Female,White women,,Support,Suburbs,Suburbs,,English,Florida,White suburban women,Telephone survey,In February,Earlier than that,Earlier than that,Angry,,,,Version 2,Yes,Can beat Donald Trump
277278305.0,0.390590637922287,Joe Biden,65+,60+,65 or over,45+,50+,60+,65+,Non-Black 60+,All others,All others,Complete,Joe Biden,,,16.0,No,No,Needs minor changes,"An advanced degree after a bachelor's degree (such as JD, MA, MBA, MD, PhD)",College graduate,More than high school graduate,Non white college degree,Non-whites,Omit,Omit,Omit,3.0,,,No,No,,,Omit,45+,65+,Democrat,Non-black Democrat,All Other,Democratic men,Democrat,Non-White Democrats,Moderate,Moderate or Conservative,Moderate,,,No,,Other,Asian,State questionnaire,Asian,Non-white,Asian,South,Something else,Other,,,Male,All other races,,Support,"Cities 50,000-500,000","Cities over 50,000",,English,Florida,Other,Telephone survey,Earlier this month,Earlier than that,In the last month,Angry,,,,Version 2,Yes,Can beat Donald Trump
277278306.0,0.77050769329071,Joe Biden,65+,60+,65 or over,45+,50+,60+,65+,Non-Black 60+,White 60+,White 65+,Complete,Joe Biden,,,8.0,No,No,Needs minor changes,Attended college but received no degree,No college degree,More than high school graduate,White no college degree,White women non college graduates,Favorable,Both,Favorable,2.0,,,No,No,,,Return to Barack Obama's policies,45+,65+,Independent/Something else,Non-black non-Democrat,White Independent,Independent women,Independent,White Independent,Moderate,Moderate or Conservative,Moderate,,,No,,White,White,State questionnaire,White,White,White,South,Catholic,Catholic,Catholic,,Female,White women,,Support,"Cities 50,000-500,000","Cities over 50,000",,English,Florida,Other,Telephone survey,Earlier this month,Earlier than that,In the last month,Angry,,,,Version 2,Yes,Can beat Donald Trump
277278307.0,0.903643488883972,Joe Biden,45-65,60+,60-64,45+,50+,60+,50-64,Non-Black 60+,White 60+,White 45-64,Complete,Joe Biden,,,3.0,No,No,Needs a complete overhaul,Attended college but received no degree,No college degree,More than high school graduate,White no college degree,White men non college graduates,Favorable,Both,Favorable,1.0,,,No,No,,,Return to Barack Obama's policies,45+,18-64,Democrat,Non-black Democrat,White Democrat,Democratic men,Democrat,White Democrat,Very liberal,Liberal,Liberal,,,No,,White,White,State questionnaire,White,White,White,South,None,None,None,,Male,White men,,Support,Suburbs,Suburbs,,English,Florida,White suburban men,Telephone survey,Earlier this month,Earlier than that,In the last month,Angry,,,,Version 2,Yes,Can beat Donald Trump
277278308.0,1.23895275592804,Other,65+,60+,65 or over,45+,50+,60+,65+,Non-Black 60+,White 60+,White 65+,Complete,Omit,,,3.0,No,No,Needs minor changes,Never attended college,No college degree,High school graduate or less,White no college degree,White women non college graduates,Unfavorable,Neither,Unfavorable,4.0,,,No,No,,,Change to more conservative policies,45+,65+,Independent/Something else,Non-black non-Democrat,White Independent,Independent women,Something else,White Independent,Moderate,Moderate or Conservative,Moderate,,,No,,White,White,State questionnaire,White,White,White,South,Protestant/Other Non-Catholic Christian,Protestant,Protestant/Other Non-Catholic Christian,,Female,White women,,Oppose,Suburbs,Suburbs,,English,Florida,White suburban women,Telephone survey,In February,Earlier than that,Earlier than that,Omit,,,,Version 2,No,Agrees with you on major issues
277278309.0,0.821528255939484,Joe Biden,65+,60+,65 or over,45+,50+,60+,65+,Non-Black 60+,White 60+,White 65+,Complete,Joe Biden,,,3.0,No,No,Needs a complete overhaul,Attended college but received no degree,No college degree,More than high school graduate,White no college degree,White women non college graduates,Favorable,Both,Favorable,4.0,,,No,No,,,Return to Barack Obama's policies,45+,65+,Democrat,Non-black Democrat,White Democrat,Democratic women,Democrat,White Democrat,Somewhat liberal,Liberal,Liberal,,,No,,White,White,State questionnaire,White,White,White,South,None,None,None,,Female,White women,,Support,"Cities 50,000-500,000","Cities over 50,000",,English,Florida,Other,Telephone survey,In February,Earlier than that,Earlier than that,Angry,,,,Version 2,Yes,Can beat Donald Trump
277278310.0,0.514874398708344,Joe Biden,65+,60+,65 or over,45+,50+,60+,65+,Non-Black 60+,White 60+,White 65+,Complete,Joe Biden,,,1.0,No,No,Needs a complete overhaul,Attended college but received no degree,No college degree,More than high school graduate,White no college degree,White women non college graduates,Favorable,Both,Favorable,1.0,,,No,Yes,,,Change to more conservative policies,45+,65+,Independent/Something else,Non-black non-Democrat,White Independent,Independent women,Independent,White Independent,Conservative,Moderate or Conservative,Conservative,,,No,,White,White,State questionnaire,White,White,White,South,Catholic,Catholic,Catholic,,Female,White women,,Oppose,Suburbs,Suburbs,,English,Florida,White suburban women,Telephone survey,Before that,Earlier than that,Earlier than that,"Dissatisfied, but not angry",,,,Version 2,Yes,Agrees with you on major issues
277278311.0,0.416486293077469,Joe Biden,65+,60+,65 or over,45+,50+,60+,65+,Non-Black 60+,White 60+,White 65+,Complete,Joe Biden,,,4.0,No,No,Needs minor changes,"An advanced degree after a bachelor's degree (such as JD, MA, MBA, MD, PhD)",College graduate,More than high school graduate,White college degree,White women college graduates,Favorable,Only Biden,Unfavorable,1.0,,,No,No,,,Return to Barack Obama's policies,45+,65+,Democrat,Non-black Democrat,White Democrat,Democratic women,Democrat,White Democrat,Very liberal,Liberal,Liberal,,,No,,White,White,State questionnaire,White,White,White,South,Protestant/Other Non-Catholic Christian,Protestant,Protestant/Other Non-Catholic Christian,,Female,White women,,Omit,Suburbs,Suburbs,,English,Florida,White suburban women,Telephone survey,Earlier this month,Earlier than that,In the last month,Angry,,,,Version 2,Yes,Can beat Donald Trump
277278312.0,2.36170673370361,Joe Biden,45-65,30-59,50-59,45+,50+,45-59,50-64,Non-Black 45-59,Latino 45-59,Latino 45-64,Complete,Joe Biden,,,9.0,No,"Yes, Puerto Rican",Needs minor changes,Never attended college,No college degree,High school graduate or less,Non white no college degree,Non-whites,Favorable,Only Biden,Omit,2.0,,,Yes,No,,,Return to Barack Obama's policies,45+,18-64,Democrat,Non-black Democrat,Latino Democrat,Democratic men,Democrat,Non-White Democrats,Moderate,Moderate or Conservative,Moderate,,,Yes,,Other,White,State questionnaire,Hispanic/Latino,Non-white,Hispanic/Latino,South,Catholic,Catholic,,,Male,Latino men,,Omit,"Cities 50,000-500,000","Cities over 50,000",,English,Florida,Other,Telephone survey,Before that,Earlier than that,Earlier than that,"Dissatisfied, but not angry",,,,Version 2,Yes,Agrees with you on major issues
277278313.0,0.567301869392395,Joe Biden,65+,60+,65 or over,45+,50+,60+,65+,Non-Black 60+,White 60+,White 65+,Complete,Joe Biden,,,12.0,No,No,Needs minor changes,"An advanced degree after a bachelor's degree (such as JD, MA, MBA, MD, PhD)",College graduate,More than high school graduate,White college degree,White men college graduates,Favorable,Both,Favorable,3.0,,,No,No,,,Return to Barack Obama's policies,45+,65+,Democrat,Non-black Democrat,White Democrat,Democratic men,Democrat,White Democrat,Somewhat liberal,Liberal,Liberal,,,No,,White,White,State questionnaire,White,White,White,South,Something else,Other,Something else,,Male,White men,,Omit,Suburbs,Suburbs,,English,Florida,White suburban men,Telephone survey,Earlier this month,Earlier than that,In the last month,Angry,,,,Version 2,Yes,Can beat Donald Trump
277278314.0,0.99572342634201,Bernie Sanders,30-44,30-59,40-44,18-44,18-49,30-44,40-49,Non-Black 30-44,White 30-44,White 30-44,Complete,Bernie Sanders,,,12.0,No,No,Needs a complete overhaul,Bachelor's degree (BA or BS),College graduate,More than high school graduate,White college degree,White men college graduates,Unfavorable,Only Sanders,Favorable,3.0,,,No,No,,,Change to more liberal policies,18-44,18-64,Democrat,Non-black Democrat,White Democrat,Democratic men,Democrat,White Democrat,Very liberal,Liberal,Liberal,,,No,,White,White,State questionnaire,White,White,White,South,None,None,None,,Male,White men,,Support,Suburbs,Suburbs,,English,Florida,White suburban men,Telephone survey,Before that,Earlier than that,Earlier than that,Angry,,,,Version 2,Yes,Can beat Donald Trump
277278315.0,0.390590637922287,Joe Biden,65+,60+,65 or over,45+,50+,60+,65+,Non-Black 60+,All others,All others,Complete,Joe Biden,,,12.0,No,No,Works well enough as is,"An advanced degree after a bachelor's degree (such as JD, MA, MBA, MD, PhD)",College graduate,More than high school graduate,Non white college degree,Non-whites,Favorable,Both,Favorable,3.0,,,No,No,,,Omit,45+,65+,Democrat,Non-black Democrat,All Other,Democratic men,Democrat,Non-White Democrats,Very liberal,Liberal,Liberal,,,No,,Other,Other,State questionnaire,Other,Non-white,Other,South,None,None,,,Male,All other races,,Omit,Suburbs,Suburbs,,English,Florida,Other,Telephone survey,Before that,Earlier than that,Earlier than that,"Dissatisfied, but not angry",,,,Version 2,Omit,Agrees with you on major issues
277278316.0,0.524683237075806,Bernie Sanders,65+,60+,65 or over,45+,50+,60+,65+,Non-Black 60+,White 60+,White 65+,Complete,Bernie Sanders,,,13.0,No,No,Needs a complete overhaul,"An advanced degree after a bachelor's degree (such as JD, MA, MBA, MD, PhD)",College graduate,More than high school graduate,White college degree,White women college graduates,Unfavorable,Only Sanders,Favorable,3.0,,,No,No,,,Change to more liberal policies,45+,65+,Independent/Something else,Non-black non-Democrat,White Independent,Independent women,Independent,White Independent,Very liberal,Liberal,Liberal,,,No,,White,White,State questionnaire,White,White,White,South,None,None,None,,Female,White women,,Support,"Cities 50,000-500,000","Cities over 50,000",,English,Florida,Other,Telephone survey,Before that,Earlier than that,Earlier than that,Angry,,,,Version 2,Omit,Agrees with you on major issues
277278317.0,1.03757774829865,Joe Biden,65+,60+,65 or over,45+,50+,60+,65+,Black 60+,Black 60+,Black 65+,Complete,Omit,,,13.0,No,No,Needs a complete overhaul,Never attended college,No college degree,High school graduate or less,Non white no college degree,Non-whites,Favorable,Only Biden,Omit,3.0,,,No,No,,,Change to more liberal policies,45+,65+,Democrat,Black Democrat,Black Democrat,Democratic men,Democrat,Non-White Democrats,Moderate,Moderate or Conservative,Moderate,,,No,,Black,Black,State questionnaire,Black,Non-white,Black,South,Protestant/Other Non-Catholic Christian,Protestant,,,Male,Black men,,Support,"Cities 50,000-500,000","Cities over 50,000",,English,Florida,Other,Telephone survey,In February,Earlier than that,Earlier than that,"Dissatisfied, but not angry",,,,Version 2,Yes,Can beat Donald Trump
277278318.0,0.781460344791412,Other,65+,60+,65 or over,45+,50+,60+,65+,Non-Black 60+,White 60+,White 65+,Complete,Omit,,,13.0,No,No,Needs minor changes,Attended college but received no degree,No college degree,More than high school graduate,White no college degree,White women non college graduates,Omit,Omit,Omit,3.0,,,No,No,,,Return to Barack Obama's policies,45+,65+,Democrat,Non-black Democrat,White Democrat,Democratic women,Democrat,White Democrat,Somewhat liberal,Liberal,Liberal,,,No,,White,White,State questionnaire,White,White,White,South,Protestant/Other Non-Catholic Christian,Other Christian,Protestant/Other Non-Catholic Christian,,Female,White women,,Oppose,"Cities 50,000-500,000","Cities over 50,000",,English,Florida,Other,Telephone survey,Omit,Omit,Omit,Angry,,,,Version 2,Yes,Can beat Donald Trump
277278319.0,0.390590637922287,Joe Biden,65+,60+,65 or over,45+,50+,60+,65+,Non-Black 60+,White 60+,White 65+,Complete,Joe Biden,,,13.0,No,No,Needs minor changes,Bachelor's degree (BA or BS),College graduate,More than high school graduate,White college degree,White men college graduates,Favorable,Only Biden,Unfavorable,3.0,,,No,No,,,Return to Barack Obama's policies,45+,65+,Democrat,Non-black Democrat,White Democrat,Democratic men,Democrat,White Democrat,Somewhat liberal,Liberal,Liberal,,,No,,White,White,State questionnaire,White,White,White,South,Protestant/Other Non-Catholic Christian,Protestant,Protestant/Other Non-Catholic Christian,,Male,White men,,Oppose,"Cities 50,000-500,000","Cities over 50,000",,English,Florida,Other,Telephone survey,Earlier this month,Earlier than that,In the last month,Angry,,,,Version 2,Yes,Can beat Donald Trump
277278320.0,0.377285569906235,Joe Biden,65+,60+,65 or over,45+,50+,60+,65+,Non-Black 60+,White 60+,White 65+,Complete,Joe Biden,,,13.0,No,No,Works well enough as is,Bachelor's degree (BA or BS),College graduate,More than high school graduate,White college degree,White women college graduates,Unfavorable,Neither,Unfavorable,3.0,,,No,No,,,Change to more liberal policies,45+,65+,,,,,,,Somewhat liberal,Liberal,Liberal,,,No,,White,White,State questionnaire,White,White,White,South,Catholic,Catholic,Catholic,,Female,White women,,Oppose,Suburbs,Suburbs,,English,Florida,White suburban women,Telephone survey,Before that,Earlier than that,Earlier than that,"Satisfied, but not enthusiastic",,,,Version 2,No,Agrees with you on major issues
277278321.0,0.377285569906235,Joe Biden,65+,60+,65 or over,45+,50+,60+,65+,Non-Black 60+,White 60+,White 65+,Complete,Joe Biden,,,16.0,No,No,Needs minor changes,Bachelor's degree (BA or BS),College graduate,More than high school graduate,White college degree,White women college graduates,Favorable,Both,Favorable,3.0,,,No,No,,,Change to more liberal policies,45+,65+,Democrat,Non-black Democrat,White Democrat,Democratic women,Democrat,White Democrat,Very liberal,Liberal,Liberal,,,No,,White,White,State questionnaire,White,White,White,South,None,None,None,,Female,White women,,Support,"Cities 50,000-500,000","Cities over 50,000",,English,Florida,Other,Telephone survey,Before that,Earlier than that,Earlier than that,Angry,,,,Version 2,Yes,Can beat Donald Trump
277278322.0,2.12352752685547,Bernie Sanders,18-29,18-29,18-24,18-44,18-49,18-29,18-24,Non-Black 18-29,White 18-29,White 18-29,Complete,Bernie Sanders,,,13.0,No,No,Needs a complete overhaul,Bachelor's degree (BA or BS),College graduate,More than high school graduate,White college degree,White men college graduates,Unfavorable,Only Sanders,Favorable,3.0,,,No,No,,,Change to more liberal policies,18-44,18-64,Democrat,Non-black Democrat,White Democrat,Democratic men,Democrat,White Democrat,Very liberal,Liberal,Liberal,,,No,,White,White,State questionnaire,White,White,White,South,None,None,None,,Male,White men,,Support,"Cities 50,000-500,000","Cities over 50,000",,English,Florida,Other,Telephone survey,Before that,Earlier than that,Earlier than that,Angry,,,,Version 2,No,Agrees with you on major issues
277278323.0,0.466413199901581,Joe Biden,65+,60+,65 or over,45+,50+,60+,65+,Non-Black 60+,White 60+,White 65+,Complete,Joe Biden,,,13.0,No,No,Needs a complete overhaul,Attended college but received no degree,No college degree,More than high school graduate,White no college degree,White women non college graduates,Favorable,Both,Favorable,3.0,,,No,No,,,Omit,45+,65+,Democrat,Non-black Democrat,White Democrat,Democratic women,Democrat,White Democrat,Somewhat liberal,Liberal,Liberal,,,No,,White,White,State questionnaire,White,White,White,South,Catholic,Catholic,Catholic,,Female,White women,,Support,"Cities 50,000-500,000","Cities over 50,000",,English,Florida,Other,Telephone survey,Before that,Earlier than that,Earlier than that,Angry,,,,Version 2,Yes,Can beat Donald Trump
277278324.0,0.781460344791412,Other,65+,60+,65 or over,45+,50+,60+,65+,Non-Black 60+,White 60+,White 65+,Complete,Omit,,,14.0,No,No,Needs minor changes,Attended college but received no degree,No college degree,More than high school graduate,White no college degree,White women non college graduates,Favorable,Both,Favorable,3.0,,,No,No,,,Omit,45+,65+,Independent/Something else,Non-black non-Democrat,White Independent,Independent women,Something else,White Independent,Conservative,Moderate or Conservative,Conservative,,,No,,White,White,State questionnaire,White,White,White,South,Catholic,Catholic,Catholic,,Female,White women,,Omit,"Cities 50,000-500,000","Cities over 50,000",,English,Florida,Other,Telephone survey,Before that,Earlier than that,Earlier than that,"Dissatisfied, but not angry",,,,Version 2,Yes,Agrees with you on major issues
277278325.0,0.854989469051361,Joe Biden,30-44,30-59,40-44,18-44,18-49,30-44,40-49,Non-Black 30-44,White 30-44,White 30-44,Complete,Joe Biden,,,13.0,No,No,Needs a complete overhaul,Attended college but received no degree,No college degree,More than high school graduate,White no college degree,White women non college graduates,Favorable,Both,Favorable,3.0,,,No,No,,,Change to more liberal policies,18-44,18-64,Democrat,Non-black Democrat,White Democrat,Democratic women,Democrat,White Democrat,Very liberal,Liberal,Liberal,,,No,,White,White,State questionnaire,White,White,White,South,None,None,None,,Female,White women,,Support,Suburbs,Suburbs,,English,Florida,White suburban women,Telephone survey,Earlier this month,Earlier than that,In the last month,Angry,,,,Version 2,Yes,Can beat Donald Trump
277278326.0,0.677428126335144,Joe Biden,65+,60+,65 or over,45+,50+,60+,65+,Non-Black 60+,White 60+,White 65+,Complete,Joe Biden,,,13.0,No,No,Needs a complete overhaul,Never attended college,No college degree,High school graduate or less,White no college degree,White women non college graduates,Favorable,Only Biden,Unfavorable,3.0,,,No,No,,,Return to Barack Obama's policies,45+,65+,Democrat,Non-black Democrat,White Democrat,Democratic women,Democrat,White Democrat,Somewhat liberal,Liberal,Liberal,,,No,,White,White,State questionnaire,White,White,White,South,None,None,None,,Female,White women,,Omit,"Cities 50,000-500,000","Cities over 50,000",,English,Florida,Other,Telephone survey,Before that,Earlier than that,Earlier than that,"Dissatisfied, but not angry",,,,Version 2,Yes,Can beat Donald Trump
277278327.0,0.790705978870392,Joe Biden,45-65,30-59,50-59,45+,50+,45-59,50-64,Non-Black 45-59,White 45-59,White 45-64,Complete,Joe Biden,,,14.0,No,No,Needs minor changes,Associate's degree (AA or AS),No college degree,More than high school graduate,White no college degree,White women non college graduates,Favorable,Both,Favorable,3.0,,,No,No,,,Return to Barack Obama's policies,45+,18-64,Democrat,Non-black Democrat,White Democrat,Democratic women,Democrat,White Democrat,Moderate,Moderate or Conservative,Moderate,,,No,,White,White,State questionnaire,White,White,White,South,Protestant/Other Non-Catholic Christian,Protestant,Protestant/Other Non-Catholic Christian,,Female,White women,,Oppose,"Cities 50,000-500,000","Cities over 50,000",,English,Florida,Other,Telephone survey,Earlier this month,Earlier than that,In the last month,Angry,,,,Version 2,Yes,Can beat Donald Trump
277278328.0,1.32480251789093,Other,45-65,30-59,50-59,45+,50+,45-59,50-64,Non-Black 45-59,White 45-59,White 45-64,Complete,Joe Biden,,,13.0,No,No,Needs a complete overhaul,Associate's degree (AA or AS),No college degree,More than high school graduate,White no college degree,White women non college graduates,Favorable,Only Biden,Omit,3.0,,,No,No,,,Omit,45+,18-64,Democrat,Non-black Democrat,White Democrat,Democratic women,Democrat,White Democrat,Moderate,Moderate or Conservative,Moderate,,,No,,White,White,State questionnaire,White,White,White,South,Protestant/Other Non-Catholic Christian,Protestant,Protestant/Other Non-Catholic Christian,,Female,White women,,Support,Suburbs,Suburbs,,English,Florida,White suburban women,Telephone survey,In February,Earlier than that,Earlier than that,"Dissatisfied, but not angry",,,,Version 2,No,Agrees with you on major issues
277278329.0,1.42286658287048,Joe Biden,45-65,60+,60-64,45+,50+,60+,50-64,Black 60+,Black 60+,Black 45-64,Complete,Joe Biden,,,13.0,No,No,Needs minor changes,"An advanced degree after a bachelor's degree (such as JD, MA, MBA, MD, PhD)",College graduate,More than high school graduate,Non white college degree,Non-whites,Favorable,Both,Favorable,3.0,,,No,No,,,Return to Barack Obama's policies,45+,18-64,Democrat,Black Democrat,Black Democrat,Democratic men,Democrat,Non-White Democrats,Moderate,Moderate or Conservative,Moderate,,,No,,Black,Black,State questionnaire,Black,Non-white,Black,South,Protestant/Other Non-Catholic Christian,Other Christian,,,Male,Black men,,Oppose,"Cities 50,000-500,000","Cities over 50,000",,English,Florida,Other,Telephone survey,Before that,Earlier than that,Earlier than that,Angry,,,,Version 2,Yes,Can beat Donald Trump
277278330.0,0.514874398708344,Joe Biden,65+,60+,65 or over,45+,50+,60+,65+,Non-Black 60+,White 60+,White 65+,Complete,Joe Biden,,,5.0,No,No,Needs minor changes,Never attended college,No college degree,High school graduate or less,White no college degree,White women non college graduates,Favorable,Both,Favorable,1.0,,,No,No,,,Change to more liberal policies,45+,65+,Democrat,Non-black Democrat,White Democrat,Democratic women,Democrat,White Democrat,Moderate,Moderate or Conservative,Moderate,,,No,,White,White,State questionnaire,White,White,White,South,Protestant/Other Non-Catholic Christian,Protestant,Protestant/Other Non-Catholic Christian,,Female,White women,,Oppose,Rural,Small Cities/Rural,,English,Florida,Other,Telephone survey,Before that,Earlier than that,Earlier than that,Angry,,,,Version 2,Yes,Can beat Donald Trump
277278331.0,0.514874398708344,Joe Biden,65+,60+,65 or over,45+,50+,60+,65+,Non-Black 60+,White 60+,White 65+,Complete,Joe Biden,,,5.0,No,No,Needs minor changes,Associate's degree (AA or AS),No college degree,More than high school graduate,White no college degree,White women non college graduates,Favorable,Both,Favorable,1.0,,,No,No,,,Change to more liberal policies,45+,65+,Democrat,Non-black Democrat,White Democrat,Democratic women,Democrat,White Democrat,Very liberal,Liberal,Liberal,,,No,,White,White,State questionnaire,White,White,White,South,Something else,Other,Something else,,Female,White women,,Oppose,Suburbs,Suburbs,,English,Florida,White suburban women,Telephone survey,Before that,Earlier than that,Earlier than that,Angry,,,,Version 2,Yes,Can beat Donald Trump
277278332.0,1.98311007022858,Other,45-65,30-59,50-59,45+,50+,45-59,50-64,Non-Black 45-59,White 45-59,White 45-64,Complete,Joe Biden,,,1.0,No,No,Needs minor changes,Associate's degree (AA or AS),No college degree,More than high school graduate,White no college degree,White women non college graduates,Favorable,Only Biden,Unfavorable,1.0,,,No,No,,,Omit,45+,18-64,Democrat,Non-black Democrat,White Democrat,Democratic women,Democrat,White Democrat,Very liberal,Liberal,Liberal,,,No,,White,White,State questionnaire,White,White,White,South,Something else,Other,Something else,,Female,White women,,Omit,Suburbs,Suburbs,,English,Florida,White suburban women,Telephone survey,Before that,Earlier than that,Earlier than that,Angry,,,,Version 2,Yes,Can beat Donald Trump
277278333.0,0.547977328300476,Joe Biden,65+,60+,65 or over,45+,50+,60+,65+,Non-Black 60+,White 60+,White 65+,Complete,Joe Biden,,,13.0,No,No,Needs a complete overhaul,Bachelor's degree (BA or BS),College graduate,More than high school graduate,White college degree,White women college graduates,Favorable,Both,Favorable,3.0,,,No,No,,,Change to more liberal policies,45+,65+,Democrat,Non-black Democrat,White Democrat,Democratic women,Democrat,White Democrat,Somewhat liberal,Liberal,Liberal,,,No,,White,White,State questionnaire,White,White,White,South,Protestant/Other Non-Catholic Christian,Other Christian,Protestant/Other Non-Catholic Christian,,Female,White women,,Support,"Cities 50,000-500,000","Cities over 50,000",,English,Florida,Other,Telephone survey,Before that,Earlier than that,Earlier than that,Angry,,,,Version 2,Yes,Can beat Donald Trump
277278334.0,0.500212728977203,Joe Biden,65+,60+,65 or over,45+,50+,60+,65+,,,,Complete,Joe Biden,,,13.0,No,No,Needs a complete overhaul,Bachelor's degree (BA or BS),College graduate,More than high school graduate,,,Favorable,Only Biden,Unfavorable,3.0,,,No,No,,,Change to more liberal policies,45+,65+,Independent/Something else,,,Independent men,Independent,,Somewhat liberal,Liberal,Liberal,,,No,,,,State questionnaire,,,,South,Catholic,Catholic,,,Male,,,Oppose,Suburbs,Suburbs,,English,Florida,,Telephone survey,Earlier this month,Earlier than that,In the last month,Angry,,,,Version 2,Yes,Can beat Donald Trump
277278335.0,0.429125130176544,Joe Biden,65+,60+,65 or over,45+,50+,60+,65+,Non-Black 60+,White 60+,White 65+,Complete,Joe Biden,,,7.0,No,No,Needs minor changes,"An advanced degree after a bachelor's degree (such as JD, MA, MBA, MD, PhD)",College graduate,More than high school graduate,White college degree,White women college graduates,Favorable,Only Biden,Unfavorable,2.0,,,No,Yes,,,Return to Barack Obama's policies,45+,65+,Democrat,Non-black Democrat,White Democrat,Democratic women,Democrat,White Democrat,Very liberal,Liberal,Liberal,,,No,,White,White,State questionnaire,White,White,White,South,None,None,None,,Female,White women,,Support,Suburbs,Suburbs,,English,Florida,White suburban women,Telephone survey,In February,Earlier than that,Earlier than that,Angry,,,,Version 2,Yes,Can beat Donald Trump
277278336.0,0.911343097686768,Other,65+,60+,65 or over,45+,50+,60+,65+,Non-Black 60+,White 60+,White 65+,Complete,Joe Biden,,,7.0,No,No,Works well enough as is,Bachelor's degree (BA or BS),College graduate,More than high school graduate,White college degree,White men college graduates,Favorable,Only Biden,Omit,2.0,,,No,No,,,Return to Barack Obama's policies,45+,65+,Democrat,Non-black Democrat,White Democrat,Democratic men,Democrat,White Democrat,Very liberal,Liberal,Liberal,,,No,,White,White,State questionnaire,White,White,White,South,Protestant/Other Non-Catholic Christian,Protestant,Protestant/Other Non-Catholic Christian,,Male,White men,,Omit,"Cities 50,000-500,000","Cities over 50,000",,English,Florida,Other,Telephone survey,In February,Earlier than that,Earlier than that,Angry,,,,Version 2,Yes,Agrees with you on major issues
277278337.0,0.568942666053772,Joe Biden,65+,60+,65 or over,45+,50+,60+,65+,,,,Complete,Joe Biden,,,18.0,No,No,Needs minor changes,Bachelor's degree (BA or BS),College graduate,More than high school graduate,,,Favorable,Only Biden,Unfavorable,2.0,,,No,No,,,Return to Barack Obama's policies,45+,65+,Democrat,,,Democratic men,Democrat,,Very liberal,Liberal,Liberal,,,No,,,,State questionnaire,,,,South,None,None,,,Male,,,Support,Suburbs,Suburbs,,English,Florida,,Telephone survey,In February,Earlier than that,Earlier than that,Enthusiastic,,,,Version 2,Yes,Agrees with you on major issues
277278338.0,0.530499041080475,Joe Biden,65+,60+,65 or over,45+,50+,60+,65+,Non-Black 60+,White 60+,White 65+,Complete,Joe Biden,,,18.0,No,No,Works well enough as is,Attended college but received no degree,No college degree,More than high school graduate,White no college degree,White women non college graduates,Favorable,Only Biden,Omit,2.0,,,No,No,,,Change to more liberal policies,45+,65+,Democrat,Non-black Democrat,White Democrat,Democratic women,Democrat,White Democrat,Moderate,Moderate or Conservative,Moderate,,,No,,White,White,State questionnaire,White,White,White,South,Catholic,Catholic,Catholic,,Female,White women,,Omit,Suburbs,Suburbs,,English,Florida,White suburban women,Telephone survey,Before that,Earlier than that,Earlier than that,"Dissatisfied, but not angry",,,,Version 2,No,Agrees with you on major issues
277278339.0,1.18014228343964,Joe Biden,65+,60+,65 or over,45+,50+,60+,65+,Black 60+,Black 60+,Black 65+,Complete,Joe Biden,,,18.0,No,No,Needs a complete overhaul,Never attended college,No college degree,High school graduate or less,Non white no college degree,Non-whites,Favorable,Both,Favorable,2.0,,,No,No,,,Return to Barack Obama's policies,45+,65+,Democrat,Black Democrat,Black Democrat,Democratic men,Democrat,Non-White Democrats,Conservative,Moderate or Conservative,Conservative,,,No,,Black,Black,State questionnaire,Black,Non-white,Black,South,Protestant/Other Non-Catholic Christian,Other Christian,,,Male,Black men,,Support,Suburbs,Suburbs,,English,Florida,Other,Telephone survey,Earlier this month,Earlier than that,In the last month,Angry,,,,Version 2,Yes,Can beat Donald Trump
277278340.0,0.918315470218658,Bernie Sanders,30-44,30-59,30-39,18-44,18-49,30-44,30-39,Non-Black 30-44,White 30-44,White 30-44,Complete,Bernie Sanders,,,15.0,No,No,Needs minor changes,Bachelor's degree (BA or BS),College graduate,More than high school graduate,White college degree,White women college graduates,Unfavorable,Neither,Unfavorable,3.0,,,No,No,,,Change to more liberal policies,18-44,18-64,Democrat,Non-black Democrat,White Democrat,Democratic women,Democrat,White Democrat,Very liberal,Liberal,Liberal,,,No,,White,White,State questionnaire,White,White,White,South,None,None,None,,Female,White women,,Support,"Cities 50,000-500,000","Cities over 50,000",,English,Florida,Other,Telephone survey,In February,Earlier than that,Earlier than that,Angry,,,,Version 2,Yes,Agrees with you on major issues
277278341.0,1.01783955097198,Joe Biden,65+,60+,65 or over,45+,50+,60+,65+,Black 60+,Black 60+,Black 65+,Complete,Joe Biden,,,11.0,No,No,Needs minor changes,"An advanced degree after a bachelor's degree (such as JD, MA, MBA, MD, PhD)",College graduate,More than high school graduate,Non white college degree,Non-whites,Favorable,Only Biden,Unfavorable,4.0,,,No,No,,,Change to more liberal policies,45+,65+,Independent/Something else,Black non-Democrat,Black Independent,Independent men,Independent,All others,Moderate,Moderate or Conservative,Moderate,,,No,,Black,Black,State questionnaire,Black,Non-white,Black,South,None,None,,,Male,Black men,,Oppose,"Cities 10,000-50,000",Small Cities/Rural,,English,Florida,Other,Telephone survey,Before that,Earlier than that,Earlier than that,Angry,,,,Version 2,Yes,Can beat Donald Trump
277278342.0,0.457540452480316,Joe Biden,65+,60+,65 or over,45+,50+,60+,65+,Non-Black 60+,White 60+,White 65+,Complete,Joe Biden,,,11.0,No,No,Works well enough as is,"An advanced degree after a bachelor's degree (such as JD, MA, MBA, MD, PhD)",College graduate,More than high school graduate,White college degree,White women college graduates,Favorable,Both,Favorable,4.0,,,No,No,,,Change to more liberal policies,45+,65+,Democrat,Non-black Democrat,White Democrat,Democratic women,Democrat,White Democrat,Somewhat liberal,Liberal,Liberal,,,No,,White,White,State questionnaire,White,White,White,South,Protestant/Other Non-Catholic Christian,Protestant,Protestant/Other Non-Catholic Christian,,Female,White women,,Omit,"Cities 10,000-50,000",Small Cities/Rural,,English,Florida,Other,Telephone survey,Before that,Earlier than that,Earlier than that,"Dissatisfied, but not angry",,,,Version 2,No,Can beat Donald Trump
277278343.0,0.989976465702057,Joe Biden,30-44,30-59,30-39,18-44,18-49,30-44,30-39,Non-Black 30-44,White 30-44,White 30-44,Complete,Omit,,,11.0,No,No,Works well enough as is,Attended college but received no degree,No college degree,More than high school graduate,White no college degree,White women non college graduates,Favorable,Both,Favorable,4.0,,,No,No,,,Change to more liberal policies,18-44,18-64,Democrat,Non-black Democrat,White Democrat,Democratic women,Democrat,White Democrat,Somewhat liberal,Liberal,Liberal,,,No,,White,White,State questionnaire,White,White,White,South,None,None,None,,Female,White women,,Oppose,Suburbs,Suburbs,,English,Florida,White suburban women,Telephone survey,In February,Earlier than that,Earlier than that,Angry,,,,Version 2,Yes,Can beat Donald Trump
277278344.0,0.514874398708344,Joe Biden,65+,60+,65 or over,45+,50+,60+,65+,Non-Black 60+,White 60+,White 65+,Complete,Joe Biden,,,3.0,No,No,Needs a complete overhaul,Never attended college,No college degree,High school graduate or less,White no college degree,White women non college graduates,Favorable,Only Biden,Unfavorable,1.0,,,No,No,,,Return to Barack Obama's policies,45+,65+,Democrat,Non-black Democrat,White Democrat,Democratic women,Democrat,White Democrat,Moderate,Moderate or Conservative,Moderate,,,No,,White,White,State questionnaire,White,White,White,South,None,None,None,,Female,White women,,Oppose,Rural,Small Cities/Rural,,English,Florida,Other,Telephone survey,Earlier this month,Earlier than that,In the last month,Angry,,,,Version 2,Yes,Can beat Donald Trump
277278345.0,0.444258332252502,Joe Biden,65+,60+,65 or over,45+,50+,60+,65+,Non-Black 60+,White 60+,White 65+,Complete,Joe Biden,,,6.0,No,No,Needs minor changes,"An advanced degree after a bachelor's degree (such as JD, MA, MBA, MD, PhD)",College graduate,More than high school graduate,White college degree,White men college graduates,Favorable,Both,Favorable,2.0,,,No,No,,,Change to more liberal policies,45+,65+,Democrat,Non-black Democrat,White Democrat,Democratic men,Democrat,White Democrat,Somewhat liberal,Liberal,Liberal,,,No,,White,White,State questionnaire,White,White,White,South,Protestant/Other Non-Catholic Christian,Protestant,Protestant/Other Non-Catholic Christian,,Male,White men,,Support,"Cities 10,000-50,000",Small Cities/Rural,,English,Florida,Other,Telephone survey,Before that,Earlier than that,Earlier than that,Angry,,,,Version 2,Yes,Can beat Donald Trump
277278346.0,0.549207210540771,Joe Biden,65+,60+,65 or over,45+,50+,60+,65+,Non-Black 60+,White 60+,White 65+,Complete,Joe Biden,,,6.0,No,No,Needs a complete overhaul,Attended college but received no degree,No college degree,More than high school graduate,White no college degree,White men non college graduates,Favorable,Only Biden,Unfavorable,2.0,,,No,No,,,Return to Barack Obama's policies,45+,65+,Democrat,Non-black Democrat,White Democrat,Democratic men,Democrat,White Democrat,Very liberal,Liberal,Liberal,,,No,,White,White,State questionnaire,White,White,White,South,Protestant/Other Non-Catholic Christian,Protestant,Protestant/Other Non-Catholic Christian,,Male,White men,,Oppose,"Cities 50,000-500,000","Cities over 50,000",,English,Florida,Other,Telephone survey,Earlier this month,Earlier than that,In the last month,"Dissatisfied, but not angry",,,,Version 2,Yes,Can beat Donald Trump
277278347.0,2.45507335662842,Joe Biden,30-44,30-59,40-44,18-44,18-49,30-44,40-49,Black 30-44,Black 30-44,Black 30-44,Complete,Joe Biden,,,7.0,No,No,Needs minor changes,Bachelor's degree (BA or BS),College graduate,More than high school graduate,Non white college degree,Non-whites,Favorable,Both,Favorable,2.0,,,No,No,,,Change to more conservative policies,18-44,18-64,Democrat,Black Democrat,Black Democrat,Democratic women,Democrat,Non-White Democrats,Moderate,Moderate or Conservative,Moderate,,,No,,Black,Black,State questionnaire,Black,Non-white,Black,South,Protestant/Other Non-Catholic Christian,Other Christian,,,Female,Black women,,Support,Suburbs,Suburbs,,English,Florida,Other,Telephone survey,Earlier this month,Earlier than that,In the last month,Angry,,,,Version 2,No,Agrees with you on major issues
277278348.0,0.530499041080475,Joe Biden,65+,60+,65 or over,45+,50+,60+,65+,Non-Black 60+,White 60+,White 65+,Complete,Joe Biden,,,6.0,No,No,Needs minor changes,Attended college but received no degree,No college degree,More than high school graduate,White no college degree,White women non college graduates,Favorable,Only Biden,Omit,2.0,,,No,No,,,Return to Barack Obama's policies,45+,65+,Democrat,Non-black Democrat,White Democrat,Democratic women,Democrat,White Democrat,Moderate,Moderate or Conservative,Moderate,,,No,,White,White,State questionnaire,White,White,White,South,Protestant/Other Non-Catholic Christian,Other Christian,Protestant/Other Non-Catholic Christian,,Female,White women,,Oppose,Suburbs,Suburbs,,English,Florida,White suburban women,Telephone survey,Earlier this month,Earlier than that,In the last month,Angry,,,,Version 2,Yes,Can beat Donald Trump
277278349.0,1.3062344789505,Joe Biden,45-65,60+,60-64,45+,50+,60+,50-64,Non-Black 60+,White 60+,White 45-64,Complete,Joe Biden,,,6.0,No,No,Needs minor changes,Attended college but received no degree,No college degree,More than high school graduate,White no college degree,White women non college graduates,Favorable,Only Biden,Unfavorable,2.0,,,No,No,,,Omit,45+,18-64,Democrat,Non-black Democrat,White Democrat,Democratic women,Democrat,White Democrat,Moderate,Moderate or Conservative,Moderate,,,No,,White,White,State questionnaire,White,White,White,South,Catholic,Catholic,Catholic,,Female,White women,,Oppose,Suburbs,Suburbs,,English,Florida,White suburban women,Telephone survey,In February,Earlier than that,Earlier than that,Angry,,,,Version 2,Yes,Can beat Donald Trump
277278350.0,0.524804890155792,Joe Biden,65+,60+,65 or over,45+,50+,60+,65+,Non-Black 60+,White 60+,White 65+,Complete,Joe Biden,,,24.0,No,No,Needs a complete overhaul,Bachelor's degree (BA or BS),College graduate,More than high school graduate,White college degree,White women college graduates,Favorable,Both,Favorable,5.0,,,No,No,,,Return to Barack Obama's policies,45+,65+,Independent/Something else,Non-black non-Democrat,White Independent,Independent women,Independent,White Independent,Very liberal,Liberal,Liberal,,,No,,White,White,State questionnaire,White,White,White,South,None,None,None,,Female,White women,,Oppose,"Cities 50,000-500,000","Cities over 50,000",,English,Florida,Other,Telephone survey,Earlier this month,Earlier than that,In the last month,Angry,,,,Version 2,Yes,Can beat Donald Trump
277278351.0,1.36269760131836,Joe Biden,45-65,60+,60-64,45+,50+,60+,50-64,Black 60+,Black 60+,Black 45-64,Complete,Joe Biden,,,27.0,No,No,Needs minor changes,Bachelor's degree (BA or BS),College graduate,More than high school graduate,Non white college degree,Non-whites,Favorable,Both,Favorable,5.0,,,No,,,,Return to Barack Obama's policies,45+,18-64,Democrat,Black Democrat,Black Democrat,Democratic men,Democrat,Non-White Democrats,,,,,,No,,Black,Black,State questionnaire,Black,Non-white,Black,South,None,None,,,Male,Black men,,Support,"Cities 50,000-500,000","Cities over 50,000",,English,Florida,Other,Telephone survey,Before that,Earlier than that,Earlier than that,Angry,,,,Version 2,Yes,Agrees with you on major issues
277278352.0,0.446689903736115,Joe Biden,65+,60+,65 or over,45+,50+,60+,65+,Non-Black 60+,White 60+,White 65+,Complete,Joe Biden,,,26.0,No,No,Needs a complete overhaul,Associate's degree (AA or AS),No college degree,More than high school graduate,White no college degree,White women non college graduates,Favorable,Both,Favorable,5.0,,,No,No,,,Change to more liberal policies,45+,65+,Democrat,Non-black Democrat,White Democrat,Democratic women,Democrat,White Democrat,Very liberal,Liberal,Liberal,,,No,,White,White,State questionnaire,White,White,White,South,Something else,Other,Something else,,Female,White women,,Support,"Cities 50,000-500,000","Cities over 50,000",,English,Florida,Other,Telephone survey,Earlier this month,Earlier than that,In the last month,Angry,,,,Version 2,Yes,Can beat Donald Trump
277278353.0,0.981792747974396,Other,65+,60+,65 or over,45+,50+,60+,65+,Non-Black 60+,White 60+,White 65+,Complete,Joe Biden,,,26.0,No,No,Needs minor changes,Attended college but received no degree,No college degree,More than high school graduate,White no college degree,White women non college graduates,Favorable,Only Biden,Unfavorable,5.0,,,No,No,,,Return to Barack Obama's policies,45+,65+,Democrat,Non-black Democrat,White Democrat,Democratic women,Democrat,White Democrat,Very liberal,Liberal,Liberal,,,No,,White,White,State questionnaire,White,White,White,South,Jewish,Jewish,Jewish,,Female,White women,,Oppose,"Cities 50,000-500,000","Cities over 50,000",,English,Florida,Other,Telephone survey,In February,Earlier than that,Earlier than that,"Dissatisfied, but not angry",,,,Version 2,Omit,Omit
277278354.0,0.361331224441528,Joe Biden,65+,60+,65 or over,45+,50+,60+,65+,Non-Black 60+,White 60+,White 65+,Complete,Joe Biden,,,26.0,No,No,Needs minor changes,Bachelor's degree (BA or BS),College graduate,More than high school graduate,White college degree,White women college graduates,Favorable,Both,Favorable,5.0,,,No,No,,,Change to more liberal policies,45+,65+,Democrat,Non-black Democrat,White Democrat,Democratic women,Democrat,White Democrat,Somewhat liberal,Liberal,Liberal,,,No,,White,White,State questionnaire,White,White,White,South,Protestant/Other Non-Catholic Christian,Protestant,Protestant/Other Non-Catholic Christian,,Female,White women,,Support,"Cities 50,000-500,000","Cities over 50,000",,English,Florida,Other,Telephone survey,Earlier this month,Earlier than that,In the last month,Angry,,,,Version 2,Yes,Can beat Donald Trump
277278355.0,0.446689903736115,Joe Biden,65+,60+,65 or over,45+,50+,60+,65+,Non-Black 60+,White 60+,White 65+,Complete,Joe Biden,,,27.0,No,No,Needs a complete overhaul,Associate's degree (AA or AS),No college degree,More than high school graduate,White no college degree,White women non college graduates,Favorable,Only Biden,Omit,5.0,,,No,No,,,Omit,45+,65+,Democrat,Non-black Democrat,White Democrat,Democratic women,Democrat,White Democrat,Moderate,Moderate or Conservative,Moderate,,,No,,White,White,State questionnaire,White,White,White,South,None,None,None,,Female,White women,,Oppose,"Cities 50,000-500,000","Cities over 50,000",,English,Florida,Other,Telephone survey,Before that,Earlier than that,Earlier than that,Angry,,,,Version 2,Yes,Can beat Donald Trump
277278356.0,0.623270153999329,Joe Biden,65+,60+,65 or over,45+,50+,60+,65+,Non-Black 60+,White 60+,White 65+,Complete,Joe Biden,,,6.0,No,No,Needs a complete overhaul,Bachelor's degree (BA or BS),College graduate,More than high school graduate,White college degree,White women college graduates,Favorable,Only Biden,Unfavorable,2.0,,,No,No,,,Return to Barack Obama's policies,45+,65+,Democrat,Non-black Democrat,White Democrat,Democratic women,Democrat,White Democrat,Very liberal,Liberal,Liberal,,,No,,White,White,State questionnaire,White,White,White,South,None,None,None,,Female,White women,,Oppose,"Cities 10,000-50,000",Small Cities/Rural,,English,Florida,Other,Telephone survey,In February,Earlier than that,Earlier than that,Angry,,,,Version 2,Yes,Can beat Donald Trump
277278357.0,2.18408536911011,Other,65+,60+,65 or over,45+,50+,60+,65+,Black 60+,Black 60+,Black 65+,Complete,Joe Biden,,,24.0,No,No,Needs minor changes,Attended college but received no degree,No college degree,More than high school graduate,Non white no college degree,Non-whites,Favorable,Both,Favorable,5.0,,,No,No,,,Return to Barack Obama's policies,45+,65+,Democrat,Black Democrat,Black Democrat,Democratic men,Democrat,Non-White Democrats,Moderate,Moderate or Conservative,Moderate,,,No,,Black,Black,State questionnaire,Black,Non-white,Black,South,Protestant/Other Non-Catholic Christian,Protestant,,,Male,Black men,,Oppose,"Cities 50,000-500,000","Cities over 50,000",,English,Florida,Other,Telephone survey,In February,Earlier than that,Earlier than that,"Dissatisfied, but not angry",,,,Version 2,Yes,Can beat Donald Trump
277278358.0,0.361331224441528,Joe Biden,65+,60+,65 or over,45+,50+,60+,65+,Non-Black 60+,White 60+,White 65+,Complete,Joe Biden,,,27.0,No,No,Needs minor changes,"An advanced degree after a bachelor's degree (such as JD, MA, MBA, MD, PhD)",College graduate,More than high school graduate,White college degree,White women college graduates,Favorable,Both,Favorable,5.0,,,No,No,,,Change to more liberal policies,45+,65+,Democrat,Non-black Democrat,White Democrat,Democratic women,Democrat,White Democrat,Very liberal,Liberal,Liberal,,,No,,White,White,State questionnaire,White,White,White,South,Catholic,Catholic,Catholic,,Female,White women,,Support,Suburbs,Suburbs,,English,Florida,White suburban women,Telephone survey,Earlier this month,Earlier than that,In the last month,Angry,,,,Version 2,Yes,Can beat Donald Trump
277278359.0,0.361331224441528,Joe Biden,65+,60+,65 or over,45+,50+,60+,65+,Non-Black 60+,White 60+,White 65+,Complete,Joe Biden,,,27.0,No,No,Needs a complete overhaul,"An advanced degree after a bachelor's degree (such as JD, MA, MBA, MD, PhD)",College graduate,More than high school graduate,White college degree,White women college graduates,Favorable,Both,Favorable,5.0,,,No,No,,,Change to more liberal policies,45+,65+,Democrat,Non-black Democrat,White Democrat,Democratic women,Democrat,White Democrat,Somewhat liberal,Liberal,Liberal,,,No,,White,White,State questionnaire,White,White,White,South,None,None,None,,Female,White women,,Oppose,"Cities 50,000-500,000","Cities over 50,000",,English,Florida,Other,Telephone survey,In February,Earlier than that,Earlier than that,Angry,,,,Version 2,Yes,Can beat Donald Trump
277278360.0,2.78989768028259,Joe Biden,45-65,30-59,50-59,45+,50+,45-59,50-64,Non-Black 45-59,Latino 45-59,Latino 45-64,Complete,Joe Biden,,,27.0,Yes,"Yes, Cuban",Needs a complete overhaul,Attended college but received no degree,No college degree,More than high school graduate,Non white no college degree,Non-whites,Favorable,Both,Favorable,5.0,,,Yes,No,,,Omit,45+,18-64,Democrat,Non-black Democrat,Latino Democrat,Democratic women,Democrat,Non-White Democrats,Somewhat liberal,Liberal,Liberal,,,No,,Other,Black,State questionnaire,Hispanic/Latino,Non-white,Hispanic/Latino,South,Protestant/Other Non-Catholic Christian,Protestant,,,Female,Latino women,,Support,"Cities 50,000-500,000","Cities over 50,000",,English,Florida,Other,Telephone survey,Omit,Omit,Omit,"Dissatisfied, but not angry",,,,Version 2,Yes,Can beat Donald Trump
277278361.0,0.361331224441528,Joe Biden,65+,60+,65 or over,45+,50+,60+,65+,Non-Black 60+,White 60+,White 65+,Complete,Joe Biden,,,27.0,No,No,Needs a complete overhaul,"An advanced degree after a bachelor's degree (such as JD, MA, MBA, MD, PhD)",College graduate,More than high school graduate,White college degree,White women college graduates,Favorable,Only Biden,Unfavorable,5.0,,,No,No,,,Return to Barack Obama's policies,45+,65+,Democrat,Non-black Democrat,White Democrat,Democratic women,Democrat,White Democrat,Conservative,Moderate or Conservative,Conservative,,,No,,White,White,State questionnaire,White,White,White,South,,,,,Female,White women,,Support,"Cities 50,000-500,000","Cities over 50,000",,English,Florida,Other,Telephone survey,Omit,Omit,Omit,Angry,,,,Version 2,Yes,Can beat Donald Trump
277278362.0,0.374073654413223,Joe Biden,65+,60+,65 or over,45+,50+,60+,65+,Non-Black 60+,White 60+,White 65+,Complete,Joe Biden,,,26.0,No,No,Needs minor changes,Bachelor's degree (BA or BS),College graduate,More than high school graduate,White college degree,White men college graduates,Favorable,Only Biden,Unfavorable,5.0,,,No,No,,,Change to more liberal policies,45+,65+,Democrat,Non-black Democrat,White Democrat,Democratic men,Democrat,White Democrat,Somewhat liberal,Liberal,Liberal,,,No,,White,White,State questionnaire,White,White,White,South,Catholic,Catholic,Catholic,,Male,White men,,Oppose,"Cities 50,000-500,000","Cities over 50,000",,English,Florida,Other,Telephone survey,In February,Earlier than that,Earlier than that,Angry,,,,Version 2,Yes,Can beat Donald Trump
277278363.0,1.60859572887421,Joe Biden,45-65,30-59,50-59,45+,50+,45-59,50-64,Non-Black 45-59,Latino 45-59,Latino 45-64,Complete,Joe Biden,,,27.0,No,"Yes, other Hispanic",Needs minor changes,"An advanced degree after a bachelor's degree (such as JD, MA, MBA, MD, PhD)",College graduate,More than high school graduate,Non white college degree,Non-whites,Favorable,Both,Favorable,5.0,,,Yes,No,,,Return to Barack Obama's policies,45+,18-64,Independent/Something else,Non-black non-Democrat,Latino Independent,Independent men,Independent,All others,Moderate,Moderate or Conservative,Moderate,,,No,,Other,White,State questionnaire,Hispanic/Latino,Non-white,Hispanic/Latino,South,Catholic,Catholic,,,Male,Latino men,,Omit,"Cities 50,000-500,000","Cities over 50,000",,English,Florida,Other,Telephone survey,Earlier this month,Earlier than that,In the last month,Omit,,,,Version 2,Yes,Can beat Donald Trump
277278364.0,0.776432454586029,Joe Biden,65+,60+,65 or over,45+,50+,60+,65+,Black 60+,Black 60+,Black 65+,Complete,Omit,,,27.0,No,No,Needs a complete overhaul,Bachelor's degree (BA or BS),College graduate,More than high school graduate,Non white college degree,Non-whites,Favorable,Both,Favorable,5.0,,,No,No,,,Change to more conservative policies,45+,65+,Independent/Something else,Black non-Democrat,Black Independent,Independent women,Independent,All others,Moderate,Moderate or Conservative,Moderate,,,No,,Black,Black,State questionnaire,Black,Non-white,Black,South,Protestant/Other Non-Catholic Christian,Other Christian,,,Female,Black women,,Oppose,"Cities 50,000-500,000","Cities over 50,000",,English,Florida,Other,Telephone survey,Earlier this month,Earlier than that,In the last month,Angry,,,,Version 2,No,Can beat Donald Trump
277278365.0,2.10968685150146,Other,65+,60+,65 or over,45+,50+,60+,65+,Black 60+,Black 60+,Black 65+,Complete,Joe Biden,,,24.0,No,No,Needs minor changes,Never attended college,No college degree,High school graduate or less,Non white no college degree,Non-whites,Favorable,Both,Favorable,5.0,,,No,No,,,Return to Barack Obama's policies,45+,65+,Democrat,Black Democrat,Black Democrat,Democratic women,Democrat,Non-White Democrats,Conservative,Moderate or Conservative,Conservative,,,No,,Black,Black,State questionnaire,Black,Non-white,Black,South,Protestant/Other Non-Catholic Christian,Other Christian,,,Female,Black women,,Support,Suburbs,Suburbs,,English,Florida,Other,Telephone survey,In February,Earlier than that,Earlier than that,Angry,,,,Version 2,Yes,Can beat Donald Trump
277278366.0,0.524804890155792,Joe Biden,65+,60+,65 or over,45+,50+,60+,65+,Non-Black 60+,White 60+,White 65+,Complete,Joe Biden,,,24.0,No,No,Needs a complete overhaul,Bachelor's degree (BA or BS),College graduate,More than high school graduate,White college degree,White women college graduates,Favorable,Both,Favorable,5.0,,,No,No,,,Return to Barack Obama's policies,45+,65+,Democrat,Non-black Democrat,White Democrat,Democratic women,Democrat,White Democrat,Somewhat liberal,Liberal,Liberal,,,No,,White,White,State questionnaire,White,White,White,South,Jewish,Jewish,Jewish,,Female,White women,,Support,"Cities 50,000-500,000","Cities over 50,000",,English,Florida,Other,Telephone survey,Before that,Earlier than that,Earlier than that,Enthusiastic,,,,Version 2,Yes,Can beat Donald Trump
277278367.0,2.07165217399597,Bernie Sanders,45-65,30-59,50-59,45+,50+,45-59,50-64,Non-Black 45-59,Latino 45-59,Latino 45-64,Complete,Bernie Sanders,,,24.0,No,"Yes, Puerto Rican",Works well enough as is,Associate's degree (AA or AS),No college degree,More than high school graduate,Non white no college degree,Non-whites,Favorable,Both,Favorable,5.0,,,Yes,No,,,Change to more liberal policies,45+,18-64,Democrat,Non-black Democrat,Latino Democrat,Democratic men,Democrat,Non-White Democrats,Moderate,Moderate or Conservative,Moderate,,,Yes,,Other,Hispanic/Latino,State questionnaire,Hispanic/Latino,Non-white,Hispanic/Latino,South,Catholic,Catholic,,,Male,Latino men,,Oppose,Suburbs,Suburbs,,English,Florida,Other,Telephone survey,In February,Earlier than that,Earlier than that,"Satisfied, but not enthusiastic",,,,Version 2,Yes,Agrees with you on major issues
277278368.0,2.57820248603821,Other,65+,60+,65 or over,45+,50+,60+,65+,Non-Black 60+,Latino 60+,Latino 65+,Complete,Joe Biden,,,26.0,No,No,Needs minor changes,Associate's degree (AA or AS),No college degree,More than high school graduate,Non white no college degree,Non-whites,Favorable,Both,Favorable,5.0,,,No,No,,,Change to more liberal policies,45+,65+,Democrat,Non-black Democrat,Latino Democrat,Democratic men,Democrat,Non-White Democrats,Somewhat liberal,Liberal,Liberal,,,No,,Other,Hispanic/Latino,State questionnaire,Hispanic/Latino,Non-white,Hispanic/Latino,South,None,None,,,Male,Latino men,,Support,"Cities 50,000-500,000","Cities over 50,000",,English,Florida,Other,Telephone survey,Before that,Earlier than that,Earlier than that,Angry,,,,Version 2,Yes,Can beat Donald Trump
277278369.0,0.475086182355881,Bernie Sanders,45-65,30-59,45-49,45+,18-49,45-59,40-49,Non-Black 45-59,White 45-59,White 45-64,Complete,Bernie Sanders,,,24.0,No,No,Needs a complete overhaul,"An advanced degree after a bachelor's degree (such as JD, MA, MBA, MD, PhD)",College graduate,More than high school graduate,White college degree,White women college graduates,Unfavorable,Only Sanders,Favorable,5.0,,,No,No,,,Change to more liberal policies,45+,18-64,Democrat,Non-black Democrat,White Democrat,Democratic women,Democrat,White Democrat,Somewhat liberal,Liberal,Liberal,,,No,,White,White,State questionnaire,White,White,White,South,Jewish,Jewish,Jewish,,Female,White women,,Support,"Cities 50,000-500,000","Cities over 50,000",,English,Florida,Other,Telephone survey,Before that,Earlier than that,Earlier than that,Angry,,,,Version 2,Yes,Can beat Donald Trump
277278370.0,0.714358806610107,Bernie Sanders,45-65,30-59,45-49,45+,18-49,45-59,40-49,Non-Black 45-59,White 45-59,White 45-64,Complete,Bernie Sanders,,,24.0,No,No,Needs a complete overhaul,"An advanced degree after a bachelor's degree (such as JD, MA, MBA, MD, PhD)",College graduate,More than high school graduate,White college degree,White men college graduates,Favorable,Both,Favorable,5.0,,,No,No,,,Change to more liberal policies,45+,18-64,Democrat,Non-black Democrat,White Democrat,Democratic men,Democrat,White Democrat,Moderate,Moderate or Conservative,Moderate,,,No,,White,White,State questionnaire,White,White,White,South,Protestant/Other Non-Catholic Christian,Other Christian,Protestant/Other Non-Catholic Christian,,Male,White men,,Support,"Cities 50,000-500,000","Cities over 50,000",,English,Florida,Other,Telephone survey,In February,Earlier than that,Earlier than that,"Dissatisfied, but not angry",,,,Version 2,Yes,Agrees with you on major issues
277278371.0,2.86462831497192,Joe Biden,30-44,30-59,30-39,18-44,18-49,30-44,30-39,Non-Black 30-44,Latino 30-44,Latino 30-44,Complete,Joe Biden,,,10.0,Yes,"Yes, Cuban",Needs minor changes,"An advanced degree after a bachelor's degree (such as JD, MA, MBA, MD, PhD)",College graduate,More than high school graduate,Non white college degree,Non-whites,Favorable,Only Biden,Unfavorable,2.0,,,Yes,No,,,Return to Barack Obama's policies,18-44,18-64,Independent/Something else,Non-black non-Democrat,Latino Independent,Independent men,Independent,All others,Moderate,Moderate or Conservative,Moderate,,,No,,Other,Hispanic/Latino,State questionnaire,Hispanic/Latino,Non-white,Hispanic/Latino,South,Catholic,Catholic,,,Male,Latino men,,Oppose,"Cities 50,000-500,000","Cities over 50,000",,English,Florida,Other,Telephone survey,In February,Earlier than that,Earlier than that,"Satisfied, but not enthusiastic",,,,Version 2,No,Agrees with you on major issues
277278372.0,0.95985209941864,Joe Biden,65+,60+,65 or over,45+,50+,60+,65+,Black 60+,Black 60+,Black 65+,Complete,Joe Biden,,,24.0,No,No,Needs a complete overhaul,Never attended college,No college degree,High school graduate or less,Non white no college degree,Non-whites,Favorable,Only Biden,Unfavorable,5.0,,,No,No,,,Omit,45+,65+,Democrat,Black Democrat,Black Democrat,Democratic women,Democrat,Non-White Democrats,Conservative,Moderate or Conservative,Conservative,,,No,,Black,Black,State questionnaire,Black,Non-white,Black,South,Protestant/Other Non-Catholic Christian,Protestant,,,Female,Black women,,Oppose,"Cities 50,000-500,000","Cities over 50,000",,English,Florida,Other,Telephone survey,Before that,Earlier than that,Earlier than that,Angry,,,,Version 2,Yes,Agrees with you on major issues
277278373.0,1.31040465831757,Bernie Sanders,45-65,30-59,50-59,45+,50+,45-59,50-64,Black 45-59,Black 45-59,Black 45-64,Complete,Bernie Sanders,,,17.0,No,No,Needs a complete overhaul,"An advanced degree after a bachelor's degree (such as JD, MA, MBA, MD, PhD)",College graduate,More than high school graduate,Non white college degree,Non-whites,Favorable,Both,Favorable,4.0,,,No,No,,,Change to more liberal policies,45+,18-64,Democrat,Black Democrat,Black Democrat,Democratic women,Democrat,Non-White Democrats,Somewhat liberal,Liberal,Liberal,,,No,,Black,Black,State questionnaire,Black,Non-white,Black,South,Catholic,Catholic,,,Female,Black women,,Support,"Cities 10,000-50,000",Small Cities/Rural,,English,Florida,Other,Telephone survey,Before that,Earlier than that,Earlier than that,Angry,,,,Version 2,Yes,Can beat Donald Trump
277278374.0,0.374073654413223,Joe Biden,65+,60+,65 or over,45+,50+,60+,65+,Non-Black 60+,White 60+,White 65+,Complete,Joe Biden,,,24.0,No,No,Needs a complete overhaul,"An advanced degree after a bachelor's degree (such as JD, MA, MBA, MD, PhD)",College graduate,More than high school graduate,White college degree,White men college graduates,Favorable,Both,Favorable,5.0,,,No,No,,,Change to more liberal policies,45+,65+,Democrat,Non-black Democrat,White Democrat,Democratic men,Democrat,White Democrat,Very liberal,Liberal,Liberal,,,No,,White,White,State questionnaire,White,White,White,South,Jewish,Jewish,Jewish,,Male,White men,,Support,"Cities 50,000-500,000","Cities over 50,000",,English,Florida,Other,Telephone survey,Earlier this month,Earlier than that,In the last month,Angry,,,,Version 2,Yes,Can beat Donald Trump
277278375.0,0.547977328300476,Joe Biden,65+,60+,65 or over,45+,50+,60+,65+,Non-Black 60+,White 60+,White 65+,Complete,Joe Biden,,,14.0,No,No,Needs minor changes,Bachelor's degree (BA or BS),College graduate,More than high school graduate,White college degree,White women college graduates,Favorable,Only Biden,Unfavorable,3.0,,,No,No,,,Return to Barack Obama's policies,45+,65+,Democrat,Non-black Democrat,White Democrat,Democratic women,Democrat,White Democrat,Somewhat liberal,Liberal,Liberal,,,No,,White,White,State questionnaire,White,White,White,South,Protestant/Other Non-Catholic Christian,Protestant,Protestant/Other Non-Catholic Christian,,Female,White women,,Oppose,"Cities 50,000-500,000","Cities over 50,000",,English,Florida,Other,Telephone survey,Earlier this month,Earlier than that,In the last month,Angry,,,,Version 2,Yes,Can beat Donald Trump
277278376.0,0.809018731117249,Other,65+,60+,65 or over,45+,50+,60+,65+,Non-Black 60+,White 60+,White 65+,Complete,Joe Biden,,,17.0,No,No,Omit,Never attended college,No college degree,High school graduate or less,White no college degree,White men non college graduates,Favorable,Both,Favorable,3.0,,,No,No,,,Return to Barack Obama's policies,45+,65+,Independent/Something else,Non-black non-Democrat,White Independent,Independent men,Independent,White Independent,Moderate,Moderate or Conservative,Moderate,,,No,,White,White,State questionnaire,White,White,White,South,None,None,None,,Male,White men,,Support,Suburbs,Suburbs,,English,Florida,White suburban men,Telephone survey,Before that,Earlier than that,Earlier than that,"Dissatisfied, but not angry",,,,Version 2,Yes,Can beat Donald Trump
277278377.0,0.466413199901581,Joe Biden,65+,60+,65 or over,45+,50+,60+,65+,Non-Black 60+,White 60+,White 65+,Complete,Joe Biden,,,14.0,No,No,Omit,Attended college but received no degree,No college degree,More than high school graduate,White no college degree,White women non college graduates,Favorable,Both,Favorable,3.0,,,No,No,,,Return to Barack Obama's policies,45+,65+,Democrat,Non-black Democrat,White Democrat,Democratic women,Democrat,White Democrat,Moderate,Moderate or Conservative,Moderate,,,No,,White,White,State questionnaire,White,White,White,South,None,None,None,,Female,White women,,Support,"Cities 50,000-500,000","Cities over 50,000",,English,Florida,Other,Telephone survey,Before that,Earlier than that,Earlier than that,Angry,,,,Version 2,Yes,Can beat Donald Trump
277278378.0,0.54318630695343,Bernie Sanders,65+,60+,65 or over,45+,50+,60+,65+,Non-Black 60+,White 60+,White 65+,Complete,Joe Biden,,,14.0,No,No,Needs a complete overhaul,Bachelor's degree (BA or BS),College graduate,More than high school graduate,White college degree,White men college graduates,Favorable,Both,Favorable,3.0,,,No,No,,,Change to more liberal policies,45+,65+,Democrat,Non-black Democrat,White Democrat,Democratic men,Democrat,White Democrat,Very liberal,Liberal,Liberal,,,No,,White,White,State questionnaire,White,White,White,South,Jewish,Jewish,Jewish,,Male,White men,,Support,"Cities 50,000-500,000","Cities over 50,000",,English,Florida,Other,Telephone survey,Earlier this month,Earlier than that,In the last month,Angry,,,,Version 2,Yes,Agrees with you on major issues
277278379.0,0.54318630695343,Bernie Sanders,65+,60+,65 or over,45+,50+,60+,65+,Non-Black 60+,White 60+,White 65+,Complete,Joe Biden,,,14.0,No,No,Needs minor changes,"An advanced degree after a bachelor's degree (such as JD, MA, MBA, MD, PhD)",College graduate,More than high school graduate,White college degree,White men college graduates,Unfavorable,Only Sanders,Favorable,3.0,,,No,No,,,Change to more conservative policies,45+,65+,Independent/Something else,Non-black non-Democrat,White Independent,Independent men,Independent,White Independent,Conservative,Moderate or Conservative,Conservative,,,No,,White,White,State questionnaire,White,White,White,South,Protestant/Other Non-Catholic Christian,Protestant,Protestant/Other Non-Catholic Christian,,Male,White men,,Oppose,"Cities 50,000-500,000","Cities over 50,000",,English,Florida,Other,Telephone survey,Earlier this month,Earlier than that,In the last month,"Satisfied, but not enthusiastic",,,,Version 2,No,Agrees with you on major issues
277278380.0,0.482861369848251,Joe Biden,65+,60+,65 or over,45+,50+,60+,65+,Non-Black 60+,White 60+,White 65+,Complete,Omit,,,17.0,No,No,Omit,Never attended college,No college degree,High school graduate or less,White no college degree,White men non college graduates,Omit,Only Sanders,Favorable,3.0,,,No,No,,,Change to more liberal policies,45+,65+,Independent/Something else,Non-black non-Democrat,White Independent,Independent men,Independent,White Independent,Moderate,Moderate or Conservative,Moderate,,,No,,White,White,State questionnaire,White,White,White,South,None,None,None,,Male,White men,,Support,Suburbs,Suburbs,,English,Florida,White suburban men,Telephone survey,Earlier this month,Earlier than that,In the last month,"Dissatisfied, but not angry",,,,Version 2,Yes,Can beat Donald Trump
277278381.0,1.23895275592804,Other,65+,60+,65 or over,45+,50+,60+,65+,Non-Black 60+,White 60+,White 65+,Complete,Joe Biden,,,11.0,No,No,Needs minor changes,Attended college but received no degree,No college degree,More than high school graduate,White no college degree,White women non college graduates,Favorable,Only Biden,Unfavorable,4.0,,,No,No,,,Return to Barack Obama's policies,45+,65+,Independent/Something else,Non-black non-Democrat,White Independent,Independent women,Independent,White Independent,Moderate,Moderate or Conservative,Moderate,,,No,,White,White,State questionnaire,White,White,White,South,Protestant/Other Non-Catholic Christian,Protestant,Protestant/Other Non-Catholic Christian,,Female,White women,,Oppose,"Cities 10,000-50,000",Small Cities/Rural,,English,Florida,Other,Telephone survey,In February,Earlier than that,Earlier than that,Angry,,,,Version 2,Yes,Can beat Donald Trump
277278382.0,0.457540452480316,Joe Biden,65+,60+,65 or over,45+,50+,60+,65+,Non-Black 60+,White 60+,White 65+,Complete,Joe Biden,,,11.0,No,No,Needs minor changes,"An advanced degree after a bachelor's degree (such as JD, MA, MBA, MD, PhD)",College graduate,More than high school graduate,White college degree,White women college graduates,Favorable,Both,Favorable,4.0,,,No,No,,,Return to Barack Obama's policies,45+,65+,Democrat,Non-black Democrat,White Democrat,Democratic women,Democrat,White Democrat,Somewhat liberal,Liberal,Liberal,,,No,,White,White,State questionnaire,White,White,White,South,Something else,Other,Something else,,Female,White women,,Support,Suburbs,Suburbs,,English,Florida,White suburban women,Telephone survey,Earlier this month,Earlier than that,In the last month,Angry,,,,Version 2,Yes,Can beat Donald Trump
277278383.0,1.14843761920929,Joe Biden,45-65,30-59,50-59,45+,50+,45-59,50-64,Non-Black 45-59,White 45-59,White 45-64,Complete,Joe Biden,,,12.0,No,No,Needs a complete overhaul,Attended college but received no degree,No college degree,More than high school graduate,White no college degree,White women non college graduates,Favorable,Only Biden,Unfavorable,3.0,,,No,No,,,Omit,45+,18-64,Democrat,Non-black Democrat,White Democrat,Democratic women,Democrat,White Democrat,Somewhat liberal,Liberal,Liberal,,,No,,White,White,State questionnaire,White,White,White,South,Protestant/Other Non-Catholic Christian,Other Christian,Protestant/Other Non-Catholic Christian,,Female,White women,,Oppose,Suburbs,Suburbs,,English,Florida,White suburban women,Telephone survey,Before that,Earlier than that,Earlier than that,Angry,,,,Version 2,Yes,Can beat Donald Trump
277278384.0,0.790705978870392,Joe Biden,45-65,30-59,50-59,45+,50+,45-59,50-64,Non-Black 45-59,White 45-59,White 45-64,Complete,Joe Biden,,,12.0,No,No,Needs a complete overhaul,Attended college but received no degree,No college degree,More than high school graduate,White no college degree,White women non college graduates,Favorable,Both,Favorable,3.0,,,No,No,,,Return to Barack Obama's policies,45+,18-64,Democrat,Non-black Democrat,White Democrat,Democratic women,Democrat,White Democrat,Somewhat liberal,Liberal,Liberal,,,No,,White,White,State questionnaire,White,White,White,South,None,None,None,,Female,White women,,Oppose,Suburbs,Suburbs,,English,Florida,White suburban women,Telephone survey,Earlier this month,Earlier than that,In the last month,"Dissatisfied, but not angry",,,,Version 2,Yes,Agrees with you on major issues
277278385.0,0.472594201564789,Bernie Sanders,65+,60+,65 or over,45+,50+,60+,65+,Non-Black 60+,White 60+,White 65+,Complete,Joe Biden,,,3.0,No,No,Needs minor changes,Associate's degree (AA or AS),No college degree,More than high school graduate,White no college degree,White men non college graduates,Favorable,Both,Favorable,1.0,,,No,No,,,Return to Barack Obama's policies,45+,65+,Democrat,Non-black Democrat,White Democrat,Democratic men,Democrat,White Democrat,Moderate,Moderate or Conservative,Moderate,,,No,,White,White,State questionnaire,White,White,White,South,Catholic,Catholic,Catholic,,Male,White men,,Support,"Cities 50,000-500,000","Cities over 50,000",,English,Florida,Other,Telephone survey,In February,Earlier than that,Earlier than that,Angry,,,,Version 2,Yes,Can beat Donald Trump
277278386.0,0.995954394340515,Joe Biden,30-44,30-59,40-44,18-44,18-49,30-44,40-49,Non-Black 30-44,All others,All others,Complete,Joe Biden,,,27.0,,,Needs a complete overhaul,"An advanced degree after a bachelor's degree (such as JD, MA, MBA, MD, PhD)",College graduate,More than high school graduate,Non white college degree,Non-whites,Favorable,Only Biden,Unfavorable,5.0,,,,No,,,Return to Barack Obama's policies,18-44,18-64,Independent/Something else,Non-black non-Democrat,All Other,Independent men,Something else,All others,Somewhat liberal,Liberal,Liberal,,,,,Other,Other,State questionnaire,Other,Non-white,Other,South,Catholic,Catholic,,,Male,All other races,,Oppose,"Cities 50,000-500,000","Cities over 50,000",,,Florida,Other,Telephone survey,Earlier this month,Earlier than that,In the last month,Angry,,,,Version 2,Yes,Agrees with you on major issues
277278387.0,0.390590637922287,Joe Biden,65+,60+,65 or over,45+,50+,60+,65+,Non-Black 60+,White 60+,White 65+,Complete,Joe Biden,,,15.0,No,No,Needs a complete overhaul,"An advanced degree after a bachelor's degree (such as JD, MA, MBA, MD, PhD)",College graduate,More than high school graduate,White college degree,White men college graduates,Favorable,Both,Favorable,3.0,,,No,No,,,Omit,45+,65+,Democrat,Non-black Democrat,White Democrat,Democratic men,Democrat,White Democrat,Moderate,Moderate or Conservative,Moderate,,,No,,White,White,State questionnaire,White,White,White,South,Catholic,Catholic,Catholic,,Male,White men,,Support,Suburbs,Suburbs,,English,Florida,White suburban men,Telephone survey,Earlier this month,Earlier than that,In the last month,Angry,,,,Version 2,Yes,Can beat Donald Trump
277278388.0,0.818590402603149,Joe Biden,45-65,30-59,50-59,45+,50+,45-59,50-64,Non-Black 45-59,White 45-59,White 45-64,Complete,Joe Biden,,,14.0,No,No,Needs a complete overhaul,Attended college but received no degree,No college degree,More than high school graduate,White no college degree,White men non college graduates,Unfavorable,Only Sanders,Favorable,3.0,,,No,No,,,Change to more liberal policies,45+,18-64,Democrat,Non-black Democrat,White Democrat,Democratic men,Democrat,White Democrat,Somewhat liberal,Liberal,Liberal,,,No,,White,White,State questionnaire,White,White,White,South,Catholic,Catholic,Catholic,,Male,White men,,Support,"Cities 50,000-500,000","Cities over 50,000",,English,Florida,Other,Telephone survey,Earlier this month,Earlier than that,In the last month,Angry,,,,Version 2,Yes,Can beat Donald Trump
277278389.0,0.797679781913757,Joe Biden,65+,60+,65 or over,45+,50+,60+,65+,Non-Black 60+,White 60+,White 65+,Complete,Joe Biden,,,18.0,No,No,Needs minor changes,Never attended college,No college degree,High school graduate or less,White no college degree,White men non college graduates,Favorable,Both,Favorable,2.0,,,No,No,,,Change to more liberal policies,45+,65+,Independent/Something else,Non-black non-Democrat,White Independent,Independent men,Independent,White Independent,Somewhat liberal,Liberal,Liberal,,,No,,White,White,State questionnaire,White,White,White,South,Jewish,Jewish,Jewish,,Male,White men,,Support,Suburbs,Suburbs,,English,Florida,White suburban men,Telephone survey,Omit,Omit,Omit,Angry,,,,Version 2,Yes,Can beat Donald Trump
277278390.0,1.14843761920929,Joe Biden,45-65,30-59,50-59,45+,50+,45-59,50-64,Non-Black 45-59,White 45-59,White 45-64,Complete,Joe Biden,,,14.0,No,No,Needs minor changes,Associate's degree (AA or AS),No college degree,More than high school graduate,White no college degree,White women non college graduates,Favorable,Both,Favorable,3.0,,,No,No,,,Change to more liberal policies,45+,18-64,Democrat,Non-black Democrat,White Democrat,Democratic women,Democrat,White Democrat,Moderate,Moderate or Conservative,Moderate,,,No,,White,White,State questionnaire,White,White,White,South,Protestant/Other Non-Catholic Christian,Other Christian,Protestant/Other Non-Catholic Christian,,Female,White women,,Support,"Cities 50,000-500,000","Cities over 50,000",,English,Florida,Other,Telephone survey,Earlier this month,Earlier than that,In the last month,Angry,,,,Version 2,Yes,Can beat Donald Trump
277278391.0,0.894950211048126,Joe Biden,65+,60+,65 or over,45+,50+,60+,65+,Black 60+,Black 60+,Black 65+,Complete,Joe Biden,,,4.0,No,No,Needs a complete overhaul,"An advanced degree after a bachelor's degree (such as JD, MA, MBA, MD, PhD)",College graduate,More than high school graduate,Non white college degree,Non-whites,Favorable,Only Biden,Unfavorable,1.0,,,No,No,,,Return to Barack Obama's policies,45+,65+,Democrat,Black Democrat,Black Democrat,Democratic women,Democrat,Non-White Democrats,Moderate,Moderate or Conservative,Moderate,,,No,,Black,Black,State questionnaire,Black,Non-white,Black,South,Protestant/Other Non-Catholic Christian,Other Christian,,,Female,Black women,,Support,"Cities over 500,000","Cities over 50,000",,English,Florida,Other,Telephone survey,Before that,Earlier than that,Earlier than that,Angry,,,,Version 2,Yes,Agrees with you on major issues
277278392.0,0.466413199901581,Joe Biden,65+,60+,65 or over,45+,50+,60+,65+,Non-Black 60+,White 60+,White 65+,Complete,Joe Biden,,,13.0,No,No,Needs a complete overhaul,Attended college but received no degree,No college degree,More than high school graduate,White no college degree,White women non college graduates,Favorable,Both,Favorable,3.0,,,No,No,,,Change to more conservative policies,45+,65+,Democrat,Non-black Democrat,White Democrat,Democratic women,Democrat,White Democrat,Somewhat liberal,Liberal,Liberal,,,No,,White,White,State questionnaire,White,White,White,South,None,None,None,,Female,White women,,Omit,"Cities 50,000-500,000","Cities over 50,000",,English,Florida,Other,Telephone survey,Omit,Omit,Omit,Enthusiastic,,,,Version 2,Yes,Can beat Donald Trump
277278393.0,0.469600766897202,Bernie Sanders,30-44,30-59,30-39,18-44,18-49,30-44,30-39,Non-Black 30-44,White 30-44,White 30-44,Complete,Bernie Sanders,,,23.0,No,No,Needs a complete overhaul,"An advanced degree after a bachelor's degree (such as JD, MA, MBA, MD, PhD)",College graduate,More than high school graduate,White college degree,White men college graduates,Favorable,Both,Favorable,5.0,,,No,No,,,Change to more liberal policies,18-44,18-64,Democrat,Non-black Democrat,White Democrat,Democratic men,Democrat,White Democrat,Very liberal,Liberal,Liberal,,,No,,White,White,State questionnaire,White,White,White,South,Jewish,Jewish,Jewish,,Male,White men,,Support,"Cities 50,000-500,000","Cities over 50,000",,English,Florida,Other,Telephone survey,Before that,Earlier than that,Earlier than that,Angry,,,,Version 2,Yes,Agrees with you on major issues
277278394.0,0.99572342634201,Bernie Sanders,45-65,30-59,45-49,45+,18-49,45-59,40-49,Non-Black 45-59,White 45-59,White 45-64,Complete,Bernie Sanders,,,14.0,No,No,Needs a complete overhaul,Bachelor's degree (BA or BS),College graduate,More than high school graduate,White college degree,White men college graduates,Unfavorable,Only Sanders,Favorable,3.0,,,No,,,,Change to more liberal policies,45+,18-64,Independent/Something else,Non-black non-Democrat,White Independent,Independent men,Independent,White Independent,,,,,,No,,White,White,State questionnaire,White,White,White,South,None,None,None,,Male,White men,,Support,Suburbs,Suburbs,,English,Florida,White suburban men,Telephone survey,Before that,Earlier than that,Earlier than that,Angry,,,,Version 2,Yes,Omit
277278395.0,2.57778120040894,Other,45-65,30-59,45-49,45+,18-49,45-59,40-49,Black 45-59,Black 45-59,Black 45-64,Complete,Bernie Sanders,,,14.0,No,No,Needs a complete overhaul,Bachelor's degree (BA or BS),College graduate,More than high school graduate,Non white college degree,Non-whites,Omit,Only Sanders,Favorable,3.0,,,No,Yes,,,Return to Barack Obama's policies,45+,18-64,Democrat,Black Democrat,Black Democrat,Democratic men,Democrat,Non-White Democrats,Moderate,Moderate or Conservative,Moderate,,,No,,Black,Black,State questionnaire,Black,Non-white,Black,South,Protestant/Other Non-Catholic Christian,Other Christian,,,Male,Black men,,Support,"Cities 50,000-500,000","Cities over 50,000",,English,Florida,Other,Telephone survey,Before that,Earlier than that,Earlier than that,"Dissatisfied, but not angry",,,,Version 2,Yes,Agrees with you on major issues
277278396.0,1.69907748699188,Joe Biden,45-65,30-59,50-59,45+,50+,45-59,50-64,Black 45-59,Black 45-59,Black 45-64,Complete,Joe Biden,,,14.0,No,No,Needs a complete overhaul,Associate's degree (AA or AS),No college degree,More than high school graduate,Non white no college degree,Non-whites,Favorable,Both,Favorable,3.0,,,No,No,,,Change to more conservative policies,45+,18-64,Democrat,Black Democrat,Black Democrat,Democratic women,Democrat,Non-White Democrats,Somewhat liberal,Liberal,Liberal,,,No,,Black,Black,State questionnaire,Black,Non-white,Black,South,None,None,,,Female,Black women,,Support,"Cities 50,000-500,000","Cities over 50,000",,English,Florida,Other,Telephone survey,Earlier this month,Earlier than that,In the last month,"Dissatisfied, but not angry",,,,Version 2,Yes,Agrees with you on major issues
277278397.0,1.59710824489594,Bernie Sanders,45-65,30-59,50-59,45+,50+,45-59,50-64,Non-Black 45-59,White 45-59,White 45-64,Complete,Joe Biden,,,15.0,No,No,Needs a complete overhaul,Attended college but received no degree,No college degree,More than high school graduate,White no college degree,White women non college graduates,Favorable,Both,Favorable,3.0,,,No,No,,,Return to Barack Obama's policies,45+,18-64,Independent/Something else,Non-black non-Democrat,White Independent,Independent women,Something else,White Independent,Very liberal,Liberal,Liberal,,,No,,White,White,State questionnaire,White,White,White,South,Something else,Other,Something else,,Female,White women,,Support,"Cities 50,000-500,000","Cities over 50,000",,English,Florida,Other,Telephone survey,Before that,Earlier than that,Earlier than that,Angry,,,,Version 2,Yes,Agrees with you on major issues
277278398.0,0.960056364536285,Bernie Sanders,45-65,60+,60-64,45+,50+,60+,50-64,Non-Black 60+,White 60+,White 45-64,Complete,Bernie Sanders,,,7.0,No,No,Needs a complete overhaul,Never attended college,No college degree,High school graduate or less,White no college degree,White women non college graduates,Omit,Only Sanders,Favorable,2.0,,,No,No,,,Return to Barack Obama's policies,45+,18-64,Independent/Something else,Non-black non-Democrat,White Independent,Independent women,Independent,White Independent,Moderate,Moderate or Conservative,Moderate,,,No,,White,White,State questionnaire,White,White,White,South,Protestant/Other Non-Catholic Christian,Protestant,Protestant/Other Non-Catholic Christian,,Female,White women,,Support,Suburbs,Suburbs,,English,Florida,White suburban women,Telephone survey,Before that,Earlier than that,Earlier than that,Angry,,,,Version 2,Yes,Can beat Donald Trump
277278399.0,1.28264462947845,Other,65+,60+,65 or over,45+,50+,60+,65+,Non-Black 60+,White 60+,White 65+,Complete,Joe Biden,,,19.0,No,No,Needs minor changes,Never attended college,No college degree,High school graduate or less,White no college degree,White men non college graduates,Favorable,Both,Favorable,4.0,,,No,No,,,Omit,45+,65+,Independent/Something else,Non-black non-Democrat,White Independent,Independent men,Independent,White Independent,Moderate,Moderate or Conservative,Moderate,,,No,,White,White,State questionnaire,White,White,White,South,None,None,None,,Male,White men,,Support,Suburbs,Suburbs,,English,Florida,White suburban men,Telephone survey,Before that,Earlier than that,Earlier than that,"Dissatisfied, but not angry",,,,Version 2,Yes,Can beat Donald Trump
277278400.0,1.00450599193573,Joe Biden,30-44,30-59,40-44,18-44,18-49,30-44,40-49,Non-Black 30-44,White 30-44,White 30-44,Complete,Joe Biden,,,15.0,No,No,Needs minor changes,Bachelor's degree (BA or BS),College graduate,More than high school graduate,White college degree,White women college graduates,Favorable,Only Biden,Unfavorable,3.0,,,No,Yes,,,Return to Barack Obama's policies,18-44,18-64,Democrat,Non-black Democrat,White Democrat,Democratic women,Democrat,White Democrat,Somewhat liberal,Liberal,Liberal,,,No,,White,White,State questionnaire,White,White,White,South,None,None,None,,Female,White women,,Oppose,Suburbs,Suburbs,,English,Florida,White suburban women,Telephone survey,Before that,Earlier than that,Earlier than that,Angry,,,,Version 2,Yes,Can beat Donald Trump
277278401.0,0.473675727844238,Joe Biden,65+,60+,65 or over,45+,50+,60+,65+,Non-Black 60+,White 60+,White 65+,Complete,Joe Biden,,,19.0,No,No,Needs minor changes,"An advanced degree after a bachelor's degree (such as JD, MA, MBA, MD, PhD)",College graduate,More than high school graduate,White college degree,White men college graduates,Favorable,Only Biden,Unfavorable,4.0,,,No,No,,,Return to Barack Obama's policies,45+,65+,Democrat,Non-black Democrat,White Democrat,Democratic men,Democrat,White Democrat,Somewhat liberal,Liberal,Liberal,,,No,,White,White,State questionnaire,White,White,White,South,Protestant/Other Non-Catholic Christian,Protestant,Protestant/Other Non-Catholic Christian,,Male,White men,,Support,"Cities 50,000-500,000","Cities over 50,000",,English,Florida,Other,Telephone survey,In February,Earlier than that,Earlier than that,Angry,,,,Version 2,Yes,Can beat Donald Trump
277278402.0,0.955568611621857,Bernie Sanders,65+,60+,65 or over,45+,50+,60+,65+,Black 60+,Black 60+,Black 65+,Complete,Omit,,,17.0,No,No,Needs a complete overhaul,Never attended college,No college degree,High school graduate or less,Non white no college degree,Non-whites,Favorable,Both,Favorable,4.0,,,No,No,,,Return to Barack Obama's policies,45+,65+,Democrat,Black Democrat,Black Democrat,Democratic women,Democrat,Non-White Democrats,Somewhat liberal,Liberal,Liberal,,,No,,Black,Black,State questionnaire,Black,Non-white,Black,South,,,,,Female,Black women,,Support,Suburbs,Suburbs,,English,Florida,Other,Telephone survey,Before that,Earlier than that,Earlier than that,Angry,,,,Version 2,Yes,Can beat Donald Trump
277278403.0,0.446689903736115,Joe Biden,65+,60+,65 or over,45+,50+,60+,65+,Non-Black 60+,White 60+,White 65+,Complete,Joe Biden,,,21.0,No,No,Needs a complete overhaul,Associate's degree (AA or AS),No college degree,More than high school graduate,White no college degree,White women non college graduates,Favorable,Only Biden,Unfavorable,5.0,,,No,No,,,Change to more liberal policies,45+,65+,Democrat,Non-black Democrat,White Democrat,Democratic women,Democrat,White Democrat,Moderate,Moderate or Conservative,Moderate,,,No,,White,White,State questionnaire,White,White,White,South,Catholic,Catholic,Catholic,,Female,White women,,Oppose,Suburbs,Suburbs,,English,Florida,White suburban women,Telephone survey,In February,Earlier than that,Earlier than that,"Dissatisfied, but not angry",,,,Version 2,Yes,Can beat Donald Trump
277278404.0,0.648781597614288,Joe Biden,65+,60+,65 or over,45+,50+,60+,65+,Non-Black 60+,White 60+,White 65+,Complete,Joe Biden,,,21.0,No,No,Needs minor changes,Associate's degree (AA or AS),No college degree,More than high school graduate,White no college degree,White women non college graduates,Favorable,Only Biden,Unfavorable,5.0,,,No,No,,,Return to Barack Obama's policies,45+,65+,Democrat,Non-black Democrat,White Democrat,Democratic women,Democrat,White Democrat,Moderate,Moderate or Conservative,Moderate,,,No,,White,White,State questionnaire,White,White,White,South,Jewish,Jewish,Jewish,,Female,White women,,Oppose,Suburbs,Suburbs,,English,Florida,White suburban women,Telephone survey,Before that,Earlier than that,Earlier than that,Angry,,,,Version 2,Yes,Can beat Donald Trump
277278405.0,0.361331224441528,Joe Biden,65+,60+,65 or over,45+,50+,60+,65+,Non-Black 60+,White 60+,White 65+,Complete,Joe Biden,,,22.0,No,No,Needs minor changes,"An advanced degree after a bachelor's degree (such as JD, MA, MBA, MD, PhD)",College graduate,More than high school graduate,White college degree,White women college graduates,Favorable,Only Biden,Unfavorable,5.0,,,No,No,,,Return to Barack Obama's policies,45+,65+,Democrat,Non-black Democrat,White Democrat,Democratic women,Democrat,White Democrat,Somewhat liberal,Liberal,Liberal,,,No,,White,White,State questionnaire,White,White,White,South,Catholic,Catholic,Catholic,,Female,White women,,Oppose,Suburbs,Suburbs,,English,Florida,White suburban women,Telephone survey,Before that,Earlier than that,Earlier than that,"Dissatisfied, but not angry",,,,Version 2,Yes,Can beat Donald Trump
277278406.0,0.783974468708038,Joe Biden,45-65,30-59,50-59,45+,50+,45-59,50-64,Non-Black 45-59,White 45-59,White 45-64,Complete,Joe Biden,,,18.0,No,No,Needs a complete overhaul,Never attended college,No college degree,High school graduate or less,White no college degree,White men non college graduates,Favorable,Only Biden,Unfavorable,5.0,,,No,No,,,Return to Barack Obama's policies,45+,18-64,Democrat,Non-black Democrat,White Democrat,Democratic men,Democrat,White Democrat,Moderate,Moderate or Conservative,Moderate,,,No,,White,White,State questionnaire,White,White,White,South,Catholic,Catholic,Catholic,,Male,White men,,Oppose,"Cities 50,000-500,000","Cities over 50,000",,English,Florida,Other,Telephone survey,Before that,Earlier than that,Earlier than that,Angry,,,,Version 2,Yes,Can beat Donald Trump
277278407.0,0.612561464309692,Joe Biden,45-65,60+,60-64,45+,50+,60+,50-64,Non-Black 60+,White 60+,White 45-64,Complete,Joe Biden,,,18.0,No,No,Needs minor changes,"An advanced degree after a bachelor's degree (such as JD, MA, MBA, MD, PhD)",College graduate,More than high school graduate,White college degree,White women college graduates,Favorable,Only Biden,Unfavorable,5.0,,,No,No,,,Return to Barack Obama's policies,45+,18-64,Democrat,Non-black Democrat,White Democrat,Democratic women,Democrat,White Democrat,Somewhat liberal,Liberal,Liberal,,,No,,White,White,State questionnaire,White,White,White,South,Jewish,Jewish,Jewish,,Female,White women,,Oppose,Suburbs,Suburbs,,English,Florida,White suburban women,Telephone survey,Before that,Earlier than that,Earlier than that,"Dissatisfied, but not angry",,,,Version 2,No,Omit
277278408.0,1.05687153339386,Bernie Sanders,30-44,30-59,40-44,18-44,18-49,30-44,40-49,Black 30-44,Black 30-44,Black 30-44,Complete,Joe Biden,,,18.0,No,No,Needs a complete overhaul,"An advanced degree after a bachelor's degree (such as JD, MA, MBA, MD, PhD)",College graduate,More than high school graduate,Non white college degree,Non-whites,Favorable,Both,Favorable,5.0,,,No,No,,,Return to Barack Obama's policies,18-44,18-64,Democrat,Black Democrat,Black Democrat,Democratic men,Democrat,Non-White Democrats,Very liberal,Liberal,Liberal,,,No,,Black,Black,State questionnaire,Black,Non-white,Black,South,Protestant/Other Non-Catholic Christian,Protestant,,,Male,Black men,,Oppose,"Cities 50,000-500,000","Cities over 50,000",,English,Florida,Other,Telephone survey,Earlier this month,Earlier than that,In the last month,Angry,,,,Version 2,Yes,Can beat Donald Trump
277278409.0,1.16747534275055,Joe Biden,65+,60+,65 or over,45+,50+,60+,65+,Black 60+,Black 60+,Black 65+,Complete,Joe Biden,,,22.0,No,No,Needs minor changes,Bachelor's degree (BA or BS),College graduate,More than high school graduate,Non white college degree,Non-whites,Favorable,Both,Favorable,5.0,,,No,No,,,Return to Barack Obama's policies,45+,65+,Democrat,Black Democrat,Black Democrat,Democratic men,Democrat,Non-White Democrats,Somewhat liberal,Liberal,Liberal,,,No,,Black,Black,State questionnaire,Black,Non-white,Black,South,Protestant/Other Non-Catholic Christian,Protestant,,,Male,Black men,,Support,Suburbs,Suburbs,,English,Florida,Other,Telephone survey,Earlier this month,Earlier than that,In the last month,Angry,,,,Version 2,Yes,Can beat Donald Trump
277278410.0,0.543312251567841,Joe Biden,65+,60+,65 or over,45+,50+,60+,65+,Non-Black 60+,White 60+,White 65+,Complete,Joe Biden,,,20.0,No,No,Works well enough as is,Bachelor's degree (BA or BS),College graduate,More than high school graduate,White college degree,White men college graduates,Favorable,Both,Favorable,5.0,,,No,No,,,Change to more liberal policies,45+,65+,Democrat,Non-black Democrat,White Democrat,Democratic men,Democrat,White Democrat,Moderate,Moderate or Conservative,Moderate,,,No,,White,White,State questionnaire,White,White,White,South,Catholic,Catholic,Catholic,,Male,White men,,Oppose,"Cities 50,000-500,000","Cities over 50,000",,English,Florida,Other,Telephone survey,In February,Earlier than that,Earlier than that,"Dissatisfied, but not angry",,,,Version 2,Yes,Can beat Donald Trump
277278411.0,1.13866066932678,Joe Biden,45-65,30-59,50-59,45+,50+,45-59,50-64,Non-Black 45-59,White 45-59,White 45-64,Complete,Joe Biden,,,18.0,No,No,Needs minor changes,Associate's degree (AA or AS),No college degree,More than high school graduate,White no college degree,White men non college graduates,Favorable,Both,Favorable,5.0,,,No,No,,,Return to Barack Obama's policies,45+,18-64,Democrat,Non-black Democrat,White Democrat,Democratic men,Democrat,White Democrat,Moderate,Moderate or Conservative,Moderate,,,No,,White,White,State questionnaire,White,White,White,South,None,None,None,,Male,White men,,Oppose,"Cities 50,000-500,000","Cities over 50,000",,English,Florida,Other,Telephone survey,In February,Earlier than that,Earlier than that,Angry,,,,Version 2,Yes,Can beat Donald Trump
277278412.0,0.444258332252502,Joe Biden,65+,60+,65 or over,45+,50+,60+,65+,Non-Black 60+,White 60+,White 65+,Complete,Joe Biden,,,8.0,No,No,Works well enough as is,"An advanced degree after a bachelor's degree (such as JD, MA, MBA, MD, PhD)",College graduate,More than high school graduate,White college degree,White men college graduates,Favorable,Only Biden,Unfavorable,2.0,,,No,No,,,Change to more liberal policies,45+,65+,Democrat,Non-black Democrat,White Democrat,Democratic men,Democrat,White Democrat,Somewhat liberal,Liberal,Liberal,,,No,,White,White,State questionnaire,White,White,White,South,None,None,None,,Male,White men,,Omit,"Cities 10,000-50,000",Small Cities/Rural,,English,Florida,Other,Telephone survey,Before that,Earlier than that,Earlier than that,Angry,,,,Version 2,Yes,Can beat Donald Trump
277278413.0,0.462442517280579,Joe Biden,65+,60+,65 or over,45+,50+,60+,65+,Non-Black 60+,White 60+,White 65+,Complete,Joe Biden,,,22.0,No,No,Works well enough as is,Never attended college,No college degree,High school graduate or less,White no college degree,White men non college graduates,Favorable,Both,Favorable,5.0,,,No,No,,,Return to Barack Obama's policies,45+,65+,Democrat,Non-black Democrat,White Democrat,Democratic men,Democrat,White Democrat,Somewhat liberal,Liberal,Liberal,,,No,,White,White,State questionnaire,White,White,White,South,Catholic,Catholic,Catholic,,Male,White men,,Support,Suburbs,Suburbs,,English,Florida,White suburban men,Telephone survey,Earlier this month,Earlier than that,In the last month,Angry,,,,Version 2,Yes,Can beat Donald Trump
277278414.0,0.446689903736115,Joe Biden,65+,60+,65 or over,45+,50+,60+,65+,Non-Black 60+,White 60+,White 65+,Complete,Joe Biden,,,22.0,No,No,Needs a complete overhaul,Never attended college,No college degree,High school graduate or less,White no college degree,White women non college graduates,Favorable,Both,Favorable,5.0,,,No,No,,,Return to Barack Obama's policies,45+,65+,Democrat,Non-black Democrat,White Democrat,Democratic women,Democrat,White Democrat,Somewhat liberal,Liberal,Liberal,,,No,,White,White,State questionnaire,White,White,White,South,Jewish,Jewish,Jewish,,Female,White women,,Oppose,Suburbs,Suburbs,,English,Florida,White suburban women,Telephone survey,In February,Earlier than that,Earlier than that,Angry,,,,Version 2,Yes,Can beat Donald Trump
277278415.0,0.469600766897202,Bernie Sanders,30-44,30-59,30-39,18-44,18-49,30-44,30-39,Non-Black 30-44,White 30-44,White 30-44,Complete,Joe Biden,,,21.0,No,No,Works well enough as is,Bachelor's degree (BA or BS),College graduate,More than high school graduate,White college degree,White men college graduates,Favorable,Both,Favorable,5.0,,,No,No,,,Change to more liberal policies,18-44,18-64,Democrat,Non-black Democrat,White Democrat,Democratic men,Democrat,White Democrat,Very liberal,Liberal,Liberal,,,No,,White,White,State questionnaire,White,White,White,South,Jewish,Jewish,Jewish,,Male,White men,,Support,Suburbs,Suburbs,,English,Florida,White suburban men,Telephone survey,Before that,Earlier than that,Earlier than that,Angry,,,,Version 2,Yes,Can beat Donald Trump
277278416.0,0.524804890155792,Joe Biden,65+,60+,65 or over,45+,50+,60+,65+,Non-Black 60+,White 60+,White 65+,Complete,Joe Biden,,,22.0,No,No,Needs a complete overhaul,Bachelor's degree (BA or BS),College graduate,More than high school graduate,White college degree,White women college graduates,Favorable,Only Biden,Unfavorable,5.0,,,No,No,,,Omit,45+,65+,Independent/Something else,Non-black non-Democrat,White Independent,Independent women,Independent,White Independent,Somewhat liberal,Liberal,Liberal,,,No,,White,White,State questionnaire,White,White,White,South,Jewish,Jewish,Jewish,,Female,White women,,Oppose,Suburbs,Suburbs,,English,Florida,White suburban women,Telephone survey,In February,Earlier than that,Earlier than that,Angry,,,,Version 2,Yes,Can beat Donald Trump
277278417.0,0.562313973903656,Bernie Sanders,45-65,60+,60-64,45+,50+,60+,50-64,Non-Black 60+,White 60+,White 45-64,Complete,Bernie Sanders,,,22.0,No,No,Needs a complete overhaul,Never attended college,No college degree,High school graduate or less,White no college degree,White men non college graduates,Omit,Only Sanders,Favorable,5.0,,,No,No,,,Change to more conservative policies,45+,18-64,Democrat,Non-black Democrat,White Democrat,Democratic men,Democrat,White Democrat,Conservative,Moderate or Conservative,Conservative,,,No,,White,White,State questionnaire,White,White,White,South,Jewish,Jewish,Jewish,,Male,White men,,Support,Suburbs,Suburbs,,English,Florida,White suburban men,Telephone survey,Omit,Omit,Omit,"Dissatisfied, but not angry",,,,Version 2,Yes,Agrees with you on major issues
277278418.0,0.361331224441528,Joe Biden,65+,60+,65 or over,45+,50+,60+,65+,Non-Black 60+,White 60+,White 65+,Complete,Joe Biden,,,21.0,No,No,Needs minor changes,"An advanced degree after a bachelor's degree (such as JD, MA, MBA, MD, PhD)",College graduate,More than high school graduate,White college degree,White women college graduates,Favorable,Both,Favorable,5.0,,,No,No,,,Change to more liberal policies,45+,65+,Democrat,Non-black Democrat,White Democrat,Democratic women,Democrat,White Democrat,Somewhat liberal,Liberal,Liberal,,,No,,White,White,State questionnaire,White,White,White,South,Jewish,Jewish,Jewish,,Female,White women,,Omit,Suburbs,Suburbs,,English,Florida,White suburban women,Telephone survey,Earlier this month,Earlier than that,In the last month,Angry,,,,Version 2,Yes,Can beat Donald Trump
277278419.0,0.374073654413223,Joe Biden,65+,60+,65 or over,45+,50+,60+,65+,Non-Black 60+,White 60+,White 65+,Complete,Joe Biden,,,22.0,No,No,Needs a complete overhaul,Bachelor's degree (BA or BS),College graduate,More than high school graduate,White college degree,White men college graduates,Favorable,Only Biden,Unfavorable,5.0,,,No,Yes,,,Return to Barack Obama's policies,45+,65+,Democrat,Non-black Democrat,White Democrat,Democratic men,Democrat,White Democrat,Moderate,Moderate or Conservative,Moderate,,,No,,White,White,State questionnaire,White,White,White,South,Catholic,Catholic,Catholic,,Male,White men,,Omit,Suburbs,Suburbs,,English,Florida,White suburban men,Telephone survey,Before that,Earlier than that,Earlier than that,Angry,,,,Version 2,Yes,Can beat Donald Trump
277278420.0,0.374073654413223,Joe Biden,65+,60+,65 or over,45+,50+,60+,65+,Non-Black 60+,White 60+,White 65+,Complete,Joe Biden,,,21.0,No,No,Needs minor changes,"An advanced degree after a bachelor's degree (such as JD, MA, MBA, MD, PhD)",College graduate,More than high school graduate,White college degree,White men college graduates,Favorable,Both,Favorable,5.0,,,No,No,,,Change to more liberal policies,45+,65+,Democrat,Non-black Democrat,White Democrat,Democratic men,Democrat,White Democrat,Somewhat liberal,Liberal,Liberal,,,No,,White,White,State questionnaire,White,White,White,South,,,,,Male,White men,,Oppose,Suburbs,Suburbs,,English,Florida,White suburban men,Telephone survey,Earlier this month,Earlier than that,In the last month,Angry,,,,Version 2,Yes,Can beat Donald Trump
277278421.0,0.671661019325256,Joe Biden,65+,60+,65 or over,45+,50+,60+,65+,Non-Black 60+,White 60+,White 65+,Complete,Joe Biden,,,21.0,No,No,Needs minor changes,Never attended college,No college degree,High school graduate or less,White no college degree,White men non college graduates,Favorable,Both,Favorable,5.0,,,No,No,,,Return to Barack Obama's policies,45+,65+,Democrat,Non-black Democrat,White Democrat,Democratic men,Democrat,White Democrat,Somewhat liberal,Liberal,Liberal,,,No,,White,White,State questionnaire,White,White,White,South,Jewish,Jewish,Jewish,,Male,White men,,Oppose,Suburbs,Suburbs,,English,Florida,White suburban men,Telephone survey,In February,Earlier than that,Earlier than that,Angry,,,,Version 2,No,Agrees with you on major issues
277278422.0,0.757269203662872,Joe Biden,45-65,60+,60-64,45+,50+,60+,50-64,Non-Black 60+,White 60+,White 45-64,Complete,Joe Biden,,,21.0,No,No,Needs minor changes,Never attended college,No college degree,High school graduate or less,White no college degree,White women non college graduates,Favorable,Both,Favorable,5.0,,,No,No,,,Return to Barack Obama's policies,45+,18-64,Democrat,Non-black Democrat,White Democrat,Democratic women,Democrat,White Democrat,Moderate,Moderate or Conservative,Moderate,,,No,,White,White,State questionnaire,White,White,White,South,Protestant/Other Non-Catholic Christian,Protestant,Protestant/Other Non-Catholic Christian,,Female,White women,,Oppose,Suburbs,Suburbs,,English,Florida,White suburban women,Telephone survey,Before that,Earlier than that,Earlier than that,Angry,,,,Version 2,Yes,Can beat Donald Trump
277278423.0,1.13994204998016,Joe Biden,65+,60+,65 or over,45+,50+,60+,65+,Black 60+,Black 60+,Black 65+,Complete,Joe Biden,,,9.0,No,No,Needs a complete overhaul,Associate's degree (AA or AS),No college degree,More than high school graduate,Non white no college degree,Non-whites,Favorable,Both,Favorable,2.0,,,No,,,,Return to Barack Obama's policies,45+,65+,Democrat,Black Democrat,Black Democrat,Democratic women,Democrat,Non-White Democrats,Moderate,Moderate or Conservative,Moderate,,,No,,Black,Black,State questionnaire,Black,Non-white,Black,South,Protestant/Other Non-Catholic Christian,Other Christian,,,Female,Black women,,Support,"Cities 50,000-500,000","Cities over 50,000",,English,Florida,Other,Telephone survey,Earlier this month,Earlier than that,In the last month,"Dissatisfied, but not angry",,,,Version 2,Yes,Agrees with you on major issues
277278424.0,0.629901826381683,Joe Biden,65+,60+,65 or over,45+,50+,60+,65+,,,,Complete,Omit,,,7.0,,,Omit,,,,,,Omit,Omit,Omit,2.0,,,,,,,Omit,45+,65+,,,,,,,,,,,,,,,,State questionnaire,,,,South,Catholic,Catholic,,,Male,,,Omit,"Cities 50,000-500,000","Cities over 50,000",,,Florida,Other,Telephone survey,Earlier this month,Earlier than that,In the last month,Omit,,,,Version 2,Yes,Omit
277278425.0,1.33928966522217,Joe Biden,65+,60+,65 or over,45+,50+,60+,65+,Black 60+,Black 60+,Black 65+,Complete,Joe Biden,,,7.0,No,No,Needs a complete overhaul,"An advanced degree after a bachelor's degree (such as JD, MA, MBA, MD, PhD)",College graduate,More than high school graduate,Non white college degree,Non-whites,Favorable,Both,Favorable,2.0,,,No,No,,,Change to more liberal policies,45+,65+,Democrat,Black Democrat,Black Democrat,Democratic women,Democrat,Non-White Democrats,Somewhat liberal,Liberal,Liberal,,,No,,Black,Black,State questionnaire,Black,Non-white,Black,South,Protestant/Other Non-Catholic Christian,Protestant,,,Female,Black women,,Support,Suburbs,Suburbs,,English,Florida,Other,Telephone survey,Earlier this month,Earlier than that,In the last month,Angry,,,,Version 2,Yes,Agrees with you on major issues
277278426.0,0.429125130176544,Joe Biden,65+,60+,65 or over,45+,50+,60+,65+,Non-Black 60+,All others,All others,Complete,Joe Biden,,,10.0,No,No,Needs a complete overhaul,Bachelor's degree (BA or BS),College graduate,More than high school graduate,Non white college degree,Non-whites,Favorable,Only Biden,Unfavorable,2.0,,,No,No,,,Return to Barack Obama's policies,45+,65+,Democrat,Non-black Democrat,All Other,Democratic women,Democrat,Non-White Democrats,Moderate,Moderate or Conservative,Moderate,,,No,,Other,Other,State questionnaire,Other,Non-white,Other,South,Catholic,Catholic,,,Female,All other races,,Oppose,Suburbs,Suburbs,,English,Florida,Other,Telephone survey,Before that,Earlier than that,Earlier than that,Angry,,,,Version 2,Yes,Can beat Donald Trump
277278427.0,2.7604284286499,Other,65+,60+,65 or over,45+,50+,60+,65+,Non-Black 60+,Latino 60+,Latino 65+,Complete,Bernie Sanders,,,8.0,No,"Yes, Puerto Rican",Needs a complete overhaul,Associate's degree (AA or AS),No college degree,More than high school graduate,Non white no college degree,Non-whites,Omit,Only Sanders,Favorable,2.0,,,Yes,No,,,Return to Barack Obama's policies,45+,65+,Democrat,Non-black Democrat,Latino Democrat,Democratic women,Democrat,Non-White Democrats,Moderate,Moderate or Conservative,Moderate,,,Yes,,Other,Hispanic/Latino,State questionnaire,Hispanic/Latino,Non-white,Hispanic/Latino,South,Jewish,Jewish,,,Female,Latino women,,Support,"Cities 50,000-500,000","Cities over 50,000",,English,Florida,Other,Telephone survey,Before that,Earlier than that,Earlier than that,"Dissatisfied, but not angry",,,,Version 2,Yes,Can beat Donald Trump
277278428.0,0.797679781913757,Joe Biden,65+,60+,65 or over,45+,50+,60+,65+,Non-Black 60+,White 60+,White 65+,Complete,Joe Biden,,,7.0,No,No,Needs a complete overhaul,Associate's degree (AA or AS),No college degree,More than high school graduate,White no college degree,White men non college graduates,Favorable,Both,Favorable,2.0,,,No,No,,,Change to more liberal policies,45+,65+,Democrat,Non-black Democrat,White Democrat,Democratic men,Democrat,White Democrat,Very liberal,Liberal,Liberal,,,No,,White,White,State questionnaire,White,White,White,South,None,None,None,,Male,White men,,Support,"Cities 50,000-500,000","Cities over 50,000",,English,Florida,Other,Telephone survey,Before that,Earlier than that,Earlier than that,Angry,,,,Version 2,Yes,Can beat Donald Trump
277278429.0,1.73183178901672,Joe Biden,45-65,60+,60-64,45+,50+,60+,50-64,,,,Complete,Joe Biden,,,5.0,No,No,Works well enough as is,Associate's degree (AA or AS),No college degree,More than high school graduate,,,Favorable,Both,Favorable,2.0,,,No,No,,,Return to Barack Obama's policies,45+,18-64,Democrat,,,Democratic men,Democrat,,Somewhat liberal,Liberal,Liberal,,,No,,,,State questionnaire,,,,South,Protestant/Other Non-Catholic Christian,Other Christian,,,Male,,,Omit,"Cities 50,000-500,000","Cities over 50,000",,English,Florida,Other,Telephone survey,Earlier this month,Earlier than that,In the last month,Angry,,,,Version 2,Yes,Can beat Donald Trump
277278430.0,0.444258332252502,Joe Biden,65+,60+,65 or over,45+,50+,60+,65+,Non-Black 60+,White 60+,White 65+,Complete,Joe Biden,,,5.0,No,No,Needs minor changes,"An advanced degree after a bachelor's degree (such as JD, MA, MBA, MD, PhD)",College graduate,More than high school graduate,White college degree,White men college graduates,Favorable,Only Biden,Unfavorable,2.0,,,No,No,,,Return to Barack Obama's policies,45+,65+,Democrat,Non-black Democrat,White Democrat,Democratic men,Democrat,White Democrat,Very liberal,Liberal,Liberal,,,No,,White,White,State questionnaire,White,White,White,South,None,None,None,,Male,White men,,Oppose,"Cities 50,000-500,000","Cities over 50,000",,English,Florida,Other,Telephone survey,Before that,Earlier than that,Earlier than that,Angry,,,,Version 2,Yes,Can beat Donald Trump
277278431.0,1.24236059188843,Bernie Sanders,45-65,30-59,45-49,45+,18-49,45-59,40-49,Black 45-59,Black 45-59,Black 45-64,Complete,Joe Biden,,,10.0,No,No,Needs minor changes,Bachelor's degree (BA or BS),College graduate,More than high school graduate,Non white college degree,Non-whites,Favorable,Both,Favorable,2.0,,,No,No,,,Return to Barack Obama's policies,45+,18-64,Independent/Something else,Black non-Democrat,Black Independent,Independent women,Independent,All others,Moderate,Moderate or Conservative,Moderate,,,No,,Black,Black,State questionnaire,Black,Non-white,Black,South,Protestant/Other Non-Catholic Christian,Protestant,,,Female,Black women,,Oppose,Suburbs,Suburbs,,English,Florida,Other,Telephone survey,In February,Earlier than that,Earlier than that,"Dissatisfied, but not angry",,,,Version 2,Yes,Agrees with you on major issues
277278432.0,3.14268136024475,Other,65+,60+,65 or over,45+,50+,60+,65+,Non-Black 60+,Latino 60+,Latino 65+,Complete,Joe Biden,,,15.0,Yes,"Yes, Cuban",Needs minor changes,Attended college but received no degree,No college degree,More than high school graduate,Non white no college degree,Non-whites,Favorable,Only Biden,Unfavorable,4.0,,,Yes,No,,,Return to Barack Obama's policies,45+,65+,Democrat,Non-black Democrat,Latino Democrat,Democratic women,Democrat,Non-White Democrats,Moderate,Moderate or Conservative,Moderate,,,No,,Other,Hispanic/Latino,State questionnaire,Hispanic/Latino,Non-white,Hispanic/Latino,South,Protestant/Other Non-Catholic Christian,Protestant,,,Female,Latino women,,Support,Suburbs,Suburbs,,English,Florida,Other,Telephone survey,In February,Earlier than that,Earlier than that,Angry,,,,Version 2,Yes,Agrees with you on major issues
277278433.0,1.00219941139221,Other,65+,60+,65 or over,45+,50+,60+,65+,Non-Black 60+,White 60+,White 65+,Complete,Joe Biden,,,15.0,No,No,Needs minor changes,Bachelor's degree (BA or BS),College graduate,More than high school graduate,White college degree,White women college graduates,Omit,Omit,Unfavorable,4.0,,,No,No,,,Return to Barack Obama's policies,45+,65+,Democrat,Non-black Democrat,White Democrat,Democratic women,Democrat,White Democrat,Moderate,Moderate or Conservative,Moderate,,,No,,White,White,State questionnaire,White,White,White,South,Protestant/Other Non-Catholic Christian,Other Christian,Protestant/Other Non-Catholic Christian,,Female,White women,,Support,"Cities 50,000-500,000","Cities over 50,000",,English,Florida,Other,Telephone survey,Before that,Earlier than that,Earlier than that,Angry,,,,Version 2,Yes,Can beat Donald Trump
277278434.0,0.457540452480316,Joe Biden,65+,60+,65 or over,45+,50+,60+,65+,Non-Black 60+,White 60+,White 65+,Complete,Joe Biden,,,15.0,No,No,Needs minor changes,"An advanced degree after a bachelor's degree (such as JD, MA, MBA, MD, PhD)",College graduate,More than high school graduate,White college degree,White women college graduates,Favorable,Only Biden,Unfavorable,4.0,,,No,No,,,Return to Barack Obama's policies,45+,65+,Democrat,Non-black Democrat,White Democrat,Democratic women,Democrat,White Democrat,Somewhat liberal,Liberal,Liberal,,,No,,White,White,State questionnaire,White,White,White,South,Catholic,Catholic,Catholic,,Female,White women,,Oppose,"Cities 50,000-500,000","Cities over 50,000",,English,Florida,Other,Telephone survey,Earlier this month,Earlier than that,In the last month,Angry,,,,Version 2,Yes,Can beat Donald Trump
277278435.0,0.565626978874207,Joe Biden,65+,60+,65 or over,45+,50+,60+,65+,Non-Black 60+,White 60+,White 65+,Complete,Joe Biden,,,11.0,No,No,Needs minor changes,Associate's degree (AA or AS),No college degree,More than high school graduate,White no college degree,White women non college graduates,Favorable,Only Biden,Omit,4.0,,,No,,,,Omit,45+,65+,Independent/Something else,Non-black non-Democrat,White Independent,Independent women,Independent,White Independent,Moderate,Moderate or Conservative,Moderate,,,No,,White,White,State questionnaire,White,White,White,South,Protestant/Other Non-Catholic Christian,Other Christian,Protestant/Other Non-Catholic Christian,,Female,White women,,Support,"Cities 10,000-50,000",Small Cities/Rural,,English,Florida,Other,Telephone survey,Earlier this month,Earlier than that,In the last month,Angry,,,,Version 2,Yes,Can beat Donald Trump
277278436.0,1.7037101984024,Joe Biden,65+,60+,65 or over,45+,50+,60+,65+,Non-Black 60+,Latino 60+,Latino 65+,Complete,Joe Biden,,,24.0,No,"Yes, Puerto Rican",Needs a complete overhaul,Never attended college,No college degree,High school graduate or less,Non white no college degree,Non-whites,Favorable,Both,Favorable,5.0,,,Yes,No,,,Return to Barack Obama's policies,45+,65+,Democrat,Non-black Democrat,Latino Democrat,Democratic men,Democrat,Non-White Democrats,Moderate,Moderate or Conservative,Moderate,,,Yes,,Other,Hispanic/Latino,State questionnaire,Hispanic/Latino,Non-white,Hispanic/Latino,South,Catholic,Catholic,,,Male,Latino men,,Omit,Suburbs,Suburbs,,English,Florida,Other,Telephone survey,Earlier this month,Earlier than that,In the last month,Angry,,,,Version 2,No,Agrees with you on major issues
277278437.0,0.677428126335144,Joe Biden,65+,60+,65 or over,45+,50+,60+,65+,Non-Black 60+,White 60+,White 65+,Complete,Joe Biden,,,17.0,No,No,Needs minor changes,Attended college but received no degree,No college degree,More than high school graduate,White no college degree,White women non college graduates,Favorable,Both,Favorable,3.0,,,No,No,,,Return to Barack Obama's policies,45+,65+,Democrat,Non-black Democrat,White Democrat,Democratic women,Democrat,White Democrat,Moderate,Moderate or Conservative,Moderate,,,No,,White,White,State questionnaire,White,White,White,South,Catholic,Catholic,Catholic,,Female,White women,,Oppose,Suburbs,Suburbs,,English,Florida,White suburban women,Telephone survey,In February,Earlier than that,Earlier than that,Omit,,,,Version 2,No,Omit
277278438.0,0.374073654413223,Joe Biden,65+,60+,65 or over,45+,50+,60+,65+,Non-Black 60+,White 60+,White 65+,Complete,Joe Biden,,,18.0,No,No,Needs a complete overhaul,"An advanced degree after a bachelor's degree (such as JD, MA, MBA, MD, PhD)",College graduate,More than high school graduate,White college degree,White men college graduates,Favorable,Both,Favorable,5.0,,,No,No,,,Return to Barack Obama's policies,45+,65+,Democrat,Non-black Democrat,White Democrat,Democratic men,Democrat,White Democrat,Very liberal,Liberal,Liberal,,,No,,White,White,State questionnaire,White,White,White,South,Jewish,Jewish,Jewish,,Male,White men,,Support,"Cities 50,000-500,000","Cities over 50,000",,English,Florida,Other,Telephone survey,Before that,Earlier than that,Earlier than that,"Dissatisfied, but not angry",,,,Version 2,Yes,Can beat Donald Trump
277278439.0,1.28264462947845,Other,65+,60+,65 or over,45+,50+,60+,65+,Non-Black 60+,White 60+,White 65+,Complete,Joe Biden,,,19.0,No,No,Needs minor changes,Associate's degree (AA or AS),No college degree,More than high school graduate,White no college degree,White men non college graduates,Favorable,Both,Favorable,4.0,,,No,No,,,Change to more liberal policies,45+,65+,Independent/Something else,Non-black non-Democrat,White Independent,Independent men,Independent,White Independent,Moderate,Moderate or Conservative,Moderate,,,No,,White,White,State questionnaire,White,White,White,South,Catholic,Catholic,Catholic,,Male,White men,,Oppose,"Cities 50,000-500,000","Cities over 50,000",,English,Florida,Other,Telephone survey,Omit,Omit,Omit,Angry,,,,Version 2,Yes,Agrees with you on major issues
277278440.0,1.24180424213409,Joe Biden,45-65,30-59,45-49,45+,18-49,45-59,40-49,Non-Black 45-59,White 45-59,White 45-64,Complete,Joe Biden,,,12.0,No,No,Needs a complete overhaul,Attended college but received no degree,No college degree,More than high school graduate,White no college degree,White women non college graduates,Favorable,Both,Favorable,3.0,,,No,No,,,Return to Barack Obama's policies,45+,18-64,Independent/Something else,Non-black non-Democrat,White Independent,Independent women,Something else,White Independent,Somewhat liberal,Liberal,Liberal,,,No,,White,White,State questionnaire,White,White,White,South,None,None,None,,Female,White women,,Oppose,Suburbs,Suburbs,,English,Florida,White suburban women,Telephone survey,Earlier this month,Earlier than that,In the last month,Angry,,,,Version 2,Yes,Can beat Donald Trump
277278441.0,0.958902180194855,Joe Biden,45-65,30-59,50-59,45+,50+,45-59,50-64,Non-Black 45-59,White 45-59,White 45-64,Complete,Joe Biden,,,19.0,No,No,Needs minor changes,Attended college but received no degree,No college degree,More than high school graduate,White no college degree,White women non college graduates,Favorable,Only Biden,Unfavorable,4.0,,,No,No,,,Return to Barack Obama's policies,45+,18-64,Democrat,Non-black Democrat,White Democrat,Democratic women,Democrat,White Democrat,Moderate,Moderate or Conservative,Moderate,,,No,,White,White,State questionnaire,White,White,White,South,None,None,None,,Female,White women,,Support,"Cities 10,000-50,000",Small Cities/Rural,,English,Florida,Other,Telephone survey,Earlier this month,Earlier than that,In the last month,Angry,,,,Version 2,Yes,Can beat Donald Trump
277278442.0,0.457540452480316,Joe Biden,65+,60+,65 or over,45+,50+,60+,65+,Non-Black 60+,White 60+,White 65+,Complete,Joe Biden,,,19.0,No,No,Needs minor changes,"An advanced degree after a bachelor's degree (such as JD, MA, MBA, MD, PhD)",College graduate,More than high school graduate,White college degree,White women college graduates,Favorable,Only Biden,Unfavorable,4.0,,,No,No,,,Omit,45+,65+,Democrat,Non-black Democrat,White Democrat,Democratic women,Democrat,White Democrat,Somewhat liberal,Liberal,Liberal,,,No,,White,White,State questionnaire,White,White,White,South,Jewish,Jewish,Jewish,,Female,White women,,Support,"Cities 10,000-50,000",Small Cities/Rural,,English,Florida,Other,Telephone survey,Before that,Earlier than that,Earlier than that,Angry,,,,Version 2,Yes,Can beat Donald Trump
277278443.0,0.444258332252502,Joe Biden,65+,60+,65 or over,45+,50+,60+,65+,Non-Black 60+,All others,All others,Complete,Joe Biden,,,9.0,No,No,Omit,"An advanced degree after a bachelor's degree (such as JD, MA, MBA, MD, PhD)",College graduate,More than high school graduate,Non white college degree,Non-whites,Favorable,Only Biden,Omit,2.0,,,No,No,,,Omit,45+,65+,Democrat,Non-black Democrat,All Other,Democratic men,Democrat,Non-White Democrats,Somewhat liberal,Liberal,Liberal,,,No,,Other,Asian,State questionnaire,Asian,Non-white,Asian,South,Protestant/Other Non-Catholic Christian,Protestant,,,Male,All other races,,Omit,"Cities 50,000-500,000","Cities over 50,000",,English,Florida,Other,Telephone survey,Before that,Earlier than that,Earlier than that,Angry,,,,Version 2,Yes,Can beat Donald Trump
277278444.0,2.03372502326965,Bernie Sanders,30-44,30-59,30-39,18-44,18-49,30-44,30-39,Non-Black 30-44,Latino 30-44,Latino 30-44,Complete,Bernie Sanders,,,9.0,No,"Yes, other Hispanic",Needs a complete overhaul,Bachelor's degree (BA or BS),College graduate,More than high school graduate,Non white college degree,Non-whites,Omit,Only Sanders,Favorable,2.0,,,Yes,No,,,Change to more liberal policies,18-44,18-64,Democrat,Non-black Democrat,Latino Democrat,Democratic women,Democrat,Non-White Democrats,Somewhat liberal,Liberal,Liberal,,,No,,Other,Hispanic/Latino,State questionnaire,Hispanic/Latino,Non-white,Hispanic/Latino,South,Protestant/Other Non-Catholic Christian,Other Christian,,,Female,Latino women,,Support,"Cities 50,000-500,000","Cities over 50,000",,English,Florida,Other,Telephone survey,Before that,Earlier than that,Earlier than that,Angry,,,,Version 2,Yes,Agrees with you on major issues
277278445.0,2.45507335662842,Joe Biden,45-65,30-59,45-49,45+,18-49,45-59,40-49,Black 45-59,Black 45-59,Black 45-64,Complete,Joe Biden,,,8.0,No,No,Needs a complete overhaul,Bachelor's degree (BA or BS),College graduate,More than high school graduate,Non white college degree,Non-whites,Favorable,Only Biden,Omit,2.0,,,No,No,,,Return to Barack Obama's policies,45+,18-64,Democrat,Black Democrat,Black Democrat,Democratic women,Democrat,Non-White Democrats,Moderate,Moderate or Conservative,Moderate,,,No,,Black,Black,State questionnaire,Black,Non-white,Black,South,Protestant/Other Non-Catholic Christian,Other Christian,,,Female,Black women,,Support,"Cities 50,000-500,000","Cities over 50,000",,English,Florida,Other,Telephone survey,Before that,Earlier than that,Earlier than that,Angry,,,,Version 2,Yes,Agrees with you on major issues
277278446.0,0.918315470218658,Bernie Sanders,30-44,30-59,30-39,18-44,18-49,30-44,30-39,Non-Black 30-44,White 30-44,White 30-44,Complete,Bernie Sanders,,,15.0,No,No,Needs minor changes,Bachelor's degree (BA or BS),College graduate,More than high school graduate,White college degree,White women college graduates,Unfavorable,Only Sanders,Favorable,3.0,,,No,No,,,Change to more liberal policies,18-44,18-64,Independent/Something else,Non-black non-Democrat,White Independent,Independent women,Something else,White Independent,Very liberal,Liberal,Liberal,,,No,,White,White,State questionnaire,White,White,White,South,None,None,None,,Female,White women,,Support,Suburbs,Suburbs,,English,Florida,White suburban women,Telephone survey,Earlier this month,Earlier than that,In the last month,Angry,,,,Version 2,Yes,Agrees with you on major issues
277278447.0,1.67996037006378,Joe Biden,30-44,30-59,30-39,18-44,18-49,30-44,30-39,Black 30-44,Black 30-44,Black 30-44,Complete,Joe Biden,,,20.0,No,No,Needs minor changes,Attended college but received no degree,No college degree,More than high school graduate,Non white no college degree,Non-whites,Favorable,Only Biden,Unfavorable,5.0,,,No,No,,,Return to Barack Obama's policies,18-44,18-64,Democrat,Black Democrat,Black Democrat,Democratic women,Democrat,Non-White Democrats,Moderate,Moderate or Conservative,Moderate,,,No,,Black,Black,State questionnaire,Black,Non-white,Black,South,Protestant/Other Non-Catholic Christian,Other Christian,,,Female,Black women,,Oppose,"Cities 50,000-500,000","Cities over 50,000",,English,Florida,Other,Telephone survey,Before that,Earlier than that,Earlier than that,Angry,,,,Version 2,Yes,Can beat Donald Trump
277278448.0,1.14538407325745,Joe Biden,65+,60+,65 or over,45+,50+,60+,65+,Black 60+,Black 60+,Black 65+,Complete,Joe Biden,,,1.0,No,No,Works well enough as is,Attended college but received no degree,No college degree,More than high school graduate,Non white no college degree,Non-whites,Favorable,Both,Favorable,1.0,,,No,No,,,Return to Barack Obama's policies,45+,65+,Democrat,Black Democrat,Black Democrat,Democratic men,Democrat,Non-White Democrats,Somewhat liberal,Liberal,Liberal,,,No,,Black,Black,State questionnaire,Black,Non-white,Black,South,Protestant/Other Non-Catholic Christian,Protestant,,,Male,Black men,,Support,"Cities 50,000-500,000","Cities over 50,000",,English,Florida,Other,Telephone survey,Before that,Earlier than that,Earlier than that,Angry,,,,Version 2,Yes,Can beat Donald Trump
277278449.0,1.01783955097198,Joe Biden,65+,60+,65 or over,45+,50+,60+,65+,Black 60+,Black 60+,Black 65+,Complete,Joe Biden,,,17.0,No,No,Needs minor changes,"An advanced degree after a bachelor's degree (such as JD, MA, MBA, MD, PhD)",College graduate,More than high school graduate,Non white college degree,Non-whites,Favorable,Both,Favorable,4.0,,,No,No,,,Change to more liberal policies,45+,65+,Democrat,Black Democrat,Black Democrat,Democratic men,Democrat,Non-White Democrats,Moderate,Moderate or Conservative,Moderate,,,No,,Black,Black,State questionnaire,Black,Non-white,Black,South,Protestant/Other Non-Catholic Christian,Protestant,,,Male,Black men,,Oppose,Suburbs,Suburbs,,English,Florida,Other,Telephone survey,Earlier this month,Earlier than that,In the last month,"Dissatisfied, but not angry",,,,Version 2,Yes,Can beat Donald Trump
277278450.0,0.514874398708344,Joe Biden,65+,60+,65 or over,45+,50+,60+,65+,Non-Black 60+,White 60+,White 65+,Complete,Joe Biden,,,2.0,No,No,Needs a complete overhaul,Attended college but received no degree,No college degree,More than high school graduate,White no college degree,White women non college graduates,Favorable,Only Biden,Unfavorable,1.0,,,No,No,,,Omit,45+,65+,Democrat,Non-black Democrat,White Democrat,Democratic women,Democrat,White Democrat,,,,,,No,,White,White,State questionnaire,White,White,White,South,Protestant/Other Non-Catholic Christian,Protestant,Protestant/Other Non-Catholic Christian,,Female,White women,,Oppose,Suburbs,Suburbs,,English,Florida,White suburban women,Telephone survey,Earlier this month,Earlier than that,In the last month,"Dissatisfied, but not angry",,,,Version 2,Yes,Omit
277278451.0,0.63960874080658,Joe Biden,45-65,30-59,50-59,45+,50+,45-59,50-64,Non-Black 45-59,White 45-59,White 45-64,Complete,Joe Biden,,,14.0,No,No,Omit,Bachelor's degree (BA or BS),College graduate,More than high school graduate,White college degree,White women college graduates,Favorable,Both,Favorable,3.0,,,No,No,,,Omit,45+,18-64,Democrat,Non-black Democrat,White Democrat,Democratic women,Democrat,White Democrat,Moderate,Moderate or Conservative,Moderate,,,No,,White,White,State questionnaire,White,White,White,South,Protestant/Other Non-Catholic Christian,Protestant,Protestant/Other Non-Catholic Christian,,Female,White women,,Omit,"Cities 50,000-500,000","Cities over 50,000",,English,Florida,Other,Telephone survey,Before that,Earlier than that,Earlier than that,"Dissatisfied, but not angry",,,,Version 2,Yes,Agrees with you on major issues
277278452.0,0.687976360321045,Joe Biden,65+,60+,65 or over,45+,50+,60+,65+,Non-Black 60+,White 60+,White 65+,Complete,Joe Biden,,,16.0,No,No,Needs a complete overhaul,Bachelor's degree (BA or BS),College graduate,More than high school graduate,White college degree,White men college graduates,Favorable,Both,Favorable,4.0,,,No,No,,,Return to Barack Obama's policies,45+,65+,Democrat,Non-black Democrat,White Democrat,Democratic men,Democrat,White Democrat,Somewhat liberal,Liberal,Liberal,,,No,,White,White,State questionnaire,White,White,White,South,None,None,None,,Male,White men,,Oppose,"Cities 50,000-500,000","Cities over 50,000",,English,Florida,Other,Telephone survey,In February,Earlier than that,Earlier than that,Angry,,,,Version 2,Yes,Can beat Donald Trump
277278453.0,1.55380058288574,Joe Biden,45-65,30-59,50-59,45+,50+,45-59,50-64,Non-Black 45-59,Latino 45-59,Latino 45-64,Complete,Joe Biden,,,24.0,No,"Yes, other Hispanic",Needs a complete overhaul,"An advanced degree after a bachelor's degree (such as JD, MA, MBA, MD, PhD)",College graduate,More than high school graduate,Non white college degree,Non-whites,Favorable,Only Biden,Unfavorable,5.0,,,Yes,No,,,Return to Barack Obama's policies,45+,18-64,Democrat,Non-black Democrat,Latino Democrat,Democratic women,Democrat,Non-White Democrats,Very liberal,Liberal,Liberal,,,No,,Other,Hispanic/Latino,State questionnaire,Hispanic/Latino,Non-white,Hispanic/Latino,South,Something else,Other,,,Female,Latino women,,Oppose,"Cities 50,000-500,000","Cities over 50,000",,English,Florida,Other,Telephone survey,Before that,Earlier than that,Earlier than that,Angry,,,,Version 2,Yes,Can beat Donald Trump
277278454.0,1.23895275592804,Other,65+,60+,65 or over,45+,50+,60+,65+,Non-Black 60+,White 60+,White 65+,Complete,Joe Biden,,,17.0,No,No,Needs a complete overhaul,Never attended college,No college degree,High school graduate or less,White no college degree,White women non college graduates,Omit,Omit,Omit,4.0,,,No,No,,,Change to more liberal policies,45+,65+,Independent/Something else,Non-black non-Democrat,White Independent,Independent women,Something else,White Independent,Very liberal,Liberal,Liberal,,,No,,White,White,State questionnaire,White,White,White,South,Catholic,Catholic,Catholic,,Female,White women,,Omit,"Cities 10,000-50,000",Small Cities/Rural,,English,Florida,Other,Telephone survey,In February,Earlier than that,Earlier than that,"Dissatisfied, but not angry",,,,Version 2,No,Agrees with you on major issues
277278455.0,0.482861369848251,Joe Biden,65+,60+,65 or over,45+,50+,60+,65+,Non-Black 60+,White 60+,White 65+,Complete,Joe Biden,,,13.0,No,No,Omit,Attended college but received no degree,No college degree,More than high school graduate,White no college degree,White men non college graduates,Favorable,Only Biden,Unfavorable,3.0,,,No,No,,,Change to more conservative policies,45+,65+,Democrat,Non-black Democrat,White Democrat,Democratic men,Democrat,White Democrat,Moderate,Moderate or Conservative,Moderate,,,No,,White,White,State questionnaire,White,White,White,South,None,None,None,,Male,White men,,Oppose,"Cities 50,000-500,000","Cities over 50,000",,English,Florida,Other,Telephone survey,Before that,Earlier than that,Earlier than that,Angry,,,,Version 2,Yes,Omit
277278456.0,1.36269760131836,Joe Biden,45-65,60+,60-64,45+,50+,60+,50-64,Black 60+,Black 60+,Black 45-64,Complete,Joe Biden,,,24.0,No,No,Needs a complete overhaul,Bachelor's degree (BA or BS),College graduate,More than high school graduate,Non white college degree,Non-whites,Favorable,Only Biden,Omit,5.0,,,No,No,,,Return to Barack Obama's policies,45+,18-64,Democrat,Black Democrat,Black Democrat,Democratic men,Democrat,Non-White Democrats,Moderate,Moderate or Conservative,Moderate,,,No,,Black,Black,State questionnaire,Black,Non-white,Black,South,Protestant/Other Non-Catholic Christian,Protestant,,,Male,Black men,,Support,"Cities 50,000-500,000","Cities over 50,000",,English,Florida,Other,Telephone survey,Earlier this month,Earlier than that,In the last month,"Dissatisfied, but not angry",,,,Version 2,Yes,Can beat Donald Trump
277278457.0,0.457540452480316,Joe Biden,65+,60+,65 or over,45+,50+,60+,65+,Non-Black 60+,White 60+,White 65+,Complete,Joe Biden,,,11.0,No,No,Needs minor changes,Bachelor's degree (BA or BS),College graduate,More than high school graduate,White college degree,White women college graduates,Favorable,Only Biden,Unfavorable,4.0,,,No,Yes,,,Return to Barack Obama's policies,45+,65+,Democrat,Non-black Democrat,White Democrat,Democratic women,Democrat,White Democrat,Somewhat liberal,Liberal,Liberal,,,No,,White,White,State questionnaire,White,White,White,South,Catholic,Catholic,Catholic,,Female,White women,,Oppose,"Cities 50,000-500,000","Cities over 50,000",,English,Florida,Other,Telephone survey,Earlier this month,Earlier than that,In the last month,Angry,,,,Version 2,Yes,Can beat Donald Trump
277278458.0,0.444258332252502,Joe Biden,65+,60+,65 or over,45+,50+,60+,65+,Non-Black 60+,White 60+,White 65+,Complete,Joe Biden,,,9.0,No,No,Needs minor changes,Bachelor's degree (BA or BS),College graduate,More than high school graduate,White college degree,White men college graduates,Favorable,Both,Favorable,2.0,,,No,No,,,Return to Barack Obama's policies,45+,65+,Democrat,Non-black Democrat,White Democrat,Democratic men,Democrat,White Democrat,Somewhat liberal,Liberal,Liberal,,,No,,White,White,State questionnaire,White,White,White,South,Jewish,Jewish,Jewish,,Male,White men,,Oppose,"Cities 50,000-500,000","Cities over 50,000",,English,Florida,Other,Telephone survey,In February,Earlier than that,Earlier than that,"Dissatisfied, but not angry",,,,Version 2,Yes,Can beat Donald Trump
277278459.0,0.390590637922287,Joe Biden,65+,60+,65 or over,45+,50+,60+,65+,Non-Black 60+,White 60+,White 65+,Complete,Joe Biden,,,17.0,No,No,Needs minor changes,"An advanced degree after a bachelor's degree (such as JD, MA, MBA, MD, PhD)",College graduate,More than high school graduate,White college degree,White men college graduates,Favorable,Both,Favorable,3.0,,,No,No,,,Omit,45+,65+,Democrat,Non-black Democrat,White Democrat,Democratic men,Democrat,White Democrat,Somewhat liberal,Liberal,Liberal,,,No,,White,White,State questionnaire,White,White,White,South,Catholic,Catholic,Catholic,,Male,White men,,Support,Suburbs,Suburbs,,English,Florida,White suburban men,Telephone survey,Earlier this month,Earlier than that,In the last month,"Dissatisfied, but not angry",,,,Version 2,Yes,Can beat Donald Trump
277278460.0,0.648781597614288,Joe Biden,65+,60+,65 or over,45+,50+,60+,65+,Non-Black 60+,White 60+,White 65+,Complete,Joe Biden,,,23.0,No,No,Needs minor changes,Never attended college,No college degree,High school graduate or less,White no college degree,White women non college graduates,Favorable,Both,Favorable,5.0,,,No,No,,,Return to Barack Obama's policies,45+,65+,Democrat,Non-black Democrat,White Democrat,Democratic women,Democrat,White Democrat,Somewhat liberal,Liberal,Liberal,,,No,,White,White,State questionnaire,White,White,White,South,Protestant/Other Non-Catholic Christian,Protestant,Protestant/Other Non-Catholic Christian,,Female,White women,,Support,"Cities 50,000-500,000","Cities over 50,000",,English,Florida,Other,Telephone survey,Before that,Earlier than that,Earlier than that,Angry,,,,Version 2,Yes,Can beat Donald Trump
277278461.0,0.469600766897202,Bernie Sanders,30-44,30-59,30-39,18-44,18-49,30-44,30-39,Non-Black 30-44,White 30-44,White 30-44,Complete,Bernie Sanders,,,24.0,No,No,Needs a complete overhaul,Bachelor's degree (BA or BS),College graduate,More than high school graduate,White college degree,White men college graduates,Favorable,Both,Favorable,5.0,,,No,No,,,Change to more liberal policies,18-44,18-64,Independent/Something else,Non-black non-Democrat,White Independent,Independent men,Independent,White Independent,Somewhat liberal,Liberal,Liberal,,,No,,White,White,State questionnaire,White,White,White,South,Jewish,Jewish,Jewish,,Male,White men,,Support,Suburbs,Suburbs,,English,Florida,White suburban men,Telephone survey,Earlier this month,Earlier than that,In the last month,"Dissatisfied, but not angry",,,,Version 2,Yes,Can beat Donald Trump
277278462.0,0.790705978870392,Joe Biden,45-65,30-59,50-59,45+,50+,45-59,50-64,Non-Black 45-59,White 45-59,White 45-64,Complete,Joe Biden,,,15.0,No,No,Needs a complete overhaul,Never attended college,No college degree,High school graduate or less,White no college degree,White women non college graduates,Favorable,Both,Favorable,3.0,,,No,No,,,Return to Barack Obama's policies,45+,18-64,Democrat,Non-black Democrat,White Democrat,Democratic women,Democrat,White Democrat,Moderate,Moderate or Conservative,Moderate,,,No,,White,White,State questionnaire,White,White,White,South,Protestant/Other Non-Catholic Christian,Other Christian,Protestant/Other Non-Catholic Christian,,Female,White women,,Support,Suburbs,Suburbs,,English,Florida,White suburban women,Telephone survey,Before that,Earlier than that,Earlier than that,Angry,,,,Version 2,Yes,Can beat Donald Trump
277278463.0,0.524804890155792,Joe Biden,65+,60+,65 or over,45+,50+,60+,65+,Non-Black 60+,White 60+,White 65+,Complete,Joe Biden,,,22.0,No,No,Needs minor changes,"An advanced degree after a bachelor's degree (such as JD, MA, MBA, MD, PhD)",College graduate,More than high school graduate,White college degree,White women college graduates,Favorable,Only Biden,Unfavorable,5.0,,,No,No,,,Change to more liberal policies,45+,65+,Democrat,Non-black Democrat,White Democrat,Democratic women,Democrat,White Democrat,Moderate,Moderate or Conservative,Moderate,,,No,,White,White,State questionnaire,White,White,White,South,Protestant/Other Non-Catholic Christian,Protestant,Protestant/Other Non-Catholic Christian,,Female,White women,,Omit,Suburbs,Suburbs,,English,Florida,White suburban women,Telephone survey,Earlier this month,Earlier than that,In the last month,Angry,,,,Version 2,Yes,Can beat Donald Trump
277278464.0,2.20494151115417,Bernie Sanders,30-44,30-59,30-39,18-44,18-49,30-44,30-39,Black 30-44,Black 30-44,Black 30-44,Complete,Joe Biden,,,9.0,No,No,Needs a complete overhaul,Attended college but received no degree,No college degree,More than high school graduate,Non white no college degree,Non-whites,Favorable,Both,Favorable,2.0,,,No,No,,,Omit,18-44,18-64,Independent/Something else,Black non-Democrat,Black Independent,Independent men,Independent,All others,Moderate,Moderate or Conservative,Moderate,,,No,,Black,Black,State questionnaire,Black,Non-white,Black,South,,,,,Male,Black men,,Support,"Cities 50,000-500,000","Cities over 50,000",,English,Florida,Other,Telephone survey,Before that,Earlier than that,Earlier than that,"Dissatisfied, but not angry",,,,Version 2,No,Can beat Donald Trump
277278465.0,1.1063677072525,Joe Biden,65+,60+,65 or over,45+,50+,60+,65+,Black 60+,Black 60+,Black 65+,Complete,Joe Biden,,,5.0,No,No,Needs a complete overhaul,Never attended college,No college degree,High school graduate or less,Non white no college degree,Non-whites,Favorable,Both,Favorable,1.0,,,No,,,,Change to more liberal policies,45+,65+,Democrat,Black Democrat,Black Democrat,Democratic women,Democrat,Non-White Democrats,Moderate,Moderate or Conservative,Moderate,,,No,,Black,Black,State questionnaire,Black,Non-white,Black,South,Protestant/Other Non-Catholic Christian,Other Christian,,,Female,Black women,,Support,"Cities over 500,000","Cities over 50,000",,English,Florida,Other,Telephone survey,Before that,Earlier than that,Earlier than that,"Dissatisfied, but not angry",,,,Version 2,Yes,Can beat Donald Trump
277278466.0,0.872861802577972,Joe Biden,45-65,60+,60-64,45+,50+,60+,50-64,Non-Black 60+,White 60+,White 45-64,Complete,Joe Biden,,,1.0,No,No,Works well enough as is,Never attended college,No college degree,High school graduate or less,White no college degree,White women non college graduates,Favorable,Only Biden,Unfavorable,1.0,,,No,No,,,Omit,45+,18-64,Democrat,Non-black Democrat,White Democrat,Democratic women,Democrat,White Democrat,Moderate,Moderate or Conservative,Moderate,,,No,,White,White,State questionnaire,White,White,White,South,Protestant/Other Non-Catholic Christian,Protestant,Protestant/Other Non-Catholic Christian,,Female,White women,,Oppose,"Cities 10,000-50,000",Small Cities/Rural,,English,Florida,Other,Telephone survey,Earlier this month,Earlier than that,In the last month,"Satisfied, but not enthusiastic",,,,Version 2,No,Agrees with you on major issues
277278467.0,0.634163618087769,Joe Biden,45-65,60+,60-64,45+,50+,60+,50-64,Non-Black 60+,White 60+,White 45-64,Complete,Joe Biden,,,20.0,No,No,Needs minor changes,Bachelor's degree (BA or BS),College graduate,More than high school graduate,White college degree,White men college graduates,Favorable,Only Biden,Unfavorable,5.0,,,No,No,,,Return to Barack Obama's policies,45+,18-64,Democrat,Non-black Democrat,White Democrat,Democratic men,Democrat,White Democrat,Very liberal,Liberal,Liberal,,,No,,White,White,State questionnaire,White,White,White,South,None,None,None,,Male,White men,,Support,Suburbs,Suburbs,,English,Florida,White suburban men,Telephone survey,In February,Earlier than that,Earlier than that,"Dissatisfied, but not angry",,,,Version 2,Yes,Agrees with you on major issues
277278468.0,0.533031582832336,Joe Biden,65+,60+,65 or over,45+,50+,60+,65+,Non-Black 60+,White 60+,White 65+,Complete,Joe Biden,,,4.0,No,No,Omit,Never attended college,No college degree,High school graduate or less,White no college degree,White men non college graduates,Favorable,Both,Favorable,1.0,,,No,No,,,Return to Barack Obama's policies,45+,65+,Democrat,Non-black Democrat,White Democrat,Democratic men,Democrat,White Democrat,Somewhat liberal,Liberal,Liberal,,,No,,White,White,State questionnaire,White,White,White,South,Protestant/Other Non-Catholic Christian,Protestant,Protestant/Other Non-Catholic Christian,,Male,White men,,Oppose,Suburbs,Suburbs,,English,Florida,White suburban men,Telephone survey,In February,Earlier than that,Earlier than that,"Dissatisfied, but not angry",,,,Version 2,Yes,Can beat Donald Trump
277278469.0,0.45649579167366,Bernie Sanders,65+,60+,65 or over,45+,50+,60+,65+,Non-Black 60+,White 60+,White 65+,Complete,Bernie Sanders,,,5.0,No,No,Needs minor changes,Never attended college,No college degree,High school graduate or less,White no college degree,White women non college graduates,Favorable,Both,Favorable,1.0,,,No,,,,Omit,45+,65+,Democrat,Non-black Democrat,White Democrat,Democratic women,Democrat,White Democrat,,,,,,No,,White,White,State questionnaire,White,White,White,South,,,,,Female,White women,,Support,"Cities over 500,000","Cities over 50,000",,English,Florida,Other,Telephone survey,Omit,Omit,Omit,"Dissatisfied, but not angry",,,,Version 2,Omit,Agrees with you on major issues
277278470.0,1.47348344326019,Joe Biden,45-65,30-59,45-49,45+,18-49,45-59,40-49,Black 45-59,Black 45-59,Black 45-64,Complete,Joe Biden,,,23.0,No,No,Needs minor changes,"An advanced degree after a bachelor's degree (such as JD, MA, MBA, MD, PhD)",College graduate,More than high school graduate,Non white college degree,Non-whites,Favorable,Only Biden,Unfavorable,5.0,,,No,No,,,Change to more liberal policies,45+,18-64,Democrat,Black Democrat,Black Democrat,Democratic men,Democrat,Non-White Democrats,Conservative,Moderate or Conservative,Conservative,,,No,,Black,Black,State questionnaire,Black,Non-white,Black,South,Protestant/Other Non-Catholic Christian,Protestant,,,Male,Black men,,Oppose,Suburbs,Suburbs,,English,Florida,Other,Telephone survey,Before that,Earlier than that,Earlier than that,"Dissatisfied, but not angry",,,,Version 2,Yes,Agrees with you on major issues
277278471.0,2.46122241020203,Other,30-44,30-59,30-39,18-44,18-49,30-44,30-39,Black 30-44,Black 30-44,Black 30-44,Complete,Joe Biden,,,14.0,No,No,Needs minor changes,"An advanced degree after a bachelor's degree (such as JD, MA, MBA, MD, PhD)",College graduate,More than high school graduate,Non white college degree,Non-whites,Favorable,Both,Favorable,3.0,,,No,Yes,,,Return to Barack Obama's policies,18-44,18-64,Independent/Something else,Black non-Democrat,Black Independent,Independent men,Something else,All others,Conservative,Moderate or Conservative,Conservative,,,No,,Black,Black,State questionnaire,Black,Non-white,Black,South,Protestant/Other Non-Catholic Christian,Protestant,,,Male,Black men,,Oppose,"Cities 50,000-500,000","Cities over 50,000",,English,Florida,Other,Telephone survey,In February,Earlier than that,Earlier than that,"Dissatisfied, but not angry",,,,Version 2,Yes,Agrees with you on major issues
277278472.0,0.457540452480316,Joe Biden,65+,60+,65 or over,45+,50+,60+,65+,Non-Black 60+,White 60+,White 65+,Complete,Omit,,,16.0,No,No,Needs minor changes,Bachelor's degree (BA or BS),College graduate,More than high school graduate,White college degree,White women college graduates,Favorable,Both,Favorable,4.0,,,No,No,,,Change to more liberal policies,45+,65+,Democrat,Non-black Democrat,White Democrat,Democratic women,Democrat,White Democrat,Very liberal,Liberal,Liberal,,,No,,White,White,State questionnaire,White,White,White,South,None,None,None,,Female,White women,,Support,Suburbs,Suburbs,,English,Florida,White suburban women,Telephone survey,In February,Earlier than that,Earlier than that,Angry,,,,Version 2,Yes,Can beat Donald Trump
277278473.0,2.34406280517578,Joe Biden,30-44,30-59,30-39,18-44,18-49,30-44,30-39,Black 30-44,Black 30-44,Black 30-44,Complete,Joe Biden,,,8.0,No,No,Needs a complete overhaul,Bachelor's degree (BA or BS),College graduate,More than high school graduate,Non white college degree,Non-whites,Favorable,Both,Favorable,2.0,,,No,No,,,Return to Barack Obama's policies,18-44,18-64,Democrat,Black Democrat,Black Democrat,Democratic women,Democrat,Non-White Democrats,Moderate,Moderate or Conservative,Moderate,,,No,,Black,Black,State questionnaire,Black,Non-white,Black,South,Catholic,Catholic,,,Female,Black women,,Support,"Cities 50,000-500,000","Cities over 50,000",,English,Florida,Other,Telephone survey,Before that,Earlier than that,Earlier than that,"Dissatisfied, but not angry",,,,Version 2,Yes,Can beat Donald Trump
277278474.0,0.747814178466797,Joe Biden,65+,60+,65 or over,45+,50+,60+,65+,Non-Black 60+,White 60+,White 65+,Complete,Joe Biden,,,6.0,No,No,Needs minor changes,Associate's degree (AA or AS),No college degree,More than high school graduate,White no college degree,White women non college graduates,Favorable,Both,Favorable,1.0,,,No,No,,,Return to Barack Obama's policies,45+,65+,Democrat,Non-black Democrat,White Democrat,Democratic women,Democrat,White Democrat,Moderate,Moderate or Conservative,Moderate,,,No,,White,White,State questionnaire,White,White,White,South,Protestant/Other Non-Catholic Christian,Protestant,Protestant/Other Non-Catholic Christian,,Female,White women,,Support,Suburbs,Suburbs,,English,Florida,White suburban women,Telephone survey,Before that,Earlier than that,Earlier than that,Angry,,,,Version 2,Yes,Can beat Donald Trump
277278475.0,0.549207210540771,Joe Biden,65+,60+,65 or over,45+,50+,60+,65+,Non-Black 60+,White 60+,White 65+,Complete,Joe Biden,,,7.0,No,No,Needs minor changes,Associate's degree (AA or AS),No college degree,More than high school graduate,White no college degree,White men non college graduates,Favorable,Only Biden,Unfavorable,2.0,,,No,No,,,Return to Barack Obama's policies,45+,65+,Democrat,Non-black Democrat,White Democrat,Democratic men,Democrat,White Democrat,Somewhat liberal,Liberal,Liberal,,,No,,White,White,State questionnaire,White,White,White,South,Protestant/Other Non-Catholic Christian,Other Christian,Protestant/Other Non-Catholic Christian,,Male,White men,,Oppose,Suburbs,Suburbs,,English,Florida,White suburban men,Telephone survey,Earlier this month,Earlier than that,In the last month,Angry,,,,Version 2,Yes,Can beat Donald Trump
277278476.0,0.848938584327698,Bernie Sanders,18-29,18-29,25-29,18-44,18-49,18-29,25-29,Non-Black 18-29,White 18-29,White 18-29,Complete,Bernie Sanders,,,7.0,No,No,Needs a complete overhaul,Bachelor's degree (BA or BS),College graduate,More than high school graduate,White college degree,White women college graduates,Unfavorable,Only Sanders,Favorable,2.0,,,No,No,,,Change to more liberal policies,18-44,18-64,Independent/Something else,Non-black non-Democrat,White Independent,Independent women,Independent,White Independent,Very liberal,Liberal,Liberal,,,No,,White,White,State questionnaire,White,White,White,South,Something else,Other,Something else,,Female,White women,,Support,Suburbs,Suburbs,,English,Florida,White suburban women,Telephone survey,Before that,Earlier than that,Earlier than that,Angry,,,,Version 2,No,Agrees with you on major issues
277278477.0,0.646295130252838,Bernie Sanders,30-44,30-59,30-39,18-44,18-49,30-44,30-39,Non-Black 30-44,White 30-44,White 30-44,Complete,Bernie Sanders,,,6.0,No,No,Needs a complete overhaul,Bachelor's degree (BA or BS),College graduate,More than high school graduate,White college degree,White women college graduates,Favorable,Both,Favorable,1.0,,,No,No,,,Change to more liberal policies,18-44,18-64,Democrat,Non-black Democrat,White Democrat,Democratic women,Democrat,White Democrat,Very liberal,Liberal,Liberal,,,No,,White,White,State questionnaire,White,White,White,South,None,None,None,,Female,White women,,Support,Suburbs,Suburbs,,English,Florida,White suburban women,Telephone survey,Before that,Earlier than that,Earlier than that,Angry,,,,Version 2,Yes,Can beat Donald Trump
277278478.0,2.05119180679321,Bernie Sanders,18-29,18-29,25-29,18-44,18-49,18-29,25-29,Non-Black 18-29,White 18-29,White 18-29,Complete,Bernie Sanders,,,13.0,No,No,Needs a complete overhaul,"An advanced degree after a bachelor's degree (such as JD, MA, MBA, MD, PhD)",College graduate,More than high school graduate,White college degree,White women college graduates,Unfavorable,Only Sanders,Favorable,3.0,,,No,No,,,Change to more liberal policies,18-44,18-64,Democrat,Non-black Democrat,White Democrat,Democratic women,Democrat,White Democrat,Very liberal,Liberal,Liberal,,,No,,White,White,State questionnaire,White,White,White,South,Catholic,Catholic,Catholic,,Female,White women,,Support,"Cities 50,000-500,000","Cities over 50,000",,English,Florida,Other,Telephone survey,Before that,Earlier than that,Earlier than that,Angry,,,,Version 2,Yes,Agrees with you on major issues
277278479.0,0.446689903736115,Joe Biden,65+,60+,65 or over,45+,50+,60+,65+,Non-Black 60+,White 60+,White 65+,Complete,Joe Biden,,,20.0,No,No,Needs minor changes,Never attended college,No college degree,High school graduate or less,White no college degree,White women non college graduates,Favorable,Both,Favorable,5.0,,,No,No,,,Return to Barack Obama's policies,45+,65+,Democrat,Non-black Democrat,White Democrat,Democratic women,Democrat,White Democrat,Somewhat liberal,Liberal,Liberal,,,No,,White,White,State questionnaire,White,White,White,South,Catholic,Catholic,Catholic,,Female,White women,,Omit,"Cities 50,000-500,000","Cities over 50,000",,English,Florida,Other,Telephone survey,In February,Earlier than that,Earlier than that,"Dissatisfied, but not angry",,,,Version 2,Yes,Omit
277278480.0,1.5950585603714,Other,30-44,30-59,30-39,18-44,18-49,30-44,30-39,Non-Black 30-44,White 30-44,White 30-44,Complete,Joe Biden,,,6.0,No,No,Needs minor changes,Bachelor's degree (BA or BS),College graduate,More than high school graduate,White college degree,White men college graduates,Omit,Omit,Omit,2.0,,,No,No,,,Change to more liberal policies,18-44,18-64,Independent/Something else,Non-black non-Democrat,White Independent,Independent men,Independent,White Independent,Somewhat liberal,Liberal,Liberal,,,No,,White,White,State questionnaire,White,White,White,South,None,None,None,,Male,White men,,Support,Suburbs,Suburbs,,English,Florida,White suburban men,Telephone survey,Earlier this month,Earlier than that,In the last month,Angry,,,,Version 2,Yes,Can beat Donald Trump
277278481.0,1.92086088657379,Joe Biden,45-65,60+,60-64,45+,50+,60+,50-64,Non-Black 60+,Latino 60+,Latino 45-64,Complete,Joe Biden,,,24.0,Yes,"Yes, Cuban",Needs a complete overhaul,Associate's degree (AA or AS),No college degree,More than high school graduate,Non white no college degree,Non-whites,Omit,Only Sanders,Favorable,5.0,,,Yes,No,,,Change to more liberal policies,45+,18-64,Democrat,Non-black Democrat,Latino Democrat,Democratic women,Democrat,Non-White Democrats,Very liberal,Liberal,Liberal,,,No,,Other,White,State questionnaire,Hispanic/Latino,Non-white,Hispanic/Latino,South,Catholic,Catholic,,,Female,Latino women,,Omit,Suburbs,Suburbs,,English,Florida,Other,Telephone survey,Before that,Earlier than that,Earlier than that,Angry,,,,Version 2,Yes,Agrees with you on major issues
277278482.0,1.23895275592804,Other,65+,60+,65 or over,45+,50+,60+,65+,Non-Black 60+,White 60+,White 65+,Complete,Joe Biden,,,15.0,No,No,Needs a complete overhaul,Never attended college,No college degree,High school graduate or less,White no college degree,White women non college graduates,Favorable,Only Biden,Unfavorable,4.0,,,No,No,,,Return to Barack Obama's policies,45+,65+,Democrat,Non-black Democrat,White Democrat,Democratic women,Democrat,White Democrat,Somewhat liberal,Liberal,Liberal,,,No,,White,White,State questionnaire,White,White,White,South,Protestant/Other Non-Catholic Christian,Protestant,Protestant/Other Non-Catholic Christian,,Female,White women,,Oppose,"Cities 50,000-500,000","Cities over 50,000",,English,Florida,Other,Telephone survey,Earlier this month,Earlier than that,In the last month,Angry,,,,Version 2,Yes,Can beat Donald Trump
277278483.0,0.377285569906235,Joe Biden,65+,60+,65 or over,45+,50+,60+,65+,Non-Black 60+,White 60+,White 65+,Complete,Joe Biden,,,16.0,No,No,Needs minor changes,"An advanced degree after a bachelor's degree (such as JD, MA, MBA, MD, PhD)",College graduate,More than high school graduate,White college degree,White women college graduates,Favorable,Only Biden,Unfavorable,3.0,,,No,No,,,Return to Barack Obama's policies,45+,65+,Independent/Something else,Non-black non-Democrat,White Independent,Independent women,Independent,White Independent,Somewhat liberal,Liberal,Liberal,,,No,,White,White,State questionnaire,White,White,White,South,Jewish,Jewish,Jewish,,Female,White women,,Support,"Cities 50,000-500,000","Cities over 50,000",,English,Florida,Other,Telephone survey,Earlier this month,Earlier than that,In the last month,Angry,,,,Version 2,Yes,Can beat Donald Trump
277278484.0,0.604913234710693,Joe Biden,65+,60+,65 or over,45+,50+,60+,65+,Non-Black 60+,White 60+,White 65+,Complete,Joe Biden,,,2.0,No,No,Needs minor changes,Bachelor's degree (BA or BS),College graduate,More than high school graduate,White college degree,White women college graduates,Favorable,Both,Favorable,1.0,,,No,No,,,Return to Barack Obama's policies,45+,65+,Democrat,Non-black Democrat,White Democrat,Democratic women,Democrat,White Democrat,Moderate,Moderate or Conservative,Moderate,,,No,,White,White,State questionnaire,White,White,White,South,Protestant/Other Non-Catholic Christian,Protestant,Protestant/Other Non-Catholic Christian,,Female,White women,,Oppose,"Cities 50,000-500,000","Cities over 50,000",,English,Florida,Other,Telephone survey,Before that,Earlier than that,Earlier than that,Angry,,,,Version 2,Yes,Can beat Donald Trump
277278485.0,0.695235133171082,Tulsi Gabbard,18-29,18-29,25-29,18-44,18-49,18-29,25-29,Non-Black 18-29,White 18-29,White 18-29,Complete,Bernie Sanders,,,3.0,No,No,Needs minor changes,Bachelor's degree (BA or BS),College graduate,More than high school graduate,White college degree,White women college graduates,Favorable,Both,Favorable,1.0,,,No,No,,,Change to more liberal policies,18-44,18-64,Democrat,Non-black Democrat,White Democrat,Democratic women,Democrat,White Democrat,Very liberal,Liberal,Liberal,,,No,,White,White,State questionnaire,White,White,White,South,None,None,None,,Female,White women,,Support,Suburbs,Suburbs,,English,Florida,White suburban women,Telephone survey,Before that,Earlier than that,Earlier than that,Angry,,,,Version 2,Yes,Agrees with you on major issues
277278486.0,1.94175887107849,Joe Biden,45-65,60+,60-64,45+,50+,60+,50-64,Black 60+,Black 60+,Black 45-64,Complete,Joe Biden,,,1.0,No,No,Needs a complete overhaul,Associate's degree (AA or AS),No college degree,More than high school graduate,Non white no college degree,Non-whites,Favorable,Only Biden,Unfavorable,1.0,,,No,No,,,Return to Barack Obama's policies,45+,18-64,Democrat,Black Democrat,Black Democrat,Democratic men,Democrat,Non-White Democrats,Moderate,Moderate or Conservative,Moderate,,,No,,Black,Black,State questionnaire,Black,Non-white,Black,South,Protestant/Other Non-Catholic Christian,Other Christian,,,Male,Black men,,Support,"Cities 50,000-500,000","Cities over 50,000",,English,Florida,Other,Telephone survey,In February,Earlier than that,Earlier than that,Angry,,,,Version 2,Yes,Can beat Donald Trump
277278487.0,0.466413199901581,Joe Biden,65+,60+,65 or over,45+,50+,60+,65+,Non-Black 60+,White 60+,White 65+,Complete,Joe Biden,,,12.0,No,No,Works well enough as is,Attended college but received no degree,No college degree,More than high school graduate,White no college degree,White women non college graduates,Favorable,Both,Favorable,3.0,,,No,No,,,Return to Barack Obama's policies,45+,65+,Democrat,Non-black Democrat,White Democrat,Democratic women,Democrat,White Democrat,Somewhat liberal,Liberal,Liberal,,,No,,White,White,State questionnaire,White,White,White,South,Protestant/Other Non-Catholic Christian,Protestant,Protestant/Other Non-Catholic Christian,,Female,White women,,Oppose,Suburbs,Suburbs,,English,Florida,White suburban women,Telephone survey,Earlier this month,Earlier than that,In the last month,Angry,,,,Version 2,Yes,Can beat Donald Trump
277278488.0,0.565626978874207,Joe Biden,65+,60+,65 or over,45+,50+,60+,65+,Non-Black 60+,White 60+,White 65+,Complete,Joe Biden,,,9.0,No,No,Needs minor changes,Associate's degree (AA or AS),No college degree,More than high school graduate,White no college degree,White women non college graduates,Favorable,Both,Favorable,4.0,,,No,No,,,Omit,45+,65+,Democrat,Non-black Democrat,White Democrat,Democratic women,Democrat,White Democrat,Somewhat liberal,Liberal,Liberal,,,No,,White,White,State questionnaire,White,White,White,South,Catholic,Catholic,Catholic,,Female,White women,,Support,"Cities 10,000-50,000",Small Cities/Rural,,English,Florida,Other,Telephone survey,Omit,Omit,Omit,"Dissatisfied, but not angry",,,,Version 2,Yes,Can beat Donald Trump
277278489.0,1.19117176532745,Bernie Sanders,30-44,30-59,30-39,18-44,18-49,30-44,30-39,Non-Black 30-44,Latino 30-44,Latino 30-44,Complete,Bernie Sanders,,,22.0,No,"Yes, other Hispanic",Needs a complete overhaul,Bachelor's degree (BA or BS),College graduate,More than high school graduate,Non white college degree,Non-whites,Unfavorable,Only Sanders,Favorable,5.0,,,Yes,Yes,,,Change to more liberal policies,18-44,18-64,Independent/Something else,Non-black non-Democrat,Latino Independent,Independent men,Something else,All others,Very liberal,Liberal,Liberal,,,No,,Other,Hispanic/Latino,State questionnaire,Hispanic/Latino,Non-white,Hispanic/Latino,South,None,None,,,Male,Latino men,,Support,"Cities 50,000-500,000","Cities over 50,000",,English,Florida,Other,Telephone survey,Before that,Earlier than that,Earlier than that,Angry,,,,Version 2,Yes,Agrees with you on major issues
277278490.0,0.810715317726135,Joe Biden,65+,60+,65 or over,45+,50+,60+,65+,Black 60+,Black 60+,Black 65+,Complete,Joe Biden,,,14.0,No,No,Needs a complete overhaul,"An advanced degree after a bachelor's degree (such as JD, MA, MBA, MD, PhD)",College graduate,More than high school graduate,Non white college degree,Non-whites,Favorable,Both,Favorable,3.0,,,No,No,,,Return to Barack Obama's policies,45+,65+,Democrat,Black Democrat,Black Democrat,Democratic women,Democrat,Non-White Democrats,Somewhat liberal,Liberal,Liberal,,,No,,Black,Black,State questionnaire,Black,Non-white,Black,South,None,None,,,Female,Black women,,Omit,"Cities 50,000-500,000","Cities over 50,000",,English,Florida,Other,Telephone survey,Before that,Earlier than that,Earlier than that,"Dissatisfied, but not angry",,,,Version 2,Yes,Agrees with you on major issues
277278491.0,0.453604310750961,Bernie Sanders,30-44,30-59,30-39,18-44,18-49,30-44,30-39,Non-Black 30-44,White 30-44,White 30-44,Complete,Omit,,,26.0,No,No,Needs minor changes,Bachelor's degree (BA or BS),College graduate,More than high school graduate,White college degree,White women college graduates,Favorable,Both,Favorable,5.0,,,No,No,,,Change to more liberal policies,18-44,18-64,Democrat,Non-black Democrat,White Democrat,Democratic women,Democrat,White Democrat,Somewhat liberal,Liberal,Liberal,,,No,,White,White,State questionnaire,White,White,White,South,None,None,None,,Female,White women,,Oppose,Rural,Small Cities/Rural,,English,Florida,Other,Telephone survey,Before that,Earlier than that,Earlier than that,Angry,,,,Version 2,Yes,Can beat Donald Trump
277278492.0,1.96752059459686,Joe Biden,45-65,30-59,50-59,45+,50+,45-59,50-64,Non-Black 45-59,Latino 45-59,Latino 45-64,Complete,Bernie Sanders,,,17.0,No,"Yes, other Hispanic",Needs minor changes,"An advanced degree after a bachelor's degree (such as JD, MA, MBA, MD, PhD)",College graduate,More than high school graduate,Non white college degree,Non-whites,Favorable,Only Biden,Unfavorable,4.0,,,Yes,No,,,Omit,45+,18-64,Democrat,Non-black Democrat,Latino Democrat,Democratic women,Democrat,Non-White Democrats,Conservative,Moderate or Conservative,Conservative,,,No,,Other,Black,State questionnaire,Hispanic/Latino,Non-white,Hispanic/Latino,South,None,None,,,Female,Latino women,,Oppose,Suburbs,Suburbs,,English,Florida,Other,Telephone survey,Before that,Earlier than that,Earlier than that,Angry,,,,Version 2,Yes,Can beat Donald Trump
277278493.0,0.818590402603149,Joe Biden,45-65,60+,60-64,45+,50+,60+,50-64,Non-Black 60+,White 60+,White 45-64,Complete,Joe Biden,,,13.0,No,No,Needs minor changes,Never attended college,No college degree,High school graduate or less,White no college degree,White men non college graduates,Favorable,Only Biden,Omit,3.0,,,No,No,,,Change to more conservative policies,45+,18-64,Independent/Something else,Non-black non-Democrat,White Independent,Independent men,Independent,White Independent,Moderate,Moderate or Conservative,Moderate,,,No,,White,White,State questionnaire,White,White,White,South,Protestant/Other Non-Catholic Christian,Other Christian,Protestant/Other Non-Catholic Christian,,Male,White men,,Oppose,"Cities 50,000-500,000","Cities over 50,000",,English,Florida,Other,Telephone survey,Before that,Earlier than that,Earlier than that,"Dissatisfied, but not angry",,,,Version 2,Yes,Can beat Donald Trump
277278494.0,0.728946149349213,Joe Biden,30-44,30-59,30-39,18-44,18-49,30-44,30-39,Non-Black 30-44,White 30-44,White 30-44,Complete,Joe Biden,,,2.0,No,No,Needs a complete overhaul,"An advanced degree after a bachelor's degree (such as JD, MA, MBA, MD, PhD)",College graduate,More than high school graduate,White college degree,White women college graduates,Favorable,Both,Favorable,1.0,,,No,No,,,Change to more liberal policies,18-44,18-64,Democrat,Non-black Democrat,White Democrat,Democratic women,Democrat,White Democrat,Somewhat liberal,Liberal,Liberal,,,No,,White,White,State questionnaire,White,White,White,South,Protestant/Other Non-Catholic Christian,Protestant,Protestant/Other Non-Catholic Christian,,Female,White women,,Support,Rural,Small Cities/Rural,,English,Florida,Other,Telephone survey,Earlier this month,Earlier than that,In the last month,Angry,,,,Version 2,Yes,Can beat Donald Trump
277278495.0,0.473675727844238,Joe Biden,65+,60+,65 or over,45+,50+,60+,65+,Non-Black 60+,White 60+,White 65+,Complete,Joe Biden,,,17.0,No,No,Needs minor changes,Bachelor's degree (BA or BS),College graduate,More than high school graduate,White college degree,White men college graduates,Favorable,Both,Favorable,4.0,,,No,No,,,Return to Barack Obama's policies,45+,65+,Democrat,Non-black Democrat,White Democrat,Democratic men,Democrat,White Democrat,Somewhat liberal,Liberal,Liberal,,,No,,White,White,State questionnaire,White,White,White,South,Catholic,Catholic,Catholic,,Male,White men,,Support,Suburbs,Suburbs,,English,Florida,White suburban men,Telephone survey,Earlier this month,Earlier than that,In the last month,"Dissatisfied, but not angry",,,,Version 2,Yes,Can beat Donald Trump
277278496.0,1.00219941139221,Other,65+,60+,65 or over,45+,50+,60+,65+,Non-Black 60+,White 60+,White 65+,Complete,Joe Biden,,,19.0,No,No,Needs minor changes,"An advanced degree after a bachelor's degree (such as JD, MA, MBA, MD, PhD)",College graduate,More than high school graduate,White college degree,White women college graduates,Favorable,Only Biden,Unfavorable,4.0,,,No,No,,,Omit,45+,65+,Democrat,Non-black Democrat,White Democrat,Democratic women,Democrat,White Democrat,Somewhat liberal,Liberal,Liberal,,,No,,White,White,State questionnaire,White,White,White,South,None,None,None,,Female,White women,,Oppose,"Cities 10,000-50,000",Small Cities/Rural,,English,Florida,Other,Telephone survey,Before that,Earlier than that,Earlier than that,Angry,,,,Version 2,Yes,Can beat Donald Trump
277278497.0,1.38081634044647,Bernie Sanders,30-44,30-59,30-39,18-44,18-49,30-44,30-39,Non-Black 30-44,White 30-44,White 30-44,Complete,Joe Biden,,,14.0,No,No,Needs a complete overhaul,Bachelor's degree (BA or BS),College graduate,More than high school graduate,White college degree,White men college graduates,Unfavorable,Only Sanders,Favorable,3.0,,,No,No,,,Change to more liberal policies,18-44,18-64,Democrat,Non-black Democrat,White Democrat,Democratic men,Democrat,White Democrat,Very liberal,Liberal,Liberal,,,No,,White,White,State questionnaire,White,White,White,South,None,None,None,,Male,White men,,Support,"Cities 50,000-500,000","Cities over 50,000",,English,Florida,Other,Telephone survey,Before that,Earlier than that,Earlier than that,Angry,,,,Version 2,Yes,Agrees with you on major issues
277278498.0,1.51720082759857,Joe Biden,45-65,60+,60-64,45+,50+,60+,50-64,Black 60+,Black 60+,Black 45-64,Complete,Joe Biden,,,6.0,No,No,Needs minor changes,"An advanced degree after a bachelor's degree (such as JD, MA, MBA, MD, PhD)",College graduate,More than high school graduate,Non white college degree,Non-whites,Favorable,Both,Favorable,1.0,,,No,No,,,Omit,45+,18-64,Democrat,Black Democrat,Black Democrat,Democratic women,Democrat,Non-White Democrats,Somewhat liberal,Liberal,Liberal,,,No,,Black,Black,State questionnaire,Black,Non-white,Black,South,Protestant/Other Non-Catholic Christian,Protestant,,,Female,Black women,,Oppose,Suburbs,Suburbs,,English,Florida,Other,Telephone survey,In February,Earlier than that,Earlier than that,Angry,,,,Version 2,Yes,Can beat Donald Trump
277278499.0,0.534692049026489,Bernie Sanders,45-65,30-59,50-59,45+,50+,45-59,50-64,Non-Black 45-59,All others,All others,Complete,Bernie Sanders,,,9.0,No,No,Needs a complete overhaul,"An advanced degree after a bachelor's degree (such as JD, MA, MBA, MD, PhD)",College graduate,More than high school graduate,Non white college degree,Non-whites,Unfavorable,Only Sanders,Favorable,2.0,,,No,No,,,Change to more liberal policies,45+,18-64,Democrat,Non-black Democrat,All Other,Democratic women,Democrat,Non-White Democrats,Very liberal,Liberal,Liberal,,,No,,Other,Other,State questionnaire,Other,Non-white,Other,South,None,None,,,Female,All other races,,Support,Suburbs,Suburbs,,English,Florida,Other,Telephone survey,Before that,Earlier than that,Earlier than that,Angry,,,,Version 2,Yes,Agrees with you on major issues
277278500.0,1.22872161865234,Bernie Sanders,18-29,18-29,18-24,18-44,18-49,18-29,18-24,Non-Black 18-29,White 18-29,White 18-29,Complete,Joe Biden,,,2.0,No,No,Needs minor changes,Associate's degree (AA or AS),No college degree,More than high school graduate,White no college degree,White women non college graduates,Unfavorable,Only Sanders,Favorable,1.0,,,No,No,,,Return to Barack Obama's policies,18-44,18-64,Democrat,Non-black Democrat,White Democrat,Democratic women,Democrat,White Democrat,Very liberal,Liberal,Liberal,,,No,,White,White,State questionnaire,White,White,White,South,Protestant/Other Non-Catholic Christian,Protestant,Protestant/Other Non-Catholic Christian,,Female,White women,,Support,"Cities 50,000-500,000","Cities over 50,000",,English,Florida,Other,Telephone survey,Earlier this month,Earlier than that,In the last month,Angry,,,,Version 2,Yes,Agrees with you on major issues
277278501.0,2.15027141571045,Joe Biden,30-44,30-59,40-44,18-44,18-49,30-44,40-49,Non-Black 30-44,Latino 30-44,Latino 30-44,Complete,Joe Biden,,,21.0,Yes,"Yes, Cuban",Works well enough as is,Never attended college,No college degree,High school graduate or less,Non white no college degree,Non-whites,Favorable,Both,Favorable,5.0,,,Yes,No,,,Change to more liberal policies,18-44,18-64,Democrat,Non-black Democrat,Latino Democrat,Democratic men,Democrat,Non-White Democrats,Very liberal,Liberal,Liberal,,,No,,Other,Black,State questionnaire,Hispanic/Latino,Non-white,Hispanic/Latino,South,Protestant/Other Non-Catholic Christian,Other Christian,,,Male,Latino men,,Support,"Cities 50,000-500,000","Cities over 50,000",,English,Florida,Other,Telephone survey,Earlier this month,Earlier than that,In the last month,Angry,,,,Version 2,Yes,Can beat Donald Trump
277278502.0,0.629589974880219,Bernie Sanders,30-44,30-59,30-39,18-44,18-49,30-44,30-39,Non-Black 30-44,White 30-44,White 30-44,Complete,Joe Biden,,,11.0,No,No,Needs a complete overhaul,"An advanced degree after a bachelor's degree (such as JD, MA, MBA, MD, PhD)",College graduate,More than high school graduate,White college degree,White women college graduates,Omit,Only Sanders,Favorable,4.0,,,No,No,,,Omit,18-44,18-64,Democrat,Non-black Democrat,White Democrat,Democratic women,Democrat,White Democrat,Somewhat liberal,Liberal,Liberal,,,No,,White,White,State questionnaire,White,White,White,South,Protestant/Other Non-Catholic Christian,Other Christian,Protestant/Other Non-Catholic Christian,,Female,White women,,Support,Suburbs,Suburbs,,English,Florida,White suburban women,Telephone survey,Earlier this month,Earlier than that,In the last month,Angry,,,,Version 2,Yes,Can beat Donald Trump
277278503.0,0.775664091110229,Joe Biden,45-65,30-59,50-59,45+,50+,45-59,50-64,Non-Black 45-59,White 45-59,White 45-64,Complete,Joe Biden,,,16.0,No,No,Needs minor changes,Bachelor's degree (BA or BS),College graduate,More than high school graduate,White college degree,White women college graduates,Favorable,Both,Favorable,4.0,,,No,No,,,Change to more liberal policies,45+,18-64,Democrat,Non-black Democrat,White Democrat,Democratic women,Democrat,White Democrat,Somewhat liberal,Liberal,Liberal,,,No,,White,White,State questionnaire,White,White,White,South,None,None,None,,Female,White women,,Oppose,"Cities 50,000-500,000","Cities over 50,000",,English,Florida,Other,Telephone survey,In February,Earlier than that,Earlier than that,"Dissatisfied, but not angry",,,,Version 2,Yes,Can beat Donald Trump
277278504.0,0.798971891403198,Bernie Sanders,30-44,30-59,30-39,18-44,18-49,30-44,30-39,Non-Black 30-44,White 30-44,White 30-44,Complete,Bernie Sanders,,,6.0,No,No,Needs minor changes,Associate's degree (AA or AS),No college degree,More than high school graduate,White no college degree,White women non college graduates,Favorable,Both,Favorable,1.0,,,No,No,,,Change to more liberal policies,18-44,18-64,Democrat,Non-black Democrat,White Democrat,Democratic women,Democrat,White Democrat,Moderate,Moderate or Conservative,Moderate,,,No,,White,White,State questionnaire,White,White,White,South,None,None,None,,Female,White women,,Support,Suburbs,Suburbs,,English,Florida,White suburban women,Telephone survey,In February,Earlier than that,Earlier than that,Angry,,,,Version 2,Yes,Omit
277278505.0,1.12800049781799,Bernie Sanders,65+,60+,65 or over,45+,50+,60+,65+,Non-Black 60+,Latino 60+,Latino 65+,Complete,Omit,,,19.0,No,"Yes, other Hispanic",Needs minor changes,Attended college but received no degree,No college degree,More than high school graduate,Non white no college degree,Non-whites,Favorable,Both,Favorable,4.0,,,Yes,No,,,Omit,45+,65+,Democrat,Non-black Democrat,Latino Democrat,Democratic women,Democrat,Non-White Democrats,,,,,,No,,Other,Hispanic/Latino,State questionnaire,Hispanic/Latino,Non-white,Hispanic/Latino,South,Protestant/Other Non-Catholic Christian,Protestant,,,Female,Latino women,,Support,"Cities 50,000-500,000","Cities over 50,000",,English,Florida,Other,Telephone survey,Earlier this month,Earlier than that,In the last month,"Dissatisfied, but not angry",,,,Version 2,Yes,Can beat Donald Trump
277278506.0,0.780475854873657,Bernie Sanders,45-65,30-59,50-59,45+,50+,45-59,50-64,Non-Black 45-59,White 45-59,White 45-64,Complete,Bernie Sanders,,,15.0,No,No,Needs a complete overhaul,Associate's degree (AA or AS),No college degree,More than high school graduate,White no college degree,White men non college graduates,Unfavorable,Only Sanders,Favorable,4.0,,,No,Yes,,,Change to more liberal policies,45+,18-64,Independent/Something else,Non-black non-Democrat,White Independent,Independent men,Independent,White Independent,Moderate,Moderate or Conservative,Moderate,,,No,,White,White,State questionnaire,White,White,White,South,None,None,None,,Male,White men,,Support,"Cities 50,000-500,000","Cities over 50,000",,English,Florida,Other,Telephone survey,Before that,Earlier than that,Earlier than that,Angry,,,,Version 2,Yes,Can beat Donald Trump
277278507.0,0.553548097610474,Bernie Sanders,45-65,60+,60-64,45+,50+,60+,50-64,Non-Black 60+,White 60+,White 45-64,Complete,Bernie Sanders,,,5.0,No,No,Needs a complete overhaul,"An advanced degree after a bachelor's degree (such as JD, MA, MBA, MD, PhD)",College graduate,More than high school graduate,White college degree,White men college graduates,Omit,Only Sanders,Favorable,2.0,,,No,No,,,Omit,45+,18-64,Independent/Something else,Non-black non-Democrat,White Independent,Independent men,Independent,White Independent,Somewhat liberal,Liberal,Liberal,,,No,,White,White,State questionnaire,White,White,White,South,Protestant/Other Non-Catholic Christian,Protestant,Protestant/Other Non-Catholic Christian,,Male,White men,,Support,"Cities 50,000-500,000","Cities over 50,000",,English,Florida,Other,Telephone survey,Before that,Earlier than that,Earlier than that,Angry,,,,Version 2,Yes,Can beat Donald Trump
277278508.0,4.54359579086304,Other,30-44,30-59,40-44,18-44,18-49,30-44,40-49,Black 30-44,Black 30-44,Black 30-44,Complete,Joe Biden,,,20.0,No,No,Needs a complete overhaul,Bachelor's degree (BA or BS),College graduate,More than high school graduate,Non white college degree,Non-whites,Favorable,Only Biden,Unfavorable,5.0,,,No,No,,,Change to more liberal policies,18-44,18-64,Democrat,Black Democrat,Black Democrat,Democratic women,Democrat,Non-White Democrats,Moderate,Moderate or Conservative,Moderate,,,No,,Black,Black,State questionnaire,Black,Non-white,Black,South,Protestant/Other Non-Catholic Christian,Other Christian,,,Female,Black women,,Omit,"Cities 50,000-500,000","Cities over 50,000",,English,Florida,Other,Telephone survey,Before that,Earlier than that,Earlier than that,"Dissatisfied, but not angry",,,,Version 2,Yes,Agrees with you on major issues
277278509.0,1.74588048458099,Bernie Sanders,18-29,18-29,18-24,18-44,18-49,18-29,18-24,Non-Black 18-29,White 18-29,White 18-29,Complete,Joe Biden,,,14.0,No,No,Needs minor changes,Attended college but received no degree,No college degree,More than high school graduate,White no college degree,White women non college graduates,Favorable,Both,Favorable,3.0,,,No,No,,,Change to more liberal policies,18-44,18-64,Democrat,Non-black Democrat,White Democrat,Democratic women,Democrat,White Democrat,Somewhat liberal,Liberal,Liberal,,,No,,White,White,State questionnaire,White,White,White,South,Jewish,Jewish,Jewish,,Female,White women,,Support,"Cities 50,000-500,000","Cities over 50,000",,English,Florida,Other,Telephone survey,Earlier this month,Earlier than that,In the last month,Angry,,,,Version 2,Yes,Can beat Donald Trump
277278510.0,0.524804890155792,Joe Biden,65+,60+,65 or over,45+,50+,60+,65+,Non-Black 60+,White 60+,White 65+,Complete,Joe Biden,,,23.0,No,No,Needs minor changes,"An advanced degree after a bachelor's degree (such as JD, MA, MBA, MD, PhD)",College graduate,More than high school graduate,White college degree,White women college graduates,Favorable,Only Biden,Omit,5.0,,,No,No,,,Return to Barack Obama's policies,45+,65+,Independent/Something else,Non-black non-Democrat,White Independent,Independent women,Independent,White Independent,Moderate,Moderate or Conservative,Moderate,,,No,,White,White,State questionnaire,White,White,White,South,Jewish,Jewish,Jewish,,Female,White women,,Oppose,Suburbs,Suburbs,,English,Florida,White suburban women,Telephone survey,Earlier this month,Earlier than that,In the last month,Angry,,,,Version 2,Yes,Can beat Donald Trump
277278511.0,1.54072451591492,Other,30-44,30-59,30-39,18-44,18-49,30-44,30-39,Non-Black 30-44,White 30-44,White 30-44,Complete,Joe Biden,,,10.0,No,No,Needs minor changes,Bachelor's degree (BA or BS),College graduate,More than high school graduate,White college degree,White women college graduates,Favorable,Both,Favorable,2.0,,,No,No,,,Return to Barack Obama's policies,18-44,18-64,Democrat,Non-black Democrat,White Democrat,Democratic women,Democrat,White Democrat,Moderate,Moderate or Conservative,Moderate,,,No,,White,White,State questionnaire,White,White,White,South,Catholic,Catholic,Catholic,,Female,White women,,Support,Suburbs,Suburbs,,English,Florida,White suburban women,Telephone survey,In February,Earlier than that,Earlier than that,"Dissatisfied, but not angry",,,,Version 2,Yes,Can beat Donald Trump
277278512.0,0.697588264942169,Bernie Sanders,18-29,18-29,25-29,18-44,18-49,18-29,25-29,Non-Black 18-29,All others,All others,Complete,Bernie Sanders,,,27.0,No,No,Needs minor changes,"An advanced degree after a bachelor's degree (such as JD, MA, MBA, MD, PhD)",College graduate,More than high school graduate,Non white college degree,Non-whites,Unfavorable,Only Sanders,Favorable,5.0,,,No,Yes,,,Change to more liberal policies,18-44,18-64,Independent/Something else,Non-black non-Democrat,All Other,Independent women,Independent,All others,Somewhat liberal,Liberal,Liberal,,,No,,Other,Asian,State questionnaire,Asian,Non-white,Asian,South,None,None,,,Female,All other races,,Support,"Cities 50,000-500,000","Cities over 50,000",,English,Florida,Other,Telephone survey,Earlier this month,Earlier than that,In the last month,Angry,,,,Version 2,Yes,Agrees with you on major issues
277278513.0,0.697588264942169,Bernie Sanders,18-29,18-29,25-29,18-44,18-49,18-29,25-29,Non-Black 18-29,White 18-29,White 18-29,Complete,Bernie Sanders,,,20.0,No,No,Needs minor changes,Bachelor's degree (BA or BS),College graduate,More than high school graduate,White college degree,White women college graduates,Unfavorable,Only Sanders,Favorable,5.0,,,No,,,,Change to more liberal policies,18-44,18-64,Independent/Something else,Non-black non-Democrat,White Independent,Independent women,Independent,White Independent,Somewhat liberal,Liberal,Liberal,,,No,,White,White,State questionnaire,White,White,White,South,None,None,None,,Female,White women,,Support,Suburbs,Suburbs,,English,Florida,White suburban women,Telephone survey,In February,Earlier than that,Earlier than that,"Satisfied, but not enthusiastic",,,,Version 2,No,Agrees with you on major issues
277278514.0,0.763467669487,Joe Biden,45-65,30-59,45-49,45+,18-49,45-59,40-49,Non-Black 45-59,White 45-59,White 45-64,Complete,Joe Biden,,,2.0,No,No,Needs minor changes,Bachelor's degree (BA or BS),College graduate,More than high school graduate,White college degree,White women college graduates,Omit,Only Sanders,Favorable,1.0,,,No,No,,,Return to Barack Obama's policies,45+,18-64,Democrat,Non-black Democrat,White Democrat,Democratic women,Democrat,White Democrat,Somewhat liberal,Liberal,Liberal,,,No,,White,White,State questionnaire,White,White,White,South,Protestant/Other Non-Catholic Christian,Other Christian,Protestant/Other Non-Catholic Christian,,Female,White women,,Support,"Cities 50,000-500,000","Cities over 50,000",,English,Florida,Other,Telephone survey,Earlier this month,Earlier than that,In the last month,"Dissatisfied, but not angry",,,,Version 2,Yes,Can beat Donald Trump
277278515.0,0.446689903736115,Joe Biden,65+,60+,65 or over,45+,50+,60+,65+,Non-Black 60+,White 60+,White 65+,Complete,Joe Biden,,,22.0,No,No,Omit,Attended college but received no degree,No college degree,More than high school graduate,White no college degree,White women non college graduates,Favorable,Only Biden,Unfavorable,5.0,,,No,No,,,Omit,45+,65+,Democrat,Non-black Democrat,White Democrat,Democratic women,Democrat,White Democrat,Moderate,Moderate or Conservative,Moderate,,,No,,White,White,State questionnaire,White,White,White,South,Jewish,Jewish,Jewish,,Female,White women,,Oppose,Suburbs,Suburbs,,English,Florida,White suburban women,Telephone survey,Earlier this month,Earlier than that,In the last month,Angry,,,,Version 2,Yes,Can beat Donald Trump
277278516.0,1.26776242256165,Joe Biden,45-65,60+,60-64,45+,50+,60+,50-64,Non-Black 60+,White 60+,White 45-64,Complete,Joe Biden,,,4.0,No,No,Needs minor changes,Attended college but received no degree,No college degree,More than high school graduate,White no college degree,White women non college graduates,Favorable,Both,Favorable,1.0,,,No,No,,,Return to Barack Obama's policies,45+,18-64,Democrat,Non-black Democrat,White Democrat,Democratic women,Democrat,White Democrat,Somewhat liberal,Liberal,Liberal,,,No,,White,White,State questionnaire,White,White,White,South,Protestant/Other Non-Catholic Christian,Protestant,Protestant/Other Non-Catholic Christian,,Female,White women,,Support,Suburbs,Suburbs,,English,Florida,White suburban women,Telephone survey,In February,Earlier than that,Earlier than that,Angry,,,,Version 2,Yes,Can beat Donald Trump
277278517.0,1.00219941139221,Other,65+,60+,65 or over,45+,50+,60+,65+,Non-Black 60+,White 60+,White 65+,Complete,Omit,,,19.0,No,No,Needs minor changes,"An advanced degree after a bachelor's degree (such as JD, MA, MBA, MD, PhD)",College graduate,More than high school graduate,White college degree,White women college graduates,Favorable,Both,Favorable,4.0,,,No,No,,,Return to Barack Obama's policies,45+,65+,Republican,Non-black non-Democrat,All Republicans,Republican women,Republican,White Republican,Somewhat liberal,Liberal,Liberal,,,No,,White,White,State questionnaire,White,White,White,South,Protestant/Other Non-Catholic Christian,Protestant,Protestant/Other Non-Catholic Christian,,Female,White women,,Oppose,"Cities 50,000-500,000","Cities over 50,000",,English,Florida,Other,Telephone survey,Before that,Earlier than that,Earlier than that,"Dissatisfied, but not angry",,,,Version 2,Yes,Can beat Donald Trump
277278518.0,0.868302524089813,Joe Biden,45-65,30-59,45-49,45+,18-49,45-59,40-49,Non-Black 45-59,All others,All others,Complete,Joe Biden,,,3.0,No,No,Needs minor changes,Bachelor's degree (BA or BS),College graduate,More than high school graduate,Non white college degree,Non-whites,Favorable,Both,Favorable,4.0,,,No,No,,,Return to Barack Obama's policies,45+,18-64,Independent/Something else,Non-black non-Democrat,All Other,Independent men,Independent,All others,Moderate,Moderate or Conservative,Moderate,,,No,,Other,Asian,State questionnaire,Asian,Non-white,Asian,South,Something else,Other,,,Male,All other races,,Support,"Cities 50,000-500,000","Cities over 50,000",,English,Florida,Other,Telephone survey,Before that,Earlier than that,Earlier than that,"Dissatisfied, but not angry",,,,Version 2,Yes,Can beat Donald Trump
277278519.0,3.15733075141907,Joe Biden,18-29,18-29,18-24,18-44,18-49,18-29,18-24,Non-Black 18-29,Latino 18-29,Latino 18-29,Complete,Joe Biden,,,20.0,No,"Yes, Puerto Rican",Needs a complete overhaul,Attended college but received no degree,No college degree,More than high school graduate,Non white no college degree,Non-whites,Favorable,Only Biden,Unfavorable,5.0,,,Yes,No,,,Return to Barack Obama's policies,18-44,18-64,Democrat,Non-black Democrat,Latino Democrat,Democratic men,Democrat,Non-White Democrats,Moderate,Moderate or Conservative,Moderate,,,Yes,,Other,Hispanic/Latino,State questionnaire,Hispanic/Latino,Non-white,Hispanic/Latino,South,None,None,,,Male,Latino men,,Oppose,"Cities 50,000-500,000","Cities over 50,000",,English,Florida,Other,Telephone survey,Earlier this month,Earlier than that,In the last month,"Dissatisfied, but not angry",,,,Version 2,Yes,Agrees with you on major issues
277278520.0,0.775664091110229,Joe Biden,45-65,30-59,50-59,45+,50+,45-59,50-64,Non-Black 45-59,White 45-59,White 45-64,Complete,Joe Biden,,,11.0,No,No,Needs minor changes,"An advanced degree after a bachelor's degree (such as JD, MA, MBA, MD, PhD)",College graduate,More than high school graduate,White college degree,White women college graduates,Unfavorable,Neither,Unfavorable,4.0,,,No,No,,,Change to more liberal policies,45+,18-64,Independent/Something else,Non-black non-Democrat,White Independent,Independent women,Independent,White Independent,Moderate,Moderate or Conservative,Moderate,,,No,,White,White,State questionnaire,White,White,White,South,None,None,None,,Female,White women,,Support,Suburbs,Suburbs,,English,Florida,White suburban women,Telephone survey,Earlier this month,Earlier than that,In the last month,Angry,,,,Version 2,Yes,Can beat Donald Trump
277278521.0,1.15876734256744,Other,30-44,30-59,40-44,18-44,18-49,30-44,40-49,Non-Black 30-44,All others,All others,Complete,Joe Biden,,,14.0,No,No,Needs a complete overhaul,Bachelor's degree (BA or BS),College graduate,More than high school graduate,Non white college degree,Non-whites,Favorable,Both,Favorable,3.0,,,No,No,,,Change to more liberal policies,18-44,18-64,Democrat,Non-black Democrat,All Other,Democratic women,Democrat,Non-White Democrats,Somewhat liberal,Liberal,Liberal,,,No,,Other,Other,State questionnaire,Other,Non-white,Other,South,None,None,,,Female,All other races,,Oppose,"Cities 50,000-500,000","Cities over 50,000",,English,Florida,Other,Telephone survey,Before that,Earlier than that,Earlier than that,Angry,,,,Version 2,Yes,Can beat Donald Trump
277278522.0,0.691608250141144,Joe Biden,30-44,30-59,40-44,18-44,18-49,30-44,40-49,Non-Black 30-44,White 30-44,White 30-44,Complete,Joe Biden,,,15.0,No,No,Needs minor changes,Bachelor's degree (BA or BS),College graduate,More than high school graduate,White college degree,White women college graduates,Favorable,Both,Favorable,3.0,,,No,No,,,Return to Barack Obama's policies,18-44,18-64,Democrat,Non-black Democrat,White Democrat,Democratic women,Democrat,White Democrat,Moderate,Moderate or Conservative,Moderate,,,No,,White,White,State questionnaire,White,White,White,South,Catholic,Catholic,Catholic,,Female,White women,,Omit,Suburbs,Suburbs,,English,Florida,White suburban women,Telephone survey,Earlier this month,Earlier than that,In the last month,Angry,,,,Version 2,Yes,Can beat Donald Trump
277278523.0,0.81318074464798,Tulsi Gabbard,30-44,30-59,40-44,18-44,18-49,30-44,40-49,Non-Black 30-44,White 30-44,White 30-44,Complete,Joe Biden,,,16.0,No,No,Needs a complete overhaul,Attended college but received no degree,No college degree,More than high school graduate,White no college degree,White men non college graduates,Favorable,Both,Favorable,4.0,,,No,No,,,Return to Barack Obama's policies,18-44,18-64,Democrat,Non-black Democrat,White Democrat,Democratic men,Democrat,White Democrat,Somewhat liberal,Liberal,Liberal,,,No,,White,White,State questionnaire,White,White,White,South,Catholic,Catholic,Catholic,,Male,White men,,Oppose,"Cities 50,000-500,000","Cities over 50,000",,English,Florida,Other,Telephone survey,Earlier this month,Earlier than that,In the last month,"Dissatisfied, but not angry",,,,Version 2,Yes,Can beat Donald Trump
277278524.0,1.98860037326813,Joe Biden,45-65,30-59,50-59,45+,50+,45-59,50-64,Non-Black 45-59,Latino 45-59,Latino 45-64,Complete,Joe Biden,,,25.0,Yes,"Yes, Cuban",Works well enough as is,Attended college but received no degree,No college degree,More than high school graduate,Non white no college degree,Non-whites,Favorable,Only Biden,Unfavorable,5.0,,,Yes,No,,,Change to more conservative policies,45+,18-64,Democrat,Non-black Democrat,Latino Democrat,Democratic men,Democrat,Non-White Democrats,Conservative,Moderate or Conservative,Conservative,,,No,,Other,Hispanic/Latino,State questionnaire,Hispanic/Latino,Non-white,Hispanic/Latino,South,None,None,,,Male,Latino men,,Support,"Cities 50,000-500,000","Cities over 50,000",,Spanish,Florida,Other,Telephone survey,Earlier this month,Earlier than that,In the last month,"Satisfied, but not enthusiastic",,,,Version 2,Yes,Agrees with you on major issues
277278525.0,1.27205276489258,Bernie Sanders,18-29,18-29,18-24,18-44,18-49,18-29,18-24,Non-Black 18-29,White 18-29,White 18-29,Complete,Bernie Sanders,,,2.0,No,No,Needs a complete overhaul,Associate's degree (AA or AS),No college degree,More than high school graduate,White no college degree,White men non college graduates,Favorable,Both,Favorable,1.0,,,No,Yes,,,Change to more liberal policies,18-44,18-64,Democrat,Non-black Democrat,White Democrat,Democratic men,Democrat,White Democrat,Somewhat liberal,Liberal,Liberal,,,No,,White,White,State questionnaire,White,White,White,South,None,None,None,,Male,White men,,Support,"Cities 50,000-500,000","Cities over 50,000",,English,Florida,Other,Telephone survey,Earlier this month,Earlier than that,In the last month,Angry,,,,Version 2,Yes,Agrees with you on major issues
277278526.0,0.416486293077469,Joe Biden,65+,60+,65 or over,45+,50+,60+,65+,Non-Black 60+,White 60+,White 65+,Complete,Joe Biden,,,6.0,No,No,Needs minor changes,Bachelor's degree (BA or BS),College graduate,More than high school graduate,White college degree,White women college graduates,Favorable,Only Biden,Unfavorable,1.0,,,No,No,,,Return to Barack Obama's policies,45+,65+,Democrat,Non-black Democrat,White Democrat,Democratic women,Democrat,White Democrat,Moderate,Moderate or Conservative,Moderate,,,No,,White,White,State questionnaire,White,White,White,South,Protestant/Other Non-Catholic Christian,Protestant,Protestant/Other Non-Catholic Christian,,Female,White women,,Oppose,Suburbs,Suburbs,,English,Florida,White suburban women,Telephone survey,Earlier this month,Earlier than that,In the last month,"Dissatisfied, but not angry",,,,Version 2,Yes,Can beat Donald Trump
277278527.0,1.03754210472107,Other,65+,60+,65 or over,45+,50+,60+,65+,Non-Black 60+,White 60+,White 65+,Complete,Joe Biden,,,16.0,No,No,Needs minor changes,Bachelor's degree (BA or BS),College graduate,More than high school graduate,White college degree,White men college graduates,Favorable,Only Biden,Unfavorable,4.0,,,No,No,,,Return to Barack Obama's policies,45+,65+,Democrat,Non-black Democrat,White Democrat,Democratic men,Democrat,White Democrat,Somewhat liberal,Liberal,Liberal,,,No,,White,White,State questionnaire,White,White,White,South,Protestant/Other Non-Catholic Christian,Protestant,Protestant/Other Non-Catholic Christian,,Male,White men,,Omit,Suburbs,Suburbs,,English,Florida,White suburban men,Telephone survey,In February,Earlier than that,Earlier than that,Angry,,,,Version 2,Yes,Can beat Donald Trump
277278528.0,0.462442517280579,Joe Biden,65+,60+,65 or over,45+,50+,60+,65+,Non-Black 60+,White 60+,White 65+,Complete,Joe Biden,,,21.0,No,No,Needs a complete overhaul,Attended college but received no degree,No college degree,More than high school graduate,White no college degree,White men non college graduates,Favorable,Both,Favorable,5.0,,,No,No,,,Change to more liberal policies,45+,65+,Democrat,Non-black Democrat,White Democrat,Democratic men,Democrat,White Democrat,Somewhat liberal,Liberal,Liberal,,,No,,White,White,State questionnaire,White,White,White,South,None,None,None,,Male,White men,,Omit,Suburbs,Suburbs,,English,Florida,White suburban men,Telephone survey,Before that,Earlier than that,Earlier than that,Angry,,,,Version 2,Yes,Can beat Donald Trump
277278529.0,0.95985209941864,Joe Biden,65+,60+,65 or over,45+,50+,60+,65+,Black 60+,Black 60+,Black 65+,Complete,Joe Biden,,,21.0,No,No,Needs minor changes,Never attended college,No college degree,High school graduate or less,Non white no college degree,Non-whites,Favorable,Only Biden,Unfavorable,5.0,,,No,No,,,Return to Barack Obama's policies,45+,65+,Democrat,Black Democrat,Black Democrat,Democratic women,Democrat,Non-White Democrats,Moderate,Moderate or Conservative,Moderate,,,No,,Black,Black,State questionnaire,Black,Non-white,Black,South,None,None,,,Female,Black women,,Oppose,"Cities 50,000-500,000","Cities over 50,000",,English,Florida,Other,Telephone survey,Before that,Earlier than that,Earlier than that,Angry,,,,Version 2,Yes,Can beat Donald Trump
277278530.0,0.981792747974396,Other,65+,60+,65 or over,45+,50+,60+,65+,Non-Black 60+,White 60+,White 65+,Complete,Joe Biden,,,21.0,No,No,Needs a complete overhaul,Associate's degree (AA or AS),No college degree,More than high school graduate,White no college degree,White women non college graduates,Favorable,Both,Favorable,5.0,,,No,No,,,Change to more conservative policies,45+,65+,Independent/Something else,Non-black non-Democrat,White Independent,Independent women,Something else,White Independent,Conservative,Moderate or Conservative,Conservative,,,No,,White,White,State questionnaire,White,White,White,South,Jewish,Jewish,Jewish,,Female,White women,,Support,Suburbs,Suburbs,,English,Florida,White suburban women,Telephone survey,Omit,Omit,Omit,"Dissatisfied, but not angry",,,,Version 2,Yes,Can beat Donald Trump
277278531.0,1.01783955097198,Joe Biden,65+,60+,65 or over,45+,50+,60+,65+,Black 60+,Black 60+,Black 65+,Complete,Joe Biden,,,9.0,No,No,Needs minor changes,Bachelor's degree (BA or BS),College graduate,More than high school graduate,Non white college degree,Non-whites,Favorable,Both,Favorable,4.0,,,No,No,,,Change to more liberal policies,45+,65+,Democrat,Black Democrat,Black Democrat,Democratic men,Democrat,Non-White Democrats,Somewhat liberal,Liberal,Liberal,,,No,,Black,Black,State questionnaire,Black,Non-white,Black,South,Protestant/Other Non-Catholic Christian,Protestant,,,Male,Black men,,Oppose,Suburbs,Suburbs,,English,Florida,Other,Telephone survey,Omit,Omit,Omit,"Dissatisfied, but not angry",,,,Version 2,Yes,Agrees with you on major issues
277278532.0,0.850499629974365,Joe Biden,65+,60+,65 or over,45+,50+,60+,65+,Non-Black 60+,White 60+,White 65+,Complete,Joe Biden,,,11.0,No,No,Needs minor changes,Attended college but received no degree,No college degree,More than high school graduate,White no college degree,White men non college graduates,Favorable,Only Biden,Unfavorable,4.0,,,No,No,,,Change to more liberal policies,45+,65+,Democrat,Non-black Democrat,White Democrat,Democratic men,Democrat,White Democrat,Moderate,Moderate or Conservative,Moderate,,,No,,White,White,State questionnaire,White,White,White,South,Protestant/Other Non-Catholic Christian,Protestant,Protestant/Other Non-Catholic Christian,,Male,White men,,Oppose,Suburbs,Suburbs,,English,Florida,White suburban men,Telephone survey,Before that,Earlier than that,Earlier than that,Angry,,,,Version 2,Yes,Can beat Donald Trump
277278533.0,0.797679781913757,Joe Biden,65+,60+,65 or over,45+,50+,60+,65+,Non-Black 60+,White 60+,White 65+,Complete,Joe Biden,,,6.0,No,No,Needs a complete overhaul,Attended college but received no degree,No college degree,More than high school graduate,White no college degree,White men non college graduates,Favorable,Both,Favorable,2.0,,,No,No,,,Return to Barack Obama's policies,45+,65+,Democrat,Non-black Democrat,White Democrat,Democratic men,Democrat,White Democrat,Conservative,Moderate or Conservative,Conservative,,,No,,White,White,State questionnaire,White,White,White,South,Protestant/Other Non-Catholic Christian,Protestant,Protestant/Other Non-Catholic Christian,,Male,White men,,Support,Suburbs,Suburbs,,English,Florida,White suburban men,Telephone survey,Earlier this month,Earlier than that,In the last month,"Dissatisfied, but not angry",,,,Version 2,Yes,Can beat Donald Trump
277278534.0,1.1697758436203,Other,65+,60+,65 or over,45+,50+,60+,65+,Non-Black 60+,White 60+,White 65+,Complete,Joe Biden,,,2.0,No,No,Needs minor changes,Attended college but received no degree,No college degree,More than high school graduate,White no college degree,White women non college graduates,Favorable,Both,Favorable,1.0,,,No,No,,,Return to Barack Obama's policies,45+,65+,Independent/Something else,Non-black non-Democrat,White Independent,Independent women,Independent,White Independent,Moderate,Moderate or Conservative,Moderate,,,No,,White,White,State questionnaire,White,White,White,South,Catholic,Catholic,Catholic,,Female,White women,,Oppose,"Cities 10,000-50,000",Small Cities/Rural,,English,Florida,Other,Telephone survey,Before that,Earlier than that,Earlier than that,Angry,,,,Version 2,Yes,Can beat Donald Trump
277278535.0,0.914429366588593,Bernie Sanders,30-44,30-59,30-39,18-44,18-49,30-44,30-39,Non-Black 30-44,White 30-44,White 30-44,Complete,Bernie Sanders,,,10.0,No,No,Needs a complete overhaul,Bachelor's degree (BA or BS),College graduate,More than high school graduate,White college degree,White women college graduates,Unfavorable,Only Sanders,Favorable,4.0,,,No,No,,,Change to more liberal policies,18-44,18-64,Democrat,Non-black Democrat,White Democrat,Democratic women,Democrat,White Democrat,Somewhat liberal,Liberal,Liberal,,,No,,White,White,State questionnaire,White,White,White,South,None,None,None,,Female,White women,,Support,Suburbs,Suburbs,,English,Florida,White suburban women,Telephone survey,In February,Earlier than that,Earlier than that,Angry,,,,Version 2,Yes,Agrees with you on major issues
277278536.0,0.662164688110352,Joe Biden,45-65,60+,60-64,45+,50+,60+,50-64,Non-Black 60+,White 60+,White 45-64,Complete,Joe Biden,,,14.0,No,No,Needs a complete overhaul,"An advanced degree after a bachelor's degree (such as JD, MA, MBA, MD, PhD)",College graduate,More than high school graduate,White college degree,White men college graduates,Favorable,Both,Favorable,3.0,,,No,No,,,Return to Barack Obama's policies,45+,18-64,Democrat,Non-black Democrat,White Democrat,Democratic men,Democrat,White Democrat,Moderate,Moderate or Conservative,Moderate,,,No,,White,White,State questionnaire,White,White,White,South,None,None,None,,Male,White men,,Support,Suburbs,Suburbs,,English,Florida,White suburban men,Telephone survey,Before that,Earlier than that,Earlier than that,Angry,,,,Version 2,Yes,Can beat Donald Trump
277278537.0,0.775664091110229,Joe Biden,45-65,60+,60-64,45+,50+,60+,50-64,Non-Black 60+,White 60+,White 45-64,Complete,Joe Biden,,,9.0,No,No,Needs minor changes,Bachelor's degree (BA or BS),College graduate,More than high school graduate,White college degree,White women college graduates,Favorable,Only Biden,Unfavorable,4.0,,,No,No,,,Return to Barack Obama's policies,45+,18-64,Independent/Something else,Non-black non-Democrat,White Independent,Independent women,Something else,White Independent,Moderate,Moderate or Conservative,Moderate,,,No,,White,White,State questionnaire,White,White,White,South,Protestant/Other Non-Catholic Christian,Other Christian,Protestant/Other Non-Catholic Christian,,Female,White women,,Oppose,"Cities 50,000-500,000","Cities over 50,000",,English,Florida,Other,Telephone survey,Earlier this month,Earlier than that,In the last month,Angry,,,,Version 2,Yes,Can beat Donald Trump
277278538.0,1.00687110424042,Joe Biden,18-29,18-29,25-29,18-44,18-49,18-29,25-29,Non-Black 18-29,White 18-29,White 18-29,Complete,Joe Biden,,,21.0,No,No,Needs a complete overhaul,Bachelor's degree (BA or BS),College graduate,More than high school graduate,White college degree,White men college graduates,Favorable,Only Biden,Unfavorable,5.0,,,No,No,,,Change to more liberal policies,18-44,18-64,Democrat,Non-black Democrat,White Democrat,Democratic men,Democrat,White Democrat,Very liberal,Liberal,Liberal,,,No,,White,White,State questionnaire,White,White,White,South,Jewish,Jewish,Jewish,,Male,White men,,Support,Suburbs,Suburbs,,English,Florida,White suburban men,Telephone survey,In February,Earlier than that,Earlier than that,Angry,,,,Version 2,Yes,Can beat Donald Trump
277278539.0,0.514874398708344,Joe Biden,65+,60+,65 or over,45+,50+,60+,65+,Non-Black 60+,White 60+,White 65+,Complete,Joe Biden,,,1.0,No,No,Needs minor changes,Associate's degree (AA or AS),No college degree,More than high school graduate,White no college degree,White women non college graduates,Favorable,Only Biden,Omit,1.0,,,No,No,,,Return to Barack Obama's policies,45+,65+,Independent/Something else,Non-black non-Democrat,White Independent,Independent women,Independent,White Independent,Moderate,Moderate or Conservative,Moderate,,,No,,White,White,State questionnaire,White,White,White,South,Protestant/Other Non-Catholic Christian,Protestant,Protestant/Other Non-Catholic Christian,,Female,White women,,Oppose,Suburbs,Suburbs,,English,Florida,White suburban women,Telephone survey,Before that,Earlier than that,Earlier than that,Angry,,,,Version 2,Yes,Can beat Donald Trump
277278540.0,0.848938584327698,Bernie Sanders,18-29,18-29,18-24,18-44,18-49,18-29,18-24,Non-Black 18-29,White 18-29,White 18-29,Complete,Bernie Sanders,,,8.0,No,No,Needs a complete overhaul,"An advanced degree after a bachelor's degree (such as JD, MA, MBA, MD, PhD)",College graduate,More than high school graduate,White college degree,White women college graduates,Omit,Only Sanders,Favorable,2.0,,,No,Yes,,,Change to more liberal policies,18-44,18-64,Democrat,Non-black Democrat,White Democrat,Democratic women,Democrat,White Democrat,Very liberal,Liberal,Liberal,,,No,,White,White,State questionnaire,White,White,White,South,Jewish,Jewish,Jewish,,Female,White women,,Support,Suburbs,Suburbs,,English,Florida,White suburban women,Telephone survey,In February,Earlier than that,Earlier than that,Angry,,,,Version 2,Yes,Agrees with you on major issues
277278541.0,1.14843761920929,Joe Biden,45-65,60+,60-64,45+,50+,60+,50-64,Non-Black 60+,White 60+,White 45-64,Complete,Joe Biden,,,13.0,No,No,Needs a complete overhaul,Associate's degree (AA or AS),No college degree,More than high school graduate,White no college degree,White women non college graduates,Favorable,Both,Favorable,3.0,,,No,No,,,Change to more liberal policies,45+,18-64,Democrat,Non-black Democrat,White Democrat,Democratic women,Democrat,White Democrat,Very liberal,Liberal,Liberal,,,No,,White,White,State questionnaire,White,White,White,South,None,None,None,,Female,White women,,Support,"Cities 50,000-500,000","Cities over 50,000",,English,Florida,Other,Telephone survey,Earlier this month,Earlier than that,In the last month,Angry,,,,Version 2,Yes,Agrees with you on major issues
277278542.0,1.14798080921173,Joe Biden,30-44,30-59,40-44,18-44,18-49,30-44,40-49,Non-Black 30-44,White 30-44,White 30-44,Complete,Joe Biden,,,4.0,No,No,Needs a complete overhaul,Bachelor's degree (BA or BS),College graduate,More than high school graduate,White college degree,White men college graduates,Favorable,Both,Favorable,1.0,,,No,No,,,Change to more liberal policies,18-44,18-64,Democrat,Non-black Democrat,White Democrat,Democratic men,Democrat,White Democrat,Somewhat liberal,Liberal,Liberal,,,No,,White,White,State questionnaire,White,White,White,South,None,None,None,,Male,White men,,Support,"Cities over 500,000","Cities over 50,000",,English,Florida,Other,Telephone survey,In February,Earlier than that,Earlier than that,Angry,,,,Version 2,Yes,Can beat Donald Trump
277278543.0,0.928980886936188,Joe Biden,45-65,30-59,50-59,45+,50+,45-59,50-64,Non-Black 45-59,White 45-59,White 45-64,Complete,Joe Biden,,,16.0,No,No,Works well enough as is,"An advanced degree after a bachelor's degree (such as JD, MA, MBA, MD, PhD)",College graduate,More than high school graduate,White college degree,White women college graduates,Favorable,Both,Favorable,3.0,,,No,No,,,Omit,45+,18-64,Independent/Something else,Non-black non-Democrat,White Independent,Independent women,Independent,White Independent,Somewhat liberal,Liberal,Liberal,,,No,,White,White,State questionnaire,White,White,White,South,Something else,Other,Something else,,Female,White women,,Oppose,"Cities 50,000-500,000","Cities over 50,000",,English,Florida,Other,Telephone survey,In February,Earlier than that,Earlier than that,"Dissatisfied, but not angry",,,,Version 2,No,Agrees with you on major issues
277278544.0,0.530499041080475,Joe Biden,65+,60+,65 or over,45+,50+,60+,65+,Non-Black 60+,White 60+,White 65+,Complete,Joe Biden,,,18.0,No,No,Needs a complete overhaul,Attended college but received no degree,No college degree,More than high school graduate,White no college degree,White women non college graduates,Favorable,Only Biden,Unfavorable,2.0,,,No,No,,,Return to Barack Obama's policies,45+,65+,Democrat,Non-black Democrat,White Democrat,Democratic women,Democrat,White Democrat,,,,,,No,,White,White,State questionnaire,White,White,White,South,Protestant/Other Non-Catholic Christian,Protestant,Protestant/Other Non-Catholic Christian,,Female,White women,,Omit,Suburbs,Suburbs,,English,Florida,White suburban women,Telephone survey,In February,Earlier than that,Earlier than that,Angry,,,,Version 2,Yes,Can beat Donald Trump
277278545.0,1.07342493534088,Joe Biden,45-65,30-59,45-49,45+,18-49,45-59,40-49,Non-Black 45-59,White 45-59,White 45-64,Complete,Joe Biden,,,19.0,No,No,Needs a complete overhaul,Attended college but received no degree,No college degree,More than high school graduate,White no college degree,White men non college graduates,Favorable,Both,Favorable,4.0,,,No,No,,,Change to more liberal policies,45+,18-64,Democrat,Non-black Democrat,White Democrat,Democratic men,Democrat,White Democrat,Very liberal,Liberal,Liberal,,,No,,White,White,State questionnaire,White,White,White,South,Protestant/Other Non-Catholic Christian,Protestant,Protestant/Other Non-Catholic Christian,,Male,White men,,Support,"Cities 50,000-500,000","Cities over 50,000",,English,Florida,Other,Telephone survey,In February,Earlier than that,Earlier than that,Angry,,,,Version 2,Yes,Can beat Donald Trump
277278546.0,2.00468373298645,Joe Biden,30-44,30-59,30-39,18-44,18-49,30-44,30-39,Black 30-44,Black 30-44,Black 30-44,Complete,Bernie Sanders,,,2.0,No,No,Needs a complete overhaul,Attended college but received no degree,No college degree,More than high school graduate,Non white no college degree,Non-whites,Favorable,Both,Favorable,1.0,,,No,No,,,Return to Barack Obama's policies,18-44,18-64,Democrat,Black Democrat,Black Democrat,Democratic men,Democrat,Non-White Democrats,Moderate,Moderate or Conservative,Moderate,,,No,,Black,Black,State questionnaire,Black,Non-white,Black,South,Protestant/Other Non-Catholic Christian,Other Christian,,,Male,Black men,,Support,"Cities 50,000-500,000","Cities over 50,000",,English,Florida,Other,Telephone survey,Earlier this month,Earlier than that,In the last month,"Dissatisfied, but not angry",,,,Version 2,Yes,Agrees with you on major issues
277278547.0,2.54259395599365,Bernie Sanders,18-29,18-29,18-24,18-44,18-49,18-29,18-24,Non-Black 18-29,Latino 18-29,Latino 18-29,Complete,Bernie Sanders,,,11.0,No,"Yes, Puerto Rican",Needs minor changes,Bachelor's degree (BA or BS),College graduate,More than high school graduate,Non white college degree,Non-whites,Unfavorable,Neither,Unfavorable,4.0,,,Yes,No,,,Change to more liberal policies,18-44,18-64,Independent/Something else,Non-black non-Democrat,Latino Independent,Independent men,Independent,All others,Moderate,Moderate or Conservative,Moderate,,,Yes,,Other,Hispanic/Latino,State questionnaire,Hispanic/Latino,Non-white,Hispanic/Latino,South,None,None,,,Male,Latino men,,Support,"Cities 50,000-500,000","Cities over 50,000",,English,Florida,Other,Telephone survey,Earlier this month,Earlier than that,In the last month,"Dissatisfied, but not angry",,,,Version 2,Yes,Agrees with you on major issues
277278548.0,3.15733075141907,Joe Biden,18-29,18-29,18-24,18-44,18-49,18-29,18-24,Non-Black 18-29,Latino 18-29,Latino 18-29,Complete,Joe Biden,,,23.0,No,"Yes, Puerto Rican",Needs minor changes,Attended college but received no degree,No college degree,More than high school graduate,Non white no college degree,Non-whites,Favorable,Both,Favorable,5.0,,,Yes,No,,,Change to more liberal policies,18-44,18-64,Democrat,Non-black Democrat,Latino Democrat,Democratic men,Democrat,Non-White Democrats,Somewhat liberal,Liberal,Liberal,,,Yes,,Other,Hispanic/Latino,State questionnaire,Hispanic/Latino,Non-white,Hispanic/Latino,South,Protestant/Other Non-Catholic Christian,Other Christian,,,Male,Latino men,,Support,Suburbs,Suburbs,,English,Florida,Other,Telephone survey,Earlier this month,Earlier than that,In the last month,"Dissatisfied, but not angry",,,,Version 2,Yes,Agrees with you on major issues
277278549.0,0.992718100547791,Joe Biden,45-65,30-59,50-59,45+,50+,45-59,50-64,Non-Black 45-59,White 45-59,White 45-64,Complete,Joe Biden,,,9.0,No,No,Needs minor changes,Never attended college,No college degree,High school graduate or less,White no college degree,White men non college graduates,Favorable,Both,Favorable,4.0,,,No,,,,Return to Barack Obama's policies,45+,18-64,Democrat,Non-black Democrat,White Democrat,Democratic men,Democrat,White Democrat,Somewhat liberal,Liberal,Liberal,,,No,,White,White,State questionnaire,White,White,White,South,Protestant/Other Non-Catholic Christian,Other Christian,Protestant/Other Non-Catholic Christian,,Male,White men,,Oppose,"Cities 50,000-500,000","Cities over 50,000",,English,Florida,Other,Telephone survey,Before that,Earlier than that,Earlier than that,"Dissatisfied, but not angry",,,,Version 2,Yes,Agrees with you on major issues
277278550.0,1.52246344089508,Joe Biden,18-29,18-29,18-24,18-44,18-49,18-29,18-24,Non-Black 18-29,White 18-29,White 18-29,Complete,Joe Biden,,,16.0,No,No,Needs minor changes,Attended college but received no degree,No college degree,More than high school graduate,White no college degree,White women non college graduates,Unfavorable,Only Sanders,Favorable,4.0,,,No,Yes,,,Change to more conservative policies,18-44,18-64,Democrat,Non-black Democrat,White Democrat,Democratic women,Democrat,White Democrat,Very liberal,Liberal,Liberal,,,No,,White,White,State questionnaire,White,White,White,South,None,None,None,,Female,White women,,Oppose,"Cities 50,000-500,000","Cities over 50,000",,English,Florida,Other,Telephone survey,In February,Earlier than that,Earlier than that,Angry,,,,Version 2,Yes,Can beat Donald Trump
277278551.0,0.48673141002655,Tulsi Gabbard,18-29,18-29,18-24,18-44,18-49,18-29,18-24,Non-Black 18-29,White 18-29,White 18-29,Complete,Bernie Sanders,,,7.0,No,No,Needs minor changes,Attended college but received no degree,No college degree,More than high school graduate,White no college degree,White women non college graduates,Favorable,Both,Favorable,2.0,,,No,No,,,Return to Barack Obama's policies,18-44,18-64,Democrat,Non-black Democrat,White Democrat,Democratic women,Democrat,White Democrat,Somewhat liberal,Liberal,Liberal,,,No,,White,White,State questionnaire,White,White,White,South,None,None,None,,Female,White women,,Support,Suburbs,Suburbs,,English,Florida,White suburban women,Telephone survey,In February,Earlier than that,Earlier than that,Angry,,,,Version 2,Yes,Can beat Donald Trump
277278552.0,1.56324243545532,Joe Biden,45-65,30-59,50-59,45+,50+,45-59,50-64,Black 45-59,Black 45-59,Black 45-64,Complete,Omit,,,5.0,No,No,Needs a complete overhaul,Bachelor's degree (BA or BS),College graduate,More than high school graduate,Non white college degree,Non-whites,Omit,Omit,Omit,2.0,,,No,No,,,Omit,45+,18-64,Democrat,Black Democrat,Black Democrat,Democratic women,Democrat,Non-White Democrats,Moderate,Moderate or Conservative,Moderate,,,No,,Black,Black,State questionnaire,Black,Non-white,Black,South,Protestant/Other Non-Catholic Christian,Other Christian,,,Female,Black women,,Support,"Cities 50,000-500,000","Cities over 50,000",,English,Florida,Other,Telephone survey,Omit,Omit,Omit,Angry,,,,Version 2,Yes,Agrees with you on major issues
277278553.0,1.69518780708313,Bernie Sanders,45-65,30-59,50-59,45+,50+,45-59,50-64,Black 45-59,Black 45-59,Black 45-64,Complete,Omit,,,24.0,No,No,Needs minor changes,Never attended college,No college degree,High school graduate or less,Non white no college degree,Non-whites,Omit,Only Sanders,Favorable,5.0,,,No,,,,Change to more conservative policies,45+,18-64,Independent/Something else,Black non-Democrat,Black Independent,Independent women,Independent,All others,Conservative,Moderate or Conservative,Conservative,,,No,,Black,Black,State questionnaire,Black,Non-white,Black,South,None,None,,,Female,Black women,,Support,"Cities 50,000-500,000","Cities over 50,000",,English,Florida,Other,Telephone survey,Before that,Earlier than that,Earlier than that,"Dissatisfied, but not angry",,,,Version 2,Yes,Agrees with you on major issues
277278554.0,1.20830631256104,Bernie Sanders,45-65,30-59,50-59,45+,50+,45-59,50-64,Black 45-59,Black 45-59,Black 45-64,Complete,Omit,,,24.0,No,No,Needs minor changes,Never attended college,No college degree,High school graduate or less,Non white no college degree,Non-whites,Unfavorable,Only Sanders,Favorable,5.0,,,No,No,,,Return to Barack Obama's policies,45+,18-64,Democrat,Black Democrat,Black Democrat,Democratic men,Democrat,Non-White Democrats,Moderate,Moderate or Conservative,Moderate,,,No,,Black,Black,State questionnaire,Black,Non-white,Black,South,Protestant/Other Non-Catholic Christian,Protestant,,,Male,Black men,,Oppose,"Cities 50,000-500,000","Cities over 50,000",,English,Florida,Other,Telephone survey,In February,Earlier than that,Earlier than that,"Dissatisfied, but not angry",,,,Version 2,Yes,Agrees with you on major issues
277278555.0,1.93253314495087,Joe Biden,45-65,60+,60-64,45+,50+,60+,50-64,Black 60+,Black 60+,Black 45-64,Complete,Joe Biden,,,8.0,No,No,Needs a complete overhaul,Attended college but received no degree,No college degree,More than high school graduate,Non white no college degree,Non-whites,Favorable,Only Biden,Unfavorable,2.0,,,No,No,,,Change to more conservative policies,45+,18-64,Democrat,Black Democrat,Black Democrat,Democratic women,Democrat,Non-White Democrats,Moderate,Moderate or Conservative,Moderate,,,No,,Black,Black,State questionnaire,Black,Non-white,Black,South,Protestant/Other Non-Catholic Christian,Other Christian,,,Female,Black women,,Omit,"Cities 10,000-50,000",Small Cities/Rural,,English,Florida,Other,Telephone survey,Before that,Earlier than that,Earlier than that,Angry,,,,Version 2,Yes,Agrees with you on major issues
277278556.0,1.55184733867645,Bernie Sanders,18-29,18-29,25-29,18-44,18-49,18-29,25-29,Black 18-29,Black 18-29,Black 18-29,Complete,Joe Biden,,,24.0,No,No,Needs minor changes,Bachelor's degree (BA or BS),College graduate,More than high school graduate,Non white college degree,Non-whites,Favorable,Both,Favorable,5.0,,,No,No,,,Return to Barack Obama's policies,18-44,18-64,Democrat,Black Democrat,Black Democrat,Democratic men,Democrat,Non-White Democrats,Very liberal,Liberal,Liberal,,,No,,Black,Black,State questionnaire,Black,Non-white,Black,South,Protestant/Other Non-Catholic Christian,Protestant,,,Male,Black men,,Support,"Cities 50,000-500,000","Cities over 50,000",,English,Florida,Other,Telephone survey,Before that,Earlier than that,Earlier than that,"Dissatisfied, but not angry",,,,Version 2,Yes,Agrees with you on major issues
277278557.0,0.775664091110229,Joe Biden,45-65,30-59,50-59,45+,50+,45-59,50-64,Non-Black 45-59,All others,All others,Complete,Joe Biden,,,19.0,No,No,Needs minor changes,"An advanced degree after a bachelor's degree (such as JD, MA, MBA, MD, PhD)",College graduate,More than high school graduate,Non white college degree,Non-whites,Favorable,Only Biden,Omit,4.0,,,No,No,,,Return to Barack Obama's policies,45+,18-64,Independent/Something else,Non-black non-Democrat,All Other,Independent women,Independent,All others,Moderate,Moderate or Conservative,Moderate,,,No,,Other,Other,State questionnaire,Other,Non-white,Other,South,Protestant/Other Non-Catholic Christian,Protestant,,,Female,All other races,,Omit,"Cities 50,000-500,000","Cities over 50,000",,English,Florida,Other,Telephone survey,In February,Earlier than that,Earlier than that,"Dissatisfied, but not angry",,,,Version 2,Yes,Can beat Donald Trump
277278558.0,0.462442517280579,Joe Biden,65+,60+,65 or over,45+,50+,60+,65+,Non-Black 60+,White 60+,White 65+,Complete,Joe Biden,,,22.0,No,No,Needs minor changes,Associate's degree (AA or AS),No college degree,More than high school graduate,White no college degree,White men non college graduates,Favorable,Only Biden,Omit,5.0,,,No,No,,,Return to Barack Obama's policies,45+,65+,Independent/Something else,Non-black non-Democrat,White Independent,Independent men,Independent,White Independent,Moderate,Moderate or Conservative,Moderate,,,No,,White,White,State questionnaire,White,White,White,South,None,None,None,,Male,White men,,Oppose,"Cities 50,000-500,000","Cities over 50,000",,English,Florida,Other,Telephone survey,Earlier this month,Earlier than that,In the last month,Angry,,,,Version 2,Yes,Can beat Donald Trump
277278559.0,0.931065797805786,Joe Biden,45-65,60+,60-64,45+,50+,60+,50-64,Non-Black 60+,White 60+,White 45-64,Complete,Joe Biden,,,7.0,No,No,Works well enough as is,Attended college but received no degree,No college degree,More than high school graduate,White no college degree,White men non college graduates,Favorable,Only Biden,Unfavorable,2.0,,,No,No,,,Return to Barack Obama's policies,45+,18-64,Democrat,Non-black Democrat,White Democrat,Democratic men,Democrat,White Democrat,Somewhat liberal,Liberal,Liberal,,,No,,White,White,State questionnaire,White,White,White,South,None,None,None,,Male,White men,,Oppose,"Cities 50,000-500,000","Cities over 50,000",,English,Florida,Other,Telephone survey,Before that,Earlier than that,Earlier than that,Angry,,,,Version 2,Yes,Agrees with you on major issues
277278560.0,1.22872161865234,Bernie Sanders,18-29,18-29,18-24,18-44,18-49,18-29,18-24,Non-Black 18-29,White 18-29,White 18-29,Complete,Bernie Sanders,,,4.0,No,No,Needs minor changes,Attended college but received no degree,No college degree,More than high school graduate,White no college degree,White women non college graduates,Favorable,Both,Favorable,1.0,,,No,No,,,Change to more liberal policies,18-44,18-64,Democrat,Non-black Democrat,White Democrat,Democratic women,Democrat,White Democrat,Very liberal,Liberal,Liberal,,,No,,White,White,State questionnaire,White,White,White,South,None,None,None,,Female,White women,,Support,"Cities over 500,000","Cities over 50,000",,English,Florida,Other,Telephone survey,Before that,Earlier than that,Earlier than that,"Dissatisfied, but not angry",,,,Version 2,Yes,Agrees with you on major issues
277278561.0,2.06297945976257,Bernie Sanders,45-65,30-59,50-59,45+,50+,45-59,50-64,Black 45-59,Black 45-59,Black 45-64,Complete,Bernie Sanders,,,5.0,No,No,Needs minor changes,Associate's degree (AA or AS),No college degree,More than high school graduate,Non white no college degree,Non-whites,Omit,Only Sanders,Favorable,2.0,,,No,No,,,Omit,45+,18-64,Democrat,Black Democrat,Black Democrat,Democratic women,Democrat,Non-White Democrats,Very liberal,Liberal,Liberal,,,No,,Black,Black,State questionnaire,Black,Non-white,Black,South,,,,,Female,Black women,,Support,"Cities 50,000-500,000","Cities over 50,000",,English,Florida,Other,Telephone survey,In February,Earlier than that,Earlier than that,"Dissatisfied, but not angry",,,,Version 2,Yes,Can beat Donald Trump
277278562.0,2.09811234474182,Bernie Sanders,30-44,30-59,30-39,18-44,18-49,30-44,30-39,Non-Black 30-44,Latino 30-44,Latino 30-44,Complete,Joe Biden,,,5.0,Yes,"Yes, Cuban",Needs a complete overhaul,Associate's degree (AA or AS),No college degree,More than high school graduate,Non white no college degree,Non-whites,Favorable,Both,Favorable,1.0,,,Yes,No,,,Omit,18-44,18-64,Democrat,Non-black Democrat,Latino Democrat,Democratic men,Democrat,Non-White Democrats,Moderate,Moderate or Conservative,Moderate,,,No,,Other,Asian,State questionnaire,Hispanic/Latino,Non-white,Hispanic/Latino,South,Something else,Muslim,,,Male,Latino men,,Support,"Cities over 500,000","Cities over 50,000",,English,Florida,Other,Telephone survey,In February,Earlier than that,Earlier than that,"Dissatisfied, but not angry",,,,Version 2,Yes,Agrees with you on major issues
277278563.0,2.07165217399597,Bernie Sanders,45-65,30-59,50-59,45+,50+,45-59,50-64,Non-Black 45-59,Latino 45-59,Latino 45-64,Complete,Bernie Sanders,,,27.0,No,No,Needs a complete overhaul,Never attended college,No college degree,High school graduate or less,Non white no college degree,Non-whites,Unfavorable,Only Sanders,Favorable,5.0,,,No,No,,,Change to more liberal policies,45+,18-64,Democrat,Non-black Democrat,Latino Democrat,Democratic men,Democrat,Non-White Democrats,Very liberal,Liberal,Liberal,,,No,,Other,Hispanic/Latino,State questionnaire,Hispanic/Latino,Non-white,Hispanic/Latino,South,Catholic,Catholic,,,Male,Latino men,,Support,"Cities 50,000-500,000","Cities over 50,000",,English,Florida,Other,Telephone survey,Earlier this month,Earlier than that,In the last month,Angry,,,,Version 2,Yes,Can beat Donald Trump
277278564.0,0.991168022155762,Bernie Sanders,30-44,30-59,30-39,18-44,18-49,30-44,30-39,Non-Black 30-44,White 30-44,White 30-44,Complete,Joe Biden,,,10.0,No,No,Needs a complete overhaul,Associate's degree (AA or AS),No college degree,More than high school graduate,White no college degree,White women non college graduates,Omit,Only Sanders,Favorable,2.0,,,No,No,,,Change to more liberal policies,18-44,18-64,Democrat,Non-black Democrat,White Democrat,Democratic women,Democrat,White Democrat,Somewhat liberal,Liberal,Liberal,,,No,,White,White,State questionnaire,White,White,White,South,Catholic,Catholic,Catholic,,Female,White women,,Support,Suburbs,Suburbs,,English,Florida,White suburban women,Telephone survey,Earlier this month,Earlier than that,In the last month,"Dissatisfied, but not angry",,,,Version 2,Yes,Can beat Donald Trump
277278565.0,2.72608709335327,Bernie Sanders,30-44,30-59,40-44,18-44,18-49,30-44,40-49,Non-Black 30-44,Latino 30-44,Latino 30-44,Complete,Bernie Sanders,,,7.0,No,"Yes, Puerto Rican",Needs a complete overhaul,Attended college but received no degree,No college degree,More than high school graduate,Non white no college degree,Non-whites,Favorable,Both,Favorable,2.0,,,Yes,No,,,Change to more liberal policies,18-44,18-64,Democrat,Non-black Democrat,Latino Democrat,Democratic men,Democrat,Non-White Democrats,Somewhat liberal,Liberal,Liberal,,,Yes,,Other,Hispanic/Latino,State questionnaire,Hispanic/Latino,Non-white,Hispanic/Latino,South,Protestant/Other Non-Catholic Christian,Protestant,,,Male,Latino men,,Support,"Cities 50,000-500,000","Cities over 50,000",,English,Florida,Other,Telephone survey,In February,Earlier than that,Earlier than that,Angry,,,,Version 2,Yes,Agrees with you on major issues
277278566.0,0.798971891403198,Bernie Sanders,30-44,30-59,30-39,18-44,18-49,30-44,30-39,Non-Black 30-44,White 30-44,White 30-44,Complete,Joe Biden,,,3.0,No,No,Needs a complete overhaul,Attended college but received no degree,No college degree,More than high school graduate,White no college degree,White women non college graduates,Omit,Only Sanders,Favorable,1.0,,,No,,,,Omit,18-44,18-64,Democrat,Non-black Democrat,White Democrat,Democratic women,Democrat,White Democrat,Somewhat liberal,Liberal,Liberal,,,No,,White,White,State questionnaire,White,White,White,South,Something else,Other,Something else,,Female,White women,,Support,Suburbs,Suburbs,,English,Florida,White suburban women,Telephone survey,Before that,Earlier than that,Earlier than that,Angry,,,,Version 2,Omit,Agrees with you on major issues
277278567.0,2.15338587760925,Bernie Sanders,18-29,18-29,18-24,18-44,18-49,18-29,18-24,Non-Black 18-29,Latino 18-29,Latino 18-29,Complete,Bernie Sanders,,,9.0,No,"Yes, Puerto Rican",Needs a complete overhaul,"An advanced degree after a bachelor's degree (such as JD, MA, MBA, MD, PhD)",College graduate,More than high school graduate,Non white college degree,Non-whites,Favorable,Both,Favorable,2.0,,,Yes,Yes,,,Change to more liberal policies,18-44,18-64,Democrat,Non-black Democrat,Latino Democrat,Democratic women,Democrat,Non-White Democrats,Somewhat liberal,Liberal,Liberal,,,Yes,,Other,Hispanic/Latino,State questionnaire,Hispanic/Latino,Non-white,Hispanic/Latino,South,None,None,,,Female,Latino women,,Support,"Cities 50,000-500,000","Cities over 50,000",,English,Florida,Other,Telephone survey,Before that,Earlier than that,Earlier than that,"Dissatisfied, but not angry",,,,Version 2,Yes,Can beat Donald Trump
277278568.0,1.87692677974701,Bernie Sanders,30-44,30-59,40-44,18-44,18-49,30-44,40-49,Non-Black 30-44,Latino 30-44,Latino 30-44,Complete,Bernie Sanders,,,9.0,No,No,Needs a complete overhaul,Associate's degree (AA or AS),No college degree,More than high school graduate,Non white no college degree,Non-whites,Favorable,Both,Favorable,2.0,,,No,No,,,Change to more liberal policies,18-44,18-64,Democrat,Non-black Democrat,Latino Democrat,Democratic men,Democrat,Non-White Democrats,Very liberal,Liberal,Liberal,,,No,,Other,Hispanic/Latino,State questionnaire,Hispanic/Latino,Non-white,Hispanic/Latino,South,Catholic,Catholic,,,Male,Latino men,,Support,"Cities 50,000-500,000","Cities over 50,000",,Spanish,Florida,Other,Telephone survey,Before that,Earlier than that,Earlier than that,"Dissatisfied, but not angry",,,,Version 2,Yes,Agrees with you on major issues
277278569.0,1.1969621181488,Bernie Sanders,18-29,18-29,25-29,18-44,18-49,18-29,25-29,Non-Black 18-29,White 18-29,White 18-29,Complete,Bernie Sanders,,,9.0,No,No,Needs a complete overhaul,Attended college but received no degree,No college degree,More than high school graduate,White no college degree,White women non college graduates,Favorable,Both,Favorable,4.0,,,No,No,,,Change to more liberal policies,18-44,18-64,Democrat,Non-black Democrat,White Democrat,Democratic women,Democrat,White Democrat,Very liberal,Liberal,Liberal,,,No,,White,White,State questionnaire,White,White,White,South,Something else,Other,Something else,,Female,White women,,Support,Suburbs,Suburbs,,English,Florida,White suburban women,Telephone survey,In February,Earlier than that,Earlier than that,"Dissatisfied, but not angry",,,,Version 2,Yes,Agrees with you on major issues
277278570.0,0.361331224441528,Joe Biden,65+,60+,65 or over,45+,50+,60+,65+,Non-Black 60+,White 60+,White 65+,Complete,Joe Biden,,,24.0,No,No,Needs minor changes,Bachelor's degree (BA or BS),College graduate,More than high school graduate,White college degree,White women college graduates,Favorable,Only Biden,Unfavorable,5.0,,,No,No,,,Return to Barack Obama's policies,45+,65+,Democrat,Non-black Democrat,White Democrat,Democratic women,Democrat,White Democrat,,,,,,No,,White,White,State questionnaire,White,White,White,South,None,None,None,,Female,White women,,Support,"Cities 50,000-500,000","Cities over 50,000",,English,Florida,Other,Telephone survey,Earlier this month,Earlier than that,In the last month,"Satisfied, but not enthusiastic",,,,Version 2,Yes,Can beat Donald Trump
277278571.0,0.634163618087769,Joe Biden,45-65,30-59,50-59,45+,50+,45-59,50-64,Non-Black 45-59,White 45-59,White 45-64,Complete,Joe Biden,,,21.0,No,No,Needs minor changes,"An advanced degree after a bachelor's degree (such as JD, MA, MBA, MD, PhD)",College graduate,More than high school graduate,White college degree,White men college graduates,Favorable,Both,Favorable,5.0,,,No,No,,,Omit,45+,18-64,Democrat,Non-black Democrat,White Democrat,Democratic men,Democrat,White Democrat,Somewhat liberal,Liberal,Liberal,,,No,,White,White,State questionnaire,White,White,White,South,Jewish,Jewish,Jewish,,Male,White men,,Oppose,Suburbs,Suburbs,,English,Florida,White suburban men,Telephone survey,In February,Earlier than that,Earlier than that,Angry,,,,Version 2,Yes,Omit
277278572.0,0.784481346607208,Joe Biden,45-65,60+,60-64,45+,50+,60+,50-64,,,,Complete,Bernie Sanders,,,20.0,No,No,Needs a complete overhaul,Bachelor's degree (BA or BS),College graduate,More than high school graduate,,,Favorable,Both,Favorable,5.0,,,No,No,,,Change to more liberal policies,45+,18-64,Democrat,,,Democratic women,Democrat,,Somewhat liberal,Liberal,Liberal,,,No,,,,State questionnaire,,,,South,Protestant/Other Non-Catholic Christian,Other Christian,,,Female,,,Omit,"Cities 50,000-500,000","Cities over 50,000",,English,Florida,Other,Telephone survey,In February,Earlier than that,Earlier than that,"Dissatisfied, but not angry",,,,Version 2,Yes,Agrees with you on major issues
277278573.0,0.921072244644165,Joe Biden,45-65,60+,60-64,45+,50+,60+,50-64,Non-Black 60+,White 60+,White 45-64,Complete,Joe Biden,,,20.0,No,No,Needs minor changes,Bachelor's degree (BA or BS),College graduate,More than high school graduate,White college degree,White men college graduates,Favorable,Both,Favorable,5.0,,,No,No,,,Return to Barack Obama's policies,45+,18-64,Independent/Something else,Non-black non-Democrat,White Independent,Independent men,Independent,White Independent,Somewhat liberal,Liberal,Liberal,,,No,,White,White,State questionnaire,White,White,White,South,None,None,None,,Male,White men,,Oppose,Suburbs,Suburbs,,English,Florida,White suburban men,Telephone survey,Earlier this month,Earlier than that,In the last month,Angry,,,,Version 2,Yes,Can beat Donald Trump
